resid_num,wildtype,atom,x,y,z
1,A,N,42.189,30.568,30.61
1,A,CA,40.721,30.364,30.472
1,A,C,40.365,28.89,30.253
1,A,O,41.173,28.112,29.718
1,A,CB,40.184,31.216,29.311
2,A,N,39.151,28.52,30.669
2,A,CA,38.664,27.149,30.531
2,A,C,38.167,26.896,29.108
2,A,O,37.571,27.77,28.481
2,A,CB,37.551,26.892,31.537
3,L,N,38.418,25.689,28.613
3,L,CA,38.032,25.295,27.264
3,L,C,36.52,25.245,27.035
3,L,O,35.777,24.675,27.837
3,L,CB,38.65,23.931,26.945
3,L,CG,38.449,23.317,25.558
3,L,CD1,39.223,24.104,24.513
3,L,CD2,38.916,21.875,25.6
4,G,N,36.082,25.841,25.924
4,G,CA,34.673,25.871,25.569
4,G,C,34.471,25.894,24.059
4,G,O,35.404,26.175,23.299
5,V,N,33.246,25.604,23.624
5,V,CA,32.916,25.587,22.2
5,V,C,32.464,26.96,21.733
5,V,O,31.461,27.482,22.215
5,V,CB,31.768,24.612,21.899
5,V,CG1,31.672,24.377,20.412
5,V,CG2,31.97,23.322,22.646
6,Q,N,33.194,27.542,20.791
6,Q,CA,32.842,28.856,20.265
6,Q,C,31.653,28.708,19.306
6,Q,O,30.696,29.469,19.373
6,Q,CB,34.051,29.473,19.549
6,Q,CG,33.968,30.975,19.29
6,Q,CD,35.284,31.539,18.771
6,Q,OE1,35.463,31.754,17.566
6,Q,NE2,36.222,31.764,19.684
7,S,N,31.713,27.716,18.424
7,S,CA,30.629,27.473,17.478
7,S,C,30.772,26.084,16.87
7,S,O,31.798,25.43,17.028
7,S,CB,30.633,28.524,16.366
7,S,OG,31.723,28.338,15.48
8,I,N,29.737,25.632,16.18
8,I,CA,29.786,24.315,15.558
8,I,C,29.167,24.332,14.167
8,I,O,28.078,24.876,13.973
8,I,CB,29.069,23.253,16.411
8,I,CG1,29.331,21.852,15.85
8,I,CG2,27.576,23.541,16.472
8,I,CD1,28.851,20.735,16.751
9,N,N,29.873,23.746,13.204
9,N,CA,29.433,23.674,11.807
9,N,C,29.045,22.233,11.466
9,N,O,29.922,21.383,11.296
9,N,CB,30.575,24.113,10.892
9,N,CG,30.156,24.225,9.437
9,N,OD1,29.37,23.419,8.936
9,N,ND2,30.697,25.217,8.746
10,W,N,27.749,21.958,11.346
10,W,CA,27.298,20.597,11.046
10,W,C,27.533,20.142,9.607
10,W,O,27.341,18.973,9.294
10,W,CB,25.81,20.432,11.383
10,W,CG,25.478,20.726,12.809
10,W,CD1,25.16,21.945,13.34
10,W,CD2,25.503,19.801,13.91
10,W,NE1,24.991,21.839,14.704
10,W,CE2,25.196,20.538,15.082
10,W,CE3,25.758,18.427,14.019
10,W,CZ2,25.138,19.946,16.351
10,W,CZ3,25.697,17.833,15.286
10,W,CH2,25.39,18.598,16.435
11,Q,N,27.964,21.053,8.741
11,Q,CA,28.189,20.723,7.336
11,Q,C,27.013,19.875,6.83
11,Q,O,27.189,18.817,6.212
11,Q,CB,29.501,19.965,7.165
11,Q,CG,30.675,20.574,7.902
11,Q,CD,32.009,20.132,7.333
11,Q,OE1,32.65,20.868,6.591
11,Q,NE2,32.424,18.917,7.667
12,T,N,25.811,20.362,7.119
12,T,CA,24.572,19.714,6.733
12,T,C,24.515,19.25,5.281
12,T,O,24.163,18.1,5.004
12,T,CB,23.388,20.651,6.974
12,T,OG1,23.356,21.027,8.353
12,T,CG2,22.082,19.966,6.608
13,A,N,24.834,20.149,4.354
13,A,CA,24.805,19.806,2.937
13,A,C,25.635,18.561,2.658
13,A,O,25.118,17.551,2.189
13,A,CB,25.323,20.97,2.107
14,F,N,26.926,18.65,2.956
14,F,CA,27.851,17.548,2.748
14,F,C,27.369,16.233,3.369
14,F,O,27.129,15.253,2.654
14,F,CB,29.23,17.922,3.298
14,F,CG,30.217,16.803,3.257
14,F,CD1,30.436,16.009,4.382
14,F,CD2,30.894,16.501,2.082
14,F,CE1,31.313,14.929,4.331
14,F,CE2,31.773,15.425,2.019
14,F,CZ,31.983,14.636,3.146
15,N,N,27.227,16.204,4.691
15,N,CA,26.775,14.99,5.363
15,N,C,25.472,14.432,4.771
15,N,O,25.377,13.241,4.469
15,N,CB,26.592,15.244,6.859
15,N,CG,27.907,15.492,7.576
15,N,OD1,28.873,14.746,7.405
15,N,ND2,27.947,16.534,8.393
16,R,N,24.47,15.289,4.599
16,R,CA,23.199,14.833,4.05
16,R,C,23.356,14.202,2.668
16,R,O,22.755,13.168,2.37
16,R,CB,22.195,15.989,3.999
16,R,CG,21.667,16.369,5.364
16,R,CD,20.541,17.365,5.275
16,R,NE,19.471,16.9,4.399
16,R,CZ,18.304,17.52,4.253
16,R,NH1,18.054,18.629,4.93
16,R,NH2,17.39,17.036,3.426
17,Q,N,24.169,14.819,1.825
17,Q,CA,24.377,14.284,0.493
17,Q,C,25.023,12.912,0.641
17,Q,O,24.604,11.952,-0.002
17,Q,CB,25.275,15.214,-0.32
17,Q,CG,25.263,14.912,-1.798
17,Q,CD,26.213,15.799,-2.593
17,Q,OE1,26.167,17.037,-2.502
17,Q,NE2,27.084,15.168,-3.385
18,A,N,26.024,12.825,1.513
18,A,CA,26.74,11.575,1.758
18,A,C,25.852,10.53,2.436
18,A,O,26.073,9.323,2.305
18,A,CB,27.962,11.845,2.609
19,H,N,24.851,10.998,3.167
19,H,CA,23.931,10.106,3.856
19,H,C,22.656,9.864,3.045
19,H,O,21.688,9.296,3.552
19,H,CB,23.576,10.678,5.238
19,H,CG,24.573,10.349,6.311
19,H,ND1,24.297,9.469,7.336
19,H,CD2,25.832,10.798,6.53
19,H,CE1,25.342,9.391,8.14
19,H,NE2,26.286,10.188,7.675
20,H,N,22.659,10.302,1.787
20,H,CA,21.507,10.11,0.904
20,H,C,20.214,10.54,1.592
20,H,O,19.217,9.823,1.576
20,H,CB,21.406,8.634,0.507
20,H,CG,22.733,7.994,0.244
20,H,ND1,23.424,8.172,-0.933
20,H,CD2,23.526,7.236,1.036
20,H,CE1,24.589,7.555,-0.856
20,H,NE2,24.676,6.981,0.331
21,T,N,20.245,11.712,2.206
21,T,CA,19.078,12.235,2.898
21,T,C,18.868,13.681,2.487
21,T,O,18.134,14.417,3.149
21,T,CB,19.264,12.206,4.421
21,T,OG1,20.309,13.108,4.784
21,T,CG2,19.632,10.825,4.887
22,D,N,19.512,14.078,1.391
22,D,CA,19.4,15.444,0.91
22,D,C,18.083,15.753,0.211
22,D,O,17.707,16.914,0.092
22,D,CB,20.575,15.796,-0.013
22,D,CG,20.75,14.813,-1.152
22,D,OD1,21.082,13.648,-0.877
22,D,OD2,20.565,15.201,-2.326
23,K,N,17.367,14.729,-0.237
23,K,CA,16.104,14.982,-0.917
23,K,C,15.04,15.596,-0.008
23,K,O,14.14,16.286,-0.489
23,K,CB,15.561,13.7,-1.573
23,K,CG,16.395,13.233,-2.749
23,K,CD,15.573,13.115,-4.009
23,K,CE,14.705,11.877,-3.986
23,K,NZ,13.826,11.766,-5.184
24,F,N,15.141,15.362,1.298
24,F,CA,14.15,15.908,2.223
24,F,C,14.154,17.432,2.224
24,F,O,15.204,18.059,2.108
24,F,CB,14.378,15.388,3.644
24,F,CG,14.019,13.943,3.825
24,F,CD1,15.004,12.995,4.109
24,F,CD2,12.701,13.526,3.71
24,F,CE1,14.68,11.651,4.273
24,F,CE2,12.365,12.183,3.873
24,F,CZ,13.358,11.244,4.156
25,S,N,12.968,18.016,2.349
25,S,CA,12.826,19.463,2.353
25,S,C,13.292,20.096,3.665
25,S,O,13.726,21.244,3.682
25,S,CB,11.373,19.843,2.12
25,S,OG,10.671,19.77,3.346
26,S,N,13.184,19.363,4.765
26,S,CA,13.617,19.886,6.055
26,S,C,14.985,20.548,5.963
26,S,O,15.753,20.306,5.033
26,S,CB,13.679,18.763,7.091
26,S,OG,14.232,19.218,8.312
27,Q,N,15.283,21.384,6.952
27,Q,CA,16.55,22.101,7.027
27,Q,C,17.445,21.438,8.057
27,Q,O,18.644,21.713,8.122
27,Q,CB,16.301,23.547,7.45
27,Q,CG,15.55,24.338,6.424
27,Q,CD,16.35,24.487,5.158
27,Q,OE1,17.23,25.343,5.071
27,Q,NE2,16.073,23.634,4.175
28,E,N,16.845,20.568,8.861
28,E,CA,17.556,19.862,9.919
28,E,C,18.667,18.948,9.422
28,E,O,18.863,18.763,8.219
28,E,CB,16.563,19.042,10.749
28,E,CG,15.572,19.876,11.547
28,E,CD,14.622,19.023,12.363
28,E,OE1,13.617,18.546,11.789
28,E,OE2,14.889,18.822,13.575
29,L,N,19.401,18.38,10.368
29,L,CA,20.473,17.463,10.037
29,L,C,19.866,16.057,10.014
29,L,O,19.553,15.489,11.065
29,L,CB,21.581,17.553,11.09
29,L,CG,22.817,16.662,10.954
29,L,CD1,23.574,16.988,9.677
29,L,CD2,23.706,16.88,12.159
30,I,N,19.681,15.509,8.816
30,I,CA,19.113,14.17,8.678
30,I,C,20.205,13.159,8.321
30,I,O,20.854,13.258,7.283
30,I,CB,18.014,14.151,7.607
30,I,CG1,16.98,15.239,7.927
30,I,CG2,17.359,12.778,7.564
30,I,CD1,16.009,15.551,6.797
31,L,N,20.406,12.184,9.196
31,L,CA,21.432,11.176,8.999
31,L,C,20.852,9.762,9.108
31,L,O,19.699,9.58,9.517
31,L,CB,22.533,11.361,10.053
31,L,CG,23.253,12.714,10.111
31,L,CD1,24.014,12.855,11.424
31,L,CD2,24.183,12.841,8.914
32,R,N,21.66,8.77,8.728
32,R,CA,21.263,7.374,8.798
32,R,C,22.302,6.663,9.658
32,R,O,23.508,6.862,9.489
32,R,CB,21.209,6.756,7.399
32,R,CG,20.251,7.459,6.457
32,R,CD,20.349,6.931,5.015
32,R,NE,19.458,7.665,4.113
32,R,CZ,18.136,7.514,4.07
32,R,NH1,17.533,6.639,4.872
32,R,NH2,17.414,8.269,3.255
33,R,N,21.821,5.84,10.581
33,R,CA,22.673,5.11,11.504
33,R,C,23.756,4.258,10.863
33,R,O,23.603,3.767,9.747
33,R,CB,21.814,4.218,12.399
33,R,CG,21.091,3.087,11.673
33,R,CD,20.268,2.298,12.673
33,R,NE,19.635,1.117,12.091
33,R,CZ,18.924,0.232,12.788
33,R,NH1,18.756,0.399,14.095
33,R,NH2,18.388,-0.825,12.182
34,G,N,24.851,4.089,11.607
34,G,CA,25.976,3.28,11.163
34,G,C,26.883,3.946,10.155
34,G,O,27.731,3.298,9.558
35,Q,N,26.713,5.244,9.967
35,Q,CA,27.529,5.952,9.003
35,Q,C,28.186,7.177,9.626
35,Q,O,27.638,7.789,10.541
35,Q,CB,26.662,6.369,7.827
35,Q,CG,27.432,6.804,6.612
35,Q,CD,26.513,7.085,5.453
35,Q,OE1,25.475,6.445,5.306
35,Q,NE2,26.891,8.035,4.615
36,N,N,29.356,7.539,9.125
36,N,CA,30.07,8.686,9.659
36,N,C,29.619,10.008,9.078
36,N,O,29.111,10.067,7.962
36,N,CB,31.562,8.525,9.401
36,N,CG,32.128,7.33,10.1
36,N,OD1,31.4,6.391,10.437
36,N,ND2,33.435,7.341,10.322
37,F,N,29.783,11.065,9.86
37,F,CA,29.474,12.408,9.402
37,F,C,30.491,13.295,10.081
37,F,O,30.818,13.106,11.26
37,F,CB,28.034,12.838,9.725
37,F,CG,27.664,12.751,11.176
37,F,CD1,27.442,11.519,11.783
37,F,CD2,27.499,13.911,11.93
37,F,CE1,27.059,11.442,13.12
37,F,CE2,27.118,13.845,13.268
37,F,CZ,26.897,12.608,13.865
38,Q,N,31.019,14.244,9.32
38,Q,CA,32.044,15.135,9.834
38,Q,C,31.512,16.508,10.221
38,Q,O,30.69,17.088,9.517
38,Q,CB,33.139,15.286,8.785
38,Q,CG,34.364,16.015,9.258
38,Q,CD,35.174,16.524,8.1
38,Q,OE1,34.769,17.468,7.42
38,Q,NE2,36.319,15.895,7.85
39,V,N,31.99,17.018,11.353
39,V,CA,31.587,18.335,11.853
39,V,C,32.807,19.188,12.205
39,V,O,33.886,18.661,12.494
39,V,CB,30.686,18.226,13.12
39,V,CG1,29.328,17.665,12.751
39,V,CG2,31.347,17.341,14.158
40,L,N,32.63,20.505,12.159
40,L,CA,33.699,21.44,12.496
40,L,C,33.366,22.108,13.823
40,L,O,32.315,22.731,13.977
40,L,CB,33.855,22.48,11.391
40,L,CG,34.893,22.153,10.318
40,L,CD1,34.951,20.656,10.054
40,L,CD2,34.554,22.922,9.057
41,M,N,34.267,21.973,14.787
41,M,CA,34.032,22.539,16.102
41,M,C,35.094,23.565,16.468
41,M,O,36.201,23.21,16.859
41,M,CB,33.993,21.406,17.135
41,M,CG,33.154,21.692,18.369
41,M,SD,32.375,20.186,19.017
41,M,CE,33.52,19.733,20.325
42,I,N,34.759,24.84,16.328
42,I,CA,35.694,25.9,16.67
42,I,C,35.667,26.152,18.175
42,I,O,34.674,26.633,18.707
42,I,CB,35.337,27.206,15.944
42,I,CG1,35.299,26.964,14.436
42,I,CG2,36.36,28.274,16.276
42,I,CD1,34.918,28.184,13.635
43,M,N,36.758,25.815,18.854
43,M,CA,36.871,26.013,20.296
43,M,C,37.43,27.41,20.583
43,M,O,38.039,28.035,19.715
43,M,CB,37.809,24.966,20.902
43,M,CG,37.459,23.535,20.565
43,M,SD,35.793,23.131,21.07
43,M,CE,36.054,22.695,22.791
44,N,N,37.228,27.899,21.8
44,N,CA,37.73,29.216,22.179
44,N,C,39.262,29.205,22.233
44,N,O,39.908,30.252,22.159
44,N,CB,37.172,29.611,23.544
44,N,CG,37.783,28.809,24.67
44,N,OD1,38.127,27.637,24.499
44,N,ND2,37.912,29.429,25.836
45,K,N,39.839,28.012,22.358
45,K,CA,41.29,27.86,22.419
45,K,C,41.718,26.53,21.823
45,K,O,40.908,25.821,21.233
45,K,CB,41.78,27.943,23.87
45,K,CG,41.062,26.997,24.83
45,K,CD,41.713,26.981,26.208
45,K,CE,42.897,26.032,26.257
45,K,NZ,42.478,24.612,26.085
46,G,N,42.999,26.209,21.987
46,G,CA,43.55,24.965,21.479
46,G,C,43.416,23.842,22.492
46,G,O,43.339,24.083,23.699
47,L,N,43.41,22.606,22.0
47,L,CA,43.244,21.438,22.859
47,L,C,44.483,21.041,23.648
47,L,O,45.589,21.007,23.114
47,L,CB,42.764,20.248,22.028
47,L,CG,42.204,19.097,22.862
47,L,CD1,41.056,19.632,23.701
47,L,CD2,41.742,17.951,21.964
48,G,N,44.276,20.722,24.922
48,G,CA,45.37,20.333,25.795
48,G,C,45.494,18.834,26.014
48,G,O,44.509,18.093,25.988
49,S,N,46.724,18.387,26.23
49,S,CA,47.005,16.976,26.452
49,S,C,46.304,16.484,27.71
49,S,O,46.105,15.283,27.884
49,S,CB,48.511,16.77,26.598
49,S,OG,49.027,17.569,27.652
50,N,N,45.927,17.414,28.58
50,N,CA,45.274,17.057,29.828
50,N,C,43.797,17.462,29.869
50,N,O,43.19,17.512,30.939
50,N,CB,46.031,17.695,30.995
50,N,CG,45.818,16.952,32.3
50,N,OD1,46.209,15.793,32.438
50,N,ND2,45.191,17.615,33.265
51,E,N,43.226,17.76,28.705
51,E,CA,41.812,18.124,28.608
51,E,C,41.069,16.987,27.904
51,E,O,41.685,16.156,27.233
51,E,CB,41.636,19.429,27.827
51,E,CG,42.22,20.644,28.514
51,E,CD,42.075,21.91,27.685
51,E,OE1,42.454,21.896,26.496
51,E,OE2,41.587,22.927,28.223
52,R,N,39.75,16.948,28.046
52,R,CA,38.965,15.879,27.434
52,R,C,37.572,16.326,27.003
52,R,O,36.935,17.137,27.67
52,R,CB,38.864,14.714,28.422
52,R,CG,38.027,13.519,28.001
52,R,CD,38.349,12.37,28.944
52,R,NE,37.546,11.169,28.748
52,R,CZ,37.985,9.941,29.017
52,R,NH1,39.221,9.768,29.482
52,R,NH2,37.195,8.889,28.845
53,L,N,37.117,15.794,25.87
53,L,CA,35.802,16.11,25.324
53,L,C,34.971,14.853,25.21
53,L,O,35.342,13.932,24.488
53,L,CB,35.918,16.723,23.93
53,L,CG,36.622,18.055,23.735
53,L,CD1,36.382,18.502,22.312
53,L,CD2,36.084,19.084,24.701
54,E,N,33.85,14.816,25.922
54,E,CA,32.937,13.679,25.875
54,E,C,31.679,14.098,25.111
54,E,O,31.009,15.067,25.486
54,E,CB,32.528,13.245,27.287
54,E,CG,33.648,12.719,28.178
54,E,CD,33.94,11.236,27.972
54,E,OE1,32.985,10.431,27.94
54,E,OE2,35.129,10.872,27.858
55,F,N,31.359,13.383,24.035
55,F,CA,30.146,13.679,23.269
55,F,C,28.966,12.912,23.869
55,F,O,29.104,11.762,24.296
55,F,CB,30.322,13.309,21.797
55,F,CG,31.08,14.327,21.013
55,F,CD1,32.471,14.324,21.001
55,F,CD2,30.406,15.322,20.324
55,F,CE1,33.184,15.309,20.314
55,F,CE2,31.103,16.31,19.635
55,F,CZ,32.495,16.306,19.627
56,I,N,27.81,13.559,23.918
56,I,CA,26.628,12.931,24.484
56,I,C,25.411,13.089,23.581
56,I,O,24.957,14.201,23.32
56,I,CB,26.311,13.525,25.87
56,I,CG1,27.532,13.374,26.78
56,I,CG2,25.103,12.831,26.473
56,I,CD1,27.441,14.119,28.083
57,V,N,24.901,11.967,23.088
57,V,CA,23.726,11.985,22.228
57,V,C,22.644,11.196,22.947
57,V,O,22.936,10.236,23.661
57,V,CB,24.012,11.347,20.839
57,V,CG1,25.108,12.132,20.128
57,V,CG2,24.396,9.881,20.999
58,S,N,21.399,11.61,22.771
58,S,CA,20.297,10.927,23.431
58,S,C,19.005,11.053,22.626
58,S,O,18.845,11.975,21.826
58,S,CB,20.108,11.51,24.825
58,S,OG,19.849,12.89,24.725
59,T,N,18.085,10.115,22.835
59,T,CA,16.818,10.14,22.114
59,T,C,15.675,9.703,23.011
59,T,O,15.862,8.941,23.957
59,T,CB,16.846,9.208,20.88
59,T,OG1,15.683,9.448,20.078
59,T,CG2,16.865,7.743,21.316
60,G,N,14.485,10.194,22.709
60,G,CA,13.339,9.823,23.502
60,G,C,13.303,10.45,24.882
60,G,O,14.261,11.083,25.328
61,P,N,12.18,10.273,25.588
61,P,CA,11.925,10.788,26.932
61,P,C,12.709,10.156,28.087
61,P,O,12.631,10.642,29.219
61,P,CB,10.421,10.599,27.083
61,P,CG,10.176,9.349,26.294
61,P,CD,10.978,9.609,25.052
62,Y,N,13.452,9.081,27.824
62,Y,CA,14.227,8.439,28.89
62,Y,C,15.582,7.929,28.423
62,Y,O,15.898,6.748,28.593
62,Y,CB,13.436,7.287,29.51
62,Y,CG,12.145,7.739,30.14
62,Y,CD1,12.145,8.516,31.294
62,Y,CD2,10.916,7.432,29.552
62,Y,CE1,10.957,8.983,31.847
62,Y,CE2,9.723,7.896,30.096
62,Y,CZ,9.756,8.67,31.243
62,Y,OH,8.582,9.128,31.777
63,P,N,16.407,8.822,27.839
63,P,CA,17.735,8.456,27.351
63,P,C,18.398,7.539,28.348
63,P,O,18.749,7.952,29.444
63,P,CB,18.435,9.801,27.235
63,P,CG,17.336,10.681,26.789
63,P,CD,16.207,10.279,27.715
64,S,N,18.537,6.283,27.96
64,S,CA,19.151,5.285,28.814
64,S,C,20.367,4.726,28.089
64,S,O,20.264,4.281,26.947
64,S,CB,18.145,4.172,29.106
64,S,OG,18.749,3.132,29.844
65,E,N,21.521,4.756,28.744
65,E,CA,22.729,4.254,28.115
65,E,C,22.605,2.771,27.809
65,E,O,22.927,2.336,26.703
65,E,CB,23.971,4.496,28.99
65,E,CG,23.751,5.183,30.352
65,E,CD,23.325,6.648,30.245
65,E,OE1,22.128,6.9,29.981
65,E,OE2,24.187,7.544,30.424
66,S,N,22.122,1.996,28.778
66,S,CA,21.985,0.557,28.588
66,S,C,20.844,0.161,27.656
66,S,O,20.726,-0.999,27.269
66,S,CB,21.846,-0.15,29.944
66,S,OG,20.845,0.439,30.75
67,A,N,20.013,1.123,27.281
67,A,CA,18.907,0.856,26.369
67,A,C,19.273,1.366,24.979
67,A,O,18.443,1.352,24.073
67,A,CB,17.629,1.546,26.86
68,M,N,20.519,1.813,24.822
68,M,CA,21.025,2.348,23.555
68,M,C,20.302,3.631,23.152
68,M,O,20.468,4.12,22.031
68,M,CB,20.891,1.321,22.418
68,M,CG,22.015,0.289,22.306
68,M,SD,21.856,-0.734,20.777
68,M,CE,22.966,0.134,19.609
69,T,N,19.498,4.17,24.063
69,T,CA,18.758,5.388,23.784
69,T,C,19.561,6.621,24.18
69,T,O,19.115,7.756,23.989
69,T,CB,17.413,5.387,24.508
69,T,OG1,17.621,5.183,25.907
69,T,CG2,16.53,4.276,23.958
70,K,N,20.752,6.377,24.728
70,K,CA,21.684,7.427,25.144
70,K,C,23.11,6.925,24.958
70,K,O,23.383,5.738,25.159
70,K,CB,21.48,7.8,26.616
70,K,CG,22.466,8.85,27.139
70,K,CD,22.073,9.307,28.525
70,K,CE,22.997,10.389,29.05
70,K,NZ,22.605,10.849,30.418
71,A,N,24.018,7.821,24.581
71,A,CA,25.414,7.436,24.381
71,A,C,26.393,8.565,24.697
71,A,O,26.151,9.723,24.366
71,A,CB,25.623,6.951,22.951
72,V,N,27.5,8.203,25.339
72,V,CA,28.545,9.146,25.729
72,V,C,29.875,8.605,25.245
72,V,O,30.359,7.598,25.749
72,V,CB,28.617,9.315,27.272
72,V,CG1,29.797,10.204,27.654
72,V,CG2,27.311,9.914,27.794
73,F,N,30.472,9.278,24.271
73,F,CA,31.737,8.82,23.722
73,F,C,32.809,9.908,23.679
73,F,O,32.531,11.069,23.37
73,F,CB,31.512,8.239,22.32
73,F,CG,30.579,9.056,21.463
73,F,CD1,29.205,9.025,21.679
73,F,CD2,31.074,9.861,20.439
73,F,CE1,28.339,9.781,20.887
73,F,CE2,30.213,10.62,19.645
73,F,CZ,28.845,10.579,19.87
74,P,N,34.056,9.534,23.993
74,P,CA,35.195,10.452,24.006
74,P,C,35.72,10.762,22.617
74,P,O,35.515,9.994,21.687
74,P,CB,36.236,9.697,24.83
74,P,CG,35.426,8.723,25.634
74,P,CD,34.424,8.261,24.632
75,L,N,36.398,11.89,22.487
75,L,CA,37.001,12.271,21.217
75,L,C,38.383,11.619,21.218
75,L,O,39.262,12.022,21.976
75,L,CB,37.139,13.794,21.129
75,L,CG,37.889,14.382,19.931
75,L,CD1,37.198,13.975,18.648
75,L,CD2,37.943,15.891,20.051
76,S,N,38.567,10.604,20.378
76,S,CA,39.841,9.892,20.307
76,S,C,40.565,10.119,18.975
76,S,O,40.184,10.992,18.186
76,S,CB,39.604,8.392,20.504
76,S,OG,38.897,8.142,21.706
77,N,N,41.623,9.337,18.744
77,N,CA,42.398,9.405,17.507
77,N,C,42.051,8.172,16.696
77,N,O,42.188,8.145,15.47
77,N,CB,43.897,9.42,17.802
77,N,CG,44.441,10.822,17.968
77,N,OD1,44.312,11.66,17.072
77,N,ND2,45.054,11.088,19.114
78,G,N,41.607,7.144,17.408
78,G,CA,41.217,5.903,16.772
78,G,C,39.706,5.851,16.752
78,G,O,39.054,6.868,16.977
79,S,N,39.141,4.676,16.499
79,S,CA,37.693,4.534,16.456
79,S,C,37.211,3.357,17.292
79,S,O,37.913,2.359,17.423
79,S,CB,37.237,4.358,15.014
79,S,OG,35.843,4.154,14.972
80,S,N,36.011,3.483,17.856
80,S,CA,35.415,2.433,18.689
80,S,C,34.045,2.033,18.164
80,S,O,33.214,2.896,17.861
80,S,CB,35.258,2.908,20.142
80,S,OG,36.497,2.908,20.832
81,G,N,33.809,0.727,18.068
81,G,CA,32.522,0.255,17.587
81,G,C,31.387,1.012,18.253
81,G,O,31.499,1.414,19.419
82,G,N,30.293,1.21,17.522
82,G,CA,29.164,1.937,18.074
82,G,C,29.415,3.427,17.965
82,G,O,30.131,3.88,17.063
83,W,N,28.834,4.205,18.872
83,W,CA,29.044,5.648,18.83
83,W,C,30.497,5.958,19.139
83,W,O,31.117,5.302,19.972
83,W,CB,28.148,6.375,19.834
83,W,CG,26.693,6.303,19.527
83,W,CD1,25.806,5.368,19.975
83,W,CD2,25.941,7.217,18.722
83,W,NE1,24.545,5.647,19.503
83,W,CE2,24.6,6.776,18.73
83,W,CE3,26.271,8.368,17.994
83,W,CZ2,23.589,7.444,18.042
83,W,CZ3,25.263,9.032,17.309
83,W,CH2,23.938,8.566,17.339
84,S,N,31.032,6.958,18.45
84,S,CA,32.414,7.374,18.637
84,S,C,32.729,8.66,17.875
84,S,O,32.115,8.973,16.851
84,S,CB,33.378,6.251,18.205
84,S,OG,33.187,5.858,16.856
85,A,N,33.686,9.413,18.399
85,A,CA,34.109,10.661,17.785
85,A,C,35.606,10.578,17.573
85,A,O,36.336,10.177,18.473
85,A,CB,33.769,11.828,18.696
86,V,N,36.067,10.949,16.382
86,V,CA,37.495,10.897,16.077
86,V,C,38.083,12.227,15.6
86,V,O,37.626,12.813,14.622
86,V,CB,37.796,9.829,15.0
86,V,CG1,39.296,9.755,14.744
86,V,CG2,37.275,8.494,15.441
87,L,N,39.107,12.698,16.296
87,L,CA,39.766,13.933,15.914
87,L,C,40.635,13.653,14.683
87,L,O,41.768,13.185,14.796
87,L,CB,40.625,14.446,17.072
87,L,CG,41.386,15.76,16.877
87,L,CD1,40.419,16.888,16.599
87,L,CD2,42.2,16.053,18.118
88,Q,N,40.083,13.935,13.508
88,Q,CA,40.784,13.723,12.248
88,Q,C,41.827,14.802,11.984
88,Q,O,42.894,14.521,11.451
88,Q,CB,39.796,13.707,11.08
88,Q,CG,38.718,12.661,11.184
88,Q,CD,37.813,12.662,9.979
88,Q,OE1,37.168,13.66,9.676
88,Q,NE2,37.762,11.54,9.279
89,A,N,41.511,16.038,12.346
89,A,CA,42.435,17.139,12.124
89,A,C,42.192,18.295,13.084
89,A,O,41.064,18.541,13.506
89,A,CB,42.325,17.626,10.68
90,S,N,43.268,18.998,13.416
90,S,CA,43.204,20.141,14.318
90,S,C,43.934,21.336,13.702
90,S,O,45.148,21.292,13.485
90,S,CB,43.843,19.79,15.656
90,S,OG,44.017,20.95,16.442
91,N,N,43.191,22.401,13.415
91,N,CA,43.77,23.596,12.822
91,N,C,43.209,24.819,13.527
91,N,O,41.99,24.989,13.614
91,N,CB,43.439,23.651,11.328
91,N,CG,43.831,22.366,10.596
91,N,OD1,44.988,21.931,10.658
91,N,ND2,42.866,21.754,9.9
92,G,N,44.096,25.678,14.025
92,G,CA,43.641,26.86,14.737
92,G,C,42.891,26.334,15.936
92,G,O,43.367,25.413,16.603
93,N,N,41.719,26.883,16.216
93,N,CA,40.956,26.391,17.348
93,N,C,39.822,25.537,16.83
93,N,O,38.973,25.077,17.59
93,N,CB,40.419,27.548,18.181
93,N,CG,41.532,28.368,18.813
93,N,OD1,42.49,27.818,19.374
93,N,ND2,41.412,29.694,18.733
94,T,N,39.832,25.314,15.523
94,T,CA,38.809,24.514,14.878
94,T,C,39.173,23.035,14.904
94,T,O,40.269,22.643,14.512
94,T,CB,38.596,24.975,13.427
94,T,OG1,38.051,26.3,13.432
94,T,CG2,37.632,24.053,12.705
95,L,N,38.249,22.214,15.384
95,L,CA,38.484,20.782,15.451
95,L,C,37.668,20.063,14.378
95,L,O,36.456,20.249,14.294
95,L,CB,38.103,20.244,16.836
95,L,CG,38.79,20.864,18.053
95,L,CD1,38.319,20.15,19.3
95,L,CD2,40.303,20.757,17.924
96,T,N,38.337,19.268,13.547
96,T,CA,37.664,18.497,12.509
96,T,C,37.433,17.106,13.092
96,T,O,38.349,16.291,13.191
96,T,CB,38.519,18.412,11.254
96,T,OG1,38.77,19.736,10.773
96,T,CG2,37.799,17.627,10.179
97,I,N,36.189,16.852,13.481
97,I,CA,35.809,15.597,14.12
97,I,C,34.866,14.71,13.307
97,I,O,33.883,15.179,12.743
97,I,CB,35.153,15.91,15.484
97,I,CG1,36.106,16.784,16.313
97,I,CG2,34.797,14.621,16.212
97,I,CD1,35.505,17.369,17.584
98,S,N,35.18,13.42,13.247
98,S,CA,34.343,12.465,12.529
98,S,C,33.556,11.668,13.551
98,S,O,34.135,10.964,14.372
98,S,CB,35.193,11.5,11.705
98,S,OG,34.354,10.593,11.008
99,I,N,32.237,11.784,13.513
99,I,CA,31.416,11.045,14.458
99,I,C,30.759,9.874,13.76
99,I,O,30.437,9.944,12.572
99,I,CB,30.314,11.93,15.071
99,I,CG1,30.943,13.119,15.8
99,I,CG2,29.469,11.106,16.035
99,I,CD1,29.936,14.052,16.424
100,S,N,30.559,8.791,14.498
100,S,CA,29.923,7.622,13.923
100,S,C,28.966,6.965,14.909
100,S,O,29.231,6.904,16.108
100,S,CB,30.981,6.612,13.475
100,S,OG,31.722,6.132,14.584
101,S,N,27.845,6.477,14.394
101,S,CA,26.853,5.813,15.216
101,S,C,26.891,4.326,14.905
101,S,O,27.512,3.898,13.927
101,S,CB,25.469,6.356,14.897
101,S,OG,25.154,6.14,13.532
102,P,N,26.234,3.513,15.745
102,P,CA,26.2,2.064,15.534
102,P,C,25.053,1.674,14.584
102,P,O,23.961,2.248,14.641
102,P,CB,25.998,1.53,16.947
102,P,CG,25.091,2.555,17.539
102,P,CD,25.696,3.864,17.07
103,A,N,25.305,0.7,13.714
103,A,CA,24.29,0.253,12.76
103,A,C,22.994,-0.184,13.45
103,A,O,21.954,-0.324,12.804
103,A,CB,24.84,-0.892,11.926
104,S,N,23.063,-0.371,14.764
104,S,CA,21.923,-0.831,15.55
104,S,C,21.35,0.193,16.518
104,S,O,20.677,-0.169,17.499
104,S,CB,22.327,-2.079,16.331
104,S,OG,23.52,-1.818,17.052
105,A,N,21.623,1.465,16.259
105,A,CA,21.101,2.522,17.11
105,A,C,19.631,2.712,16.753
105,A,O,19.2,2.36,15.653
105,A,CB,21.864,3.801,16.878
106,P,N,18.836,3.25,17.687
106,P,CA,17.409,3.472,17.429
106,P,C,17.238,4.677,16.51
106,P,O,17.977,5.655,16.642
106,P,CB,16.843,3.747,18.82
106,P,CG,17.837,3.102,19.745
106,P,CD,19.146,3.455,19.11
107,I,N,16.285,4.619,15.58
107,I,CA,16.066,5.753,14.682
107,I,C,15.277,6.812,15.441
107,I,O,14.794,6.55,16.531
107,I,CB,15.276,5.358,13.397
107,I,CG1,13.834,4.99,13.75
107,I,CG2,15.968,4.198,12.692
107,I,CD1,12.9,5.008,12.555
108,G,N,15.168,8.011,14.876
108,G,CA,14.421,9.072,15.534
108,G,C,15.165,10.372,15.772
108,G,O,16.28,10.558,15.301
109,R,N,14.537,11.279,16.51
109,R,CA,15.141,12.573,16.814
109,R,C,16.133,12.497,17.965
109,R,O,15.836,11.919,19.012
109,R,CB,14.055,13.598,17.156
109,R,CG,13.239,14.064,15.968
109,R,CD,12.118,14.994,16.391
109,R,NE,11.285,15.41,15.265
109,R,CZ,11.695,16.195,14.269
109,R,NH1,12.942,16.663,14.249
109,R,NH2,10.859,16.515,13.288
110,Y,N,17.314,13.08,17.769
110,Y,CA,18.349,13.094,18.808
110,Y,C,18.789,14.493,19.255
110,Y,O,18.481,15.512,18.625
110,Y,CB,19.6,12.341,18.348
110,Y,CG,19.509,10.838,18.405
110,Y,CD1,18.897,10.117,17.384
110,Y,CD2,20.071,10.13,19.464
110,Y,CE1,18.854,8.731,17.418
110,Y,CE2,20.029,8.744,19.5
110,Y,CZ,19.423,8.059,18.475
110,Y,OH,19.402,6.692,18.498
111,T,N,19.539,14.516,20.349
111,T,CA,20.069,15.747,20.908
111,T,C,21.536,15.491,21.173
111,T,O,21.874,14.477,21.777
111,T,CB,19.386,16.087,22.243
111,T,OG1,18.126,16.716,21.991
111,T,CG2,20.264,17.004,23.077
112,M,N,22.406,16.385,20.713
112,M,CA,23.834,16.211,20.963
112,M,C,24.375,17.277,21.908
112,M,O,24.151,18.484,21.727
112,M,CB,24.637,16.232,19.668
112,M,CG,26.079,15.801,19.879
112,M,SD,27.047,15.762,18.368
112,M,CE,26.604,14.161,17.759
113,A,N,25.093,16.814,22.923
113,A,CA,25.677,17.689,23.921
113,A,C,27.166,17.405,24.045
113,A,O,27.649,16.353,23.619
113,A,CB,24.995,17.461,25.257
114,L,N,27.893,18.344,24.638
114,L,CA,29.324,18.184,24.832
114,L,C,29.691,18.338,26.308
114,L,O,29.181,19.23,26.99
114,L,CB,30.072,19.223,24.007
114,L,CG,31.594,19.126,24.058
114,L,CD1,32.053,17.778,23.499
114,L,CD2,32.181,20.265,23.255
115,Q,N,30.56,17.458,26.8
115,Q,CA,31.03,17.511,28.183
115,Q,C,32.522,17.802,28.042
115,Q,O,33.25,17.026,27.429
115,Q,CB,30.816,16.161,28.888
115,Q,CG,30.977,16.181,30.42
115,Q,CD,31.12,14.778,31.038
115,Q,OE1,30.872,14.585,32.23
115,Q,NE2,31.537,13.806,30.23
116,I,N,32.972,18.927,28.596
116,I,CA,34.376,19.318,28.481
116,I,C,35.151,19.244,29.788
116,I,O,34.752,19.837,30.793
116,I,CB,34.501,20.756,27.939
116,I,CG1,33.816,20.865,26.579
116,I,CG2,35.967,21.146,27.834
116,I,CD1,33.75,22.271,26.063
117,F,N,36.269,18.523,29.754
117,F,CA,37.141,18.357,30.912
117,F,C,38.317,19.314,30.753
117,F,O,39.217,19.061,29.954
117,F,CB,37.66,16.914,30.986
117,F,CG,36.669,15.932,31.557
117,F,CD1,36.721,15.575,32.905
117,F,CD2,35.675,15.377,30.756
117,F,CE1,35.794,14.682,33.444
117,F,CE2,34.743,14.484,31.286
117,F,CZ,34.802,14.137,32.63
118,S,N,38.315,20.404,31.512
118,S,CA,39.391,21.381,31.411
118,S,C,39.734,22.055,32.729
118,S,O,38.873,22.275,33.573
118,S,CB,39.027,22.451,30.379
118,S,OG,39.984,23.495,30.364
119,Q,N,41.015,22.372,32.879
119,Q,CA,41.555,23.038,34.058
119,Q,C,40.9,22.653,35.371
119,Q,O,40.444,23.519,36.115
119,Q,CB,41.469,24.55,33.876
119,Q,CG,41.967,25.021,32.525
119,Q,CD,41.823,26.522,32.337
119,Q,OE1,40.852,27.131,32.803
119,Q,NE2,42.783,27.128,31.638
120,G,N,40.852,21.353,35.646
120,G,CA,40.279,20.876,36.894
120,G,C,38.771,20.781,36.998
120,G,O,38.262,20.119,37.895
121,G,N,38.048,21.437,36.097
121,G,CA,36.601,21.39,36.152
121,G,C,35.953,20.621,35.014
121,G,O,36.634,20.047,34.162
122,I,N,34.622,20.615,35.012
122,I,CA,33.833,19.935,33.989
122,I,C,32.628,20.781,33.601
122,I,O,31.85,21.187,34.464
122,I,CB,33.266,18.599,34.487
122,I,CG1,34.352,17.779,35.177
122,I,CG2,32.664,17.84,33.322
122,I,CD1,33.834,16.494,35.793
123,S,N,32.467,21.044,32.311
123,S,CA,31.318,21.815,31.853
123,S,C,30.527,20.988,30.843
123,S,O,30.979,19.929,30.413
123,S,CB,31.767,23.13,31.213
123,S,OG,32.495,22.896,30.021
124,S,N,29.348,21.476,30.474
124,S,CA,28.492,20.793,29.507
124,S,C,27.745,21.823,28.695
124,S,O,27.379,22.869,29.217
124,S,CB,27.476,19.899,30.216
124,S,OG,28.077,18.709,30.697
125,V,N,27.512,21.526,27.423
125,V,CA,26.8,22.449,26.555
125,V,C,26.026,21.708,25.476
125,V,O,26.534,20.781,24.846
125,V,CB,27.767,23.428,25.878
125,V,CG1,28.858,22.663,25.161
125,V,CG2,27.025,24.293,24.896
126,K,N,24.784,22.11,25.268
126,K,CA,23.983,21.481,24.244
126,K,C,24.592,21.931,22.908
126,K,O,24.849,23.125,22.714
126,K,CB,22.534,21.94,24.366
126,K,CG,21.613,21.187,23.455
126,K,CD,20.265,21.853,23.317
126,K,CE,19.47,21.193,22.193
126,K,NZ,18.073,21.702,22.117
127,L,N,24.83,20.983,22.0
127,L,CA,25.432,21.293,20.699
127,L,C,24.437,21.414,19.549
127,L,O,24.665,22.149,18.594
127,L,CB,26.468,20.23,20.337
127,L,CG,27.726,20.194,21.201
127,L,CD1,28.55,18.966,20.859
127,L,CD2,28.521,21.473,20.974
128,G,N,23.345,20.67,19.633
128,G,CA,22.352,20.725,18.586
128,G,C,21.513,19.464,18.535
128,G,O,21.516,18.655,19.481
129,T,N,20.783,19.307,17.431
129,T,CA,19.931,18.145,17.213
129,T,C,20.015,17.677,15.765
129,T,O,20.306,18.453,14.863
129,T,CB,18.458,18.459,17.513
129,T,OG1,18.078,19.641,16.803
129,T,CG2,18.239,18.659,18.992
130,F,N,19.752,16.395,15.554
130,F,CA,19.774,15.809,14.228
130,F,C,18.811,14.645,14.266
130,F,O,18.538,14.11,15.34
130,F,CB,21.17,15.299,13.882
130,F,CG,21.685,14.254,14.827
130,F,CD1,22.444,14.613,15.934
130,F,CD2,21.416,12.904,14.612
130,F,CE1,22.934,13.636,16.813
130,F,CE2,21.899,11.924,15.481
130,F,CZ,22.659,12.289,16.583
131,I,N,18.292,14.263,13.103
131,I,CA,17.365,13.134,13.006
131,I,C,18.177,11.939,12.533
131,I,O,19.039,12.092,11.675
131,I,CB,16.241,13.409,11.976
131,I,CG1,15.418,14.622,12.414
131,I,CG2,15.35,12.179,11.834
131,I,CD1,14.364,15.017,11.43
132,L,N,17.929,10.759,13.093
132,L,CA,18.673,9.566,12.684
132,L,C,17.719,8.551,12.064
132,L,O,16.681,8.251,12.635
132,L,CB,19.4,8.954,13.883
132,L,CG,20.524,7.969,13.52
132,L,CD1,21.587,8.663,12.66
132,L,CD2,21.151,7.416,14.79
133,L,N,18.08,8.023,10.897
133,L,CA,17.221,7.072,10.172
133,L,C,17.865,5.72,9.85
133,L,O,19.039,5.495,10.13
133,L,CB,16.749,7.723,8.86
133,L,CG,16.019,9.065,8.982
133,L,CD1,15.7,9.593,7.596
133,L,CD2,14.76,8.893,9.798
134,F,N,17.077,4.823,9.263
134,F,CA,17.56,3.502,8.878
134,F,C,18.474,3.695,7.68
134,F,O,18.332,4.674,6.941
134,F,CB,16.395,2.586,8.517
134,F,CG,15.632,2.076,9.708
134,F,CD1,16.206,1.144,10.568
134,F,CD2,14.337,2.528,9.97
134,F,CE1,15.504,0.666,11.668
134,F,CE2,13.626,2.06,11.065
134,F,CZ,14.208,1.126,11.919
135,N,N,19.389,2.756,7.469
135,N,CA,20.364,2.887,6.402
135,N,C,20.442,1.719,5.411
135,N,O,21.317,0.853,5.523
135,N,CB,21.724,3.098,7.054
135,N,CG,22.732,3.683,6.114
135,N,OD1,22.585,3.608,4.896
135,N,ND2,23.784,4.261,6.677
136,P,N,19.545,1.694,4.41
136,P,CA,19.511,0.632,3.391
136,P,C,20.827,0.524,2.602
136,P,O,21.044,-0.436,1.857
136,P,CB,18.348,1.048,2.489
136,P,CG,17.491,1.873,3.384
136,P,CD,18.476,2.676,4.176
137,W,N,21.691,1.518,2.768
137,W,CA,22.98,1.557,2.091
137,W,C,24.044,0.817,2.882
137,W,O,25.033,0.368,2.315
137,W,CB,23.432,3.01,1.903
137,W,CG,22.757,3.734,0.783
137,W,CD1,23.21,3.852,-0.493
137,W,CD2,21.507,4.437,0.832
137,W,NE1,22.33,4.583,-1.246
137,W,CE2,21.272,4.955,-0.458
137,W,CE3,20.562,4.682,1.841
137,W,CZ2,20.124,5.71,-0.771
137,W,CZ3,19.422,5.435,1.53
137,W,CH2,19.219,5.936,0.236
138,L,N,23.847,0.708,4.195
138,L,CA,24.81,0.04,5.065
138,L,C,24.619,-1.476,5.073
138,L,O,23.602,-1.982,5.55
138,L,CB,24.692,0.583,6.493
138,L,CG,25.999,0.735,7.283
138,L,CD1,25.7,0.997,8.753
138,L,CD2,26.831,-0.518,7.146
139,N,N,25.61,-2.197,4.556
139,N,CA,25.568,-3.663,4.48
139,N,C,25.254,-4.38,5.801
139,N,O,24.837,-5.541,5.794
139,N,CB,26.894,-4.2,3.929
139,N,CG,28.066,-3.889,4.837
139,N,OD1,27.984,-4.078,6.045
139,N,ND2,29.166,-3.415,4.259
140,V,N,25.46,-3.706,6.93
140,V,CA,25.189,-4.327,8.217
140,V,C,23.901,-3.865,8.873
140,V,O,23.623,-4.244,10.006
140,V,CB,26.342,-4.114,9.235
140,V,CG1,27.601,-4.763,8.73
140,V,CG2,26.557,-2.632,9.501
141,D,N,23.117,-3.041,8.192
141,D,CA,21.855,-2.609,8.785
141,D,C,20.83,-3.722,8.53
141,D,O,21.019,-4.557,7.649
141,D,CB,21.359,-1.293,8.161
141,D,CG,20.159,-0.703,8.908
141,D,OD1,20.37,0.118,9.831
141,D,OD2,19.007,-1.074,8.584
142,S,N,19.752,-3.731,9.302
142,S,CA,18.72,-4.742,9.137
142,S,C,18.039,-4.541,7.793
142,S,O,17.625,-5.5,7.144
142,S,CB,17.659,-4.617,10.237
142,S,OG,18.208,-4.177,11.465
143,V,N,17.938,-3.285,7.37
143,V,CA,17.254,-2.947,6.132
143,V,C,18.103,-2.887,4.866
143,V,O,17.595,-2.503,3.811
143,V,CB,16.517,-1.596,6.276
143,V,CG1,15.611,-1.621,7.497
143,V,CG2,17.523,-0.468,6.383
144,F,N,19.375,-3.274,4.959
144,F,CA,20.28,-3.248,3.803
144,F,C,19.707,-3.829,2.507
144,F,O,19.116,-4.91,2.498
144,F,CB,21.588,-3.982,4.118
144,F,CG,22.51,-4.087,2.936
144,F,CD1,23.048,-2.943,2.358
144,F,CD2,22.812,-5.323,2.379
144,F,CE1,23.875,-3.024,1.243
144,F,CE2,23.64,-5.417,1.259
144,F,CZ,24.173,-4.261,0.691
145,M,N,19.892,-3.09,1.418
145,M,CA,19.432,-3.502,0.091
145,M,C,20.597,-3.187,-0.846
145,M,O,20.862,-2.023,-1.149
145,M,CB,18.18,-2.716,-0.329
145,M,CG,17.624,-3.128,-1.695
145,M,SD,16.01,-2.405,-2.136
145,M,CE,14.879,-3.624,-1.418
146,G,N,21.293,-4.228,-1.289
146,G,CA,22.449,-4.054,-2.151
146,G,C,22.298,-3.4,-3.512
146,G,O,23.138,-2.578,-3.885
147,N,N,21.242,-3.75,-4.249
147,N,CA,21.014,-3.218,-5.598
147,N,C,20.621,-1.74,-5.685
147,N,O,19.627,-1.316,-5.09
147,N,CB,19.965,-4.073,-6.315
147,N,CG,19.722,-3.619,-7.733
147,N,OD1,19.072,-2.605,-7.972
147,N,ND2,20.26,-4.366,-8.69
148,H,N,21.397,-0.968,-6.451
148,H,CA,21.156,0.462,-6.612
148,H,C,19.782,0.801,-7.17
148,H,O,19.03,1.555,-6.554
148,H,CB,22.215,1.078,-7.521
148,H,CG,22.027,2.545,-7.762
148,H,ND1,22.253,3.498,-6.792
148,H,CD2,21.626,3.223,-8.866
148,H,CE1,22.0,4.697,-7.285
148,H,NE2,21.618,4.558,-8.541
149,A,N,19.463,0.253,-8.342
149,A,CA,18.186,0.516,-9.003
149,A,C,16.995,0.179,-8.11
149,A,O,15.975,0.87,-8.123
149,A,CB,18.109,-0.27,-10.3
150,E,N,17.132,-0.883,-7.33
150,E,CA,16.076,-1.306,-6.426
150,E,C,15.887,-0.358,-5.248
150,E,O,14.769,0.083,-4.971
150,E,CB,16.379,-2.698,-5.905
150,E,CG,16.158,-3.791,-6.912
150,E,CD,16.475,-5.153,-6.345
150,E,OE1,16.193,-5.383,-5.146
150,E,OE2,16.997,-6.001,-7.097
151,R,N,16.979,-0.05,-4.554
151,R,CA,16.933,0.837,-3.392
151,R,C,16.327,2.187,-3.771
151,R,O,15.515,2.751,-3.03
151,R,CB,18.342,1.049,-2.823
151,R,CG,18.342,1.46,-1.36
151,R,CD,19.582,2.241,-0.964
151,R,NE,20.831,1.525,-1.208
151,R,CZ,21.626,1.723,-2.26
151,R,NH1,21.303,2.621,-3.185
151,R,NH2,22.753,1.033,-2.375
152,E,N,16.735,2.696,-4.932
152,E,CA,16.236,3.968,-5.451
152,E,C,14.718,3.905,-5.634
152,E,O,14.006,4.878,-5.38
152,E,CB,16.914,4.282,-6.789
152,E,CG,18.36,4.72,-6.651
152,E,CD,18.483,6.094,-6.022
152,E,OE1,19.463,6.325,-5.281
152,E,OE2,17.601,6.946,-6.275
153,E,N,14.232,2.748,-6.076
153,E,CA,12.808,2.553,-6.281
153,E,C,12.077,2.452,-4.958
153,E,O,11.092,3.144,-4.717
153,E,CB,12.547,1.261,-7.06
153,E,CG,11.07,0.902,-7.148
153,E,CD,10.292,1.926,-7.948
153,E,OE1,9.047,1.966,-7.834
153,E,OE2,10.931,2.692,-8.702
154,Y,N,12.585,1.587,-4.095
154,Y,CA,11.939,1.335,-2.824
154,Y,C,12.297,2.229,-1.648
154,Y,O,11.882,1.957,-0.527
154,Y,CB,12.155,-0.128,-2.45
154,Y,CG,11.789,-1.093,-3.557
154,Y,CD1,10.531,-1.063,-4.15
154,Y,CD2,12.685,-2.071,-3.973
154,Y,CE1,10.173,-1.992,-5.128
154,Y,CE2,12.334,-3.007,-4.948
154,Y,CZ,11.08,-2.963,-5.519
154,Y,OH,10.735,-3.902,-6.462
155,V,N,13.062,3.287,-1.882
155,V,CA,13.41,4.193,-0.796
155,V,C,13.371,5.658,-1.229
155,V,O,12.801,6.505,-0.538
155,V,CB,14.818,3.895,-0.235
155,V,CG1,15.047,4.687,1.038
155,V,CG2,14.981,2.407,0.023
156,Q,N,13.96,5.935,-2.39
156,Q,CA,14.071,7.294,-2.919
156,Q,C,12.969,7.8,-3.842
156,Q,O,12.84,9.01,-4.035
156,Q,CB,15.403,7.429,-3.642
156,Q,CG,16.586,7.031,-2.796
156,Q,CD,16.829,7.997,-1.666
156,Q,OE1,15.984,8.181,-0.781
156,Q,NE2,17.991,8.63,-1.69
157,E,N,12.197,6.886,-4.426
157,E,CA,11.126,7.276,-5.337
157,E,C,9.921,7.732,-4.54
157,E,O,9.401,6.985,-3.707
157,E,CB,10.739,6.108,-6.249
157,E,CG,9.627,6.43,-7.228
157,E,CD,9.936,7.645,-8.094
157,E,OE1,9.073,8.558,-8.171
157,E,OE2,11.035,7.688,-8.7
158,D,N,9.487,8.961,-4.804
158,D,CA,8.363,9.563,-4.106
158,D,C,7.072,9.552,-4.924
158,D,O,6.079,10.179,-4.545
158,D,CB,8.733,10.993,-3.7
158,D,CG,9.017,11.886,-4.893
158,D,OD1,9.378,11.347,-5.967
158,D,OD2,8.891,13.125,-4.758
159,A,N,7.087,8.843,-6.049
159,A,CA,5.903,8.739,-6.898
159,A,C,5.625,7.26,-7.087
159,A,O,6.555,6.47,-7.252
159,A,CB,6.149,9.397,-8.232
160,G,N,4.352,6.874,-7.061
160,G,CA,4.054,5.462,-7.216
160,G,C,2.903,5.048,-8.113
160,G,O,2.179,5.875,-8.671
161,I,N,2.753,3.734,-8.245
161,I,CA,1.703,3.127,-9.05
161,I,C,1.077,1.993,-8.259
161,I,O,1.775,1.083,-7.816
161,I,CB,2.254,2.54,-10.352
161,I,CG1,2.779,3.663,-11.255
161,I,CG2,1.183,1.725,-11.04
161,I,CD1,1.758,4.684,-11.656
162,I,N,-0.235,2.057,-8.08
162,I,CA,-0.962,1.03,-7.357
162,I,C,-1.977,0.369,-8.29
162,I,O,-2.865,1.032,-8.835
162,I,CB,-1.71,1.629,-6.159
162,I,CG1,-0.726,2.4,-5.281
162,I,CG2,-2.423,0.514,-5.381
162,I,CD1,-1.339,2.954,-4.017
163,F,N,-1.856,-0.938,-8.476
163,F,CA,-2.797,-1.633,-9.347
163,F,C,-4.129,-1.902,-8.656
163,F,O,-4.177,-2.22,-7.467
163,F,CB,-2.172,-2.93,-9.857
163,F,CG,-0.886,-2.707,-10.589
163,F,CD1,0.335,-2.859,-9.935
163,F,CD2,-0.898,-2.247,-11.903
163,F,CE1,1.518,-2.548,-10.572
163,F,CE2,0.278,-1.933,-12.551
163,F,CZ,1.491,-2.081,-11.883
164,V,N,-5.211,-1.752,-9.412
164,V,CA,-6.557,-1.967,-8.888
164,V,C,-7.424,-2.64,-9.937
164,V,O,-6.936,-3.053,-10.98
164,V,CB,-7.216,-0.634,-8.477
164,V,CG1,-6.471,-0.034,-7.301
164,V,CG2,-7.213,0.327,-9.647
165,G,N,-8.712,-2.751,-9.651
165,G,CA,-9.615,-3.383,-10.59
165,G,C,-10.061,-4.757,-10.137
165,G,O,-10.349,-4.984,-8.957
166,S,N,-10.121,-5.682,-11.085
166,S,CA,-10.543,-7.044,-10.802
166,S,C,-9.755,-8.006,-11.674
166,S,O,-9.067,-7.586,-12.608
166,S,CB,-12.031,-7.199,-11.09
166,S,OG,-12.311,-6.905,-12.447
167,T,N,-9.859,-9.295,-11.358
167,T,CA,-9.165,-10.351,-12.097
167,T,C,-9.539,-10.396,-13.579
167,T,O,-8.858,-11.038,-14.371
167,T,CB,-9.452,-11.74,-11.475
167,T,OG1,-10.865,-11.886,-11.253
167,T,CG2,-8.709,-11.897,-10.15
168,N,N,-10.624,-9.725,-13.949
168,N,CA,-11.051,-9.705,-15.339
168,N,C,-10.49,-8.476,-16.009
168,N,O,-10.541,-8.345,-17.235
168,N,CB,-12.572,-9.646,-15.448
168,N,CG,-13.245,-10.805,-14.771
168,N,OD1,-14.463,-10.823,-14.631
168,N,ND2,-12.459,-11.789,-14.341
169,R,N,-9.942,-7.574,-15.205
169,R,CA,-9.435,-6.35,-15.763
169,R,C,-8.624,-5.562,-14.759
169,R,O,-9.186,-4.958,-13.84
169,R,CB,-10.625,-5.541,-16.222
169,R,CG,-10.301,-4.346,-17.035
169,R,CD,-11.611,-3.774,-17.478
169,R,NE,-11.668,-2.334,-17.299
169,R,CZ,-12.793,-1.643,-17.327
169,R,NH1,-13.947,-2.269,-17.524
169,R,NH2,-12.762,-0.334,-17.167
170,I,N,-7.307,-5.551,-14.946
170,I,CA,-6.422,-4.845,-14.036
170,I,C,-6.183,-3.406,-14.452
170,I,O,-5.91,-3.111,-15.614
170,I,CB,-5.059,-5.555,-13.903
170,I,CG1,-5.272,-6.975,-13.36
170,I,CG2,-4.155,-4.763,-12.967
170,I,CD1,-3.989,-7.763,-13.103
171,G,N,-6.294,-2.514,-13.477
171,G,CA,-6.085,-1.104,-13.724
171,G,C,-5.031,-0.57,-12.785
171,G,O,-4.386,-1.33,-12.067
172,M,N,-4.859,0.744,-12.787
172,M,CA,-3.859,1.383,-11.94
172,M,C,-4.262,2.797,-11.624
172,M,O,-4.985,3.428,-12.389
172,M,CB,-2.501,1.444,-12.645
172,M,CG,-2.44,2.478,-13.773
172,M,SD,-0.918,2.419,-14.736
172,M,CE,-0.726,0.651,-14.997
173,I,N,-3.781,3.295,-10.495
173,I,CA,-4.053,4.663,-10.108
173,I,C,-2.724,5.207,-9.628
173,I,O,-1.93,4.468,-9.041
173,I,CB,-5.076,4.751,-8.976
173,I,CG1,-4.471,4.244,-7.671
173,I,CG2,-6.307,3.945,-9.341
173,I,CD1,-5.429,4.336,-6.504
174,G,N,-2.462,6.479,-9.92
174,G,CA,-1.22,7.089,-9.482
174,G,C,-1.344,7.476,-8.018
174,G,O,-2.435,7.78,-7.534
175,W,N,-0.233,7.451,-7.302
175,W,CA,-0.257,7.815,-5.9
175,W,C,0.99,8.577,-5.539
175,W,O,2.103,8.128,-5.819
175,W,CB,-0.36,6.579,-5.018
175,W,CG,-0.635,6.924,-3.593
175,W,CD1,0.285,7.143,-2.599
175,W,CD2,-1.92,7.162,-3.011
175,W,NE1,-0.356,7.509,-1.433
175,W,CE2,-1.709,7.53,-1.659
175,W,CE3,-3.233,7.106,-3.501
175,W,CZ2,-2.764,7.838,-0.795
175,W,CZ3,-4.285,7.411,-2.64
175,W,CH2,-4.043,7.773,-1.304
176,N,N,0.787,9.731,-4.915
176,N,CA,1.877,10.595,-4.492
176,N,C,2.319,10.267,-3.064
176,N,O,1.63,10.603,-2.099
176,N,CB,1.427,12.055,-4.58
176,N,CG,2.527,13.03,-4.219
176,N,OD1,3.66,12.91,-4.687
176,N,ND2,2.196,14.011,-3.396
177,F,N,3.465,9.602,-2.935
177,F,CA,3.997,9.246,-1.618
177,F,C,4.475,10.501,-0.894
177,F,O,4.272,10.638,0.315
177,F,CB,5.16,8.25,-1.742
177,F,CG,4.763,6.921,-2.314
177,F,CD1,5.378,6.432,-3.462
177,F,CD2,3.764,6.158,-1.709
177,F,CE1,5.006,5.198,-4.014
177,F,CE2,3.381,4.925,-2.246
177,F,CZ,4.007,4.443,-3.406
178,G,N,5.112,11.404,-1.646
178,G,CA,5.615,12.656,-1.095
178,G,C,6.396,12.602,0.211
178,G,O,6.282,13.501,1.041
179,Q,N,7.198,11.56,0.396
179,Q,CA,7.992,11.406,1.612
179,Q,C,8.989,12.541,1.83
179,Q,O,9.443,12.756,2.946
179,Q,CB,8.755,10.076,1.584
179,Q,CG,9.732,9.936,0.43
179,Q,CD,9.291,8.902,-0.595
179,Q,OE1,8.195,8.989,-1.145
179,Q,NE2,10.147,7.919,-0.859
180,F,N,9.32,13.271,0.768
180,F,CA,10.294,14.355,0.869
180,F,C,9.663,15.723,1.016
180,F,O,10.368,16.72,1.157
180,F,CB,11.199,14.375,-0.363
180,F,CG,11.943,13.093,-0.591
180,F,CD1,12.881,12.644,0.33
180,F,CD2,11.708,12.331,-1.732
180,F,CE1,13.581,11.456,0.119
180,F,CE2,12.399,11.143,-1.949
180,F,CZ,13.34,10.704,-1.02
181,E,N,8.338,15.779,0.975
181,E,CA,7.653,17.053,1.092
181,E,C,7.73,17.543,2.528
181,E,O,7.994,16.773,3.452
181,E,CB,6.204,16.919,0.633
181,E,CG,6.045,16.176,-0.683
181,E,CD,7.076,16.585,-1.721
181,E,OE1,7.954,15.746,-2.073
181,E,OE2,7.012,17.746,-2.177
182,E,N,7.494,18.835,2.709
182,E,CA,7.586,19.464,4.018
182,E,C,6.721,18.932,5.14
182,E,O,5.524,18.727,4.965
182,E,CB,7.367,20.973,3.882
182,E,CG,8.561,21.692,3.254
182,E,CD,8.397,23.204,3.219
182,E,OE1,8.083,23.795,4.288
182,E,OE2,8.593,23.793,2.12
183,D,N,7.367,18.726,6.293
183,D,CA,6.743,18.241,7.524
183,D,C,6.39,16.744,7.474
183,D,O,5.972,16.153,8.476
183,D,CB,5.482,19.069,7.826
183,D,CG,5.26,19.288,9.318
183,D,OD1,4.124,19.654,9.71
183,D,OD2,6.225,19.111,10.098
184,I,N,6.561,16.13,6.311
184,I,CA,6.223,14.726,6.173
184,I,C,7.14,13.788,6.957
184,I,O,6.652,12.862,7.615
184,I,CB,6.187,14.306,4.692
184,I,CG1,5.09,15.088,3.958
184,I,CG2,5.927,12.823,4.58
184,I,CD1,3.705,14.969,4.574
185,L,N,8.456,14.009,6.906
185,L,CA,9.358,13.14,7.659
185,L,C,9.123,13.344,9.141
185,L,O,9.131,12.386,9.918
185,L,CB,10.83,13.42,7.345
185,L,CG,11.818,12.576,8.176
185,L,CD1,11.447,11.09,8.13
185,L,CD2,13.231,12.779,7.646
186,S,N,8.902,14.596,9.527
186,S,CA,8.654,14.942,10.919
186,S,C,7.384,14.287,11.459
186,S,O,7.404,13.695,12.539
186,S,CB,8.549,16.456,11.069
186,S,OG,8.204,16.81,12.398
187,I,N,6.284,14.402,10.713
187,I,CA,5.003,13.817,11.116
187,I,C,5.124,12.299,11.276
187,I,O,4.641,11.72,12.254
187,I,CB,3.894,14.154,10.08
187,I,CG1,3.616,15.664,10.102
187,I,CG2,2.626,13.35,10.367
187,I,CD1,2.536,16.128,9.14
188,C,N,5.768,11.647,10.313
188,C,CA,5.945,10.21,10.416
188,C,C,6.723,9.976,11.709
188,C,O,6.268,9.237,12.58
188,C,CB,6.689,9.668,9.193
188,C,SG,5.7,9.74,7.654
189,L,N,7.876,10.626,11.857
189,L,CA,8.654,10.486,13.081
189,L,C,7.768,10.689,14.317
189,L,O,7.959,10.024,15.327
189,L,CB,9.782,11.508,13.125
189,L,CG,11.002,11.287,12.249
189,L,CD1,11.827,12.55,12.21
189,L,CD2,11.821,10.136,12.789
190,S,N,6.798,11.598,14.242
190,S,CA,5.941,11.859,15.396
190,S,C,4.884,10.783,15.619
190,S,O,4.269,10.714,16.687
190,S,CB,5.281,13.247,15.298
190,S,OG,4.264,13.303,14.315
191,I,N,4.673,9.935,14.62
191,I,CA,3.703,8.86,14.753
191,I,C,4.194,7.887,15.823
191,I,O,3.451,7.495,16.721
191,I,CB,3.536,8.099,13.428
191,I,CG1,2.969,9.038,12.363
191,I,CG2,2.643,6.884,13.634
191,I,CD1,2.709,8.383,11.031
192,L,N,5.459,7.506,15.724
192,L,CA,6.049,6.578,16.674
192,L,C,5.874,7.06,18.111
192,L,O,5.896,6.262,19.049
192,L,CB,7.532,6.386,16.353
192,L,CG,7.732,5.938,14.904
192,L,CD1,9.211,5.882,14.553
192,L,CD2,7.061,4.585,14.708
193,D,N,5.687,8.366,18.277
193,D,CA,5.516,8.944,19.603
193,D,C,4.053,9.042,19.986
193,D,O,3.719,9.549,21.055
193,D,CB,6.168,10.322,19.662
193,D,CG,7.677,10.244,19.618
193,D,OD1,8.255,9.745,20.601
193,D,OD2,8.288,10.66,18.61
194,R,N,3.18,8.544,19.119
194,R,CA,1.754,8.58,19.391
194,R,C,1.146,7.181,19.499
194,R,O,0.022,7.024,19.975
194,R,CB,1.043,9.369,18.299
194,R,CG,1.552,10.782,18.139
194,R,CD,1.26,11.633,19.365
194,R,NE,1.582,13.041,19.128
194,R,CZ,1.312,14.035,19.976
194,R,NH1,0.703,13.786,21.136
194,R,NH2,1.651,15.281,19.66
195,S,N,1.893,6.169,19.071
195,S,CA,1.401,4.798,19.105
195,S,C,1.016,4.385,20.514
195,S,O,1.419,5.02,21.48
195,S,CB,2.464,3.834,18.58
195,S,OG,3.474,3.631,19.549
196,L,N,0.222,3.323,20.623
196,L,CA,-0.194,2.811,21.921
196,L,C,1.028,2.269,22.656
196,L,O,1.11,2.331,23.879
196,L,CB,-1.204,1.669,21.755
196,L,CG,-2.598,1.911,21.164
196,L,CD1,-3.309,0.569,21.026
196,L,CD2,-3.404,2.858,22.063
197,N,N,1.968,1.732,21.889
197,N,CA,3.19,1.16,22.432
197,N,C,3.949,2.178,23.254
197,N,O,4.378,1.895,24.369
197,N,CB,4.083,0.67,21.296
197,N,CG,3.336,-0.19,20.31
197,N,OD1,2.474,0.296,19.573
197,N,ND2,3.652,-1.483,20.295
198,F,N,4.116,3.364,22.687
198,F,CA,4.835,4.447,23.343
198,F,C,4.107,4.894,24.61
198,F,O,4.736,5.151,25.641
198,F,CB,4.998,5.614,22.353
198,F,CG,5.687,6.824,22.928
198,F,CD1,4.958,7.83,23.547
198,F,CD2,7.069,6.962,22.837
198,F,CE1,5.591,8.956,24.064
198,F,CE2,7.711,8.087,23.355
198,F,CZ,6.967,9.086,23.969
199,R,N,2.78,4.977,24.537
199,R,CA,1.994,5.398,25.689
199,R,C,2.013,4.336,26.79
199,R,O,1.867,4.645,27.973
199,R,CB,0.56,5.72,25.252
199,R,CG,0.534,6.757,24.13
199,R,CD,-0.77,7.552,24.025
199,R,NE,-1.904,6.75,23.575
199,R,CZ,-2.961,6.463,24.329
199,R,NH1,-3.038,6.915,25.575
199,R,NH2,-3.934,5.71,23.844
200,R,N,2.229,3.088,26.399
200,R,CA,2.268,2.0,27.361
200,R,C,3.641,1.944,28.031
200,R,O,3.771,1.484,29.163
200,R,CB,1.957,0.679,26.657
200,R,CG,1.511,-0.459,27.571
200,R,CD,0.257,-1.142,27.01
200,R,NE,0.373,-1.411,25.575
200,R,CZ,-0.637,-1.788,24.791
200,R,NH1,-1.855,-1.947,25.3
200,R,NH2,-0.429,-1.996,23.491
201,D,N,4.664,2.43,27.34
201,D,CA,6.021,2.419,27.889
201,D,C,6.969,3.146,26.945
201,D,O,7.688,2.517,26.167
201,D,CB,6.501,0.977,28.081
201,D,CG,7.882,0.898,28.705
201,D,OD1,8.76,1.706,28.33
201,D,OD2,8.093,0.016,29.565
202,A,N,6.971,4.472,27.026
202,A,CA,7.807,5.292,26.162
202,A,C,9.27,4.871,26.174
202,A,O,9.925,4.854,25.133
202,A,CB,7.679,6.751,26.56
203,A,N,9.776,4.518,27.35
203,A,CA,11.169,4.116,27.496
203,A,C,11.517,2.902,26.653
203,A,O,12.484,2.914,25.89
203,A,CB,11.475,3.831,28.96
204,T,N,10.732,1.846,26.809
204,T,CA,10.964,0.619,26.068
204,T,C,10.627,0.811,24.595
204,T,O,11.25,0.21,23.72
204,T,CB,10.129,-0.555,26.653
204,T,OG1,10.686,-0.963,27.911
204,T,CG2,10.127,-1.744,25.7
205,D,N,9.645,1.653,24.314
205,D,CA,9.281,1.893,22.928
205,D,C,10.434,2.54,22.146
205,D,O,10.881,2.0,21.128
205,D,CB,8.04,2.782,22.843
205,D,CG,7.704,3.158,21.417
205,D,OD1,7.42,2.246,20.608
205,D,OD2,7.735,4.365,21.109
206,V,N,10.913,3.69,22.617
206,V,CA,11.997,4.379,21.932
206,V,C,13.206,3.468,21.78
206,V,O,13.97,3.596,20.824
206,V,CB,12.41,5.687,22.675
206,V,CG1,13.712,6.238,22.101
206,V,CG2,11.329,6.731,22.518
207,A,N,13.37,2.536,22.71
207,A,CA,14.5,1.612,22.651
207,A,C,14.319,0.567,21.565
207,A,O,15.295,0.027,21.055
207,A,CB,14.694,0.925,23.998
208,S,N,13.068,0.288,21.21
208,S,CA,12.759,-0.712,20.183
208,S,C,12.759,-0.146,18.758
208,S,O,12.543,-0.877,17.795
208,S,CB,11.401,-1.357,20.472
208,S,OG,11.367,-1.897,21.778
209,R,N,13.018,1.152,18.637
209,R,CA,13.025,1.816,17.345
209,R,C,14.287,1.56,16.536
209,R,O,14.546,2.225,15.526
209,R,CB,12.835,3.31,17.547
209,R,CG,11.533,3.639,18.239
209,R,CD,11.446,5.119,18.584
209,R,NE,10.112,5.46,19.057
209,R,CZ,9.71,6.686,19.353
209,R,NH1,10.538,7.712,19.234
209,R,NH2,8.463,6.88,19.744
210,N,N,15.074,0.597,16.988
210,N,CA,16.303,0.233,16.299
210,N,C,15.992,-1.021,15.502
210,N,O,16.868,-1.596,14.859
210,N,CB,17.404,-0.089,17.305
210,N,CG,17.076,-1.31,18.146
210,N,OD1,17.8,-2.297,18.123
210,N,ND2,15.971,-1.249,18.881
211,D,N,14.732,-1.442,15.559
211,D,CA,14.303,-2.643,14.866
211,D,C,13.165,-2.38,13.892
211,D,O,12.078,-1.964,14.294
211,D,CB,13.89,-3.7,15.897
211,D,CG,13.317,-4.944,15.262
211,D,OD1,13.722,-5.283,14.133
211,D,OD2,12.468,-5.591,15.903
212,P,N,13.405,-2.619,12.586
212,P,CA,12.393,-2.411,11.536
212,P,C,11.124,-3.254,11.755
212,P,O,10.015,-2.836,11.394
212,P,CB,13.139,-2.78,10.252
212,P,CG,14.185,-3.755,10.732
212,P,CD,14.661,-3.134,12.013
213,K,N,11.294,-4.437,12.347
213,K,CA,10.16,-5.302,12.632
213,K,C,9.221,-4.548,13.56
213,K,O,8.005,-4.511,13.339
213,K,CB,10.609,-6.59,13.327
213,K,CG,11.535,-7.472,12.504
213,K,CD,11.912,-8.733,13.267
213,K,CE,12.691,-8.406,14.536
213,K,NZ,14.075,-7.99,14.236
214,Y,N,9.799,-3.945,14.598
214,Y,CA,9.025,-3.195,15.579
214,Y,C,8.415,-1.955,14.955
214,Y,O,7.214,-1.702,15.092
214,Y,CB,9.909,-2.775,16.756
214,Y,CG,9.162,-2.074,17.878
214,Y,CD1,8.383,-2.796,18.79
214,Y,CD2,9.225,-0.69,18.022
214,Y,CE1,7.691,-2.152,19.819
214,Y,CE2,8.535,-0.037,19.048
214,Y,CZ,7.776,-0.773,19.943
214,Y,OH,7.13,-0.131,20.971
215,V,N,9.244,-1.176,14.264
215,V,CA,8.764,0.051,13.65
215,V,C,7.667,-0.221,12.624
215,V,O,6.663,0.483,12.586
215,V,CB,9.928,0.853,13.0
215,V,CG1,9.435,2.213,12.512
215,V,CG2,11.047,1.049,14.013
216,G,N,7.844,-1.247,11.801
216,G,CA,6.837,-1.546,10.801
216,G,C,5.533,-2.011,11.417
216,G,O,4.449,-1.627,10.973
217,R,N,5.637,-2.847,12.444
217,R,CA,4.457,-3.365,13.118
217,R,C,3.728,-2.244,13.831
217,R,O,2.502,-2.268,13.953
217,R,CB,4.845,-4.459,14.115
217,R,CG,3.664,-5.145,14.779
217,R,CD,4.048,-6.548,15.203
217,R,NE,3.057,-7.176,16.071
217,R,CZ,1.912,-7.714,15.661
217,R,NH1,1.586,-7.714,14.373
217,R,NH2,1.092,-8.264,16.551
218,V,N,4.478,-1.256,14.301
218,V,CA,3.859,-0.131,14.986
218,V,C,3.119,0.752,13.99
218,V,O,2.03,1.247,14.288
218,V,CB,4.908,0.703,15.767
218,V,CG1,4.318,2.044,16.18
218,V,CG2,5.347,-0.067,17.006
219,L,N,3.696,0.932,12.804
219,L,CA,3.063,1.761,11.782
219,L,C,1.797,1.101,11.242
219,L,O,0.792,1.773,11.012
219,L,CB,4.048,2.053,10.643
219,L,CG,5.211,3.002,10.971
219,L,CD1,6.135,3.124,9.787
219,L,CD2,4.675,4.363,11.343
220,S,N,1.843,-0.218,11.065
220,S,CA,0.697,-0.976,10.562
220,S,C,-0.515,-0.767,11.459
220,S,O,-1.653,-1.005,11.052
220,S,CB,1.017,-2.467,10.523
220,S,OG,1.058,-2.998,11.836
221,A,N,-0.263,-0.343,12.69
221,A,CA,-1.334,-0.097,13.639
221,A,C,-1.682,1.385,13.678
221,A,O,-2.856,1.758,13.757
221,A,CB,-0.918,-0.565,15.022
222,M,N,-0.658,2.231,13.609
222,M,CA,-0.877,3.665,13.671
222,M,C,-1.371,4.362,12.403
222,M,O,-1.858,5.488,12.478
222,M,CB,0.383,4.361,14.185
222,M,CG,0.486,4.442,15.713
222,M,SD,-0.895,5.327,16.493
222,M,CE,-0.533,7.056,16.026
223,I,N,-1.269,3.723,11.24
223,I,CA,-1.752,4.389,10.036
223,I,C,-3.285,4.341,9.947
223,I,O,-3.89,5.112,9.206
223,I,CB,-1.068,3.819,8.754
223,I,CG1,0.427,4.164,8.787
223,I,CG2,-1.676,4.432,7.481
223,I,CD1,0.719,5.636,9.061
224,N,N,-3.916,3.452,10.714
224,N,CA,-5.379,3.393,10.741
224,N,C,-5.836,3.973,12.083
224,N,O,-5.208,3.735,13.114
224,N,CB,-5.903,1.959,10.539
224,N,CG,-5.577,1.021,11.697
224,N,OD1,-5.915,1.288,12.851
224,N,ND2,-4.933,-0.103,11.382
225,S,N,-6.919,4.748,12.055
225,S,CA,-7.456,5.414,13.246
225,S,C,-7.964,4.485,14.339
225,S,O,-8.149,4.903,15.478
225,S,CB,-8.59,6.356,12.859
225,S,OG,-9.784,5.614,12.674
226,N,N,-8.204,3.23,13.997
226,N,CA,-8.69,2.271,14.973
226,N,C,-7.75,2.11,16.176
226,N,O,-6.53,2.135,16.035
226,N,CB,-8.879,0.914,14.293
226,N,CG,-9.747,1.002,13.056
226,N,OD1,-9.485,1.802,12.154
226,N,ND2,-10.787,0.176,13.001
227,D,N,-8.348,1.959,17.354
227,D,CA,-7.647,1.737,18.626
227,D,C,-6.673,2.769,19.192
227,D,O,-6.48,2.835,20.408
227,D,CB,-6.874,0.415,18.589
227,D,CG,-7.642,-0.694,17.937
227,D,OD1,-8.851,-0.833,18.217
227,D,OD2,-7.024,-1.44,17.148
228,D,N,-6.065,3.582,18.339
228,D,CA,-5.039,4.5,18.815
228,D,C,-5.063,5.914,18.284
228,D,O,-4.032,6.591,18.305
228,D,CB,-3.694,3.892,18.455
228,D,CG,-3.655,3.412,17.005
228,D,OD1,-4.295,4.049,16.139
228,D,OD2,-2.982,2.408,16.723
229,N,N,-6.205,6.378,17.808
229,N,CA,-6.232,7.72,17.256
229,N,C,-5.242,7.786,16.094
229,N,O,-4.525,8.773,15.896
229,N,CB,-5.878,8.727,18.34
229,N,CG,-7.002,8.9,19.336
229,N,OD1,-6.797,9.394,20.446
229,N,ND2,-8.205,8.492,18.938
230,G,N,-5.221,6.696,15.333
230,G,CA,-4.363,6.601,14.174
230,G,C,-4.759,7.618,13.118
230,G,O,-5.651,8.44,13.331
231,V,N,-4.112,7.532,11.961
231,V,CA,-4.348,8.463,10.881
231,V,C,-5.621,8.288,10.064
231,V,O,-6.384,9.236,9.906
231,V,CB,-3.145,8.464,9.924
231,V,CG1,-3.356,9.454,8.791
231,V,CG2,-1.894,8.805,10.701
232,L,N,-5.865,7.089,9.554
232,L,CA,-7.032,6.885,8.702
232,L,C,-8.246,6.138,9.213
232,L,O,-8.14,5.054,9.796
232,L,CB,-6.596,6.237,7.395
232,L,CG,-5.826,7.175,6.484
232,L,CD1,-5.102,6.375,5.42
232,L,CD2,-6.794,8.183,5.878
233,A,N,-9.406,6.734,8.95
233,A,CA,-10.681,6.147,9.323
233,A,C,-11.165,5.371,8.101
233,A,O,-11.328,5.943,7.023
233,A,CB,-11.676,7.239,9.673
234,G,N,-11.379,4.072,8.25
234,G,CA,-11.838,3.306,7.114
234,G,C,-13.336,3.443,6.932
234,G,O,-14.053,3.779,7.878
235,N,N,-13.804,3.19,5.712
235,N,CA,-15.227,3.247,5.367
235,N,C,-15.463,2.555,4.026
235,N,O,-14.968,3.006,2.993
235,N,CB,-15.707,4.697,5.272
235,N,CG,-17.213,4.802,5.022
235,N,OD1,-17.769,5.899,4.978
235,N,ND2,-17.869,3.658,4.861
236,W,N,-16.216,1.46,4.039
236,W,CA,-16.515,0.723,2.813
236,W,C,-18.024,0.622,2.624
236,W,O,-18.524,-0.353,2.057
236,W,CB,-15.918,-0.683,2.89
236,W,CG,-14.421,-0.748,2.699
236,W,CD1,-13.752,-0.956,1.523
236,W,CD2,-13.414,-0.63,3.715
236,W,NE1,-12.396,-0.981,1.747
236,W,CE2,-12.16,-0.781,3.083
236,W,CE3,-13.45,-0.409,5.096
236,W,CZ2,-10.957,-0.72,3.781
236,W,CZ3,-12.251,-0.348,5.791
236,W,CH2,-11.02,-0.503,5.128
237,S,N,-18.741,1.642,3.091
237,S,CA,-20.199,1.686,3.015
237,S,C,-20.747,2.215,1.698
237,S,O,-21.919,2.001,1.388
237,S,CB,-20.759,2.547,4.152
237,S,OG,-20.456,3.922,3.953
238,G,N,-19.918,2.919,0.931
238,G,CA,-20.389,3.462,-0.334
238,G,C,-20.947,4.868,-0.165
238,G,O,-21.313,5.535,-1.137
239,T,N,-21.025,5.309,1.086
239,T,CA,-21.502,6.644,1.416
239,T,C,-20.486,7.248,2.374
239,T,O,-20.288,6.733,3.48
239,T,CB,-22.885,6.597,2.076
239,T,OG1,-23.874,6.262,1.087
239,T,CG2,-23.222,7.94,2.689
240,Y,N,-19.845,8.336,1.948
240,Y,CA,-18.811,8.972,2.752
240,Y,C,-19.064,10.412,3.17
240,Y,O,-18.129,11.211,3.263
240,Y,CB,-17.478,8.871,2.008
240,Y,CG,-17.323,7.54,1.318
240,Y,CD1,-17.667,7.389,-0.019
240,Y,CD2,-16.954,6.403,2.037
240,Y,CE1,-17.662,6.139,-0.623
240,Y,CE2,-16.948,5.153,1.444
240,Y,CZ,-17.307,5.029,0.115
240,Y,OH,-17.342,3.787,-0.47
241,T,N,-20.326,10.741,3.427
241,T,CA,-20.691,12.084,3.865
241,T,C,-19.827,12.406,5.076
241,T,O,-19.4,11.505,5.793
241,T,CB,-22.157,12.144,4.311
241,T,OG1,-22.982,11.582,3.294
241,T,CG2,-22.582,13.572,4.547
242,G,N,-19.569,13.682,5.309
242,G,CA,-18.757,14.042,6.458
242,G,C,-17.287,13.701,6.292
242,G,O,-16.539,13.681,7.266
243,G,N,-16.872,13.432,5.059
243,G,CA,-15.484,13.118,4.791
243,G,C,-15.261,13.088,3.295
243,G,O,-16.103,13.566,2.545
244,R,N,-14.136,12.527,2.854
244,R,CA,-13.84,12.438,1.43
244,R,C,-13.902,11.035,0.882
244,R,O,-13.363,10.116,1.474
244,R,CB,-12.466,13.028,1.121
244,R,CG,-12.542,14.511,0.891
244,R,CD,-11.191,15.122,0.663
244,R,NE,-10.62,14.749,-0.62
244,R,CZ,-9.499,15.28,-1.091
244,R,NH1,-8.852,16.2,-0.37
244,R,NH2,-9.023,14.892,-2.271
245,D,N,-14.575,10.884,-0.253
245,D,CA,-14.693,9.594,-0.916
245,D,C,-13.303,8.955,-0.919
245,D,O,-12.325,9.573,-1.336
245,D,CB,-15.172,9.79,-2.357
245,D,CG,-15.58,8.499,-3.011
245,D,OD1,-16.746,8.4,-3.459
245,D,OD2,-14.739,7.577,-3.075
246,P,N,-13.196,7.709,-0.446
246,P,CA,-11.888,7.046,-0.421
246,P,C,-11.123,7.104,-1.749
246,P,O,-9.891,7.141,-1.756
246,P,CB,-12.234,5.621,-0.01
246,P,CG,-13.43,5.821,0.886
246,P,CD,-14.244,6.848,0.125
247,R,N,-11.847,7.133,-2.864
247,R,CA,-11.209,7.171,-4.179
247,R,C,-10.757,8.541,-4.696
247,R,O,-10.199,8.628,-5.798
247,R,CB,-12.122,6.532,-5.223
247,R,CG,-12.402,5.075,-4.947
247,R,CD,-12.992,4.394,-6.15
247,R,NE,-12.03,3.523,-6.817
247,R,CZ,-12.056,2.199,-6.727
247,R,NH1,-12.989,1.607,-5.995
247,R,NH2,-11.174,1.468,-7.39
248,S,N,-10.974,9.6,-3.917
248,S,CA,-10.58,10.932,-4.363
248,S,C,-9.143,11.342,-4.025
248,S,O,-8.584,12.221,-4.68
248,S,CB,-11.55,11.978,-3.821
248,S,OG,-11.478,12.027,-2.414
249,W,N,-8.543,10.717,-3.015
249,W,CA,-7.165,11.046,-2.634
249,W,C,-6.186,10.718,-3.759
249,W,O,-6.431,9.817,-4.564
249,W,CB,-6.718,10.274,-1.385
249,W,CG,-7.638,10.355,-0.202
249,W,CD1,-8.523,9.398,0.213
249,W,CD2,-7.706,11.408,0.769
249,W,NE1,-9.125,9.782,1.385
249,W,CE2,-8.646,11.012,1.749
249,W,CE3,-7.061,12.644,0.912
249,W,CZ2,-8.958,11.809,2.857
249,W,CZ3,-7.373,13.438,2.023
249,W,CH2,-8.313,13.012,2.975
250,D,N,-5.078,11.453,-3.811
250,D,CA,-4.065,11.211,-4.828
250,D,C,-2.703,10.947,-4.208
250,D,O,-1.77,10.552,-4.904
250,D,CB,-3.966,12.393,-5.791
250,D,CG,-5.057,12.374,-6.845
250,D,OD1,-5.418,11.275,-7.308
250,D,OD2,-5.549,13.447,-7.235
251,G,N,-2.601,11.153,-2.896
251,G,CA,-1.341,10.933,-2.209
251,G,C,-1.434,10.841,-0.696
251,G,O,-2.527,10.875,-0.141
252,S,N,-0.28,10.734,-0.036
252,S,CA,-0.204,10.616,1.422
252,S,C,0.107,11.942,2.107
252,S,O,0.0,12.064,3.322
252,S,CB,0.889,9.617,1.813
252,S,OG,0.762,8.393,1.117
253,V,N,0.489,12.934,1.318
253,V,CA,0.854,14.232,1.858
253,V,C,-0.287,15.016,2.487
253,V,O,-0.121,15.594,3.559
253,V,CB,1.518,15.112,0.781
253,V,CG1,2.141,16.347,1.437
253,V,CG2,2.568,14.301,0.015
254,E,N,-1.447,15.057,1.848
254,E,CA,-2.525,15.81,2.45
254,E,C,-3.226,15.005,3.533
254,E,O,-3.873,15.565,4.412
254,E,CB,-3.486,16.31,1.373
254,E,CG,-2.76,17.126,0.261
254,E,CD,-1.896,18.329,0.768
254,E,OE1,-1.124,18.202,1.746
254,E,OE2,-1.971,19.416,0.158
255,I,N,-3.053,13.689,3.498
255,I,CA,-3.656,12.808,4.494
255,I,C,-2.937,12.915,5.843
255,I,O,-3.569,12.967,6.9
255,I,CB,-3.598,11.35,4.03
255,I,CG1,-4.399,11.196,2.737
255,I,CG2,-4.111,10.431,5.138
255,I,CD1,-4.306,9.822,2.103
256,L,N,-1.609,12.948,5.785
256,L,CA,-0.761,13.048,6.971
256,L,C,-0.732,14.458,7.573
256,L,O,-0.664,14.613,8.785
256,L,CB,0.662,12.598,6.62
256,L,CG,0.83,11.109,6.279
256,L,CD1,2.145,10.881,5.565
256,L,CD2,0.757,10.279,7.554
257,K,N,-0.775,15.487,6.733
257,K,CA,-0.766,16.859,7.234
257,K,C,-2.122,17.221,7.841
257,K,O,-2.199,17.946,8.834
257,K,CB,-0.412,17.836,6.113
257,K,CG,1.009,17.722,5.642
257,K,CD,1.343,18.845,4.68
257,K,CE,2.817,18.833,4.315
257,K,NZ,3.244,20.007,3.5
258,N,N,-3.194,16.724,7.24
258,N,CA,-4.53,16.975,7.762
258,N,C,-4.601,16.302,9.127
258,N,O,-5.205,16.817,10.07
258,N,CB,-5.581,16.37,6.835
258,N,CG,-6.011,17.326,5.742
258,N,OD1,-5.313,18.299,5.435
258,N,ND2,-7.164,17.048,5.137
259,W,N,-3.965,15.141,9.225
259,W,CA,-3.96,14.407,10.47
259,W,C,-3.331,15.265,11.566
259,W,O,-3.964,15.515,12.589
259,W,CB,-3.196,13.102,10.291
259,W,CG,-3.174,12.271,11.512
259,W,CD1,-4.234,11.658,12.1
259,W,CD2,-2.027,11.958,12.317
259,W,NE1,-3.824,10.975,13.224
259,W,CE2,-2.473,11.143,13.38
259,W,CE3,-0.666,12.287,12.242
259,W,CZ2,-1.61,10.649,14.36
259,W,CZ3,0.194,11.794,13.22
259,W,CH2,-0.285,10.983,14.264
260,K,N,-2.096,15.726,11.342
260,K,CA,-1.391,16.572,12.319
260,K,C,-2.123,17.879,12.56
260,K,O,-2.161,18.382,13.675
260,K,CB,0.018,16.932,11.843
260,K,CG,0.637,18.091,12.643
260,K,CD,1.957,18.568,12.048
260,K,CE,2.555,19.737,12.838
260,K,NZ,3.833,20.259,12.252
261,K,N,-2.69,18.423,11.492
261,K,CA,-3.407,19.685,11.54
261,K,C,-4.665,19.666,12.41
261,K,O,-4.938,20.618,13.135
261,K,CB,-3.762,20.099,10.11
261,K,CG,-4.393,21.464,9.982
261,K,CD,-4.605,21.845,8.519
261,K,CE,-5.628,20.945,7.83
261,K,NZ,-5.791,21.288,6.379
262,S,N,-5.428,18.581,12.338
262,S,CA,-6.667,18.454,13.1
262,S,C,-6.439,17.898,14.498
262,S,O,-7.343,17.319,15.103
262,S,CB,-7.643,17.547,12.356
262,S,OG,-7.071,16.266,12.167
263,G,N,-5.228,18.076,15.008
263,G,CA,-4.92,17.578,16.333
263,G,C,-5.013,16.068,16.41
263,G,O,-5.636,15.523,17.315
264,L,N,-4.395,15.396,15.443
264,L,CA,-4.384,13.943,15.394
264,L,C,-5.787,13.352,15.43
264,L,O,-6.055,12.393,16.159
264,L,CB,-3.562,13.398,16.561
264,L,CG,-2.179,14.033,16.71
264,L,CD1,-1.428,13.349,17.842
264,L,CD2,-1.403,13.902,15.396
265,S,N,-6.682,13.932,14.647
265,S,CA,-8.045,13.447,14.581
265,S,C,-8.169,12.574,13.322
265,S,O,-7.491,12.808,12.32
265,S,CB,-9.0,14.633,14.522
265,S,OG,-10.342,14.212,14.59
266,P,N,-9.037,11.555,13.354
266,P,CA,-9.195,10.68,12.186
266,P,C,-9.418,11.381,10.845
266,P,O,-10.269,12.266,10.721
266,P,CB,-10.386,9.801,12.574
266,P,CG,-10.308,9.761,14.078
266,P,CD,-9.992,11.194,14.415
267,V,N,-8.639,10.988,9.844
267,V,CA,-8.789,11.542,8.504
267,V,C,-9.838,10.68,7.834
267,V,O,-9.631,9.483,7.663
267,V,CB,-7.514,11.424,7.688
267,V,CG1,-7.749,11.992,6.3
267,V,CG2,-6.39,12.146,8.389
268,R,N,-10.963,11.274,7.468
268,R,CA,-12.044,10.526,6.84
268,R,C,-12.114,10.844,5.351
268,R,O,-12.132,12.015,4.974
268,R,CB,-13.369,10.886,7.521
268,R,CG,-13.376,10.642,9.027
268,R,CD,-14.682,11.072,9.714
268,R,NE,-14.515,11.065,11.17
268,R,CZ,-14.75,10.019,11.956
268,R,NH1,-15.188,8.874,11.439
268,R,NH2,-14.523,10.106,13.26
269,Y,N,-12.145,9.824,4.49
269,Y,CA,-12.111,8.409,4.865
269,Y,C,-11.14,7.695,3.929
269,Y,O,-10.793,8.214,2.869
269,Y,CB,-13.479,7.763,4.678
269,Y,CG,-14.574,8.262,5.582
269,Y,CD1,-14.647,7.862,6.918
269,Y,CD2,-15.575,9.095,5.084
269,Y,CE1,-15.707,8.275,7.731
269,Y,CE2,-16.628,9.508,5.887
269,Y,CZ,-16.693,9.094,7.202
269,Y,OH,-17.774,9.473,7.963
270,G,N,-10.729,6.489,4.306
270,G,CA,-9.802,5.751,3.471
270,G,C,-10.164,4.296,3.254
270,G,O,-11.081,3.77,3.901
271,Q,N,-9.451,3.666,2.318
271,Q,CA,-9.627,2.257,1.983
271,Q,C,-8.243,1.613,1.819
271,Q,O,-7.228,2.314,1.837
271,Q,CB,-10.499,2.113,0.735
271,Q,CG,-11.981,2.369,1.057
271,Q,CD,-12.904,2.286,-0.15
271,Q,OE1,-14.124,2.451,-0.029
271,Q,NE2,-12.328,2.038,-1.318
272,C,N,-8.186,0.293,1.665
272,C,CA,-6.899,-0.393,1.602
272,C,C,-5.734,0.293,0.864
272,C,O,-4.639,0.405,1.416
272,C,CB,-7.083,-1.845,1.107
272,C,SG,-7.447,-2.098,-0.639
273,W,N,-5.949,0.768,-0.359
273,W,CA,-4.855,1.406,-1.093
273,W,C,-4.423,2.747,-0.485
273,W,O,-3.264,3.15,-0.615
273,W,CB,-5.228,1.568,-2.569
273,W,CG,-6.217,2.628,-2.85
273,W,CD1,-5.96,3.951,-3.045
273,W,CD2,-7.633,2.47,-2.984
273,W,NE1,-7.127,4.63,-3.294
273,W,CE2,-8.171,3.747,-3.263
273,W,CE3,-8.502,1.372,-2.894
273,W,CZ2,-9.538,3.962,-3.456
273,W,CZ3,-9.865,1.583,-3.084
273,W,CH2,-10.368,2.873,-3.361
274,V,N,-5.348,3.435,0.181
274,V,CA,-5.017,4.697,0.829
274,V,C,-4.137,4.374,2.047
274,V,O,-3.106,5.017,2.281
274,V,CB,-6.286,5.435,1.294
274,V,CG1,-5.934,6.81,1.791
274,V,CG2,-7.273,5.528,0.154
275,F,N,-4.541,3.368,2.817
275,F,CA,-3.768,2.949,3.983
275,F,C,-2.372,2.56,3.528
275,F,O,-1.379,3.007,4.091
275,F,CB,-4.417,1.739,4.661
275,F,CG,-5.687,2.059,5.376
275,F,CD1,-5.66,2.508,6.693
275,F,CD2,-6.914,1.933,4.727
275,F,CE1,-6.844,2.829,7.362
275,F,CE2,-8.098,2.251,5.38
275,F,CZ,-8.065,2.7,6.707
276,A,N,-2.314,1.716,2.501
276,A,CA,-1.055,1.233,1.947
276,A,C,-0.169,2.364,1.455
276,A,O,1.048,2.323,1.621
276,A,CB,-1.331,0.271,0.815
277,G,N,-0.779,3.371,0.846
277,G,CA,-0.006,4.488,0.35
277,G,C,0.622,5.296,1.467
277,G,O,1.777,5.698,1.385
278,T,N,-0.145,5.536,2.52
278,T,CA,0.351,6.306,3.645
278,T,C,1.398,5.496,4.385
278,T,O,2.463,6.009,4.735
278,T,CB,-0.782,6.646,4.608
278,T,OG1,-1.889,7.18,3.867
278,T,CG2,-0.315,7.675,5.632
279,L,N,1.085,4.226,4.621
279,L,CA,1.991,3.323,5.319
279,L,C,3.291,3.21,4.559
279,L,O,4.367,3.084,5.154
279,L,CB,1.391,1.931,5.456
279,L,CG,2.426,0.929,5.964
279,L,CD1,3.007,1.417,7.272
279,L,CD2,1.799,-0.43,6.151
280,N,N,3.186,3.257,3.239
280,N,CA,4.358,3.147,2.403
280,N,C,5.158,4.453,2.423
280,N,O,6.361,4.446,2.157
280,N,CB,3.936,2.762,0.987
280,N,CG,5.107,2.391,0.111
280,N,OD1,5.772,3.264,-0.451
280,N,ND2,5.381,1.091,-0.006
281,T,N,4.503,5.568,2.75
281,T,CA,5.195,6.86,2.827
281,T,C,5.97,6.909,4.136
281,T,O,7.096,7.407,4.203
281,T,CB,4.24,8.058,2.857
281,T,OG1,3.511,8.138,1.631
281,T,CG2,5.032,9.342,3.049
282,A,N,5.333,6.401,5.182
282,A,CA,5.938,6.371,6.504
282,A,C,7.206,5.529,6.493
282,A,O,8.176,5.866,7.168
282,A,CB,4.946,5.799,7.516
283,L,N,7.195,4.438,5.726
283,L,CA,8.344,3.542,5.663
283,L,C,9.52,4.071,4.853
283,L,O,10.655,4.116,5.338
283,L,CB,7.921,2.174,5.117
283,L,CG,7.08,1.288,6.041
283,L,CD1,6.666,0.014,5.316
283,L,CD2,7.878,0.953,7.281
284,R,N,9.256,4.481,3.621
284,R,CA,10.329,4.978,2.772
284,R,C,10.978,6.206,3.382
284,R,O,12.161,6.461,3.173
284,R,CB,9.8,5.275,1.359
284,R,CG,9.369,4.021,0.588
284,R,CD,9.181,4.31,-0.887
284,R,NE,8.843,3.109,-1.648
284,R,CZ,8.529,3.106,-2.94
284,R,NH1,8.509,4.245,-3.621
284,R,NH2,8.227,1.964,-3.547
285,S,N,10.201,6.961,4.144
285,S,CA,10.707,8.164,4.784
285,S,C,11.629,7.832,5.958
285,S,O,12.644,8.499,6.152
285,S,CB,9.546,9.037,5.262
285,S,OG,8.801,8.372,6.261
286,L,N,11.289,6.801,6.731
286,L,CA,12.114,6.412,7.876
286,L,C,13.345,5.621,7.434
286,L,O,14.26,5.364,8.23
286,L,CB,11.298,5.6,8.886
286,L,CG,10.155,6.367,9.562
286,L,CD1,9.528,5.489,10.617
286,L,CD2,10.662,7.649,10.189
287,G,N,13.363,5.238,6.161
287,G,CA,14.498,4.505,5.643
287,G,C,14.285,3.011,5.488
287,G,O,15.254,2.276,5.278
288,I,N,13.042,2.548,5.608
288,I,CA,12.751,1.12,5.434
288,I,C,12.303,0.884,3.99
288,I,O,11.275,1.413,3.565
288,I,CB,11.616,0.632,6.389
288,I,CG1,12.087,0.692,7.849
288,I,CG2,11.197,-0.786,6.021
288,I,CD1,11.0,0.361,8.867
289,P,N,13.072,0.099,3.212
289,P,CA,12.692,-0.162,1.818
289,P,C,11.279,-0.733,1.769
289,P,O,10.927,-1.606,2.572
289,P,CB,13.738,-1.172,1.356
289,P,CG,14.94,-0.819,2.181
289,P,CD,14.33,-0.588,3.549
290,S,N,10.469,-0.247,0.835
290,S,CA,9.096,-0.724,0.732
290,S,C,8.413,-0.467,-0.603
290,S,O,8.763,0.449,-1.343
290,S,CB,8.253,-0.108,1.845
290,S,OG,8.237,1.301,1.73
291,R,N,7.422,-1.299,-0.893
291,R,CA,6.662,-1.187,-2.117
291,R,C,5.232,-1.596,-1.814
291,R,O,4.964,-2.206,-0.78
291,R,CB,7.269,-2.077,-3.202
291,R,CG,7.303,-3.542,-2.858
291,R,CD,7.987,-4.339,-3.944
291,R,NE,7.986,-5.759,-3.621
291,R,CZ,8.54,-6.696,-4.379
291,R,NH1,9.149,-6.36,-5.509
291,R,NH2,8.47,-7.969,-4.012
292,V,N,4.311,-1.248,-2.703
292,V,CA,2.91,-1.566,-2.499
292,V,C,2.503,-2.81,-3.275
292,V,O,2.896,-3.003,-4.425
292,V,CB,2.035,-0.378,-2.903
292,V,CG1,0.568,-0.727,-2.747
292,V,CG2,2.387,0.821,-2.04
293,I,N,1.707,-3.653,-2.632
293,I,CA,1.268,-4.908,-3.229
293,I,C,-0.247,-4.961,-3.429
293,I,O,-1.019,-4.544,-2.551
293,I,CB,1.678,-6.11,-2.32
293,I,CG1,3.189,-6.099,-2.056
293,I,CG2,1.256,-7.423,-2.955
293,I,CD1,4.045,-6.462,-3.262
294,T,N,-0.671,-5.447,-4.595
294,T,CA,-2.097,-5.617,-4.862
294,T,C,-2.345,-7.084,-5.17
294,T,O,-1.759,-7.665,-6.084
294,T,CB,-2.628,-4.762,-6.03
294,T,OG1,-2.499,-3.378,-5.701
294,T,CG2,-4.106,-5.062,-6.27
295,N,N,-3.214,-7.664,-4.36
295,N,CA,-3.604,-9.054,-4.445
295,N,C,-5.046,-9.037,-4.933
295,N,O,-5.894,-8.435,-4.291
295,N,CB,-3.493,-9.65,-3.036
295,N,CG,-4.024,-11.052,-2.942
295,N,OD1,-3.759,-11.881,-3.808
295,N,ND2,-4.765,-11.336,-1.878
296,F,N,-5.327,-9.65,-6.079
296,F,CA,-6.702,-9.672,-6.592
296,F,C,-7.441,-10.911,-6.094
296,F,O,-6.867,-12.011,-6.044
296,F,CB,-6.725,-9.603,-8.126
296,F,CG,-6.296,-8.268,-8.674
296,F,CD1,-4.947,-7.972,-8.852
296,F,CD2,-7.239,-7.276,-8.933
296,F,CE1,-4.546,-6.709,-9.273
296,F,CE2,-6.845,-6.001,-9.357
296,F,CZ,-5.498,-5.718,-9.526
297,N,N,-8.713,-10.733,-5.73
297,N,CA,-9.515,-11.822,-5.182
297,N,C,-8.862,-12.133,-3.843
297,N,O,-8.402,-13.246,-3.613
297,N,CB,-9.453,-13.063,-6.08
297,N,CG,-10.614,-13.147,-7.053
297,N,OD1,-11.366,-12.188,-7.239
297,N,ND2,-10.762,-14.309,-7.688
298,S,N,-8.793,-11.121,-2.977
298,S,CA,-8.191,-11.263,-1.648
298,S,C,-9.25,-11.771,-0.67
298,S,O,-10.334,-11.192,-0.568
298,S,CB,-7.632,-9.914,-1.18
298,S,OG,-6.911,-10.051,0.033
299,A,N,-8.932,-12.85,0.046
299,A,CA,-9.872,-13.456,0.99
299,A,C,-9.678,-13.036,2.433
299,A,O,-8.557,-12.805,2.879
299,A,CB,-9.795,-14.983,0.894
300,H,N,-10.781,-12.953,3.166
300,H,CA,-10.73,-12.573,4.572
300,H,C,-11.26,-13.692,5.471
300,H,O,-12.436,-13.713,5.827
300,H,CB,-11.547,-11.305,4.801
300,H,CG,-11.475,-10.79,6.204
300,H,ND1,-12.121,-9.642,6.607
300,H,CD2,-10.805,-11.248,7.29
300,H,CE1,-11.849,-9.411,7.879
300,H,NE2,-11.052,-10.37,8.317
301,D,N,-10.381,-14.617,5.834
301,D,CA,-10.753,-15.738,6.686
301,D,C,-10.863,-15.275,8.133
301,D,O,-9.922,-14.698,8.681
301,D,CB,-9.699,-16.833,6.585
301,D,CG,-10.142,-18.131,7.216
301,D,OD1,-9.311,-19.059,7.266
301,D,OD2,-11.31,-18.23,7.655
302,T,N,-12.002,-15.543,8.76
302,T,CA,-12.199,-15.122,10.141
302,T,C,-12.038,-16.251,11.153
302,T,O,-11.616,-16.019,12.279
302,T,CB,-13.589,-14.497,10.336
302,T,OG1,-13.788,-13.467,9.363
302,T,CG2,-13.703,-13.882,11.729
303,D,N,-12.377,-17.468,10.748
303,D,CA,-12.282,-18.618,11.637
303,D,C,-11.021,-19.456,11.417
303,D,O,-11.022,-20.672,11.631
303,D,CB,-13.524,-19.488,11.471
303,D,CG,-14.121,-19.373,10.089
303,D,OD1,-13.337,-19.225,9.126
303,D,OD2,-15.364,-19.435,9.962
304,R,N,-9.95,-18.801,10.991
304,R,CA,-8.675,-19.467,10.758
304,R,C,-8.762,-20.908,10.254
304,R,O,-8.177,-21.8,10.865
304,R,CB,-7.846,-19.467,12.04
304,R,CG,-7.557,-18.108,12.641
304,R,CD,-6.345,-18.216,13.551
304,R,NE,-6.399,-19.453,14.33
304,R,CZ,-5.338,-20.063,14.854
304,R,NH1,-4.124,-19.544,14.684
304,R,NH2,-5.485,-21.205,15.521
305,N,N,-9.472,-21.142,9.155
305,N,CA,-9.588,-22.49,8.606
305,N,C,-9.183,-22.557,7.129
305,N,O,-9.438,-23.554,6.451
305,N,CB,-11.013,-23.006,8.762
305,N,CG,-12.028,-22.075,8.159
305,N,OD1,-11.802,-21.506,7.097
305,N,ND2,-13.16,-21.923,8.825
306,L,N,-8.549,-21.497,6.637
306,L,CA,-8.093,-21.416,5.251
306,L,C,-9.19,-21.617,4.225
306,L,O,-8.952,-22.145,3.135
306,L,CB,-6.971,-22.419,5.006
306,L,CG,-5.597,-21.896,5.422
306,L,CD1,-5.648,-21.476,6.868
306,L,CD2,-4.529,-22.96,5.198
307,S,N,-10.392,-21.174,4.579
307,S,CA,-11.567,-21.281,3.714
307,S,C,-12.48,-20.057,3.883
307,S,O,-12.687,-19.576,4.994
307,S,CB,-12.343,-22.559,4.058
307,S,OG,-13.645,-22.548,3.494
308,V,N,-13.018,-19.545,2.785
308,V,CA,-13.915,-18.404,2.873
308,V,C,-15.252,-18.778,2.245
308,V,O,-15.298,-19.48,1.231
308,V,CB,-13.326,-17.165,2.161
308,V,CG1,-12.158,-16.619,2.959
308,V,CG2,-12.874,-17.531,0.756
309,D,N,-16.34,-18.316,2.853
309,D,CA,-17.676,-18.623,2.347
309,D,C,-18.367,-17.448,1.677
309,D,O,-18.315,-16.312,2.158
309,D,CB,-18.584,-19.11,3.476
309,D,CG,-18.003,-20.275,4.224
309,D,OD1,-17.839,-21.354,3.614
309,D,OD2,-17.707,-20.105,5.426
310,V,N,-19.028,-17.742,0.565
310,V,CA,-19.773,-16.736,-0.168
310,V,C,-21.132,-17.352,-0.461
310,V,O,-21.213,-18.452,-1.0
310,V,CB,-19.053,-16.352,-1.474
310,V,CG1,-17.71,-15.714,-1.142
310,V,CG2,-18.848,-17.575,-2.342
311,Y,N,-22.195,-16.645,-0.086
311,Y,CA,-23.552,-17.146,-0.279
311,Y,C,-24.365,-16.445,-1.361
311,Y,O,-24.075,-15.321,-1.75
311,Y,CB,-24.334,-17.065,1.035
311,Y,CG,-23.659,-17.73,2.212
311,Y,CD1,-22.531,-17.165,2.812
311,Y,CD2,-24.154,-18.928,2.732
311,Y,CE1,-21.913,-17.779,3.905
311,Y,CE2,-23.545,-19.552,3.823
311,Y,CZ,-22.427,-18.973,4.405
311,Y,OH,-21.834,-19.594,5.48
312,Y,N,-25.394,-17.144,-1.822
312,Y,CA,-26.338,-16.666,-2.826
312,Y,C,-27.685,-17.3,-2.468
312,Y,O,-27.731,-18.245,-1.691
312,Y,CB,-25.948,-17.144,-4.229
312,Y,CG,-24.751,-16.462,-4.834
312,Y,CD1,-23.488,-17.053,-4.786
312,Y,CD2,-24.877,-15.229,-5.468
312,Y,CE1,-22.378,-16.429,-5.363
312,Y,CE2,-23.778,-14.601,-6.042
312,Y,CZ,-22.535,-15.205,-5.986
312,Y,OH,-21.451,-14.575,-6.545
313,D,N,-28.779,-16.785,-3.012
313,D,CA,-30.071,-17.403,-2.752
313,D,C,-30.594,-17.976,-4.072
313,D,O,-30.01,-17.74,-5.128
313,D,CB,-31.071,-16.406,-2.13
313,D,CG,-31.54,-15.324,-3.099
313,D,OD1,-31.577,-15.565,-4.323
313,D,OD2,-31.905,-14.23,-2.619
314,P,N,-31.684,-18.758,-4.03
314,P,CA,-32.255,-19.352,-5.244
314,P,C,-32.663,-18.345,-6.317
314,P,O,-32.822,-18.704,-7.478
314,P,CB,-33.443,-20.134,-4.71
314,P,CG,-32.976,-20.544,-3.35
314,P,CD,-32.363,-19.281,-2.832
315,M,N,-32.846,-17.087,-5.935
315,M,CA,-33.229,-16.064,-6.9
315,M,C,-32.033,-15.456,-7.629
315,M,O,-32.199,-14.654,-8.546
315,M,CB,-34.04,-14.958,-6.218
315,M,CG,-35.436,-15.399,-5.81
315,M,SD,-36.236,-16.444,-7.095
315,M,CE,-36.672,-15.208,-8.405
316,G,N,-30.831,-15.844,-7.22
316,G,CA,-29.634,-15.341,-7.86
316,G,C,-29.098,-14.061,-7.262
316,G,O,-28.415,-13.297,-7.944
317,N,N,-29.394,-13.828,-5.988
317,N,CA,-28.929,-12.623,-5.303
317,N,C,-27.66,-12.861,-4.499
317,N,O,-27.481,-13.91,-3.883
317,N,CB,-29.991,-12.094,-4.326
317,N,CG,-31.187,-11.47,-5.02
317,N,OD1,-31.062,-10.47,-5.725
317,N,ND2,-32.36,-12.054,-4.813
318,P,N,-26.738,-11.897,-4.524
318,P,CA,-25.547,-12.146,-3.721
318,P,C,-26.04,-11.963,-2.286
318,P,O,-27.015,-11.258,-2.055
318,P,CB,-24.606,-11.025,-4.155
318,P,CG,-24.997,-10.802,-5.576
318,P,CD,-26.502,-10.823,-5.5
319,L,N,-25.4,-12.601,-1.322
319,L,CA,-25.829,-12.448,0.059
319,L,C,-24.654,-12.105,0.951
319,L,O,-23.554,-12.615,0.76
319,L,CB,-26.472,-13.736,0.571
319,L,CG,-27.848,-14.177,0.079
319,L,CD1,-28.135,-15.555,0.644
319,L,CD2,-28.916,-13.194,0.512
320,D,N,-24.891,-11.229,1.92
320,D,CA,-23.86,-10.851,2.875
320,D,C,-24.209,-11.612,4.15
320,D,O,-24.643,-11.027,5.14
320,D,CB,-23.893,-9.34,3.118
320,D,CG,-22.958,-8.902,4.237
320,D,OD1,-23.39,-8.916,5.414
320,D,OD2,-21.788,-8.549,3.945
321,K,N,-24.027,-12.928,4.111
321,K,CA,-24.358,-13.786,5.241
321,K,C,-23.15,-14.328,6.009
321,K,O,-23.284,-14.763,7.158
321,K,CB,-25.224,-14.956,4.753
321,K,CG,-25.643,-15.941,5.836
321,K,CD,-26.434,-17.11,5.252
321,K,CE,-26.835,-18.106,6.339
321,K,NZ,-27.685,-17.472,7.391
322,G,N,-21.976,-14.3,5.387
322,G,CA,-20.794,-14.814,6.054
322,G,C,-19.862,-13.769,6.641
322,G,O,-19.679,-12.692,6.072
323,S,N,-19.274,-14.09,7.789
323,S,CA,-18.336,-13.184,8.445
323,S,C,-17.058,-13.072,7.602
323,S,O,-16.277,-12.13,7.758
323,S,CB,-18.001,-13.694,9.852
323,S,OG,-17.514,-15.025,9.808
324,D,N,-16.853,-14.047,6.715
324,D,CA,-15.699,-14.064,5.816
324,D,C,-16.081,-13.25,4.591
324,D,O,-17.237,-12.854,4.458
324,D,CB,-15.375,-15.505,5.405
324,D,CG,-14.574,-16.241,6.459
324,D,OD1,-14.829,-16.037,7.665
324,D,OD2,-13.688,-17.029,6.082
325,S,N,-15.128,-12.984,3.701
325,S,CA,-15.443,-12.218,2.494
325,S,C,-14.321,-12.248,1.473
325,S,O,-13.155,-12.425,1.831
325,S,CB,-15.757,-10.761,2.84
325,S,OG,-14.594,-10.066,3.248
326,V,N,-14.689,-12.077,0.203
326,V,CA,-13.722,-12.056,-0.892
326,V,C,-13.754,-10.716,-1.627
326,V,O,-14.725,-10.394,-2.335
326,V,CB,-13.981,-13.186,-1.914
326,V,CG1,-12.996,-13.074,-3.065
326,V,CG2,-13.844,-14.532,-1.246
327,W,N,-12.681,-9.95,-1.448
327,W,CA,-12.522,-8.635,-2.064
327,W,C,-12.039,-8.822,-3.497
327,W,O,-11.325,-9.78,-3.781
327,W,CB,-11.47,-7.823,-1.294
327,W,CG,-11.83,-7.481,0.14
327,W,CD1,-12.653,-8.186,0.983
327,W,CD2,-11.381,-6.342,0.885
327,W,NE1,-12.745,-7.552,2.197
327,W,CE2,-11.976,-6.418,2.164
327,W,CE3,-10.533,-5.261,0.593
327,W,CZ2,-11.753,-5.449,3.152
327,W,CZ3,-10.309,-4.302,1.572
327,W,CH2,-10.918,-4.401,2.836
328,N,N,-12.428,-7.921,-4.399
328,N,CA,-11.979,-8.001,-5.788
328,N,C,-10.476,-7.769,-5.801
328,N,O,-9.766,-8.236,-6.683
328,N,CB,-12.666,-6.946,-6.651
328,N,CG,-14.011,-7.408,-7.168
328,N,OD1,-14.105,-8.395,-7.891
328,N,ND2,-15.058,-6.693,-6.802
329,F,N,-10.0,-7.034,-4.808
329,F,CA,-8.588,-6.766,-4.681
329,F,C,-8.325,-6.137,-3.323
329,F,O,-9.198,-5.482,-2.75
329,F,CB,-8.112,-5.839,-5.81
329,F,CG,-8.465,-4.379,-5.614
329,F,CD1,-7.691,-3.562,-4.783
329,F,CD2,-9.569,-3.818,-6.267
329,F,CE1,-8.012,-2.213,-4.606
329,F,CE2,-9.895,-2.478,-6.101
329,F,CZ,-9.116,-1.672,-5.268
330,H,N,-7.128,-6.362,-2.795
330,H,CA,-6.741,-5.786,-1.526
330,H,C,-5.301,-5.338,-1.679
330,H,O,-4.476,-6.04,-2.249
330,H,CB,-6.875,-6.795,-0.386
330,H,CG,-6.452,-6.251,0.945
330,H,ND1,-6.822,-5.0,1.391
330,H,CD2,-5.682,-6.786,1.925
330,H,CE1,-6.295,-4.787,2.584
330,H,NE2,-5.599,-5.855,2.932
331,V,N,-5.015,-4.153,-1.171
331,V,CA,-3.694,-3.574,-1.277
331,V,C,-3.06,-3.461,0.103
331,V,O,-3.724,-3.086,1.071
331,V,CB,-3.795,-2.175,-1.918
331,V,CG1,-2.423,-1.602,-2.166
331,V,CG2,-4.591,-2.266,-3.2
332,W,N,-1.778,-3.804,0.187
332,W,CA,-1.037,-3.725,1.435
332,W,C,0.436,-3.453,1.116
332,W,O,0.785,-3.158,-0.033
332,W,CB,-1.211,-5.02,2.246
332,W,CG,-0.605,-6.26,1.631
332,W,CD1,0.725,-6.545,1.496
332,W,CD2,-1.311,-7.383,1.089
332,W,NE1,0.889,-7.773,0.905
332,W,CE2,-0.343,-8.309,0.643
332,W,CE3,-2.666,-7.698,0.941
332,W,CZ2,-0.688,-9.533,0.056
332,W,CZ3,-3.014,-8.919,0.357
332,W,CH2,-2.025,-9.82,-0.078
333,N,N,1.299,-3.55,2.123
333,N,CA,2.715,-3.273,1.919
333,N,C,3.672,-4.441,2.163
333,N,O,3.296,-5.49,2.686
333,N,CB,3.145,-2.086,2.798
333,N,CG,2.325,-0.83,2.54
333,N,OD1,1.199,-0.712,2.994
333,N,ND2,2.894,0.109,1.8
334,E,N,4.921,-4.228,1.76
334,E,CA,6.012,-5.193,1.923
334,E,C,7.252,-4.393,2.29
334,E,O,7.741,-3.61,1.477
334,E,CB,6.289,-5.945,0.617
334,E,CG,5.677,-7.331,0.522
334,E,CD,5.924,-7.989,-0.833
334,E,OE1,7.083,-7.975,-1.303
334,E,OE2,4.962,-8.523,-1.423
335,G,N,7.742,-4.559,3.515
335,G,CA,8.944,-3.856,3.932
335,G,C,10.134,-4.773,3.705
335,G,O,9.98,-5.996,3.666
336,W,N,11.322,-4.212,3.545
336,W,CA,12.49,-5.05,3.318
336,W,C,13.46,-5.008,4.491
336,W,O,13.965,-3.945,4.851
336,W,CB,13.181,-4.634,2.017
336,W,CG,14.465,-5.366,1.723
336,W,CD1,15.717,-5.04,2.168
336,W,CD2,14.625,-6.522,0.896
336,W,NE1,16.642,-5.913,1.666
336,W,CE2,16.002,-6.835,0.879
336,W,CE3,13.742,-7.323,0.164
336,W,CZ2,16.517,-7.917,0.158
336,W,CZ3,14.253,-8.398,-0.55
336,W,CH2,15.628,-8.684,-0.546
337,F,N,13.691,-6.172,5.094
337,F,CA,14.599,-6.297,6.231
337,F,C,14.772,-7.735,6.721
337,F,O,13.889,-8.576,6.558
337,F,CB,14.157,-5.382,7.395
337,F,CG,12.678,-5.438,7.716
337,F,CD1,12.172,-6.389,8.594
337,F,CD2,11.799,-4.508,7.17
337,F,CE1,10.806,-6.406,8.928
337,F,CE2,10.443,-4.521,7.496
337,F,CZ,9.945,-5.468,8.377
338,V,N,15.933,-8.006,7.311
338,V,CA,16.263,-9.324,7.832
338,V,C,15.516,-9.663,9.12
338,V,O,15.496,-8.879,10.078
338,V,CB,17.767,-9.425,8.1
338,V,CG1,18.529,-9.309,6.802
338,V,CG2,18.195,-8.322,9.035
339,R,N,14.91,-10.845,9.141
339,R,CA,14.157,-11.31,10.302
339,R,C,15.062,-12.145,11.203
339,R,O,15.171,-13.363,11.046
339,R,CB,12.946,-12.14,9.851
339,R,CG,11.953,-11.374,8.99
339,R,CD,11.273,-10.308,9.812
339,R,NE,10.589,-10.903,10.955
339,R,CZ,9.356,-11.403,10.92
339,R,NH1,8.654,-11.374,9.796
339,R,NH2,8.837,-11.957,12.005
340,S,N,15.712,-11.469,12.144
340,S,CA,16.626,-12.104,13.089
340,S,C,15.851,-12.902,14.124
340,S,O,16.432,-13.575,14.975
340,S,CB,17.454,-11.036,13.802
340,S,OG,16.605,-10.033,14.351
341,D,N,14.532,-12.807,14.058
341,D,CA,13.698,-13.521,14.999
341,D,C,13.209,-14.81,14.373
341,D,O,12.887,-15.761,15.079
341,D,CB,12.513,-12.646,15.419
341,D,CG,11.637,-12.239,14.25
341,D,OD1,12.175,-12.054,13.136
341,D,OD2,10.413,-12.085,14.446
342,L,N,13.181,-14.85,13.047
342,L,CA,12.704,-16.032,12.34
342,L,C,13.807,-16.95,11.821
342,L,O,13.628,-18.161,11.769
342,L,CB,11.81,-15.609,11.172
342,L,CG,10.559,-14.799,11.51
342,L,CD1,9.855,-14.416,10.223
342,L,CD2,9.634,-15.615,12.411
343,G,N,14.939,-16.37,11.436
343,G,CA,16.037,-17.157,10.904
343,G,C,16.509,-16.613,9.564
343,G,O,15.749,-15.956,8.848
344,P,N,17.76,-16.886,9.184
344,P,CA,18.35,-16.428,7.925
344,P,C,17.553,-16.68,6.655
344,P,O,17.629,-15.895,5.719
344,P,CB,19.693,-17.143,7.896
344,P,CG,19.411,-18.402,8.65
344,P,CD,18.636,-17.875,9.829
345,S,N,16.789,-17.764,6.607
345,S,CA,16.028,-18.067,5.397
345,S,C,14.717,-17.301,5.251
345,S,O,14.064,-17.379,4.211
345,S,CB,15.748,-19.569,5.309
345,S,OG,14.974,-20.0,6.407
346,Y,N,14.339,-16.551,6.28
346,Y,CA,13.093,-15.787,6.229
346,Y,C,13.266,-14.275,6.134
346,Y,O,12.333,-13.528,6.386
346,Y,CB,12.218,-16.127,7.434
346,Y,CG,11.826,-17.587,7.499
346,Y,CD1,12.62,-18.521,8.168
346,Y,CD2,10.676,-18.041,6.864
346,Y,CE1,12.271,-19.873,8.198
346,Y,CE2,10.321,-19.379,6.887
346,Y,CZ,11.117,-20.295,7.552
346,Y,OH,10.753,-21.633,7.549
347,G,N,14.458,-13.823,5.78
347,G,CA,14.675,-12.398,5.639
347,G,C,14.152,-11.993,4.274
347,G,O,13.619,-12.831,3.548
348,G,N,14.299,-10.721,3.92
348,G,CA,13.832,-10.258,2.625
348,G,C,12.518,-9.498,2.713
348,G,O,12.267,-8.809,3.703
349,W,N,11.677,-9.615,1.689
349,W,CA,10.391,-8.922,1.701
349,W,C,9.485,-9.423,2.833
349,W,O,9.266,-10.627,2.992
349,W,CB,9.687,-9.073,0.349
349,W,CG,10.306,-8.25,-0.751
349,W,CD1,10.805,-8.71,-1.936
349,W,CD2,10.463,-6.822,-0.779
349,W,NE1,11.258,-7.66,-2.702
349,W,CE2,11.061,-6.49,-2.019
349,W,CE3,10.155,-5.79,0.122
349,W,CZ2,11.358,-5.168,-2.385
349,W,CZ3,10.452,-4.471,-0.241
349,W,CH2,11.048,-4.175,-1.486
350,Q,N,8.979,-8.481,3.626
350,Q,CA,8.103,-8.794,4.752
350,Q,C,6.752,-8.135,4.492
350,Q,O,6.691,-7.076,3.878
350,Q,CB,8.696,-8.245,6.057
350,Q,CG,10.134,-8.655,6.321
350,Q,CD,10.308,-10.159,6.403
350,Q,OE1,9.679,-10.823,7.234
350,Q,NE2,11.164,-10.71,5.538
351,V,N,5.668,-8.738,4.962
351,V,CA,4.347,-8.158,4.735
351,V,C,3.836,-7.253,5.874
351,V,O,3.863,-7.635,7.047
351,V,CB,3.325,-9.284,4.46
351,V,CG1,1.933,-8.707,4.259
351,V,CG2,3.765,-10.073,3.228
352,L,N,3.387,-6.051,5.51
352,L,CA,2.837,-5.079,6.462
352,L,C,1.5,-4.582,5.895
352,L,O,1.445,-4.076,4.777
352,L,CB,3.805,-3.91,6.652
352,L,CG,5.174,-4.248,7.253
352,L,CD1,6.099,-3.057,7.157
352,L,CD2,5.009,-4.67,8.705
353,D,N,0.428,-4.729,6.674
353,D,CA,-0.921,-4.356,6.241
353,D,C,-1.606,-3.449,7.248
353,D,O,-1.946,-3.895,8.344
353,D,CB,-1.764,-5.62,6.082
353,D,CG,-2.948,-5.427,5.163
353,D,OD1,-3.495,-4.302,5.108
353,D,OD2,-3.338,-6.415,4.503
354,A,N,-1.843,-2.192,6.877
354,A,CA,-2.475,-1.248,7.794
354,A,C,-3.999,-1.209,7.715
354,A,O,-4.65,-0.542,8.522
354,A,CB,-1.906,0.156,7.578
355,T,N,-4.569,-1.917,6.747
355,T,CA,-6.015,-1.959,6.595
355,T,C,-6.619,-2.671,7.809
355,T,O,-6.248,-3.801,8.124
355,T,CB,-6.391,-2.714,5.33
355,T,OG1,-5.757,-2.09,4.207
355,T,CG2,-7.89,-2.716,5.141
356,P,N,-7.555,-2.019,8.508
356,P,CA,-8.148,-2.664,9.68
356,P,C,-9.121,-3.793,9.36
356,P,O,-10.331,-3.592,9.355
356,P,CB,-8.817,-1.507,10.405
356,P,CG,-9.279,-0.66,9.272
356,P,CD,-8.092,-0.661,8.331
357,Q,N,-8.581,-4.977,9.103
357,Q,CA,-9.398,-6.14,8.801
357,Q,C,-9.453,-7.098,9.992
357,Q,O,-10.525,-7.427,10.5
357,Q,CB,-8.843,-6.892,7.585
357,Q,CG,-9.319,-6.371,6.255
357,Q,CD,-8.785,-7.168,5.078
357,Q,OE1,-7.583,-7.159,4.797
357,Q,NE2,-9.68,-7.865,4.382
358,E,N,-8.286,-7.539,10.441
358,E,CA,-8.224,-8.485,11.537
358,E,C,-7.38,-7.954,12.676
358,E,O,-6.334,-7.338,12.462
358,E,CB,-7.618,-9.802,11.043
358,E,CG,-8.059,-11.021,11.824
358,E,CD,-9.483,-11.41,11.496
358,E,OE1,-9.764,-11.652,10.303
358,E,OE2,-10.323,-11.476,12.419
359,R,N,-7.837,-8.201,13.895
359,R,CA,-7.099,-7.765,15.059
359,R,C,-6.006,-8.783,15.336
359,R,O,-6.154,-9.975,15.068
359,R,CB,-8.025,-7.649,16.265
359,R,CG,-8.972,-6.471,16.194
359,R,CD,-9.905,-6.474,17.387
359,R,NE,-10.848,-5.357,17.396
359,R,CZ,-10.535,-4.099,17.705
359,R,NH1,-9.288,-3.779,18.031
359,R,NH2,-11.479,-3.163,17.705
360,S,N,-4.894,-8.293,15.853
360,S,CA,-3.765,-9.135,16.19
360,S,C,-3.382,-8.643,17.572
360,S,O,-2.995,-7.483,17.735
360,S,CB,-2.624,-8.902,15.198
360,S,OG,-1.517,-9.742,15.468
361,Q,N,-3.512,-9.512,18.565
361,Q,CA,-3.204,-9.143,19.939
361,Q,C,-4.201,-8.105,20.383
361,Q,O,-3.867,-7.199,21.147
361,Q,CB,-1.801,-8.547,20.061
361,Q,CG,-0.677,-9.527,19.834
361,Q,CD,0.682,-8.913,20.095
361,Q,OE1,1.682,-9.625,20.189
361,Q,NE2,0.731,-7.582,20.21
362,G,N,-5.426,-8.218,19.885
362,G,CA,-6.444,-7.264,20.27
362,G,C,-6.541,-6.011,19.421
362,G,O,-7.645,-5.529,19.208
363,V,N,-5.421,-5.473,18.939
363,V,CA,-5.473,-4.261,18.112
363,V,C,-5.324,-4.541,16.613
363,V,O,-4.814,-5.593,16.201
363,V,CB,-4.376,-3.242,18.519
363,V,CG1,-4.158,-3.282,20.022
363,V,CG2,-3.088,-3.52,17.777
364,F,N,-5.771,-3.588,15.798
364,F,CA,-5.672,-3.737,14.354
364,F,C,-4.285,-3.418,13.863
364,F,O,-3.983,-2.29,13.505
364,F,CB,-6.676,-2.853,13.629
364,F,CG,-8.086,-3.332,13.75
364,F,CD1,-8.963,-2.746,14.663
364,F,CD2,-8.536,-4.4,12.977
364,F,CE1,-10.261,-3.22,14.799
364,F,CE2,-9.831,-4.879,13.107
364,F,CZ,-10.693,-4.284,14.022
365,Q,N,-3.443,-4.441,13.88
365,Q,CA,-2.07,-4.356,13.416
365,Q,C,-1.885,-5.59,12.534
365,Q,O,-2.712,-6.508,12.564
365,Q,CB,-1.1,-4.375,14.601
365,Q,CG,-1.457,-5.371,15.695
365,Q,CD,-0.481,-5.334,16.868
365,Q,OE1,0.156,-4.311,17.138
365,Q,NE2,-0.375,-6.449,17.58
366,C,N,-0.819,-5.619,11.743
366,C,CA,-0.59,-6.755,10.864
366,C,C,0.816,-6.737,10.284
366,C,O,1.211,-5.777,9.622
366,C,CB,-1.618,-6.738,9.732
366,C,SG,-1.676,-8.235,8.738
367,G,N,1.572,-7.801,10.53
367,G,CA,2.93,-7.871,10.019
367,G,C,3.969,-7.583,11.089
367,G,O,3.634,-7.051,12.144
368,P,N,5.249,-7.896,10.83
368,P,CA,5.74,-8.482,9.578
368,P,C,5.61,-10.002,9.43
368,P,O,5.856,-10.764,10.366
368,P,CB,7.194,-8.038,9.559
368,P,CG,7.562,-8.16,10.996
368,P,CD,6.378,-7.529,11.704
369,A,N,5.223,-10.422,8.232
369,A,CA,5.095,-11.831,7.901
369,A,C,5.947,-12.032,6.657
369,A,O,5.628,-11.504,5.598
369,A,CB,3.657,-12.182,7.605
370,S,N,7.053,-12.76,6.806
370,S,CA,7.954,-13.045,5.699
370,S,C,7.18,-13.603,4.517
370,S,O,6.394,-14.537,4.674
370,S,CB,9.01,-14.063,6.121
370,S,OG,9.654,-14.623,4.988
371,V,N,7.393,-13.033,3.336
371,V,CA,6.703,-13.515,2.154
371,V,C,7.217,-14.915,1.843
371,V,O,6.478,-15.755,1.346
371,V,CB,6.929,-12.58,0.946
371,V,CG1,6.345,-13.207,-0.311
371,V,CG2,6.278,-11.216,1.214
372,I,N,8.489,-15.162,2.147
372,I,CA,9.082,-16.48,1.927
372,I,C,8.392,-17.43,2.886
372,I,O,8.069,-18.57,2.535
372,I,CB,10.608,-16.499,2.225
372,I,CG1,11.362,-15.656,1.183
372,I,CG2,11.124,-17.932,2.209
372,I,CD1,12.853,-15.551,1.416
373,G,N,8.162,-16.947,4.101
373,G,CA,7.496,-17.76,5.098
373,G,C,6.077,-18.113,4.699
373,G,O,5.526,-19.106,5.166
374,V,N,5.482,-17.313,3.822
374,V,CA,4.112,-17.548,3.387
374,V,C,3.995,-18.629,2.312
374,V,O,3.124,-19.493,2.379
374,V,CB,3.479,-16.224,2.867
374,V,CG1,2.09,-16.467,2.311
374,V,CG2,3.412,-15.217,3.998
375,R,N,4.881,-18.587,1.328
375,R,CA,4.84,-19.542,0.239
375,R,C,5.02,-20.993,0.668
375,R,O,4.449,-21.904,0.053
375,R,CB,5.897,-19.171,-0.798
375,R,CG,5.863,-19.981,-2.088
375,R,CD,6.698,-19.267,-3.154
375,R,NE,6.645,-19.907,-4.466
375,R,CZ,7.291,-21.027,-4.785
375,R,NH1,8.052,-21.641,-3.881
375,R,NH2,7.178,-21.527,-6.011
376,E,N,5.805,-21.216,1.719
376,E,CA,6.053,-22.576,2.182
376,E,C,5.042,-23.053,3.211
376,E,O,5.097,-24.202,3.665
376,E,CB,7.468,-22.696,2.748
376,E,CG,8.565,-22.311,1.754
376,E,CD,8.378,-22.95,0.388
376,E,OE1,8.266,-24.192,0.322
376,E,OE2,8.347,-22.21,-0.62
377,G,N,4.115,-22.171,3.572
377,G,CA,3.092,-22.527,4.536
377,G,C,3.613,-22.712,5.941
377,G,O,3.259,-23.67,6.619
378,D,N,4.474,-21.804,6.376
378,D,CA,5.019,-21.862,7.725
378,D,C,4.245,-20.847,8.541
378,D,O,4.818,-19.893,9.069
378,D,CB,6.504,-21.505,7.718
378,D,CG,7.358,-22.585,7.087
378,D,OD1,7.144,-23.771,7.433
378,D,OD2,8.241,-22.259,6.26
379,V,N,2.934,-21.068,8.639
379,V,CA,2.042,-20.158,9.348
379,V,C,2.159,-20.155,10.862
379,V,O,1.326,-19.567,11.545
379,V,CB,0.574,-20.416,8.963
379,V,CG1,0.405,-20.217,7.469
379,V,CG2,0.161,-21.82,9.356
380,Q,N,3.191,-20.808,11.387
380,Q,CA,3.402,-20.826,12.828
380,Q,C,4.317,-19.674,13.245
380,Q,O,4.542,-19.455,14.435
380,Q,CB,4.01,-22.155,13.277
380,Q,CG,4.385,-23.084,12.147
380,Q,CD,5.582,-22.603,11.366
380,Q,OE1,6.028,-23.258,10.425
380,Q,NE2,6.115,-21.455,11.753
381,L,N,4.841,-18.938,12.263
381,L,CA,5.724,-17.805,12.539
381,L,C,4.953,-16.503,12.662
381,L,O,3.824,-16.393,12.184
381,L,CB,6.762,-17.639,11.426
381,L,CG,7.854,-18.696,11.243
381,L,CD1,8.818,-18.203,10.18
381,L,CD2,8.598,-18.946,12.552
382,N,N,5.571,-15.52,13.309
382,N,CA,4.964,-14.204,13.471
382,N,C,5.322,-13.327,12.27
382,N,O,6.399,-13.471,11.695
382,N,CB,5.477,-13.536,14.735
382,N,CG,5.174,-14.329,15.963
382,N,OD1,4.094,-14.897,16.084
382,N,ND2,6.119,-14.367,16.897
383,F,N,4.43,-12.415,11.903
383,F,CA,3.165,-12.237,12.601
383,F,C,1.977,-12.417,11.666
383,F,O,2.105,-12.291,10.453
383,F,CB,3.092,-10.834,13.215
383,F,CG,4.191,-10.54,14.188
383,F,CD1,5.493,-10.332,13.745
383,F,CD2,3.937,-10.522,15.556
383,F,CE1,6.529,-10.116,14.652
383,F,CE2,4.962,-10.311,16.466
383,F,CZ,6.265,-10.107,16.014
384,D,N,0.826,-12.728,12.249
384,D,CA,-0.416,-12.883,11.506
384,D,C,-0.312,-13.681,10.204
384,D,O,-0.922,-13.319,9.197
384,D,CB,-0.958,-11.49,11.219
384,D,CG,-0.869,-10.596,12.424
384,D,OD1,-1.528,-10.926,13.433
384,D,OD2,-0.136,-9.586,12.374
385,M,N,0.436,-14.773,10.221
385,M,CA,0.577,-15.555,9.007
385,M,C,-0.664,-16.345,8.615
385,M,O,-1.032,-16.397,7.442
385,M,CB,1.793,-16.448,9.126
385,M,CG,3.043,-15.608,9.197
385,M,SD,4.478,-16.564,8.824
385,M,CE,4.173,-16.944,7.074
386,P,N,-1.337,-16.974,9.583
386,P,CA,-2.529,-17.706,9.15
386,P,C,-3.45,-16.776,8.346
386,P,O,-3.932,-17.14,7.277
386,P,CB,-3.142,-18.155,10.468
386,P,CG,-1.916,-18.391,11.32
386,P,CD,-1.068,-17.182,11.016
387,F,N,-3.666,-15.564,8.853
387,F,CA,-4.515,-14.591,8.172
387,F,C,-4.009,-14.194,6.781
387,F,O,-4.785,-14.147,5.821
387,F,CB,-4.659,-13.318,9.007
387,F,CG,-5.31,-12.184,8.263
387,F,CD1,-6.657,-12.239,7.921
387,F,CD2,-4.564,-11.081,7.855
387,F,CE1,-7.25,-11.216,7.183
387,F,CE2,-5.153,-10.05,7.114
387,F,CZ,-6.494,-10.121,6.779
388,I,N,-2.719,-13.881,6.682
388,I,CA,-2.133,-13.478,5.409
388,I,C,-2.15,-14.614,4.389
388,I,O,-2.448,-14.401,3.212
388,I,CB,-0.687,-12.977,5.607
388,I,CG1,-0.721,-11.641,6.354
388,I,CG2,0.022,-12.852,4.265
388,I,CD1,0.636,-11.151,6.804
389,F,N,-1.834,-15.822,4.84
389,F,CA,-1.837,-16.97,3.949
389,F,C,-3.248,-17.103,3.352
389,F,O,-3.421,-17.434,2.174
389,F,CB,-1.476,-18.236,4.723
389,F,CG,-1.147,-19.398,3.844
389,F,CD1,0.099,-19.499,3.245
389,F,CD2,-2.096,-20.373,3.574
389,F,CE1,0.396,-20.557,2.385
389,F,CE2,-1.804,-21.432,2.714
389,F,CZ,-0.557,-21.52,2.12
390,A,N,-4.252,-16.818,4.176
390,A,CA,-5.646,-16.909,3.763
390,A,C,-6.025,-15.875,2.703
390,A,O,-6.901,-16.125,1.877
390,A,CB,-6.545,-16.766,4.976
391,E,N,-5.371,-14.716,2.72
391,E,CA,-5.686,-13.685,1.741
391,E,C,-5.207,-14.106,0.369
391,E,O,-5.846,-13.815,-0.643
391,E,CB,-5.024,-12.352,2.107
391,E,CG,-5.441,-11.779,3.454
391,E,CD,-4.858,-10.402,3.716
391,E,OE1,-5.375,-9.408,3.162
391,E,OE2,-3.874,-10.315,4.471
392,V,N,-4.083,-14.814,0.344
392,V,CA,-3.491,-15.245,-0.911
392,V,C,-3.814,-16.664,-1.376
392,V,O,-3.7,-16.956,-2.565
392,V,CB,-1.942,-15.062,-0.877
392,V,CG1,-1.599,-13.596,-0.819
392,V,CG2,-1.345,-15.761,0.325
393,N,N,-4.236,-17.548,-0.476
393,N,CA,-4.524,-18.908,-0.92
393,N,C,-5.615,-19.71,-0.204
393,N,O,-5.585,-20.944,-0.223
393,N,CB,-3.226,-19.722,-0.93
393,N,CG,-3.293,-20.911,-1.874
393,N,OD1,-3.749,-20.783,-3.015
393,N,ND2,-2.831,-22.071,-1.413
394,A,N,-6.585,-19.039,0.407
394,A,CA,-7.656,-19.773,1.079
394,A,C,-8.578,-20.376,0.025
394,A,O,-8.598,-19.925,-1.117
394,A,CB,-8.447,-18.843,1.99
395,D,N,-9.335,-21.401,0.394
395,D,CA,-10.265,-22.0,-0.561
395,D,C,-11.633,-21.331,-0.487
395,D,O,-12.138,-21.039,0.603
395,D,CB,-10.423,-23.501,-0.315
395,D,CG,-9.246,-24.296,-0.817
395,D,OD1,-8.629,-23.864,-1.81
395,D,OD2,-8.953,-25.356,-0.229
396,R,N,-12.228,-21.1,-1.653
396,R,CA,-13.531,-20.448,-1.757
396,R,C,-14.677,-21.436,-1.905
396,R,O,-14.815,-22.103,-2.931
396,R,CB,-13.537,-19.499,-2.955
396,R,CG,-14.854,-18.762,-3.243
396,R,CD,-14.63,-17.81,-4.417
396,R,NE,-15.729,-16.883,-4.674
396,R,CZ,-16.806,-17.161,-5.407
396,R,NH1,-16.945,-18.358,-5.97
396,R,NH2,-17.744,-16.233,-5.583
397,I,N,-15.497,-21.528,-0.868
397,I,CA,-16.651,-22.403,-0.902
397,I,C,-17.832,-21.505,-1.26
397,I,O,-17.959,-20.402,-0.718
397,I,CB,-16.91,-23.041,0.483
397,I,CG1,-15.7,-23.869,0.917
397,I,CG2,-18.151,-23.919,0.429
397,I,CD1,-15.843,-24.482,2.302
398,T,N,-18.674,-21.95,-2.187
398,T,CA,-19.854,-21.172,-2.557
398,T,C,-21.103,-21.872,-2.033
398,T,O,-21.404,-23.004,-2.407
398,T,CB,-19.992,-20.993,-4.081
398,T,OG1,-18.882,-20.237,-4.582
398,T,CG2,-21.271,-20.241,-4.404
399,W,N,-21.828,-21.182,-1.16
399,W,CA,-23.039,-21.729,-0.563
399,W,C,-24.354,-21.205,-1.139
399,W,O,-24.445,-20.07,-1.603
399,W,CB,-23.045,-21.464,0.941
399,W,CG,-21.941,-22.128,1.688
399,W,CD1,-20.7,-21.618,1.958
399,W,CD2,-21.981,-23.429,2.279
399,W,NE1,-19.968,-22.525,2.687
399,W,CE2,-20.731,-23.646,2.897
399,W,CE3,-22.954,-24.435,2.348
399,W,CZ2,-20.426,-24.827,3.576
399,W,CZ3,-22.655,-25.605,3.019
399,W,CH2,-21.399,-25.793,3.625
400,L,N,-25.371,-22.058,-1.105
400,L,CA,-26.706,-21.702,-1.555
400,L,C,-27.485,-21.64,-0.251
400,L,O,-27.332,-22.504,0.61
400,L,CB,-27.297,-22.774,-2.478
400,L,CG,-27.566,-22.362,-3.931
400,L,CD1,-28.401,-21.087,-3.97
400,L,CD2,-26.252,-22.141,-4.653
401,Y,N,-28.304,-20.611,-0.09
401,Y,CA,-29.055,-20.464,1.139
401,Y,C,-30.4,-19.797,0.925
401,Y,O,-30.475,-18.639,0.518
401,Y,CB,-28.216,-19.668,2.149
401,Y,CG,-28.95,-19.274,3.415
401,Y,CD1,-29.488,-17.993,3.567
401,Y,CD2,-29.122,-20.189,4.455
401,Y,CE1,-30.181,-17.636,4.727
401,Y,CE2,-29.809,-19.844,5.614
401,Y,CZ,-30.336,-18.57,5.745
401,Y,OH,-31.016,-18.241,6.896
402,D,N,-31.465,-20.547,1.187
402,D,CA,-32.807,-20.012,1.064
402,D,C,-33.298,-19.695,2.466
402,D,O,-33.544,-20.59,3.284
402,D,CB,-33.745,-21.01,0.394
402,D,CG,-35.17,-20.502,0.332
402,D,OD1,-35.367,-19.311,-0.021
402,D,OD2,-36.087,-21.296,0.637
403,N,N,-33.429,-18.406,2.736
403,N,CA,-33.852,-17.945,4.039
403,N,C,-35.256,-18.384,4.42
403,N,O,-35.543,-18.572,5.605
403,N,CB,-33.752,-16.422,4.103
403,N,CG,-34.028,-15.884,5.49
403,N,OD1,-33.451,-16.355,6.473
403,N,ND2,-34.91,-14.888,5.579
404,T,N,-36.127,-18.553,3.424
404,T,CA,-37.506,-18.959,3.687
404,T,C,-37.547,-20.306,4.396
404,T,O,-38.548,-20.655,5.017
404,T,CB,-38.339,-19.083,2.385
404,T,OG1,-38.022,-20.318,1.736
404,T,CG2,-38.049,-17.929,1.435
405,T,N,-36.454,-21.061,4.314
405,T,CA,-36.399,-22.375,4.95
405,T,C,-35.255,-22.537,5.95
405,T,O,-35.208,-23.522,6.684
405,T,CB,-36.272,-23.48,3.892
405,T,OG1,-35.002,-23.372,3.237
405,T,CG2,-37.366,-23.339,2.855
406,G,N,-34.336,-21.575,5.972
406,G,CA,-33.212,-21.653,6.887
406,G,C,-32.201,-22.695,6.446
406,G,O,-31.176,-22.909,7.089
407,K,N,-32.498,-23.347,5.332
407,K,CA,-31.629,-24.375,4.779
407,K,C,-30.425,-23.744,4.069
407,K,O,-30.49,-22.619,3.574
407,K,CB,-32.439,-25.256,3.81
407,K,CG,-31.637,-26.305,3.027
407,K,CD,-32.548,-27.062,2.052
407,K,CE,-31.758,-27.841,0.986
407,K,NZ,-30.961,-28.995,1.51
408,Q,N,-29.331,-24.488,4.017
408,Q,CA,-28.105,-24.026,3.388
408,Q,C,-27.364,-25.218,2.789
408,Q,O,-27.212,-26.245,3.441
408,Q,CB,-27.241,-23.337,4.443
408,Q,CG,-25.776,-23.186,4.083
408,Q,CD,-24.963,-22.594,5.221
408,Q,OE1,-23.739,-22.517,5.149
408,Q,NE2,-25.647,-22.169,6.278
409,W,N,-26.901,-25.094,1.552
409,W,CA,-26.184,-26.204,0.938
409,W,C,-25.006,-25.835,0.044
409,W,O,-25.115,-24.997,-0.841
409,W,CB,-27.166,-27.101,0.177
409,W,CG,-27.946,-26.458,-0.941
409,W,CD1,-27.755,-26.639,-2.287
409,W,CD2,-29.094,-25.613,-0.812
409,W,NE1,-28.72,-25.971,-2.998
409,W,CE2,-29.554,-25.331,-2.12
409,W,CE3,-29.785,-25.067,0.282
409,W,CZ2,-30.677,-24.528,-2.364
409,W,CZ3,-30.9,-24.267,0.041
409,W,CH2,-31.334,-24.006,-1.275
410,K,N,-23.873,-26.474,0.294
410,K,CA,-22.662,-26.246,-0.481
410,K,C,-22.991,-26.337,-1.976
410,K,O,-23.827,-27.136,-2.383
410,K,CB,-21.607,-27.293,-0.08
410,K,CG,-20.292,-27.24,-0.842
410,K,CD,-19.234,-28.168,-0.233
410,K,CE,-18.818,-27.719,1.166
410,K,NZ,-17.623,-28.464,1.664
411,N,N,-22.346,-25.495,-2.782
411,N,CA,-22.559,-25.478,-4.225
411,N,C,-21.299,-25.92,-4.954
411,N,O,-21.368,-26.637,-5.952
411,N,CB,-22.915,-24.073,-4.702
411,N,CG,-23.141,-24.008,-6.203
411,N,OD1,-24.249,-24.238,-6.676
411,N,ND2,-22.088,-23.707,-6.96
412,S,N,-20.147,-25.472,-4.456
412,S,CA,-18.86,-25.802,-5.058
412,S,C,-17.68,-25.368,-4.177
412,S,O,-17.86,-24.761,-3.115
412,S,CB,-18.734,-25.136,-6.433
412,S,OG,-18.65,-23.722,-6.321
413,V,N,-16.474,-25.688,-4.637
413,V,CA,-15.253,-25.354,-3.918
413,V,C,-14.153,-24.996,-4.904
413,V,O,-13.801,-25.802,-5.758
413,V,CB,-14.785,-26.542,-3.058
413,V,CG1,-13.397,-26.275,-2.506
413,V,CG2,-15.764,-26.766,-1.918
414,N,N,-13.612,-23.785,-4.784
414,N,CA,-12.548,-23.331,-5.68
414,N,C,-11.221,-23.158,-4.953
414,N,O,-11.113,-22.367,-4.016
414,N,CB,-12.923,-22.009,-6.332
414,N,CG,-12.176,-21.778,-7.619
414,N,OD1,-10.968,-22.027,-7.704
414,N,ND2,-12.884,-21.302,-8.634
415,S,N,-10.206,-23.886,-5.402
415,S,CA,-8.889,-23.828,-4.776
415,S,C,-7.876,-23.131,-5.655
415,S,O,-6.684,-23.37,-5.535
415,S,CB,-8.392,-25.246,-4.474
415,S,OG,-9.272,-25.931,-3.595
416,H,N,-8.345,-22.257,-6.532
416,H,CA,-7.437,-21.57,-7.425
416,H,C,-7.835,-20.142,-7.73
416,H,O,-7.017,-19.357,-8.21
416,H,CB,-7.335,-22.35,-8.726
416,H,CG,-6.849,-23.753,-8.549
416,H,ND1,-5.599,-24.049,-8.047
416,H,CD2,-7.437,-24.941,-8.824
416,H,CE1,-5.437,-25.359,-8.024
416,H,NE2,-6.538,-25.926,-8.49
417,T,N,-9.087,-19.804,-7.446
417,T,CA,-9.6,-18.468,-7.727
417,T,C,-9.011,-17.366,-6.836
417,T,O,-8.809,-16.237,-7.29
417,T,CB,-11.148,-18.449,-7.624
417,T,OG1,-11.647,-17.167,-8.022
417,T,CG2,-11.591,-18.749,-6.201
418,I,N,-8.718,-17.697,-5.584
418,I,CA,-8.17,-16.722,-4.644
418,I,C,-6.664,-16.502,-4.774
418,I,O,-5.907,-17.446,-4.96
418,I,CB,-8.517,-17.133,-3.194
418,I,CG1,-10.03,-16.991,-2.99
418,I,CG2,-7.746,-16.28,-2.183
418,I,CD1,-10.502,-17.386,-1.622
419,G,N,-6.241,-15.246,-4.676
419,G,CA,-4.83,-14.913,-4.777
419,G,C,-4.304,-14.965,-6.195
419,G,O,-3.557,-15.869,-6.554
420,R,N,-4.686,-13.994,-7.011
420,R,CA,-4.237,-13.974,-8.392
420,R,C,-3.621,-12.644,-8.752
420,R,O,-3.844,-11.649,-8.065
420,R,CB,-5.402,-14.26,-9.338
420,R,CG,-5.952,-15.669,-9.234
420,R,CD,-7.098,-15.889,-10.21
420,R,NE,-6.713,-15.601,-11.59
420,R,CZ,-7.548,-15.657,-12.627
420,R,NH1,-8.815,-15.995,-12.429
420,R,NH2,-7.126,-15.364,-13.859
421,Y,N,-2.838,-12.645,-9.827
421,Y,CA,-2.183,-11.449,-10.344
421,Y,C,-1.625,-10.512,-9.283
421,Y,O,-1.719,-9.287,-9.416
421,Y,CB,-3.168,-10.684,-11.215
421,Y,CG,-3.658,-11.48,-12.385
421,Y,CD1,-5.022,-11.616,-12.643
421,Y,CD2,-2.755,-12.117,-13.234
421,Y,CE1,-5.474,-12.378,-13.72
421,Y,CE2,-3.193,-12.874,-14.311
421,Y,CZ,-4.551,-13.004,-14.548
421,Y,OH,-4.97,-13.779,-15.607
422,I,N,-1.056,-11.07,-8.219
422,I,CA,-0.492,-10.229,-7.164
422,I,C,0.528,-9.294,-7.831
422,I,O,1.596,-9.731,-8.272
422,I,CB,0.17,-11.101,-6.076
422,I,CG1,-0.823,-12.186,-5.645
422,I,CG2,0.593,-10.241,-4.889
422,I,CD1,-0.32,-13.103,-4.574
423,S,N,0.193,-8.009,-7.91
423,S,CA,1.065,-7.057,-8.583
423,S,C,1.689,-5.976,-7.71
423,S,O,1.201,-5.665,-6.615
423,S,CB,0.294,-6.384,-9.717
423,S,OG,-0.568,-7.302,-10.365
424,T,N,2.769,-5.4,-8.232
424,T,CA,3.514,-4.338,-7.574
424,T,C,4.163,-3.548,-8.704
424,T,O,4.413,-4.093,-9.776
424,T,CB,4.607,-4.914,-6.652
424,T,OG1,5.148,-3.864,-5.842
424,T,CG2,5.724,-5.554,-7.476
425,K,N,4.428,-2.268,-8.475
425,K,CA,5.034,-1.438,-9.504
425,K,C,6.469,-1.843,-9.825
425,K,O,7.298,-1.991,-8.923
425,K,CB,5.006,0.029,-9.088
425,K,CG,5.7,0.928,-10.072
425,K,CD,5.827,2.321,-9.535
425,K,CE,6.701,3.144,-10.445
425,K,NZ,8.051,2.536,-10.567
426,A,N,6.749,-2.007,-11.115
426,A,CA,8.071,-2.395,-11.584
426,A,C,9.108,-1.383,-11.147
426,A,O,8.785,-0.239,-10.86
426,A,CB,8.077,-2.505,-13.087
427,V,N,10.361,-1.812,-11.104
427,V,CA,11.445,-0.936,-10.696
427,V,C,11.861,0.014,-11.813
427,V,O,12.357,-0.419,-12.851
427,V,CB,12.68,-1.752,-10.273
427,V,CG1,13.802,-0.819,-9.837
427,V,CG2,12.308,-2.706,-9.157
428,G,N,11.652,1.306,-11.606
428,G,CA,12.064,2.267,-12.612
428,G,C,11.154,2.461,-13.808
428,G,O,11.57,3.036,-14.813
429,S,N,9.917,1.986,-13.71
429,S,CA,8.954,2.14,-14.794
429,S,C,7.568,1.849,-14.242
429,S,O,7.438,1.402,-13.107
429,S,CB,9.259,1.181,-15.947
429,S,OG,8.65,-0.08,-15.74
430,N,N,6.54,2.107,-15.045
430,N,CA,5.161,1.879,-14.621
430,N,C,4.647,0.487,-14.943
430,N,O,3.471,0.194,-14.725
430,N,CB,4.227,2.904,-15.264
430,N,CG,4.289,4.261,-14.59
430,N,OD1,4.527,4.355,-13.386
430,N,ND2,4.045,5.32,-15.359
431,A,N,5.516,-0.367,-15.471
431,A,CA,5.118,-1.728,-15.811
431,A,C,4.619,-2.498,-14.572
431,A,O,5.073,-2.269,-13.447
431,A,CB,6.293,-2.469,-16.469
432,R,N,3.675,-3.405,-14.788
432,R,CA,3.12,-4.198,-13.707
432,R,C,3.99,-5.425,-13.476
432,R,O,4.138,-6.255,-14.372
432,R,CB,1.695,-4.645,-14.062
432,R,CG,0.965,-5.435,-12.972
432,R,CD,-0.362,-6.005,-13.498
432,R,NE,-0.178,-7.183,-14.349
432,R,CZ,-0.012,-8.428,-13.894
432,R,NH1,-0.009,-8.68,-12.59
432,R,NH2,0.166,-9.431,-14.743
433,M,N,4.589,-5.533,-12.294
433,M,CA,5.397,-6.701,-11.989
433,M,C,4.514,-7.643,-11.191
433,M,O,3.943,-7.26,-10.171
433,M,CB,6.642,-6.336,-11.179
433,M,CG,7.492,-7.549,-10.845
433,M,SD,9.16,-7.126,-10.318
433,M,CE,9.087,-7.349,-8.511
434,D,N,4.382,-8.869,-11.681
434,D,CA,3.558,-9.87,-11.021
434,D,C,4.452,-10.671,-10.088
434,D,O,5.402,-11.312,-10.527
434,D,CB,2.919,-10.777,-12.068
434,D,CG,2.049,-11.851,-11.461
434,D,OD1,2.595,-12.724,-10.761
434,D,OD2,0.82,-11.823,-11.69
435,V,N,4.149,-10.628,-8.797
435,V,CA,4.951,-11.335,-7.813
435,V,C,4.224,-12.518,-7.159
435,V,O,4.591,-12.974,-6.068
435,V,CB,5.441,-10.341,-6.735
435,V,CG1,6.477,-9.395,-7.331
435,V,CG2,4.267,-9.537,-6.207
436,T,N,3.199,-13.02,-7.844
436,T,CA,2.405,-14.142,-7.353
436,T,C,3.266,-15.373,-7.091
436,T,O,3.074,-16.07,-6.095
436,T,CB,1.324,-14.531,-8.358
436,T,OG1,0.615,-13.362,-8.777
436,T,CG2,0.357,-15.504,-7.733
437,D,N,4.212,-15.645,-7.985
437,D,CA,5.079,-16.797,-7.818
437,D,C,5.931,-16.661,-6.555
437,D,O,6.639,-17.59,-6.169
437,D,CB,5.949,-17.005,-9.071
437,D,CG,6.935,-15.86,-9.322
437,D,OD1,6.564,-14.671,-9.146
437,D,OD2,8.089,-16.157,-9.724
438,K,N,5.832,-15.51,-5.897
438,K,CA,6.564,-15.26,-4.661
438,K,C,5.732,-15.606,-3.427
438,K,O,6.277,-15.975,-2.39
438,K,CB,6.975,-13.797,-4.567
438,K,CG,7.944,-13.366,-5.618
438,K,CD,9.262,-14.1,-5.484
438,K,CE,10.237,-13.634,-6.559
438,K,NZ,11.583,-14.255,-6.422
439,Y,N,4.417,-15.467,-3.53
439,Y,CA,3.545,-15.76,-2.401
439,Y,C,3.098,-17.21,-2.358
439,Y,O,2.611,-17.681,-1.324
439,Y,CB,2.305,-14.855,-2.414
439,Y,CG,2.526,-13.497,-1.788
439,Y,CD1,3.039,-12.436,-2.53
439,Y,CD2,2.255,-13.286,-0.439
439,Y,CE1,3.279,-11.196,-1.939
439,Y,CE2,2.489,-12.051,0.165
439,Y,CZ,2.997,-11.012,-0.592
439,Y,OH,3.189,-9.79,-0.006
440,K,N,3.265,-17.922,-3.47
440,K,CA,2.845,-19.317,-3.519
440,K,C,3.357,-20.106,-4.707
440,K,O,3.824,-19.539,-5.698
440,K,CB,1.32,-19.385,-3.519
440,K,CG,0.637,-18.762,-4.737
440,K,CD,-0.796,-18.454,-4.354
440,K,CE,-1.712,-18.199,-5.531
440,K,NZ,-3.126,-18.12,-5.06
441,Y,N,3.276,-21.43,-4.593
441,Y,CA,3.675,-22.298,-5.688
441,Y,C,2.511,-22.168,-6.664
441,Y,O,1.441,-21.703,-6.29
441,Y,CB,3.809,-23.747,-5.223
441,Y,CG,5.04,-24.041,-4.391
441,Y,CD1,5.042,-23.856,-3.002
441,Y,CD2,6.201,-24.525,-4.994
441,Y,CE1,6.172,-24.15,-2.241
441,Y,CE2,7.331,-24.816,-4.244
441,Y,CZ,7.313,-24.628,-2.875
441,Y,OH,8.452,-24.904,-2.159
442,P,N,2.698,-22.582,-7.918
442,P,CA,1.652,-22.497,-8.942
442,P,C,0.302,-23.173,-8.659
442,P,O,0.235,-24.369,-8.345
442,P,CB,2.342,-23.077,-10.175
442,P,CG,3.769,-22.684,-9.967
442,P,CD,3.969,-23.027,-8.511
443,E,N,-0.778,-22.402,-8.777
443,E,CA,-2.108,-22.96,-8.571
443,E,C,-2.211,-24.05,-9.622
443,E,O,-1.816,-23.841,-10.776
443,E,CB,-3.206,-21.922,-8.83
443,E,CG,-3.356,-20.841,-7.766
443,E,CD,-3.811,-21.378,-6.414
443,E,OE1,-4.763,-22.183,-6.362
443,E,OE2,-3.219,-20.98,-5.391
444,G,N,-2.724,-25.211,-9.23
444,G,CA,-2.853,-26.296,-10.177
444,G,C,-1.654,-27.211,-10.123
444,G,O,-1.485,-28.062,-10.988
445,S,N,-0.814,-27.027,-9.108
445,S,CA,0.369,-27.865,-8.935
445,S,C,0.272,-28.571,-7.583
445,S,O,-0.265,-28.018,-6.622
445,S,CB,1.644,-27.022,-8.989
445,S,OG,1.815,-26.272,-7.8
446,D,N,0.793,-29.789,-7.507
446,D,CA,0.743,-30.567,-6.276
446,D,C,1.331,-29.841,-5.071
446,D,O,0.855,-30.001,-3.941
446,D,CB,1.474,-31.896,-6.471
446,D,CG,0.777,-32.805,-7.469
446,D,OD1,0.643,-32.403,-8.65
446,D,OD2,0.367,-33.922,-7.069
447,Q,N,2.362,-29.042,-5.323
447,Q,CA,3.049,-28.29,-4.28
447,Q,C,2.121,-27.288,-3.613
447,Q,O,2.118,-27.162,-2.386
447,Q,CB,4.263,-27.558,-4.861
447,Q,CG,5.164,-28.412,-5.764
447,Q,CD,4.573,-28.651,-7.154
447,Q,OE1,3.52,-29.277,-7.301
447,Q,NE2,5.249,-28.147,-8.179
448,E,N,1.335,-26.578,-4.421
448,E,CA,0.408,-25.591,-3.882
448,E,C,-0.552,-26.319,-2.964
448,E,O,-0.884,-25.837,-1.883
448,E,CB,-0.355,-24.879,-5.014
448,E,CG,-1.843,-25.242,-5.172
448,E,CD,-2.746,-24.563,-4.146
448,E,OE1,-2.833,-23.318,-4.135
448,E,OE2,-3.379,-25.277,-3.347
449,R,N,-0.973,-27.502,-3.396
449,R,CA,-1.902,-28.305,-2.62
449,R,C,-1.224,-28.881,-1.382
449,R,O,-1.83,-28.971,-0.313
449,R,CB,-2.455,-29.43,-3.485
449,R,CG,-3.943,-29.685,-3.282
449,R,CD,-4.791,-28.647,-4.002
449,R,NE,-4.761,-27.324,-3.379
449,R,CZ,-5.544,-26.943,-2.368
449,R,NH1,-6.429,-27.787,-1.852
449,R,NH2,-5.454,-25.709,-1.882
450,Q,N,0.041,-29.258,-1.531
450,Q,CA,0.818,-29.831,-0.434
450,Q,C,1.079,-28.841,0.684
450,Q,O,1.089,-29.208,1.862
450,Q,CB,2.159,-30.34,-0.949
450,Q,CG,2.129,-31.728,-1.535
450,Q,CD,3.424,-32.063,-2.252
450,Q,OE1,4.514,-31.76,-1.764
450,Q,NE2,3.312,-32.694,-3.412
451,V,N,1.312,-27.586,0.314
451,V,CA,1.584,-26.552,1.3
451,V,C,0.305,-26.114,2.011
451,V,O,0.317,-25.833,3.209
451,V,CB,2.26,-25.329,0.641
451,V,CG1,2.464,-24.228,1.666
451,V,CG2,3.593,-25.74,0.05
452,F,N,-0.798,-26.07,1.272
452,F,CA,-2.079,-25.67,1.846
452,F,C,-2.386,-26.547,3.04
452,F,O,-2.657,-26.062,4.133
452,F,CB,-3.202,-25.833,0.824
452,F,CG,-4.557,-25.411,1.332
452,F,CD1,-5.0,-24.105,1.173
452,F,CD2,-5.403,-26.329,1.945
452,F,CE1,-6.268,-23.724,1.61
452,F,CE2,-6.672,-25.954,2.387
452,F,CZ,-7.103,-24.655,2.218
453,Q,N,-2.347,-27.853,2.803
453,Q,CA,-2.627,-28.841,3.833
453,Q,C,-1.603,-28.753,4.957
453,Q,O,-1.927,-28.977,6.122
453,Q,CB,-2.619,-30.236,3.216
453,Q,CG,-3.462,-31.235,3.979
453,Q,CD,-3.65,-32.53,3.217
453,Q,OE1,-2.679,-33.235,2.916
453,Q,NE2,-4.904,-32.852,2.898
454,K,N,-0.364,-28.434,4.604
454,K,CA,0.672,-28.295,5.61
454,K,C,0.245,-27.18,6.561
454,K,O,0.293,-27.342,7.78
454,K,CB,2.008,-27.935,4.955
454,K,CG,3.087,-27.487,5.935
454,K,CD,4.289,-26.924,5.203
454,K,CE,5.158,-26.102,6.132
454,K,NZ,6.367,-25.599,5.454
455,A,N,-0.183,-26.055,5.988
455,A,CA,-0.617,-24.886,6.761
455,A,C,-1.9,-25.161,7.543
455,A,O,-2.021,-24.793,8.705
455,A,CB,-0.815,-23.686,5.829
456,L,N,-2.866,-25.796,6.89
456,L,CA,-4.12,-26.127,7.541
456,L,C,-3.772,-26.952,8.762
456,L,O,-4.34,-26.773,9.836
456,L,CB,-4.995,-26.953,6.604
456,L,CG,-6.375,-27.303,7.16
456,L,CD1,-7.087,-26.031,7.62
456,L,CD2,-7.18,-28.008,6.097
457,G,N,-2.815,-27.854,8.566
457,G,CA,-2.359,-28.732,9.62
457,G,C,-1.879,-27.998,10.853
457,G,O,-2.145,-28.433,11.97
458,K,N,-1.168,-26.895,10.666
458,K,CA,-0.672,-26.128,11.802
458,K,C,-1.819,-25.449,12.556
458,K,O,-1.71,-25.172,13.75
458,K,CB,0.318,-25.071,11.32
458,K,CG,1.501,-25.637,10.574
458,K,CD,2.286,-24.552,9.88
458,K,CE,3.594,-25.109,9.377
458,K,NZ,4.367,-25.663,10.52
459,L,N,-2.916,-25.186,11.855
459,L,CA,-4.078,-24.531,12.451
459,L,C,-5.081,-25.54,12.99
459,L,O,-6.146,-25.166,13.5
459,L,CB,-4.777,-23.659,11.411
459,L,CG,-4.008,-22.473,10.838
459,L,CD1,-4.902,-21.737,9.873
459,L,CD2,-3.571,-21.54,11.958
460,K,N,-4.741,-26.818,12.86
460,K,CA,-5.6,-27.902,13.315
460,K,C,-4.802,-28.95,14.08
460,K,O,-4.361,-28.702,15.202
460,K,CB,-6.301,-28.55,12.114
460,K,CG,-7.624,-27.89,11.711
460,K,CD,-7.451,-26.49,11.162
460,K,CE,-8.804,-25.813,10.896
460,K,NZ,-9.51,-25.356,12.133
461,P,N,-24.566,-31.696,-12.698
461,P,CA,-24.203,-30.43,-13.341
461,P,C,-24.406,-30.531,-14.851
461,P,O,-23.439,-30.645,-15.599
461,P,CB,-22.732,-30.291,-12.99
461,P,CG,-22.249,-31.724,-13.177
461,P,CD,-23.371,-32.544,-12.501
462,S,N,-25.658,-30.498,-15.295
462,S,CA,-25.961,-30.594,-16.72
462,S,C,-25.577,-29.358,-17.513
462,S,O,-24.95,-29.457,-18.562
462,S,CB,-27.452,-30.866,-16.935
462,S,OG,-27.771,-32.216,-16.659
463,I,N,-25.953,-28.192,-17.004
463,I,CA,-25.684,-26.937,-17.696
463,I,C,-24.404,-26.212,-17.275
463,I,O,-23.999,-26.266,-16.114
463,I,CB,-26.898,-25.976,-17.53
463,I,CG1,-28.058,-26.434,-18.421
463,I,CG2,-26.509,-24.564,-17.91
463,I,CD1,-28.518,-27.856,-18.189
464,I,N,-23.753,-25.564,-18.24
464,I,CA,-22.552,-24.777,-17.962
464,I,C,-22.857,-23.373,-18.445
464,I,O,-23.554,-23.19,-19.443
464,I,CB,-21.289,-25.274,-18.708
464,I,CG1,-21.527,-25.274,-20.222
464,I,CG2,-20.881,-26.629,-18.185
464,I,CD1,-20.252,-25.409,-21.046
465,G,N,-22.344,-22.379,-17.733
465,G,CA,-22.608,-21.011,-18.124
465,G,C,-21.491,-20.021,-17.875
465,G,O,-20.658,-20.185,-16.984
466,K,N,-21.484,-18.973,-18.686
466,K,CA,-20.489,-17.926,-18.578
466,K,C,-21.144,-16.608,-18.987
466,K,O,-21.931,-16.56,-19.934
466,K,CB,-19.3,-18.239,-19.491
466,K,CG,-18.111,-17.303,-19.316
466,K,CD,-17.055,-17.552,-20.389
466,K,CE,-15.865,-16.624,-20.217
466,K,NZ,-16.257,-15.181,-20.343
467,L,N,-20.838,-15.546,-18.259
467,L,CA,-21.396,-14.25,-18.573
467,L,C,-20.391,-13.506,-19.441
467,L,O,-19.217,-13.43,-19.105
467,L,CB,-21.69,-13.496,-17.278
467,L,CG,-22.955,-13.977,-16.562
467,L,CD1,-22.919,-13.653,-15.083
467,L,CD2,-24.154,-13.334,-17.236
468,K,N,-20.843,-12.984,-20.573
468,K,CA,-19.951,-12.264,-21.472
468,K,C,-20.32,-10.797,-21.576
468,K,O,-21.484,-10.45,-21.81
468,K,CB,-19.97,-12.871,-22.887
468,K,CG,-18.964,-12.205,-23.857
468,K,CD,-19.579,-11.71,-25.19
468,K,CE,-19.788,-12.844,-26.209
468,K,NZ,-20.38,-12.355,-27.498
469,V,N,-19.321,-9.94,-21.402
469,V,CA,-19.527,-8.508,-21.521
469,V,C,-19.602,-8.204,-23.022
469,V,O,-18.835,-8.765,-23.81
469,V,CB,-18.351,-7.718,-20.899
469,V,CG1,-18.522,-6.236,-21.16
469,V,CG2,-18.271,-7.986,-19.415
470,A,N,-20.535,-7.343,-23.416
470,A,CA,-20.69,-6.962,-24.818
470,A,C,-20.498,-5.456,-24.932
470,A,O,-21.209,-4.674,-24.3
470,A,CB,-22.075,-7.358,-25.326
471,G,N,-19.523,-5.042,-25.729
471,G,CA,-19.274,-3.622,-25.888
471,G,C,-18.63,-3.028,-24.653
471,G,O,-18.542,-3.675,-23.61
472,M,N,-18.19,-1.783,-24.767
472,M,CA,-17.535,-1.104,-23.656
472,M,C,-18.481,-0.812,-22.502
472,M,O,-19.692,-0.662,-22.685
472,M,CB,-16.931,0.214,-24.126
472,M,CG,-16.125,0.112,-25.405
472,M,SD,-16.504,1.548,-26.423
472,M,CE,-16.36,2.915,-25.145
473,L,N,-17.894,-0.722,-21.315
473,L,CA,-18.612,-0.429,-20.092
473,L,C,-18.098,0.913,-19.582
473,L,O,-16.921,1.058,-19.278
473,L,CB,-18.349,-1.524,-19.063
473,L,CG,-18.845,-2.898,-19.502
473,L,CD1,-18.361,-3.941,-18.535
473,L,CD2,-20.362,-2.898,-19.573
474,A,N,-18.98,1.894,-19.512
474,A,CA,-18.599,3.21,-19.041
474,A,C,-19.78,3.9,-18.393
474,A,O,-20.903,3.819,-18.887
474,A,CB,-18.088,4.041,-20.195
475,V,N,-19.515,4.573,-17.28
475,V,CA,-20.54,5.302,-16.544
475,V,C,-21.225,6.282,-17.483
475,V,O,-20.603,7.241,-17.946
475,V,CB,-19.917,6.104,-15.389
475,V,CG1,-21.011,6.681,-14.494
475,V,CG2,-18.976,5.217,-14.607
476,G,N,-22.504,6.043,-17.761
476,G,CA,-23.238,6.918,-18.66
476,G,C,-23.836,6.15,-19.819
476,G,O,-24.845,6.561,-20.387
477,K,N,-23.199,5.039,-20.182
477,K,CA,-23.685,4.184,-21.257
477,K,C,-24.482,3.065,-20.617
477,K,O,-24.481,2.91,-19.394
477,K,CB,-22.527,3.575,-22.043
477,K,CG,-21.751,4.57,-22.871
477,K,CD,-20.543,3.944,-23.528
477,K,CE,-20.917,3.0,-24.655
477,K,NZ,-19.675,2.35,-25.193
478,E,N,-25.167,2.284,-21.441
478,E,CA,-25.945,1.175,-20.921
478,E,C,-25.014,-0.021,-20.861
478,E,O,-24.069,-0.119,-21.639
478,E,CB,-27.151,0.858,-21.825
478,E,CG,-26.827,0.092,-23.108
478,E,CD,-28.071,-0.435,-23.812
478,E,OE1,-27.933,-0.955,-24.939
478,E,OE2,-29.182,-0.338,-23.243
479,V,N,-25.28,-0.92,-19.924
479,V,CA,-24.478,-2.122,-19.761
479,V,C,-25.119,-3.291,-20.506
479,V,O,-26.318,-3.556,-20.366
479,V,CB,-24.346,-2.469,-18.278
479,V,CG1,-23.633,-3.803,-18.112
479,V,CG2,-23.604,-1.342,-17.555
480,N,N,-24.317,-3.981,-21.309
480,N,CA,-24.804,-5.128,-22.076
480,N,C,-23.983,-6.388,-21.821
480,N,O,-22.773,-6.422,-22.048
480,N,CB,-24.812,-4.791,-23.57
480,N,CG,-25.942,-3.849,-23.946
480,N,OD1,-27.109,-4.246,-23.976
480,N,ND2,-25.606,-2.59,-24.222
481,L,N,-24.655,-7.422,-21.332
481,L,CA,-24.011,-8.696,-21.035
481,L,C,-24.73,-9.852,-21.729
481,L,O,-25.815,-9.677,-22.306
481,L,CB,-24.005,-8.92,-19.525
481,L,CG,-23.139,-7.917,-18.763
481,L,CD1,-23.738,-7.642,-17.409
481,L,CD2,-21.722,-8.456,-18.64
482,V,N,-24.121,-11.034,-21.681
482,V,CA,-24.727,-12.202,-22.303
482,V,C,-24.463,-13.491,-21.542
482,V,O,-23.333,-13.976,-21.474
482,V,CB,-24.239,-12.395,-23.751
482,V,CG1,-25.048,-13.479,-24.416
482,V,CG2,-24.367,-11.103,-24.529
483,L,N,-25.52,-14.041,-20.96
483,L,CA,-25.42,-15.292,-20.232
483,L,C,-25.332,-16.379,-21.29
483,L,O,-26.218,-16.493,-22.129
483,L,CB,-26.67,-15.51,-19.375
483,L,CG,-26.851,-16.9,-18.763
483,L,CD1,-25.568,-17.332,-18.056
483,L,CD2,-28.021,-16.877,-17.801
484,L,N,-24.258,-17.159,-21.271
484,L,CA,-24.092,-18.232,-22.239
484,L,C,-24.289,-19.562,-21.528
484,L,O,-23.589,-19.872,-20.567
484,L,CB,-22.697,-18.178,-22.852
484,L,CG,-22.287,-16.872,-23.536
484,L,CD1,-20.781,-16.866,-23.758
484,L,CD2,-23.024,-16.713,-24.854
485,L,N,-25.253,-20.346,-21.993
485,L,CA,-25.513,-21.633,-21.385
485,L,C,-25.382,-22.746,-22.404
485,L,O,-25.55,-22.537,-23.607
485,L,CB,-26.905,-21.66,-20.77
485,L,CG,-27.16,-20.582,-19.722
485,L,CD1,-28.525,-20.79,-19.097
485,L,CD2,-26.073,-20.633,-18.661
486,K,N,-25.068,-23.932,-21.909
486,K,CA,-24.915,-25.078,-22.772
486,K,C,-25.266,-26.322,-21.986
486,K,O,-24.91,-26.457,-20.808
486,K,CB,-23.478,-25.177,-23.281
486,K,CG,-23.273,-26.245,-24.339
486,K,CD,-21.848,-26.23,-24.855
486,K,CE,-21.72,-27.041,-26.128
486,K,NZ,-22.164,-28.437,-25.908
487,N,N,-25.972,-27.224,-22.655
487,N,CA,-26.388,-28.478,-22.056
487,N,C,-25.398,-29.569,-22.46
487,N,O,-25.381,-30.024,-23.603
487,N,CB,-27.791,-28.828,-22.543
487,N,CG,-28.387,-29.982,-21.79
487,N,OD1,-29.458,-30.481,-22.139
487,N,ND2,-27.694,-30.416,-20.739
488,L,N,-24.566,-29.98,-21.512
488,L,CA,-23.559,-30.999,-21.773
488,L,C,-24.027,-32.436,-21.512
488,L,O,-23.233,-33.376,-21.577
488,L,CB,-22.3,-30.689,-20.951
488,L,CG,-21.161,-29.91,-21.629
488,L,CD1,-21.685,-29.044,-22.762
488,L,CD2,-20.451,-29.069,-20.589
489,S,N,-25.315,-32.609,-21.234
489,S,CA,-25.841,-33.94,-20.975
489,S,C,-26.529,-34.531,-22.206
489,S,O,-26.992,-33.799,-23.08
489,S,CB,-26.824,-33.903,-19.805
489,S,OG,-27.984,-33.173,-20.138
490,R,N,-26.586,-35.861,-22.254
490,R,CA,-27.212,-36.606,-23.35
490,R,C,-28.734,-36.49,-23.278
490,R,O,-29.458,-37.062,-24.098
490,R,CB,-26.827,-38.083,-23.248
490,R,CG,-27.399,-38.761,-22.0
490,R,CD,-26.592,-39.974,-21.583
490,R,NE,-26.914,-40.367,-20.213
490,R,CZ,-26.076,-40.997,-19.388
490,R,NH1,-24.848,-41.318,-19.788
490,R,NH2,-26.462,-41.294,-18.151
491,D,N,-29.208,-35.749,-22.285
491,D,CA,-30.634,-35.553,-22.066
491,D,C,-31.081,-34.128,-22.348
491,D,O,-30.302,-33.183,-22.23
491,D,CB,-30.982,-35.888,-20.613
491,D,CG,-31.496,-37.301,-20.439
491,D,OD1,-31.463,-37.799,-19.295
491,D,OD2,-31.946,-37.905,-21.439
492,T,N,-32.345,-33.984,-22.725
492,T,CA,-32.922,-32.672,-22.964
492,T,C,-33.409,-32.255,-21.581
492,T,O,-34.151,-32.995,-20.93
492,T,CB,-34.102,-32.748,-23.939
492,T,OG1,-33.636,-33.224,-25.204
492,T,CG2,-34.727,-31.381,-24.126
493,K,N,-32.972,-31.089,-21.119
493,K,CA,-33.361,-30.627,-19.795
493,K,C,-34.089,-29.297,-19.836
493,K,O,-34.044,-28.562,-20.827
493,K,CB,-32.129,-30.495,-18.896
493,K,CG,-31.046,-31.526,-19.174
493,K,CD,-31.469,-32.927,-18.812
493,K,CE,-31.478,-33.111,-17.31
493,K,NZ,-31.621,-34.543,-16.919
494,T,N,-34.766,-29.003,-18.735
494,T,CA,-35.503,-27.766,-18.586
494,T,C,-34.808,-26.99,-17.479
494,T,O,-34.731,-27.438,-16.335
494,T,CB,-36.953,-28.058,-18.214
494,T,OG1,-37.513,-28.942,-19.193
494,T,CG2,-37.755,-26.779,-18.177
495,V,N,-34.281,-25.827,-17.831
495,V,CA,-33.562,-25.03,-16.858
495,V,C,-34.186,-23.665,-16.568
495,V,O,-34.629,-22.959,-17.471
495,V,CB,-32.078,-24.874,-17.298
495,V,CG1,-32.01,-24.459,-18.75
495,V,CG2,-31.365,-23.872,-16.419
496,T,N,-34.23,-23.323,-15.283
496,T,CA,-34.771,-22.049,-14.811
496,T,C,-33.584,-21.161,-14.437
496,T,O,-32.71,-21.579,-13.668
496,T,CB,-35.659,-22.25,-13.559
496,T,OG1,-36.811,-23.024,-13.905
496,T,CG2,-36.113,-20.918,-13.011
497,V,N,-33.553,-19.939,-14.966
497,V,CA,-32.443,-19.024,-14.695
497,V,C,-32.831,-17.712,-14.017
497,V,O,-33.52,-16.869,-14.598
497,V,CB,-31.677,-18.684,-15.999
497,V,CG1,-30.474,-17.802,-15.688
497,V,CG2,-31.235,-19.96,-16.69
498,N,N,-32.365,-17.55,-12.784
498,N,CA,-32.628,-16.346,-12.002
498,N,C,-31.385,-15.457,-12.016
498,N,O,-30.296,-15.872,-11.605
498,N,CB,-33.001,-16.724,-10.57
498,N,CG,-34.31,-17.481,-10.492
498,N,OD1,-34.715,-17.928,-9.42
498,N,ND2,-34.984,-17.624,-11.631
499,M,N,-31.562,-14.228,-12.482
499,M,CA,-30.452,-13.305,-12.592
499,M,C,-30.701,-12.011,-11.851
499,M,O,-31.835,-11.554,-11.739
499,M,CB,-30.197,-13.018,-14.064
499,M,CG,-30.032,-14.271,-14.895
499,M,SD,-30.514,-13.975,-16.589
499,M,CE,-32.225,-14.519,-16.564
500,T,N,-29.618,-11.427,-11.353
500,T,CA,-29.673,-10.177,-10.609
500,T,C,-28.412,-9.373,-10.872
500,T,O,-27.387,-9.919,-11.292
500,T,CB,-29.71,-10.423,-9.116
500,T,OG1,-28.422,-10.893,-8.693
500,T,CG2,-30.765,-11.453,-8.776
501,A,N,-28.495,-8.072,-10.611
501,A,CA,-27.361,-7.167,-10.788
501,A,C,-27.355,-6.237,-9.587
501,A,O,-28.317,-5.517,-9.368
501,A,CB,-27.518,-6.363,-12.077
502,W,N,-26.28,-6.266,-8.809
502,W,CA,-26.16,-5.421,-7.624
502,W,C,-24.93,-4.549,-7.704
502,W,O,-23.861,-5.024,-8.08
502,W,CB,-26.017,-6.259,-6.356
502,W,CG,-27.245,-6.93,-5.879
502,W,CD1,-27.884,-7.992,-6.454
502,W,CD2,-27.96,-6.628,-4.685
502,W,NE1,-28.954,-8.375,-5.68
502,W,CE2,-29.024,-7.553,-4.588
502,W,CE3,-27.804,-5.661,-3.679
502,W,CZ2,-29.928,-7.542,-3.525
502,W,CZ3,-28.701,-5.649,-2.623
502,W,CH2,-29.755,-6.589,-2.554
503,T,N,-25.061,-3.278,-7.341
503,T,CA,-23.893,-2.412,-7.355
503,T,C,-23.125,-2.787,-6.095
503,T,O,-23.728,-3.123,-5.071
503,T,CB,-24.277,-0.931,-7.31
503,T,OG1,-25.057,-0.675,-6.141
503,T,CG2,-25.068,-0.552,-8.543
504,I,N,-21.799,-2.754,-6.169
504,I,CA,-20.975,-3.121,-5.026
504,I,C,-19.773,-2.212,-4.767
504,I,O,-19.401,-1.369,-5.588
504,I,CB,-20.399,-4.539,-5.197
504,I,CG1,-19.483,-4.562,-6.423
504,I,CG2,-21.518,-5.552,-5.323
504,I,CD1,-18.623,-5.806,-6.545
505,I,N,-19.181,-2.395,-3.593
505,I,CA,-17.972,-1.686,-3.231
505,I,C,-16.974,-2.803,-3.564
505,I,O,-17.303,-3.982,-3.405
505,I,CB,-17.923,-1.365,-1.732
505,I,CG1,-19.256,-0.764,-1.264
505,I,CG2,-16.787,-0.405,-1.46
505,I,CD1,-19.638,0.541,-1.923
506,Y,N,-15.776,-2.46,-4.033
506,Y,CA,-14.798,-3.487,-4.422
506,Y,C,-14.564,-4.61,-3.408
506,Y,O,-14.204,-5.711,-3.79
506,Y,CB,-13.453,-2.838,-4.768
506,Y,CG,-12.627,-2.463,-3.555
506,Y,CD1,-11.539,-3.245,-3.153
506,Y,CD2,-12.938,-1.327,-2.808
506,Y,CE1,-10.783,-2.893,-2.039
506,Y,CE2,-12.193,-0.971,-1.696
506,Y,CZ,-11.118,-1.75,-1.316
506,Y,OH,-10.374,-1.36,-0.225
507,N,N,-14.767,-4.322,-2.127
507,N,CA,-14.566,-5.292,-1.045
507,N,C,-15.668,-6.352,-0.987
507,N,O,-15.581,-7.311,-0.207
507,N,CB,-14.512,-4.561,0.3
507,N,CG,-15.865,-3.99,0.704
507,N,OD1,-16.599,-3.46,-0.131
507,N,ND2,-16.194,-4.091,1.984
508,G,N,-16.709,-6.168,-1.798
508,G,CA,-17.799,-7.126,-1.83
508,G,C,-19.081,-6.601,-1.215
508,G,O,-20.164,-7.149,-1.472
509,T,N,-18.969,-5.55,-0.401
509,T,CA,-20.149,-4.964,0.232
509,T,C,-21.237,-4.734,-0.82
509,T,O,-21.061,-3.942,-1.745
509,T,CB,-19.828,-3.606,0.912
509,T,OG1,-18.932,-3.806,2.012
509,T,CG2,-21.104,-2.962,1.425
510,L,N,-22.357,-5.436,-0.683
510,L,CA,-23.457,-5.286,-1.628
510,L,C,-24.152,-3.97,-1.326
510,L,O,-24.393,-3.652,-0.166
510,L,CB,-24.443,-6.455,-1.491
510,L,CG,-23.821,-7.841,-1.716
510,L,CD1,-24.78,-8.939,-1.281
510,L,CD2,-23.445,-7.994,-3.172
511,V,N,-24.467,-3.197,-2.362
511,V,CA,-25.129,-1.916,-2.155
511,V,C,-26.619,-1.927,-2.479
511,V,O,-27.449,-1.69,-1.6
511,V,CB,-24.448,-0.796,-2.979
511,V,CG1,-25.207,0.507,-2.824
511,V,CG2,-23.013,-0.613,-2.521
512,H,N,-26.973,-2.201,-3.729
512,H,CA,-28.384,-2.199,-4.102
512,H,C,-28.624,-2.912,-5.435
512,H,O,-27.759,-2.924,-6.315
512,H,CB,-28.861,-0.744,-4.17
512,H,CG,-30.339,-0.563,-3.995
512,H,ND1,-31.254,-0.888,-4.974
512,H,CD2,-31.054,-0.041,-2.968
512,H,CE1,-32.469,-0.572,-4.56
512,H,NE2,-32.374,-0.056,-3.346
513,E,N,-29.801,-3.518,-5.565
513,E,CA,-30.193,-4.229,-6.778
513,E,C,-30.611,-3.23,-7.871
513,E,O,-31.425,-2.334,-7.634
513,E,CB,-31.355,-5.172,-6.464
513,E,CG,-32.08,-5.697,-7.693
513,E,CD,-33.51,-6.109,-7.392
513,E,OE1,-34.403,-5.754,-8.193
513,E,OE2,-33.738,-6.786,-6.365
514,V,N,-30.058,-3.391,-9.071
514,V,CA,-30.36,-2.499,-10.185
514,V,C,-30.998,-3.204,-11.386
514,V,O,-31.379,-2.574,-12.37
514,V,CB,-29.086,-1.76,-10.639
514,V,CG1,-28.736,-0.69,-9.63
514,V,CG2,-27.921,-2.729,-10.754
515,W,N,-31.128,-4.518,-11.299
515,W,CA,-31.719,-5.274,-12.383
515,W,C,-31.991,-6.703,-11.956
515,W,O,-31.306,-7.251,-11.095
515,W,CB,-30.778,-5.279,-13.578
515,W,CG,-31.225,-6.161,-14.704
515,W,CD1,-32.037,-5.817,-15.747
515,W,CD2,-30.858,-7.534,-14.915
515,W,NE1,-32.193,-6.886,-16.597
515,W,CE2,-31.482,-7.953,-16.112
515,W,CE3,-30.063,-8.448,-14.209
515,W,CZ2,-31.336,-9.24,-16.62
515,W,CZ3,-29.918,-9.734,-14.715
515,W,CH2,-30.553,-10.117,-15.913
516,K,N,-33.006,-7.3,-12.565
516,K,CA,-33.358,-8.682,-12.28
516,K,C,-34.276,-9.193,-13.383
516,K,O,-35.017,-8.43,-13.997
516,K,CB,-34.044,-8.806,-10.913
516,K,CG,-35.433,-8.201,-10.849
516,K,CD,-36.162,-8.643,-9.588
516,K,CE,-37.513,-7.958,-9.469
516,K,NZ,-38.221,-8.326,-8.217
517,D,N,-34.207,-10.487,-13.645
517,D,CA,-35.038,-11.091,-14.663
517,D,C,-34.992,-12.584,-14.427
517,D,O,-34.123,-13.075,-13.713
517,D,CB,-34.508,-10.742,-16.057
517,D,CG,-35.494,-11.088,-17.165
517,D,OD1,-36.718,-11.095,-16.895
517,D,OD2,-35.047,-11.338,-18.308
518,S,N,-35.952,-13.293,-15.003
518,S,CA,-36.029,-14.736,-14.873
518,S,C,-36.179,-15.309,-16.257
518,S,O,-36.477,-14.584,-17.207
518,S,CB,-37.235,-15.149,-14.032
518,S,OG,-36.975,-15.002,-12.648
519,A,N,-35.982,-16.613,-16.377
519,A,CA,-36.112,-17.248,-17.673
519,A,C,-36.041,-18.765,-17.593
519,A,O,-35.054,-19.325,-17.13
519,A,CB,-35.031,-16.716,-18.623
520,T,N,-37.111,-19.42,-18.031
520,T,CA,-37.171,-20.874,-18.049
520,T,C,-37.056,-21.299,-19.507
520,T,O,-37.651,-20.68,-20.392
520,T,CB,-38.502,-21.391,-17.452
520,T,OG1,-38.441,-21.318,-16.025
520,T,CG2,-38.762,-22.831,-17.859
521,M,N,-36.28,-22.346,-19.761
521,M,CA,-36.11,-22.818,-21.128
521,M,C,-35.653,-24.272,-21.206
521,M,O,-35.113,-24.836,-20.244
521,M,CB,-35.1,-21.937,-21.854
521,M,CG,-33.703,-22.107,-21.322
521,M,SD,-32.624,-20.841,-21.934
521,M,CE,-32.843,-19.608,-20.675
522,S,N,-35.876,-24.866,-22.372
522,S,CA,-35.492,-26.242,-22.609
522,S,C,-34.329,-26.301,-23.58
522,S,O,-34.395,-25.765,-24.695
522,S,CB,-36.664,-27.028,-23.182
522,S,OG,-36.224,-28.288,-23.651
523,L,N,-33.26,-26.953,-23.149
523,L,CA,-32.083,-27.101,-23.982
523,L,C,-31.884,-28.573,-24.28
523,L,O,-32.034,-29.418,-23.397
523,L,CB,-30.854,-26.553,-23.263
523,L,CG,-30.862,-25.055,-22.992
523,L,CD1,-29.621,-24.677,-22.206
523,L,CD2,-30.927,-24.311,-24.313
524,D,N,-31.555,-28.871,-25.533
524,D,CA,-31.314,-30.246,-25.957
524,D,C,-29.861,-30.623,-25.666
524,D,O,-29.027,-29.761,-25.375
524,D,CB,-31.618,-30.408,-27.45
524,D,CG,-33.066,-30.085,-27.786
524,D,OD1,-33.96,-30.45,-26.991
524,D,OD2,-33.316,-29.477,-28.849
525,P,N,-29.545,-31.924,-25.725
525,P,CA,-28.178,-32.391,-25.464
525,P,C,-27.162,-31.707,-26.364
525,P,O,-27.194,-31.879,-27.58
525,P,CB,-28.272,-33.89,-25.736
525,P,CG,-29.688,-34.206,-25.343
525,P,CD,-30.45,-33.062,-25.965
526,E,N,-26.278,-30.921,-25.758
526,E,CA,-25.237,-30.211,-26.493
526,E,C,-25.739,-28.882,-27.068
526,E,O,-24.967,-28.135,-27.669
526,E,CB,-24.688,-31.102,-27.617
526,E,CG,-23.179,-31.351,-27.599
526,E,CD,-22.665,-31.931,-26.282
526,E,OE1,-23.321,-32.839,-25.716
526,E,OE2,-21.586,-31.487,-25.821
527,E,N,-27.022,-28.58,-26.891
527,E,CA,-27.558,-27.321,-27.406
527,E,C,-27.037,-26.141,-26.595
527,E,O,-27.004,-26.173,-25.362
527,E,CB,-29.092,-27.294,-27.379
527,E,CG,-29.676,-26.008,-28.003
527,E,CD,-31.18,-25.82,-27.773
527,E,OE1,-31.738,-24.848,-28.322
527,E,OE2,-31.808,-26.622,-27.044
528,E,N,-26.633,-25.098,-27.31
528,E,CA,-26.123,-23.885,-26.694
528,E,C,-27.188,-22.8,-26.811
528,E,O,-27.904,-22.731,-27.815
528,E,CB,-24.85,-23.432,-27.409
528,E,CG,-23.719,-24.439,-27.381
528,E,CD,-22.545,-23.997,-28.234
528,E,OE1,-21.524,-24.717,-28.273
528,E,OE2,-22.647,-22.922,-28.871
529,A,N,-27.299,-21.961,-25.786
529,A,CA,-28.282,-20.876,-25.79
529,A,C,-27.768,-19.657,-25.03
529,A,O,-27.1,-19.807,-24.009
529,A,CB,-29.585,-21.353,-25.177
530,E,N,-28.075,-18.459,-25.527
530,E,CA,-27.649,-17.223,-24.869
530,E,C,-28.792,-16.259,-24.546
530,E,O,-29.674,-16.021,-25.37
530,E,CB,-26.589,-16.503,-25.705
530,E,CG,-26.915,-16.318,-27.166
530,E,CD,-25.806,-15.581,-27.879
530,E,OE1,-25.825,-14.331,-27.883
530,E,OE2,-24.897,-16.251,-28.413
531,H,N,-28.761,-15.714,-23.332
531,H,CA,-29.778,-14.78,-22.843
531,H,C,-29.154,-13.39,-22.708
531,H,O,-28.138,-13.216,-22.039
531,H,CB,-30.307,-15.268,-21.488
531,H,CG,-31.352,-14.386,-20.882
531,H,ND1,-32.563,-14.137,-21.488
531,H,CD2,-31.379,-13.721,-19.701
531,H,CE1,-33.294,-13.362,-20.706
531,H,NE2,-32.599,-13.095,-19.616
532,P,N,-29.761,-12.38,-23.343
532,P,CA,-29.217,-11.028,-23.263
532,P,C,-29.602,-10.27,-22.001
532,P,O,-30.773,-10.209,-21.633
532,P,CB,-29.775,-10.371,-24.514
532,P,CG,-31.147,-10.948,-24.566
532,P,CD,-30.918,-12.422,-24.255
533,I,N,-28.598,-9.706,-21.341
533,I,CA,-28.821,-8.91,-20.147
533,I,C,-28.552,-7.463,-20.537
533,I,O,-27.507,-7.142,-21.112
533,I,CB,-27.877,-9.315,-19.004
533,I,CG1,-28.222,-10.726,-18.532
533,I,CG2,-28.0,-8.33,-17.862
533,I,CD1,-27.294,-11.278,-17.497
534,K,N,-29.512,-6.591,-20.249
534,K,CA,-29.372,-5.178,-20.573
534,K,C,-29.806,-4.313,-19.397
534,K,O,-30.928,-4.432,-18.902
534,K,CB,-30.208,-4.829,-21.812
534,K,CG,-30.197,-3.348,-22.171
534,K,CD,-31.253,-3.004,-23.205
534,K,CE,-30.961,-3.649,-24.553
534,K,NZ,-29.723,-3.116,-25.173
535,I,N,-28.898,-3.45,-18.954
535,I,CA,-29.162,-2.541,-17.842
535,I,C,-28.862,-1.112,-18.287
535,I,O,-27.727,-0.791,-18.633
535,I,CB,-28.272,-2.861,-16.622
535,I,CG1,-28.386,-4.351,-16.271
535,I,CG2,-28.685,-1.985,-15.436
535,I,CD1,-27.407,-4.815,-15.213
536,S,N,-29.883,-0.261,-18.271
536,S,CA,-29.706,1.124,-18.672
536,S,C,-29.007,1.932,-17.591
536,S,O,-28.902,1.515,-16.438
536,S,CB,-31.053,1.781,-18.955
536,S,OG,-31.597,2.342,-17.773
537,Y,N,-28.542,3.106,-17.988
537,Y,CA,-27.867,4.017,-17.092
537,Y,C,-28.854,4.391,-15.997
537,Y,O,-28.56,4.252,-14.81
537,Y,CB,-27.441,5.257,-17.879
537,Y,CG,-26.966,6.412,-17.041
537,Y,CD1,-25.747,6.358,-16.37
537,Y,CD2,-27.729,7.573,-16.929
537,Y,CE1,-25.292,7.44,-15.611
537,Y,CE2,-27.282,8.66,-16.165
537,Y,CZ,-26.065,8.579,-15.512
537,Y,OH,-25.628,9.623,-14.744
538,A,N,-30.033,4.848,-16.414
538,A,CA,-31.095,5.271,-15.502
538,A,C,-31.269,4.341,-14.311
538,A,O,-31.449,4.795,-13.182
538,A,CB,-32.397,5.376,-16.253
539,Q,N,-31.209,3.041,-14.565
539,Q,CA,-31.371,2.052,-13.508
539,Q,C,-30.195,2.0,-12.535
539,Q,O,-30.372,2.182,-11.333
539,Q,CB,-31.568,0.655,-14.102
539,Q,CG,-32.559,0.591,-15.242
539,Q,CD,-32.761,-0.819,-15.767
539,Q,OE1,-33.459,-1.624,-15.147
539,Q,NE2,-32.144,-1.13,-16.908
540,Y,N,-28.995,1.761,-13.055
540,Y,CA,-27.823,1.639,-12.198
540,Y,C,-27.206,2.936,-11.695
540,Y,O,-26.614,2.952,-10.613
540,Y,CB,-26.742,0.778,-12.893
540,Y,CG,-25.953,1.445,-14.016
540,Y,CD1,-25.105,2.525,-13.755
540,Y,CD2,-26.039,0.984,-15.334
540,Y,CE1,-24.368,3.128,-14.77
540,Y,CE2,-25.298,1.587,-16.363
540,Y,CZ,-24.464,2.658,-16.07
540,Y,OH,-23.719,3.276,-17.055
541,E,N,-27.338,4.021,-12.449
541,E,CA,-26.723,5.267,-12.014
541,E,C,-27.223,5.681,-10.64
541,E,O,-26.492,6.251,-9.84
541,E,CB,-26.947,6.388,-13.051
541,E,CG,-28.289,7.098,-13.038
541,E,CD,-28.453,8.038,-11.856
541,E,OE1,-27.457,8.673,-11.443
541,E,OE2,-29.589,8.153,-11.349
542,R,N,-28.47,5.365,-10.36
542,R,CA,-29.065,5.709,-9.083
542,R,C,-28.32,5.097,-7.883
542,R,O,-28.238,5.72,-6.826
542,R,CB,-30.528,5.257,-9.08
542,R,CG,-31.269,5.547,-7.796
542,R,CD,-31.79,6.973,-7.746
542,R,NE,-32.746,7.229,-8.821
542,R,CZ,-33.895,7.878,-8.656
542,R,NH1,-34.237,8.334,-7.452
542,R,NH2,-34.701,8.08,-9.695
543,Y,N,-27.772,3.893,-8.037
543,Y,CA,-27.081,3.241,-6.929
543,Y,C,-25.626,2.859,-7.186
543,Y,O,-25.03,2.117,-6.402
543,Y,CB,-27.856,1.998,-6.491
543,Y,CG,-29.306,2.261,-6.139
543,Y,CD1,-30.314,2.11,-7.084
543,Y,CD2,-29.667,2.691,-4.863
543,Y,CE1,-31.646,2.377,-6.766
543,Y,CE2,-30.993,2.964,-4.538
543,Y,CZ,-31.977,2.804,-5.488
543,Y,OH,-33.292,3.065,-5.162
544,L,N,-25.049,3.361,-8.276
544,L,CA,-23.658,3.066,-8.603
544,L,C,-22.753,3.932,-7.732
544,L,O,-22.958,5.146,-7.634
544,L,CB,-23.383,3.371,-10.073
544,L,CG,-21.994,2.999,-10.601
544,L,CD1,-21.858,1.484,-10.63
544,L,CD2,-21.795,3.562,-12.0
545,K,N,-21.76,3.317,-7.094
545,K,CA,-20.844,4.06,-6.245
545,K,C,-19.553,4.328,-6.99
545,K,O,-19.329,3.768,-8.069
545,K,CB,-20.562,3.285,-4.966
545,K,CG,-21.802,3.049,-4.141
545,K,CD,-22.489,4.355,-3.776
545,K,CE,-23.701,4.104,-2.901
545,K,NZ,-24.35,5.368,-2.453
546,S,N,-18.705,5.181,-6.412
546,S,CA,-17.442,5.551,-7.032
546,S,C,-16.606,4.339,-7.423
546,S,O,-15.529,4.473,-7.997
546,S,CB,-16.641,6.472,-6.105
546,S,OG,-16.148,5.781,-4.975
547,D,N,-17.101,3.15,-7.11
547,D,CA,-16.391,1.929,-7.462
547,D,C,-16.709,1.578,-8.909
547,D,O,-15.983,0.828,-9.548
547,D,CB,-16.84,0.769,-6.567
547,D,CG,-16.474,0.967,-5.124
547,D,OD1,-15.397,0.479,-4.719
547,D,OD2,-17.263,1.613,-4.402
548,N,N,-17.801,2.126,-9.421
548,N,CA,-18.237,1.82,-10.781
548,N,C,-18.262,0.307,-11.045
548,N,O,-17.877,-0.143,-12.122
548,N,CB,-17.34,2.512,-11.807
548,N,CG,-17.309,4.015,-11.625
548,N,OD1,-18.273,4.613,-11.146
548,N,ND2,-16.201,4.64,-12.015
549,M,N,-18.731,-0.46,-10.058
549,M,CA,-18.815,-1.922,-10.151
549,M,C,-20.221,-2.499,-9.953
549,M,O,-20.991,-2.031,-9.124
549,M,CB,-17.911,-2.584,-9.1
549,M,CG,-16.433,-2.322,-9.249
549,M,SD,-15.452,-3.362,-8.153
549,M,CE,-15.101,-4.731,-9.254
550,I,N,-20.541,-3.537,-10.71
550,I,CA,-21.83,-4.2,-10.574
550,I,C,-21.553,-5.697,-10.524
550,I,O,-20.712,-6.198,-11.269
550,I,CB,-22.754,-3.913,-11.764
550,I,CG1,-22.831,-2.408,-12.027
550,I,CG2,-24.143,-4.464,-11.475
550,I,CD1,-23.572,-2.055,-13.308
551,R,N,-22.247,-6.394,-9.63
551,R,CA,-22.109,-7.839,-9.462
551,R,C,-23.202,-8.563,-10.25
551,R,O,-24.367,-8.546,-9.853
551,R,CB,-22.241,-8.202,-7.979
551,R,CG,-22.427,-9.691,-7.693
551,R,CD,-21.131,-10.305,-7.246
551,R,NE,-20.718,-9.822,-5.933
551,R,CZ,-19.453,-9.768,-5.527
551,R,NH1,-19.153,-9.328,-4.315
551,R,NH2,-18.482,-10.137,-6.341
552,I,N,-22.848,-9.189,-11.366
552,I,CA,-23.868,-9.901,-12.125
552,I,C,-23.907,-11.347,-11.667
552,I,O,-22.874,-11.996,-11.499
552,I,CB,-23.623,-9.827,-13.623
552,I,CG1,-23.471,-8.36,-14.032
552,I,CG2,-24.795,-10.457,-14.364
552,I,CD1,-24.658,-7.494,-13.673
553,T,N,-25.113,-11.85,-11.454
553,T,CA,-25.275,-13.194,-10.954
553,T,C,-26.402,-13.924,-11.645
553,T,O,-27.496,-13.401,-11.803
553,T,CB,-25.591,-13.164,-9.454
553,T,OG1,-24.837,-12.117,-8.823
553,T,CG2,-25.266,-14.507,-8.819
554,A,N,-26.122,-15.145,-12.058
554,A,CA,-27.123,-15.976,-12.69
554,A,C,-27.082,-17.306,-11.949
554,A,O,-26.014,-17.897,-11.793
554,A,CB,-26.795,-16.174,-14.149
555,V,N,-28.229,-17.744,-11.444
555,V,CA,-28.316,-19.027,-10.753
555,V,C,-29.242,-19.9,-11.582
555,V,O,-30.451,-19.673,-11.626
555,V,CB,-28.892,-18.888,-9.329
555,V,CG1,-29.284,-20.255,-8.793
555,V,CG2,-27.854,-18.251,-8.41
556,C,N,-28.659,-20.891,-12.248
556,C,CA,-29.414,-21.789,-13.11
556,C,C,-29.691,-23.124,-12.446
556,C,O,-28.767,-23.824,-12.033
556,C,CB,-28.635,-22.011,-14.399
556,C,SG,-27.937,-20.489,-15.031
557,K,N,-30.967,-23.477,-12.35
557,K,CA,-31.357,-24.73,-11.724
557,K,C,-32.118,-25.628,-12.687
557,K,O,-33.052,-25.193,-13.361
557,K,CB,-32.223,-24.446,-10.498
557,K,CG,-32.739,-25.676,-9.758
557,K,CD,-31.707,-26.248,-8.8
557,K,CE,-32.323,-27.286,-7.864
557,K,NZ,-32.911,-28.432,-8.609
558,V,N,-31.689,-26.883,-12.753
558,V,CA,-32.327,-27.881,-13.595
558,V,C,-32.983,-28.825,-12.6
558,V,O,-32.45,-29.058,-11.511
558,V,CB,-31.298,-28.663,-14.426
558,V,CG1,-32.01,-29.542,-15.444
558,V,CG2,-30.345,-27.689,-15.113
559,P,N,-34.159,-29.371,-12.948
559,P,CA,-34.894,-30.292,-12.074
559,P,C,-34.064,-31.442,-11.488
559,P,O,-33.417,-32.203,-12.223
559,P,CB,-36.016,-30.789,-12.977
559,P,CG,-36.296,-29.596,-13.824
559,P,CD,-34.911,-29.122,-14.189
560,D,N,-34.095,-31.551,-10.159
560,D,CA,-33.389,-32.598,-9.411
560,D,C,-31.863,-32.455,-9.385
560,D,O,-31.185,-33.067,-8.556
560,D,CB,-33.783,-33.986,-9.94
560,D,CG,-35.3,-34.224,-9.9
560,D,OD1,-35.906,-34.085,-8.81
560,D,OD2,-35.885,-34.55,-10.962
561,E,N,-31.323,-31.64,-10.282
561,E,CA,-29.884,-31.412,-10.323
561,E,C,-29.504,-30.261,-9.403
561,E,O,-30.34,-29.422,-9.065
561,E,CB,-29.444,-31.079,-11.736
561,E,CG,-29.73,-32.167,-12.706
561,E,CD,-29.069,-31.906,-14.018
561,E,OE1,-27.843,-31.685,-14.016
561,E,OE2,-29.77,-31.918,-15.046
562,S,N,-28.242,-30.218,-8.996
562,S,CA,-27.793,-29.142,-8.126
562,S,C,-27.823,-27.839,-8.925
562,S,O,-27.838,-27.864,-10.163
562,S,CB,-26.378,-29.42,-7.628
562,S,OG,-25.926,-28.359,-6.81
563,E,N,-27.842,-26.706,-8.226
563,E,CA,-27.864,-25.418,-8.908
563,E,C,-26.515,-25.119,-9.547
563,E,O,-25.509,-25.766,-9.252
563,E,CB,-28.219,-24.285,-7.944
563,E,CG,-29.614,-24.376,-7.359
563,E,CD,-29.642,-25.075,-6.013
563,E,OE1,-28.587,-25.613,-5.598
563,E,OE2,-30.717,-25.086,-5.372
564,V,N,-26.506,-24.134,-10.432
564,V,CA,-25.286,-23.722,-11.105
564,V,C,-25.174,-22.205,-11.008
564,V,O,-26.014,-21.488,-11.538
564,V,CB,-25.308,-24.148,-12.575
564,V,CG1,-24.189,-23.462,-13.333
564,V,CG2,-25.161,-25.655,-12.665
565,V,N,-24.146,-21.72,-10.32
565,V,CA,-23.952,-20.281,-10.148
565,V,C,-22.964,-19.687,-11.152
565,V,O,-21.777,-20.037,-11.155
565,V,CB,-23.428,-19.944,-8.732
565,V,CG1,-23.403,-18.434,-8.536
565,V,CG2,-24.281,-20.622,-7.671
566,V,N,-23.465,-18.798,-12.009
566,V,CA,-22.633,-18.117,-13.0
566,V,C,-22.479,-16.693,-12.456
566,V,O,-23.472,-15.988,-12.26
566,V,CB,-23.312,-18.068,-14.381
566,V,CG1,-22.385,-17.418,-15.389
566,V,CG2,-23.686,-19.465,-14.823
567,E,N,-21.241,-16.286,-12.193
567,E,CA,-20.986,-14.97,-11.633
567,E,C,-19.955,-14.151,-12.391
567,E,O,-19.066,-14.704,-13.031
567,E,CB,-20.557,-15.12,-10.173
567,E,CG,-19.782,-16.385,-9.883
567,E,CD,-19.163,-16.403,-8.491
567,E,OE1,-19.885,-16.171,-7.492
567,E,OE2,-17.943,-16.662,-8.394
568,R,N,-20.078,-12.828,-12.307
568,R,CA,-19.158,-11.924,-12.989
568,R,C,-19.331,-10.479,-12.527
568,R,O,-20.42,-9.907,-12.634
568,R,CB,-19.365,-12.015,-14.512
568,R,CG,-18.713,-10.906,-15.353
568,R,CD,-17.212,-10.807,-15.126
568,R,NE,-16.582,-9.732,-15.9
568,R,CZ,-16.15,-9.857,-17.153
568,R,NH1,-15.59,-8.828,-17.778
568,R,NH2,-16.272,-11.012,-17.784
569,D,N,-18.261,-9.899,-11.988
569,D,CA,-18.295,-8.506,-11.555
569,D,C,-17.795,-7.659,-12.722
569,D,O,-16.826,-8.017,-13.384
569,D,CB,-17.392,-8.274,-10.338
569,D,CG,-17.888,-8.973,-9.08
569,D,OD1,-19.078,-9.345,-9.014
569,D,OD2,-17.074,-9.134,-8.145
570,I,N,-18.451,-6.539,-12.986
570,I,CA,-18.017,-5.692,-14.083
570,I,C,-17.546,-4.326,-13.616
570,I,O,-18.005,-3.796,-12.6
570,I,CB,-19.133,-5.487,-15.128
570,I,CG1,-20.404,-4.977,-14.453
570,I,CG2,-19.411,-6.791,-15.849
570,I,CD1,-21.449,-4.556,-15.428
571,I,N,-16.616,-3.757,-14.367
571,I,CA,-16.096,-2.447,-14.039
571,I,C,-16.483,-1.476,-15.147
571,I,O,-16.232,-1.729,-16.322
571,I,CB,-14.552,-2.494,-13.851
571,I,CG1,-14.214,-3.319,-12.606
571,I,CG2,-13.997,-1.099,-13.677
571,I,CD1,-12.739,-3.414,-12.299
572,L,N,-17.135,-0.386,-14.77
572,L,CA,-17.536,0.626,-15.736
572,L,C,-16.561,1.789,-15.677
572,L,O,-16.339,2.367,-14.605
572,L,CB,-18.946,1.136,-15.44
572,L,CG,-20.14,0.306,-15.903
572,L,CD1,-20.191,-1.023,-15.167
572,L,CD2,-21.404,1.105,-15.645
573,D,N,-15.985,2.129,-16.829
573,D,CA,-15.023,3.23,-16.932
573,D,C,-15.632,4.604,-16.733
573,D,O,-16.83,4.803,-16.906
573,D,CB,-14.354,3.221,-18.298
573,D,CG,-13.408,2.071,-18.467
573,D,OD1,-12.383,2.065,-17.747
573,D,OD2,-13.689,1.18,-19.306
574,N,N,-14.783,5.558,-16.375
574,N,CA,-15.209,6.938,-16.188
574,N,C,-14.974,7.662,-17.489
574,N,O,-14.083,7.305,-18.247
574,N,CB,-14.358,7.652,-15.137
574,N,CG,-14.845,7.436,-13.739
574,N,OD1,-16.047,7.449,-13.475
574,N,ND2,-13.911,7.265,-12.817
575,P,N,-15.79,8.676,-17.786
575,P,CA,-15.519,9.376,-19.039
575,P,C,-14.111,9.93,-18.833
575,P,O,-13.828,10.535,-17.804
575,P,CB,-16.583,10.468,-19.061
575,P,CG,-16.921,10.669,-17.606
575,P,CD,-16.94,9.261,-17.08
576,T,N,-13.223,9.7,-19.786
576,T,CA,-11.852,10.153,-19.646
576,T,C,-11.657,11.592,-19.175
576,T,O,-12.445,12.471,-19.489
576,T,CB,-11.101,9.955,-20.962
576,T,OG1,-11.19,8.574,-21.341
576,T,CG2,-9.633,10.35,-20.805
577,L,N,-10.595,11.804,-18.406
577,L,CA,-10.211,13.112,-17.877
577,L,C,-8.754,13.269,-18.29
577,L,O,-7.915,12.463,-17.897
577,L,CB,-10.3,13.113,-16.353
577,L,CG,-9.658,14.325,-15.675
577,L,CD1,-10.418,15.58,-16.068
577,L,CD2,-9.645,14.14,-14.169
578,T,N,-8.436,14.301,-19.06
578,T,CA,-7.06,14.446,-19.523
578,T,C,-6.225,15.576,-18.948
578,T,O,-6.738,16.629,-18.58
578,T,CB,-7.014,14.597,-21.048
578,T,OG1,-8.23,14.09,-21.616
578,T,CG2,-5.823,13.827,-21.608
579,L,N,-4.919,15.334,-18.89
579,L,CA,-3.948,16.308,-18.406
579,L,C,-2.965,16.568,-19.531
579,L,O,-2.594,15.654,-20.264
579,L,CB,-3.198,15.781,-17.179
579,L,CG,-3.906,15.972,-15.839
579,L,CD1,-3.082,15.37,-14.714
579,L,CD2,-4.113,17.448,-15.593
580,E,N,-2.542,17.815,-19.664
580,E,CA,-1.619,18.197,-20.729
580,E,C,-0.73,19.378,-20.32
580,E,O,-1.17,20.269,-19.596
580,E,CB,-2.424,18.602,-21.973
580,E,CG,-3.257,17.5,-22.625
580,E,CD,-4.231,18.046,-23.664
580,E,OE1,-4.768,17.246,-24.462
580,E,OE2,-4.459,19.28,-23.668
581,V,N,0.521,19.384,-20.776
581,V,CA,1.416,20.503,-20.482
581,V,C,1.434,21.38,-21.729
581,V,O,1.406,20.868,-22.85
581,V,CB,2.851,20.05,-20.172
581,V,CG1,2.869,19.243,-18.89
581,V,CG2,3.408,19.241,-21.33
582,L,N,1.466,22.695,-21.535
582,L,CA,1.456,23.63,-22.655
582,L,C,2.814,24.215,-23.011
582,L,O,2.894,25.216,-23.722
582,L,CB,0.462,24.762,-22.382
582,L,CG,-1.016,24.484,-22.669
582,L,CD1,-1.268,22.998,-22.793
582,L,CD2,-1.863,25.098,-21.568
583,N,N,3.875,23.588,-22.514
583,N,CA,5.232,24.039,-22.805
583,N,C,6.247,23.082,-22.203
583,N,O,5.891,22.183,-21.446
583,N,CB,5.456,25.464,-22.274
583,N,CG,5.548,25.525,-20.759
583,N,OD1,6.585,25.219,-20.179
583,N,ND2,4.457,25.919,-20.114
584,E,N,7.51,23.274,-22.552
584,E,CA,8.578,22.426,-22.049
584,E,C,8.833,22.773,-20.566
584,E,O,8.932,23.948,-20.201
584,E,CB,9.818,22.643,-22.924
584,E,CG,10.99,21.724,-22.648
584,E,CD,12.015,21.759,-23.768
584,E,OE1,12.329,22.869,-24.252
584,E,OE2,12.51,20.678,-24.16
585,A,N,8.933,21.754,-19.714
585,A,CA,9.13,21.98,-18.283
585,A,C,10.581,22.034,-17.815
585,A,O,11.4,21.186,-18.171
585,A,CB,8.364,20.923,-17.487
586,R,N,10.878,23.045,-17.002
586,R,CA,12.218,23.252,-16.459
586,R,C,12.115,23.643,-14.993
586,R,O,11.144,24.279,-14.573
586,R,CB,12.944,24.34,-17.253
586,R,CG,13.033,24.002,-18.73
586,R,CD,13.694,25.082,-19.572
586,R,NE,13.654,24.727,-20.994
586,R,CZ,14.144,25.479,-21.981
586,R,NH1,14.721,26.645,-21.709
586,R,NH2,14.062,25.062,-23.241
587,V,N,13.121,23.252,-14.219
587,V,CA,13.141,23.539,-12.791
587,V,C,13.068,25.043,-12.501
587,V,O,13.694,25.852,-13.184
587,V,CB,14.407,22.947,-12.136
587,V,CG1,15.564,23.915,-12.25
587,V,CG2,14.131,22.602,-10.696
588,R,N,12.282,25.403,-11.491
588,R,CA,12.106,26.795,-11.083
588,R,C,11.485,27.706,-12.136
588,R,O,11.506,28.93,-12.003
588,R,CB,13.438,27.377,-10.617
588,R,CG,13.873,26.856,-9.258
588,R,CD,15.134,27.548,-8.749
588,R,NE,16.345,26.828,-9.128
588,R,CZ,16.834,26.773,-10.364
588,R,NH1,16.219,27.404,-11.359
588,R,NH2,17.941,26.079,-10.606
589,K,N,10.926,27.11,-13.18
589,K,CA,10.287,27.882,-14.23
589,K,C,8.847,27.43,-14.396
589,K,O,8.567,26.237,-14.441
589,K,CB,11.052,27.729,-15.54
589,K,CG,11.884,28.951,-15.886
589,K,CD,12.832,29.328,-14.752
589,K,CE,12.792,30.833,-14.455
589,K,NZ,13.211,31.686,-15.613
590,P,N,7.911,28.386,-14.476
590,P,CA,6.491,28.074,-14.631
590,P,C,6.206,27.146,-15.796
590,P,O,6.88,27.182,-16.832
590,P,CB,5.854,29.448,-14.819
590,P,CG,6.718,30.322,-13.973
590,P,CD,8.106,29.842,-14.364
591,V,N,5.206,26.301,-15.611
591,V,CA,4.816,25.367,-16.639
591,V,C,3.301,25.406,-16.688
591,V,O,2.625,25.083,-15.712
591,V,CB,5.305,23.957,-16.308
591,V,CG1,5.106,23.057,-17.498
591,V,CG2,6.771,23.993,-15.935
592,N,N,2.774,25.836,-17.825
592,N,CA,1.34,25.947,-18.011
592,N,C,0.712,24.583,-18.271
592,N,O,1.276,23.754,-18.991
592,N,CB,1.058,26.894,-19.171
592,N,CG,1.836,28.192,-19.053
592,N,OD1,2.887,28.36,-19.681
592,N,ND2,1.332,29.115,-18.226
593,V,N,-0.46,24.356,-17.681
593,V,CA,-1.165,23.086,-17.824
593,V,C,-2.672,23.335,-17.962
593,V,O,-3.16,24.452,-17.747
593,V,CB,-0.932,22.178,-16.572
593,V,CG1,-1.404,20.765,-16.84
593,V,CG2,0.526,22.182,-16.175
594,Q,N,-3.406,22.286,-18.322
594,Q,CA,-4.853,22.387,-18.457
594,Q,C,-5.52,21.032,-18.236
594,Q,O,-4.975,19.982,-18.586
594,Q,CB,-5.233,22.925,-19.839
594,Q,CG,-4.884,21.999,-20.98
594,Q,CD,-5.152,22.618,-22.333
594,Q,OE1,-6.063,23.429,-22.48
594,Q,NE2,-4.37,22.225,-23.333
595,M,N,-6.695,21.069,-17.625
595,M,CA,-7.464,19.866,-17.381
595,M,C,-8.537,19.894,-18.456
595,M,O,-9.029,20.964,-18.815
595,M,CB,-8.098,19.908,-15.992
595,M,CG,-9.111,18.81,-15.735
595,M,SD,-10.715,19.476,-15.21
595,M,CE,-11.559,19.638,-16.788
596,L,N,-8.871,18.725,-18.991
596,L,CA,-9.894,18.613,-20.022
596,L,C,-10.891,17.541,-19.616
596,L,O,-10.507,16.449,-19.183
596,L,CB,-9.263,18.232,-21.36
596,L,CG,-8.298,19.255,-21.962
596,L,CD1,-7.564,18.673,-23.163
596,L,CD2,-9.09,20.477,-22.348
597,F,N,-12.171,17.86,-19.741
597,F,CA,-13.216,16.912,-19.408
597,F,C,-14.456,17.14,-20.251
597,F,O,-14.917,18.27,-20.408
597,F,CB,-13.603,17.014,-17.938
597,F,CG,-14.674,16.046,-17.543
597,F,CD1,-14.369,14.716,-17.308
597,F,CD2,-16.007,16.452,-17.48
597,F,CE1,-15.372,13.805,-17.02
597,F,CE2,-17.018,15.545,-17.193
597,F,CZ,-16.702,14.219,-16.964
598,S,N,-14.992,16.058,-20.797
598,S,CA,-16.197,16.127,-21.606
598,S,C,-17.281,15.376,-20.842
598,S,O,-17.067,14.238,-20.406
598,S,CB,-15.966,15.475,-22.982
598,S,OG,-15.109,16.255,-23.812
599,N,N,-18.435,16.017,-20.653
599,N,CA,-19.541,15.382,-19.948
599,N,C,-20.455,14.711,-20.949
599,N,O,-21.19,15.384,-21.662
599,N,CB,-20.334,16.405,-19.15
599,N,CG,-21.675,15.867,-18.698
599,N,OD1,-21.804,14.685,-18.368
599,N,ND2,-22.683,16.735,-18.668
600,P,N,-20.433,13.368,-21.0
600,P,CA,-21.23,12.529,-21.901
600,P,C,-22.718,12.384,-21.574
600,P,O,-23.488,11.894,-22.4
600,P,CB,-20.514,11.197,-21.812
600,P,CG,-20.196,11.139,-20.359
600,P,CD,-19.619,12.52,-20.11
601,L,N,-23.126,12.802,-20.38
601,L,CA,-24.522,12.669,-19.974
601,L,C,-25.435,13.683,-20.64
601,L,O,-24.974,14.706,-21.143
601,L,CB,-24.644,12.812,-18.456
601,L,CG,-23.796,11.884,-17.585
601,L,CD1,-24.116,12.181,-16.133
601,L,CD2,-24.073,10.419,-17.911
602,D,N,-26.732,13.39,-20.649
602,D,CA,-27.718,14.306,-21.222
602,D,C,-28.127,15.337,-20.177
602,D,O,-28.978,16.187,-20.429
602,D,CB,-28.959,13.556,-21.694
602,D,CG,-28.642,12.521,-22.738
602,D,OD1,-27.997,12.884,-23.75
602,D,OD2,-29.041,11.346,-22.549
603,E,N,-27.522,15.239,-18.997
603,E,CA,-27.773,16.164,-17.904
603,E,C,-26.449,16.84,-17.599
603,E,O,-25.387,16.287,-17.867
603,E,CB,-28.298,15.422,-16.658
603,E,CG,-27.57,14.111,-16.306
603,E,CD,-28.046,13.486,-14.985
603,E,OE1,-27.809,12.271,-14.773
603,E,OE2,-28.648,14.208,-14.153
604,P,N,-26.488,18.063,-17.057
604,P,CA,-25.207,18.705,-16.764
604,P,C,-24.579,18.084,-15.528
604,P,O,-25.222,17.293,-14.835
604,P,CB,-25.597,20.161,-16.55
604,P,CG,-26.98,20.057,-15.974
604,P,CD,-27.612,18.991,-16.824
605,V,N,-23.319,18.425,-15.271
605,V,CA,-22.611,17.936,-14.091
605,V,C,-22.251,19.153,-13.233
605,V,O,-21.575,20.072,-13.693
605,V,CB,-21.348,17.135,-14.488
605,V,CG1,-21.765,15.79,-15.084
605,V,CG2,-20.525,17.913,-15.494
606,R,N,-22.733,19.163,-11.995
606,R,CA,-22.501,20.28,-11.076
606,R,C,-21.549,19.974,-9.92
606,R,O,-21.07,18.852,-9.791
606,R,CB,-23.84,20.768,-10.53
606,R,CG,-24.788,19.646,-10.135
606,R,CD,-26.239,20.139,-10.037
606,R,NE,-26.649,20.897,-11.224
606,R,CZ,-26.822,22.218,-11.252
606,R,NH1,-27.19,22.813,-12.38
606,R,NH2,-26.645,22.944,-10.15
607,D,N,-21.283,20.975,-9.082
607,D,CA,-20.373,20.822,-7.946
607,D,C,-19.04,20.254,-8.409
607,D,O,-18.518,19.293,-7.849
607,D,CB,-20.982,19.904,-6.889
607,D,CG,-22.198,20.508,-6.234
607,D,OD1,-22.135,21.703,-5.859
607,D,OD2,-23.211,19.791,-6.084
608,C,N,-18.487,20.866,-9.444
608,C,CA,-17.235,20.398,-9.989
608,C,C,-16.033,20.988,-9.257
608,C,O,-15.954,22.199,-9.029
608,C,CB,-17.193,20.718,-11.48
608,C,SG,-18.586,19.997,-12.397
609,V,N,-15.114,20.104,-8.868
609,V,CA,-13.889,20.482,-8.163
609,V,C,-12.712,19.7,-8.731
609,V,O,-12.803,18.487,-8.947
609,V,CB,-13.968,20.17,-6.65
609,V,CG1,-12.632,20.486,-5.987
609,V,CG2,-15.087,20.966,-6.009
610,L,N,-11.61,20.398,-8.975
610,L,CA,-10.424,19.759,-9.515
610,L,C,-9.334,19.724,-8.448
610,L,O,-9.126,20.697,-7.728
610,L,CB,-9.933,20.528,-10.735
610,L,CG,-9.012,19.774,-11.694
610,L,CD1,-8.532,20.741,-12.765
610,L,CD2,-7.837,19.183,-10.956
611,M,N,-8.646,18.596,-8.344
611,M,CA,-7.572,18.465,-7.368
611,M,C,-6.289,18.029,-8.062
611,M,O,-6.265,17.008,-8.738
611,M,CB,-7.941,17.437,-6.3
611,M,CG,-9.318,17.643,-5.695
611,M,SD,-9.284,17.715,-3.898
611,M,CE,-9.276,19.53,-3.678
612,V,N,-5.227,18.809,-7.897
612,V,CA,-3.954,18.483,-8.521
612,V,C,-2.813,18.497,-7.507
612,V,O,-2.83,19.27,-6.555
612,V,CB,-3.641,19.476,-9.665
612,V,CG1,-2.272,19.19,-10.26
612,V,CG2,-4.703,19.362,-10.744
613,E,N,-1.842,17.612,-7.707
613,E,CA,-0.674,17.529,-6.842
613,E,C,0.41,16.706,-7.516
613,E,O,0.163,16.02,-8.503
613,E,CB,-1.026,16.911,-5.483
613,E,CG,-1.348,15.423,-5.503
613,E,CD,-1.675,14.865,-4.109
613,E,OE1,-0.744,14.449,-3.383
613,E,OE2,-2.87,14.851,-3.737
614,G,N,1.619,16.793,-6.979
614,G,CA,2.738,16.051,-7.523
614,G,C,4.026,16.523,-6.886
614,G,O,4.393,17.689,-7.004
615,S,N,4.711,15.617,-6.201
615,S,CA,5.974,15.945,-5.541
615,S,C,6.97,16.48,-6.537
615,S,O,7.257,15.832,-7.534
615,S,CB,6.563,14.709,-4.872
615,S,OG,5.784,14.332,-3.767
616,G,N,7.503,17.659,-6.27
616,G,CA,8.479,18.221,-7.181
616,G,C,7.858,19.068,-8.273
616,G,O,8.574,19.707,-9.042
617,L,N,6.533,19.068,-8.361
617,L,CA,5.858,19.88,-9.371
617,L,C,5.071,21.01,-8.705
617,L,O,5.13,22.161,-9.136
617,L,CB,4.928,19.013,-10.227
617,L,CG,5.651,18.048,-11.174
617,L,CD1,4.636,17.246,-11.964
617,L,CD2,6.562,18.838,-12.12
618,L,N,4.346,20.672,-7.647
618,L,CA,3.559,21.643,-6.896
618,L,C,3.847,21.451,-5.425
618,L,O,4.355,20.415,-5.013
618,L,CB,2.066,21.406,-7.092
618,L,CG,1.367,21.682,-8.41
618,L,CD1,0.112,20.84,-8.46
618,L,CD2,1.037,23.167,-8.531
619,L,N,3.512,22.45,-4.627
619,L,CA,3.689,22.337,-3.198
619,L,C,2.291,22.061,-2.697
619,L,O,1.451,22.955,-2.67
619,L,CB,4.204,23.644,-2.615
619,L,CG,5.605,24.021,-3.084
619,L,CD1,5.972,25.394,-2.575
619,L,CD2,6.602,22.966,-2.597
620,G,N,2.023,20.815,-2.336
620,G,CA,0.707,20.491,-1.835
620,G,C,-0.302,20.181,-2.922
620,G,O,0.065,19.866,-4.052
621,N,N,-1.581,20.28,-2.568
621,N,CA,-2.673,19.992,-3.484
621,N,C,-3.434,21.228,-3.945
621,N,O,-3.998,21.959,-3.137
621,N,CB,-3.648,19.014,-2.827
621,N,CG,-4.874,18.759,-3.677
621,N,OD1,-5.719,19.64,-3.844
621,N,ND2,-4.972,17.55,-4.233
622,L,N,-3.458,21.444,-5.253
622,L,CA,-4.159,22.581,-5.836
622,L,C,-5.65,22.274,-5.953
622,L,O,-6.03,21.284,-6.573
622,L,CB,-3.573,22.879,-7.22
622,L,CG,-4.199,23.986,-8.068
622,L,CD1,-4.129,25.319,-7.34
622,L,CD2,-3.454,24.064,-9.391
623,K,N,-6.494,23.099,-5.34
623,K,CA,-7.937,22.886,-5.428
623,K,C,-8.556,23.936,-6.338
623,K,O,-8.233,25.12,-6.226
623,K,CB,-8.618,22.986,-4.063
623,K,CG,-10.134,22.872,-4.2
623,K,CD,-10.918,23.297,-2.965
623,K,CE,-12.427,23.15,-3.225
623,K,NZ,-13.296,23.611,-2.104
624,I,N,-9.451,23.513,-7.224
624,I,CA,-10.088,24.447,-8.146
624,I,C,-11.587,24.21,-8.35
624,I,O,-11.992,23.17,-8.861
624,I,CB,-9.404,24.4,-9.52
624,I,CG1,-7.892,24.567,-9.362
624,I,CG2,-9.94,25.506,-10.401
624,I,CD1,-7.116,24.485,-10.669
625,D,N,-12.411,25.17,-7.947
625,D,CA,-13.854,25.044,-8.145
625,D,C,-14.101,25.166,-9.645
625,D,O,-13.683,26.137,-10.267
625,D,CB,-14.607,26.153,-7.394
625,D,CG,-14.659,25.912,-5.886
625,D,OD1,-14.928,26.874,-5.125
625,D,OD2,-14.439,24.753,-5.458
626,V,N,-14.76,24.174,-10.231
626,V,CA,-15.034,24.202,-11.661
626,V,C,-16.482,24.57,-11.93
626,V,O,-17.402,24.03,-11.309
626,V,CB,-14.736,22.838,-12.32
626,V,CG1,-14.91,22.939,-13.824
626,V,CG2,-13.326,22.389,-11.976
627,P,N,-16.709,25.501,-12.863
627,P,CA,-18.082,25.908,-13.177
627,P,C,-18.879,24.758,-13.8
627,P,O,-18.371,24.054,-14.679
627,P,CB,-17.879,27.073,-14.137
627,P,CG,-16.623,26.681,-14.864
627,P,CD,-15.741,26.179,-13.746
628,T,N,-20.114,24.574,-13.33
628,T,CA,-21.005,23.523,-13.826
628,T,C,-20.888,23.338,-15.34
628,T,O,-20.825,24.309,-16.091
628,T,CB,-22.46,23.837,-13.455
628,T,OG1,-22.639,23.625,-12.047
628,T,CG2,-23.421,22.956,-14.231
629,L,N,-20.867,22.085,-15.779
629,L,CA,-20.714,21.773,-17.192
629,L,C,-21.968,21.168,-17.818
629,L,O,-22.471,20.14,-17.361
629,L,CB,-19.538,20.819,-17.366
629,L,CG,-19.091,20.48,-18.778
629,L,CD1,-18.609,21.741,-19.481
629,L,CD2,-17.981,19.443,-18.704
630,G,N,-22.454,21.808,-18.879
630,G,CA,-23.655,21.336,-19.541
630,G,C,-23.52,19.987,-20.216
630,G,O,-22.421,19.467,-20.379
631,P,N,-24.645,19.385,-20.61
631,P,CA,-24.602,18.083,-21.275
631,P,C,-23.845,18.16,-22.596
631,P,O,-24.063,19.07,-23.398
631,P,CB,-26.081,17.746,-21.459
631,P,CG,-26.739,19.095,-21.527
631,P,CD,-26.03,19.856,-20.451
632,K,N,-22.944,17.206,-22.808
632,K,CA,-22.138,17.141,-24.024
632,K,C,-21.132,18.277,-24.12
632,K,O,-20.474,18.435,-25.143
632,K,CB,-23.03,17.168,-25.265
632,K,CG,-24.128,16.122,-25.283
632,K,CD,-23.563,14.731,-25.238
632,K,CE,-24.632,13.707,-25.57
632,K,NZ,-25.811,13.771,-24.657
633,E,N,-21.012,19.065,-23.057
633,E,CA,-20.078,20.187,-23.036
633,E,C,-18.667,19.756,-22.614
633,E,O,-18.457,18.653,-22.101
633,E,CB,-20.582,21.278,-22.088
633,E,CG,-21.978,21.793,-22.385
633,E,CD,-22.042,22.666,-23.614
633,E,OE1,-23.168,23.056,-23.982
633,E,OE2,-20.98,22.97,-24.209
634,R,N,-17.702,20.643,-22.836
634,R,CA,-16.308,20.37,-22.501
634,R,C,-15.773,21.399,-21.513
634,R,O,-16.065,22.586,-21.62
634,R,CB,-15.458,20.362,-23.781
634,R,CG,-13.953,20.351,-23.549
634,R,CD,-13.213,19.678,-24.708
634,R,NE,-11.782,19.991,-24.72
634,R,CZ,-10.856,19.296,-25.381
634,R,NH1,-11.194,18.224,-26.097
634,R,NH2,-9.585,19.681,-25.335
635,S,N,-15.005,20.932,-20.537
635,S,CA,-14.426,21.818,-19.537
635,S,C,-12.925,21.924,-19.782
635,S,O,-12.266,20.926,-20.067
635,S,CB,-14.69,21.282,-18.127
635,S,OG,-14.143,22.148,-17.146
636,R,N,-12.389,23.133,-19.68
636,R,CA,-10.964,23.345,-19.9
636,R,C,-10.411,24.254,-18.813
636,R,O,-10.457,25.471,-18.941
636,R,CB,-10.745,23.977,-21.27
636,R,CG,-9.415,23.637,-21.895
636,R,CD,-8.489,24.827,-21.952
636,R,NE,-9.099,25.971,-22.615
636,R,CZ,-8.408,27.005,-23.076
636,R,NH1,-7.085,27.029,-22.95
636,R,NH2,-9.039,28.023,-23.644
637,V,N,-9.903,23.657,-17.739
637,V,CA,-9.365,24.436,-16.633
637,V,C,-7.869,24.639,-16.768
637,V,O,-7.112,23.677,-16.802
637,V,CB,-9.623,23.746,-15.282
637,V,CG1,-9.153,24.647,-14.146
637,V,CG2,-11.097,23.401,-15.143
638,R,N,-7.438,25.891,-16.851
638,R,CA,-6.015,26.171,-16.969
638,R,C,-5.424,26.471,-15.608
638,R,O,-6.116,26.961,-14.721
638,R,CB,-5.756,27.364,-17.893
638,R,CG,-5.916,27.071,-19.365
638,R,CD,-4.862,27.805,-20.193
638,R,NE,-3.516,27.353,-19.859
638,R,CZ,-2.795,27.833,-18.853
638,R,NH1,-3.285,28.791,-18.086
638,R,NH2,-1.593,27.343,-18.594
639,F,N,-4.145,26.155,-15.446
639,F,CA,-3.436,26.424,-14.202
639,F,C,-1.942,26.222,-14.407
639,F,O,-1.513,25.638,-15.399
639,F,CB,-3.973,25.549,-13.05
639,F,CG,-3.677,24.081,-13.187
639,F,CD1,-2.525,23.536,-12.634
639,F,CD2,-4.557,23.238,-13.86
639,F,CE1,-2.257,22.175,-12.748
639,F,CE2,-4.289,21.877,-13.978
639,F,CZ,-3.141,21.349,-13.422
640,D,N,-1.145,26.733,-13.482
640,D,CA,0.295,26.605,-13.602
640,D,C,0.899,25.854,-12.429
640,D,O,0.267,25.68,-11.389
640,D,CB,0.927,27.996,-13.718
640,D,CG,0.515,28.715,-14.992
640,D,OD1,0.631,29.954,-15.035
640,D,OD2,0.081,28.04,-15.955
641,I,N,2.122,25.387,-12.62
641,I,CA,2.85,24.675,-11.586
641,I,C,4.28,25.179,-11.715
641,I,O,4.643,25.804,-12.72
641,I,CB,2.807,23.153,-11.806
641,I,CG1,3.513,22.79,-13.112
641,I,CG2,1.358,22.678,-11.833
641,I,CD1,3.557,21.306,-13.383
642,L,N,5.097,24.927,-10.707
642,L,CA,6.464,25.403,-10.771
642,L,C,7.428,24.326,-10.329
642,L,O,7.728,24.204,-9.147
642,L,CB,6.619,26.632,-9.884
642,L,CG,7.901,27.436,-10.064
642,L,CD1,7.878,28.169,-11.395
642,L,CD2,8.024,28.422,-8.923
643,P,N,7.916,23.516,-11.275
643,P,CA,8.863,22.435,-10.973
643,P,C,9.987,22.857,-10.017
643,P,O,10.706,23.818,-10.284
643,P,CB,9.383,22.055,-12.357
643,P,CG,8.149,22.199,-13.196
643,P,CD,7.546,23.509,-12.7
644,S,N,10.129,22.135,-8.904
644,S,CA,11.163,22.437,-7.916
644,S,C,12.336,21.457,-7.938
644,S,O,13.38,21.748,-7.373
644,S,CB,10.565,22.498,-6.509
644,S,OG,10.157,21.22,-6.063
645,R,N,12.162,20.293,-8.564
645,R,CA,13.243,19.308,-8.695
645,R,C,13.158,18.669,-10.087
645,R,O,12.064,18.414,-10.596
645,R,CB,13.177,18.201,-7.627
645,R,CG,14.453,17.318,-7.639
645,R,CD,14.287,15.875,-7.11
645,R,NE,14.032,15.829,-5.677
645,R,CZ,12.819,15.842,-5.131
645,R,NH1,11.73,15.886,-5.898
645,R,NH2,12.694,15.842,-3.81
646,S,N,14.309,18.405,-10.695
646,S,CA,14.356,17.831,-12.039
646,S,C,14.135,16.329,-12.093
646,S,O,14.235,15.641,-11.082
646,S,CB,15.692,18.17,-12.698
646,S,OG,16.778,17.732,-11.901
647,G,N,13.839,15.831,-13.29
647,G,CA,13.602,14.409,-13.477
647,G,C,12.178,14.057,-13.892
647,G,O,11.355,14.937,-14.158
648,T,N,11.891,12.759,-13.96
648,T,CA,10.562,12.278,-14.331
648,T,C,9.641,12.451,-13.124
648,T,O,9.78,11.768,-12.11
648,T,CB,10.633,10.796,-14.796
648,T,OG1,11.219,10.75,-16.103
648,T,CG2,9.249,10.16,-14.85
649,K,N,8.715,13.398,-13.243
649,K,CA,7.794,13.715,-12.166
649,K,C,6.366,13.328,-12.521
649,K,O,5.998,13.274,-13.694
649,K,CB,7.868,15.214,-11.838
649,K,CG,9.291,15.772,-11.665
649,K,CD,10.097,15.061,-10.576
649,K,CE,9.608,15.399,-9.178
649,K,NZ,10.41,14.685,-8.13
650,Q,N,5.559,13.081,-11.493
650,Q,CA,4.183,12.653,-11.689
650,Q,C,3.118,13.671,-11.333
650,Q,O,3.013,14.1,-10.186
650,Q,CB,3.937,11.379,-10.888
650,Q,CG,2.546,10.813,-11.037
650,Q,CD,2.431,9.444,-10.407
650,Q,OE1,2.583,9.289,-9.194
650,Q,NE2,2.173,8.439,-11.233
651,L,N,2.318,14.051,-12.322
651,L,CA,1.243,14.995,-12.071
651,L,C,-0.056,14.206,-11.954
651,L,O,-0.444,13.5,-12.886
651,L,CB,1.133,16.014,-13.203
651,L,CG,0.008,17.029,-12.984
651,L,CD1,0.315,17.898,-11.764
651,L,CD2,-0.15,17.876,-14.226
652,L,N,-0.715,14.314,-10.806
652,L,CA,-1.967,13.6,-10.583
652,L,C,-3.104,14.585,-10.367
652,L,O,-2.922,15.65,-9.767
652,L,CB,-1.858,12.673,-9.362
652,L,CG,-0.89,11.484,-9.397
652,L,CD1,-0.797,10.846,-8.021
652,L,CD2,-1.364,10.475,-10.416
653,A,N,-4.281,14.224,-10.86
653,A,CA,-5.447,15.075,-10.707
653,A,C,-6.684,14.267,-10.344
653,A,O,-6.743,13.06,-10.569
653,A,CB,-5.691,15.847,-11.981
654,D,N,-7.664,14.939,-9.757
654,D,CA,-8.918,14.299,-9.399
654,D,C,-10.065,15.189,-9.82
654,D,O,-10.111,16.356,-9.435
654,D,CB,-9.039,14.078,-7.899
654,D,CG,-10.368,13.443,-7.522
654,D,OD1,-10.48,12.206,-7.632
654,D,OD2,-11.309,14.173,-7.145
655,F,N,-10.986,14.658,-10.613
655,F,CA,-12.13,15.456,-11.017
655,F,C,-13.386,14.85,-10.431
655,F,O,-13.694,13.676,-10.672
655,F,CB,-12.273,15.533,-12.533
655,F,CG,-13.398,16.417,-12.977
655,F,CD1,-13.322,17.791,-12.802
655,F,CD2,-14.549,15.877,-13.527
655,F,CE1,-14.381,18.62,-13.169
655,F,CE2,-15.617,16.695,-13.896
655,F,CZ,-15.531,18.071,-13.714
656,S,N,-14.103,15.657,-9.655
656,S,CA,-15.335,15.217,-9.018
656,S,C,-16.497,16.177,-9.238
656,S,O,-16.344,17.4,-9.144
656,S,CB,-15.117,15.023,-7.514
656,S,OG,-14.233,13.938,-7.264
657,C,N,-17.654,15.599,-9.545
657,C,CA,-18.883,16.347,-9.754
657,C,C,-20.0,15.469,-9.195
657,C,O,-19.742,14.363,-8.712
657,C,CB,-19.103,16.62,-11.237
657,C,SG,-19.146,15.15,-12.249
658,N,N,-21.238,15.95,-9.266
658,N,CA,-22.378,15.218,-8.728
658,N,C,-22.685,13.868,-9.38
658,N,O,-23.118,12.942,-8.689
658,N,CB,-23.62,16.106,-8.778
658,N,CG,-24.165,16.263,-10.176
658,N,OD1,-23.432,16.598,-11.105
658,N,ND2,-25.462,16.025,-10.335
659,K,N,-22.475,13.751,-10.693
659,K,CA,-22.752,12.5,-11.401
659,K,C,-21.491,11.677,-11.638
659,K,O,-21.554,10.581,-12.208
659,K,CB,-23.421,12.78,-12.748
659,K,CG,-24.607,13.706,-12.667
659,K,CD,-25.661,13.223,-11.678
659,K,CE,-26.379,11.975,-12.171
659,K,NZ,-27.659,11.741,-11.439
660,F,N,-20.347,12.203,-11.204
660,F,CA,-19.085,11.499,-11.386
660,F,C,-18.101,11.702,-10.245
660,F,O,-17.289,12.633,-10.269
660,F,CB,-18.407,11.928,-12.688
660,F,CG,-19.124,11.497,-13.926
660,F,CD1,-19.727,12.439,-14.758
660,F,CD2,-19.189,10.154,-14.272
660,F,CE1,-20.384,12.048,-15.92
660,F,CE2,-19.842,9.754,-15.431
660,F,CZ,-20.441,10.704,-16.256
661,P,N,-18.151,10.839,-9.219
661,P,CA,-17.185,11.058,-8.143
661,P,C,-15.843,10.446,-8.501
661,P,O,-15.774,9.398,-9.153
661,P,CB,-17.833,10.361,-6.957
661,P,CG,-18.502,9.205,-7.604
661,P,CD,-19.157,9.843,-8.817
662,A,N,-14.785,11.13,-8.088
662,A,CA,-13.41,10.689,-8.279
662,A,C,-12.976,10.162,-9.644
662,A,O,-12.685,8.977,-9.79
662,A,CB,-13.062,9.659,-7.205
663,I,N,-12.935,11.031,-10.644
663,I,CA,-12.448,10.617,-11.946
663,I,C,-10.966,10.92,-11.775
663,I,O,-10.615,11.931,-11.174
663,I,CB,-13.038,11.469,-13.088
663,I,CG1,-14.545,11.215,-13.184
663,I,CG2,-12.348,11.127,-14.4
663,I,CD1,-15.238,11.926,-14.32
664,K,N,-10.096,10.05,-12.267
664,K,CA,-8.675,10.289,-12.097
664,K,C,-7.989,10.626,-13.405
664,K,O,-8.523,10.378,-14.488
664,K,CB,-7.999,9.07,-11.475
664,K,CG,-8.844,8.317,-10.447
664,K,CD,-9.355,9.191,-9.294
664,K,CE,-8.239,9.715,-8.379
664,K,NZ,-8.782,10.45,-7.195
665,A,N,-6.798,11.203,-13.284
665,A,CA,-5.985,11.588,-14.425
665,A,C,-4.541,11.619,-13.96
665,A,O,-4.253,12.03,-12.832
665,A,CB,-6.4,12.947,-14.933
666,M,N,-3.637,11.186,-14.83
666,M,CA,-2.218,11.132,-14.506
666,M,C,-1.341,11.463,-15.72
666,M,O,-1.603,11.012,-16.835
666,M,CB,-1.909,9.742,-13.945
666,M,CG,-0.496,9.223,-14.117
666,M,SD,-0.364,7.558,-13.368
666,M,CE,-1.759,6.737,-14.163
667,L,N,-0.309,12.27,-15.496
667,L,CA,0.608,12.668,-16.561
667,L,C,2.051,12.704,-16.053
667,L,O,2.358,13.361,-15.052
667,L,CB,0.218,14.048,-17.105
667,L,CG,1.072,14.626,-18.236
667,L,CD1,0.981,13.733,-19.462
667,L,CD2,0.596,16.025,-18.566
668,S,N,2.933,11.985,-16.741
668,S,CA,4.34,11.934,-16.36
668,S,C,5.087,13.072,-17.04
668,S,O,5.178,13.124,-18.265
668,S,CB,4.949,10.597,-16.765
668,S,OG,6.293,10.514,-16.332
669,I,N,5.619,13.983,-16.235
669,I,CA,6.33,15.133,-16.754
669,I,C,7.842,15.031,-16.596
669,I,O,8.349,14.607,-15.556
669,I,CB,5.843,16.409,-16.059
669,I,CG1,4.323,16.525,-16.221
669,I,CG2,6.553,17.617,-16.63
669,I,CD1,3.691,17.686,-15.469
670,D,N,8.555,15.427,-17.648
670,D,CA,10.017,15.41,-17.66
670,D,C,10.506,16.824,-17.361
670,D,O,10.366,17.707,-18.207
670,D,CB,10.538,14.989,-19.042
670,D,CG,10.096,13.584,-19.444
670,D,OD1,8.913,13.226,-19.193
670,D,OD2,10.931,12.843,-20.026
671,V,N,11.07,17.037,-16.17
671,V,CA,11.584,18.353,-15.772
671,V,C,13.104,18.457,-15.923
671,V,O,13.856,17.673,-15.338
671,V,CB,11.202,18.688,-14.316
671,V,CG1,11.976,19.915,-13.831
671,V,CG2,9.714,18.947,-14.228
672,A,N,13.54,19.45,-16.694
672,A,CA,14.958,19.66,-16.964
672,A,C,15.724,20.492,-15.933
672,A,O,15.141,21.029,-14.98
672,A,CB,15.12,20.278,-18.343
673,E,N,17.038,20.579,-16.161
673,E,CA,18.0,21.316,-15.333
673,E,C,18.638,20.482,-14.221
673,E,O,18.394,20.806,-13.038
673,E,CB,17.354,22.567,-14.73
673,E,CG,17.504,23.823,-15.576
673,E,CD,17.008,23.641,-16.996
673,E,OE1,17.595,22.804,-17.722
673,E,OE2,16.037,24.339,-17.384
673,E,OXT,19.379,19.519,-14.532
