real_train,pred_train
0.10306942462921143,0.4921156167984009
0.15577608346939087,0.4238046407699585
0.5121861696243286,0.5113922953605652
0.3919045925140381,0.4676261246204376
0.23096203804016113,0.5223953723907471
0.19943571090698242,0.4991917312145233
0.10603451728820801,0.5765080451965332
0.12636017799377441,0.5051462054252625
0.09836947917938232,0.4850026071071625
0.1747608184814453,0.43514105677604675
0.03592872619628906,0.5204870104789734
0.36423826217651367,0.3871830999851227
0.07588863372802734,0.7072353363037109
0.17007231712341309,0.45729488134384155
0.1561753749847412,0.46088388562202454
0.058661699295043945,0.5153206586837769
0.19238781929016113,0.4577339291572571
0.03579103946685791,0.4862602949142456
0.23112845420837402,0.518343448638916
0.1742699146270752,0.42763054370880127
0.055638790130615234,0.41552799940109253
0.18182992935180664,0.534417450428009
0.08851349353790283,0.4221455454826355
0.16768622398376465,0.5127861499786377
0.19609522819519043,0.47376585006713867
0.19086456298828125,0.5056112408638
0.2035839557647705,0.43111467361450195
0.29587262868881226,0.5187203884124756
0.10693275928497314,0.5215021967887878
0.07520103454589844,0.4004429578781128
0.2946125268936157,0.46771907806396484
0.5585193634033203,0.5331270694732666
1.4888018369674683,0.5688555836677551
0.7297496795654297,0.5043653249740601
1.2368794679641724,0.5722455382347107
2.101571559906006,0.5645690560340881
0.8993250131607056,0.6118856072425842
1.5268592834472656,0.5910066962242126
1.3024744987487793,0.6220686435699463
2.1487255096435547,0.7432398796081543
2.864877700805664,0.6435654163360596
2.355186939239502,0.5896700620651245
2.36377215385437,0.5455310344696045
1.5348541736602783,0.6055211424827576
2.458399534225464,0.5085589289665222
1.3462755680084229,0.5057132840156555
0.9903500080108643,0.5075423717498779
0.4080464839935303,0.510534942150116
2.276681900024414,0.5082212090492249
0.45444583892822266,0.5735015273094177
1.753565788269043,0.5366277694702148
1.1599705219268799,0.4862486720085144
0.6017405986785889,0.5548392534255981
2.573052406311035,0.5803133845329285
1.4902844429016113,0.5967040657997131
0.686072587966919,0.583649754524231
0.6838866472244263,0.5888710618019104
1.1533381938934326,0.5440397262573242
0.42721056938171387,0.5816313028335571
0.131020188331604,0.5182851552963257
0.29738402366638184,0.4972333312034607
0.4501492977142334,0.4931434988975525
0.13234925270080566,0.47436416149139404
0.2912788987159729,0.59832364320755
0.5390138626098633,0.5198554396629333
0.09797108173370361,0.49854332208633423
0.13255006074905396,0.504369854927063
0.3545491695404053,0.6097192764282227
0.2592966556549072,0.542822539806366
0.586685299873352,0.5203796029090881
0.6212716102600098,0.5844796895980835
0.4189620614051819,0.6248310804367065
0.9925228357315063,0.5744918584823608
0.21024060249328613,0.5846838355064392
1.0034356117248535,0.6535124778747559
0.6708579063415527,0.6198524236679077
0.7025744915008545,0.5958331823348999
0.3416888117790222,0.5056642889976501
0.1822795271873474,0.5741956233978271
0.24605822563171387,0.49201518297195435
0.682299017906189,0.5151094198226929
0.25880396366119385,0.542204737663269
0.5321266651153564,0.5366713404655457
0.9816075563430786,0.49202609062194824
0.5931721925735474,0.4991104304790497
1.2212926149368286,0.47494956851005554
1.2519744634628296,0.5216231346130371
0.7132550477981567,0.6226633787155151
0.7472936511039734,0.5305700302124023
0.9398981332778931,0.5953265428543091
0.8397960066795349,0.5993474125862122
0.5476349592208862,0.5805461406707764
0.8469562530517578,0.7005084753036499
1.479061484336853,0.5843977928161621
1.9380207061767578,0.5428061485290527
1.6091370582580566,0.5875223278999329
1.7637176513671875,0.5666041970252991
0.3808526396751404,0.4943060576915741
0.4944363832473755,0.5217236280441284
0.5242888927459717,0.5275834798812866
0.11704760789871216,0.46401262283325195
0.16822344064712524,0.4683723449707031
0.9955525398254395,0.5105224847793579
1.0189096927642822,0.5558544397354126
0.4531761407852173,0.5501715540885925
1.2937428951263428,0.6209803819656372
0.6044921278953552,0.504355788230896
2.9596517086029053,0.5203551054000854
1.3935807943344116,0.7731777429580688
1.4270843267440796,0.5596268177032471
1.1499747037887573,0.4372168779373169
0.9087338447570801,0.47701331973075867
0.673372745513916,0.5240176916122437
0.886881411075592,0.5921637415885925
2.455990791320801,0.5870620608329773
0.7582685947418213,0.5873429775238037
0.4378964900970459,0.5094890594482422
0.2392113208770752,0.5188807845115662
0.9043798446655273,0.4042538106441498
0.1689128875732422,0.35897523164749146
0.279496431350708,0.4055784344673157
0.25405168533325195,0.45961320400238037
0.17174029350280762,0.39124831557273865
0.16693007946014404,0.3775053918361664
0.38104915618896484,0.4426097869873047
0.5228127241134644,0.46852976083755493
0.33154672384262085,0.5172640085220337
0.25384199619293213,0.5248662233352661
0.4455620050430298,0.5334876775741577
0.5627657175064087,0.4798972010612488
0.44084203243255615,0.5130645036697388
0.1705617904663086,0.4692580997943878
0.36769890785217285,0.43173831701278687
0.51990807056427,0.45250794291496277
0.31054532527923584,0.5383423566818237
0.3196941614151001,0.44853639602661133
0.7700338363647461,0.4989234209060669
0.65547776222229,0.49605995416641235
0.7796058654785156,0.4672117531299591
1.6975741386413574,0.5362346172332764
0.8835517168045044,0.5913748145103455
1.060603141784668,0.547378420829773
0.3263254165649414,0.681033194065094
0.0667344331741333,0.5518039464950562
0.17146462202072144,0.5406095385551453
0.17018359899520874,0.6259481906890869
0.13939416408538818,0.4642399847507477
0.16888993978500366,0.5417042374610901
0.4557121992111206,0.5688378810882568
0.17130601406097412,0.5606298446655273
0.16630196571350098,0.4950154423713684
0.19826388359069824,0.5071088671684265
0.8863399028778076,0.49300289154052734
0.1568596363067627,0.5648976564407349
0.17427515983581543,0.3822774589061737
0.7415809631347656,0.5585228800773621
0.5714598894119263,0.4941632151603699
0.29438114166259766,0.539847731590271
0.16953444480895996,0.4357639253139496
0.7404381632804871,0.43347862362861633
0.24131309986114502,0.4390225410461426
0.26626694202423096,0.38005977869033813
0.6117458343505859,0.39129459857940674
0.6061660051345825,0.4186743497848511
0.10297918319702148,0.42252087593078613
0.1591935157775879,0.35849639773368835
0.11386561393737793,0.3476785719394684
0.362552285194397,0.4081481099128723
0.21421796083450317,0.38777074217796326
0.1544036865234375,0.40247082710266113
0.36153650283813477,0.4561011493206024
0.06891024112701416,0.4032822251319885
0.17947804927825928,0.373609334230423
0.6275452971458435,0.4429919123649597
0.33556216955184937,0.41224074363708496
0.17525649070739746,0.3891570568084717
0.07756870985031128,0.4384028911590576
0.2239680290222168,0.4607929289340973
0.3399639129638672,0.44023579359054565
0.35543644428253174,0.5087804198265076
0.1379086971282959,0.49276769161224365
0.32053303718566895,0.5027836561203003
0.45403873920440674,0.43127623200416565
0.43088436126708984,0.44382786750793457
0.7853298187255859,0.47416651248931885
0.027044057846069336,0.5177945494651794
0.21332526206970215,0.5778821110725403
0.19159287214279175,0.5881961584091187
0.08645403385162354,0.4578813314437866
0.16987758874893188,0.38579005002975464
0.06298422813415527,0.4086795747280121
0.25498151779174805,0.47824352979660034
0.20751774311065674,0.4913024306297302
0.05558210611343384,0.4556461572647095
0.09148049354553223,0.4134555160999298
0.13810980319976807,0.4608973264694214
0.17805910110473633,0.4671785533428192
0.0650331974029541,0.4705601632595062
0.19241046905517578,0.4432521462440491
0.24698519706726074,0.5230662822723389
0.20082449913024902,0.5167015790939331
0.15986323356628418,0.45493024587631226
0.2389761209487915,0.40494200587272644
0.14848566055297852,0.5461085438728333
0.07689201831817627,0.5450419783592224
0.1157846450805664,0.5399731993675232
0.14140558242797852,0.5704366564750671
0.34240007400512695,0.5660696625709534
0.5759290456771851,0.4881758689880371
0.21236395835876465,0.5100972056388855
0.9663184285163879,0.5568199157714844
0.7335915565490723,0.5621556639671326
0.2915240526199341,0.6617557406425476
0.8986309766769409,0.6050609946250916
0.3035299479961395,0.6036080121994019
0.16538190841674805,0.5753037929534912
0.4313317537307739,0.5271649956703186
0.1949901580810547,0.5926237106323242
0.16800367832183838,0.5918229818344116
0.09872210025787354,0.5077773332595825
0.2912513017654419,0.5145794153213501
0.8985840082168579,0.612018346786499
0.24460196495056152,0.5686566233634949
0.3305196762084961,0.5581907033920288
0.17060625553131104,0.5450502038002014
0.16252291202545166,0.5649281144142151
0.11820042133331299,0.4905742108821869
0.10117268562316895,0.467677503824234
0.2088162899017334,0.48485898971557617
0.11062407493591309,0.5233086347579956
0.03748887777328491,0.44106483459472656
0.10653305053710938,0.548996090888977
0.36988282203674316,0.5434622764587402
0.08097493648529053,0.5076863765716553
0.11819595098495483,0.5192427635192871
0.08750879764556885,0.528184175491333
0.3348310589790344,0.5429727435112
0.1527012586593628,0.489061176776886
0.22633570432662964,0.5861855745315552
0.46416139602661133,0.5711547136306763
0.8529220819473267,0.6068150997161865
1.5141899585723877,0.6230248212814331
0.352178692817688,0.7175657749176025
0.9708442687988281,1.030630111694336
0.25080347061157227,0.8291077613830566
0.39919930696487427,0.8565982580184937
0.18547606468200684,0.4969211518764496
0.2812553644180298,0.5123534202575684
0.43487221002578735,0.5775102376937866
0.26201295852661133,0.5510995984077454
0.5966739654541016,0.7511309385299683
0.28321611881256104,0.4550788402557373
0.2089531421661377,0.5090162754058838
0.1551668643951416,0.5359011292457581
0.1997966766357422,0.4116949737071991
0.2760770320892334,0.5584865212440491
0.20600271224975586,0.4830898940563202
0.16186809539794922,0.4645119309425354
0.5853326320648193,0.47110268473625183
0.343306303024292,0.5608267784118652
0.11671209335327148,0.5328516960144043
0.2118586301803589,0.5418180823326111
1.0533329248428345,0.583980143070221
0.9160968661308289,0.7389109134674072
1.875922441482544,0.7218942642211914
0.7680439352989197,0.5741102695465088
2.3489716053009033,0.5424709916114807
1.2550442218780518,0.49984079599380493
1.838968276977539,0.46908414363861084
1.7012999057769775,0.5384358763694763
1.2787753343582153,0.4367879033088684
0.9482382535934448,0.49113330245018005
0.6254901885986328,0.47802209854125977
0.7934966087341309,0.48011544346809387
1.2785282135009766,0.525230348110199
0.6815438270568848,0.5827524662017822
0.386651873588562,0.5306723713874817
0.9295711517333984,0.5118509531021118
0.7749021053314209,0.47933945059776306
0.4897500276565552,0.45271462202072144
0.9911701679229736,0.42320525646209717
0.5193827748298645,0.4475381672382355
0.2967855930328369,0.39199328422546387
0.46111905574798584,0.4578380584716797
0.36281514167785645,0.38463759422302246
0.12256252765655518,0.3765140175819397
0.18406975269317627,0.4355611205101013
0.1749897003173828,0.4230787754058838
0.3121606111526489,0.4275073707103729
0.17255961894989014,0.3966589570045471
0.1700350046157837,0.4484430253505707
0.14780479669570923,0.4902520775794983
0.2636539936065674,0.47366124391555786
0.45510220527648926,0.5115511417388916
0.29360437393188477,0.5732132792472839
0.4142475128173828,0.5201882123947144
0.305344820022583,0.577046275138855
0.19986915588378906,0.5182973146438599
0.32206225395202637,0.5957961678504944
0.4803001880645752,0.6380302309989929
0.4269501566886902,0.5941629409790039
0.29650259017944336,0.5474647283554077
0.5631970167160034,0.5788823366165161
0.27366483211517334,0.6010875701904297
0.2854871153831482,0.6022588014602661
0.25100767612457275,0.5225946307182312
0.3755509853363037,0.5067752599716187
0.3350149989128113,0.5108450055122375
0.6177677512168884,0.5246726870536804
0.18687188625335693,0.4511481821537018
0.7142108678817749,0.48515063524246216
0.2569289207458496,0.4304593503475189
0.5819317102432251,0.44952383637428284
0.44616907835006714,0.4663218855857849
0.23225927352905273,0.49991440773010254
0.7907867431640625,0.4231540262699127
0.7587798833847046,0.45493951439857483
0.22179508209228516,0.43232160806655884
0.5052909851074219,0.4877316951751709
0.44403451681137085,0.4350001811981201
0.25325316190719604,0.45105525851249695
0.9982681274414062,0.5002565383911133
0.2959299087524414,0.4748213291168213
0.25856903195381165,0.4748353064060211
0.3675527572631836,0.539109468460083
0.40257954597473145,0.5430699586868286
0.7632937431335449,0.5243796110153198
0.6486779451370239,0.5359182953834534
1.1688584089279175,0.4531421661376953
0.21903371810913086,0.5836942195892334
1.2113107442855835,0.4557052254676819
1.1564830541610718,0.4759122133255005
0.5814151763916016,0.536833643913269
0.34430670738220215,0.5702069401741028
0.8842438459396362,0.6414916515350342
0.3603771924972534,0.5017765760421753
1.1002062559127808,0.5231631398200989
0.12654781341552734,0.62883460521698
0.26765990257263184,0.537746787071228
0.2605036497116089,0.45148465037345886
0.7315893173217773,0.39465799927711487
0.33618783950805664,0.42149442434310913
0.14812660217285156,0.5084928274154663
0.2842200994491577,0.46468257904052734
0.19227516651153564,0.4862888753414154
0.09517931938171387,0.4230448603630066
0.3055262565612793,0.4802398979663849
0.3187171220779419,0.3845609128475189
0.3463364839553833,0.6109501123428345
0.21241027116775513,0.4296267628669739
0.1818234920501709,0.4522140324115753
0.1514439582824707,0.4380296766757965
0.20598173141479492,0.3974602520465851
0.14189743995666504,0.41960668563842773
0.25282490253448486,0.4633784890174866
0.06521821022033691,0.3790387511253357
0.1840193271636963,0.3759787380695343
0.19234824180603027,0.44398272037506104
0.21266627311706543,0.4828638732433319
0.2559783458709717,0.3520227372646332
0.27711236476898193,0.4534669518470764
0.9480056762695312,0.5199624300003052
0.4175605773925781,0.4170253574848175
0.9772179126739502,0.3673054873943329
0.30669212341308594,1.6271848678588867
1.160269021987915,1.4716795682907104
0.38779526948928833,1.510184645652771
0.3173573613166809,1.4523537158966064
1.090531826019287,1.2382709980010986
1.6754355430603027,1.0551166534423828
1.9664239883422852,1.4779462814331055
0.9602137804031372,0.7713907957077026
1.213341474533081,0.7442682981491089
0.423841655254364,0.49955058097839355
0.253109335899353,0.5162720680236816
1.3864595890045166,0.5195967555046082
0.2904989719390869,0.49262115359306335
1.5537211894989014,0.4673265218734741
1.2173256874084473,0.5591520667076111
0.6606075763702393,0.46997690200805664
1.6848063468933105,0.497001975774765
1.6516737937927246,0.429517924785614
1.8082003593444824,0.47217869758605957
0.6970925331115723,0.5388971567153931
0.23099446296691895,0.4495401084423065
1.5286515951156616,0.6525732278823853
0.7346063852310181,0.5105413198471069
0.729595422744751,0.5821632146835327
0.2232193946838379,0.4617732763290405
0.15916413068771362,0.5933117270469666
0.30170559883117676,0.5344580411911011
1.253861904144287,0.6077704429626465
0.12492898106575012,0.42444679141044617
0.3400782346725464,0.49320441484451294
0.171120285987854,0.4971460700035095
0.5821410417556763,0.4448472857475281
0.19392412900924683,0.4729710519313812
0.18362343311309814,0.7052916288375854
0.2667362093925476,0.49095919728279114
0.2495870590209961,0.6374338269233704
0.4107670783996582,0.486567884683609
0.14641916751861572,0.5194037556648254
0.7256214618682861,0.4879400432109833
0.21822118759155273,0.5746362209320068
0.652649998664856,0.5143764615058899
0.3116934299468994,0.5113575458526611
0.8752636909484863,0.4751184582710266
0.24764788150787354,0.7386218309402466
0.3229135274887085,0.5931571125984192
1.1460328102111816,0.90547114610672
0.6405700445175171,0.9439311027526855
0.25811076164245605,0.7765579223632812
0.27056050300598145,0.9138134717941284
0.23246687650680542,0.5081170201301575
0.3733656406402588,0.8304175734519958
0.48970991373062134,0.4916398525238037
0.29160141944885254,0.5075433254241943
0.31203389167785645,0.6502135992050171
2.2837750911712646,0.684077262878418
0.740969181060791,0.4772295653820038
0.24149930477142334,0.4921112358570099
0.23175740242004395,0.45226535201072693
0.7093688249588013,0.5177646279335022
0.6115773916244507,0.5222580432891846
0.3476722240447998,0.4658076763153076
0.6119029521942139,0.5656105279922485
0.7946391105651855,0.5033193826675415
0.19878792762756348,0.5470412373542786
0.5648236274719238,0.49721261858940125
1.3759994506835938,0.5636853575706482
0.23922038078308105,0.4595303237438202
0.3489835262298584,0.45076805353164673
1.3731937408447266,0.4659539759159088
0.6521100997924805,0.5171881318092346
0.2577838897705078,0.5672850608825684
0.25884175300598145,0.4160895347595215
1.3511221408843994,0.4336048364639282
0.9201333522796631,0.4415259063243866
2.0192246437072754,0.5853854417800903
0.35318422317504883,0.5608538389205933
1.1397631168365479,0.49299201369285583
0.22991406917572021,0.49072718620300293
0.5216104984283447,0.5227686166763306
0.23521041870117188,0.5393162369728088
0.6831728219985962,0.46514710783958435
1.0142649412155151,0.5159070491790771
0.345294713973999,0.4635135531425476
0.095878005027771,0.48999547958374023
0.23049604892730713,0.5261721611022949
0.3818693161010742,0.5119596719741821
0.19590723514556885,0.42798760533332825
0.24490946531295776,0.5549594163894653
0.27825403213500977,0.5666354894638062
0.11976981163024902,0.5039061307907104
0.0949288010597229,0.5557378530502319
0.32647860050201416,0.46672385931015015
0.17372417449951172,0.5345048904418945
0.12698328495025635,0.5854861736297607
0.2391270399093628,0.5218116641044617
0.35747599601745605,0.5682471990585327
0.23163831233978271,0.5276008248329163
1.267460584640503,0.5417567491531372
0.07760363817214966,0.5204792022705078
0.0942155122756958,0.5642139315605164
0.6673026084899902,0.5594668388366699
0.06837886571884155,0.5577009320259094
0.2364896535873413,0.5307079553604126
0.2137366533279419,0.5847878456115723
0.15640676021575928,0.5956384539604187
0.17307305335998535,0.5779905319213867
0.19019949436187744,0.5049323439598083
0.20711708068847656,0.48260247707366943
0.13864660263061523,0.5005999803543091
0.25161242485046387,0.5458376407623291
0.15741205215454102,0.43209603428840637
0.10027098655700684,0.5810986757278442
0.217399001121521,0.7483397722244263
0.40229225158691406,0.6458925008773804
0.23876655101776123,0.568118155002594
0.08675634860992432,0.5010775327682495
1.1354414224624634,0.43495669960975647
0.4598515033721924,0.5445073843002319
1.1323689222335815,0.4600679576396942
0.3879837393760681,0.5364267826080322
0.778229832649231,0.5413113832473755
0.8403822183609009,0.5350730419158936
0.2706030607223511,0.5880463123321533
0.15527749061584473,0.5772767066955566
0.19787263870239258,0.4942947030067444
0.15694475173950195,0.5574947595596313
0.48710542917251587,0.5887554287910461
0.10451936721801758,0.5093461871147156
0.44722312688827515,0.5739088654518127
0.06301450729370117,0.5088710784912109
0.08917254209518433,0.44503700733184814
0.12253385782241821,0.4856249988079071
0.08445096015930176,0.5142059326171875
0.2142341136932373,0.5316963195800781
0.36598682403564453,0.5468807220458984
0.21748197078704834,0.5023410320281982
0.43376636505126953,0.5288779735565186
0.2836751341819763,0.5167872905731201
0.26232457160949707,0.5410824418067932
0.5768814086914062,0.5205572247505188
0.12706208229064941,0.4305242896080017
0.5688537359237671,0.5149027705192566
0.21067261695861816,0.5087612271308899
0.1582963466644287,0.5899088978767395
0.12947726249694824,0.5133322477340698
0.1683887243270874,0.4557111859321594
0.136277437210083,0.5370689630508423
0.3938150405883789,0.5464938282966614
0.20659160614013672,0.5498539209365845
0.17243599891662598,0.5290614366531372
0.25673723220825195,0.536349892616272
0.7080824375152588,0.5581595301628113
0.5851373672485352,0.5974913835525513
0.3337056636810303,0.5822513103485107
0.28524917364120483,0.5679272413253784
0.1694355010986328,0.6003798246383667
0.3552989959716797,0.5649452805519104
0.21955549716949463,0.5332967042922974
0.13950812816619873,0.5447401404380798
0.13410735130310059,0.5800638794898987
0.0674542784690857,0.5211987495422363
0.4171742796897888,0.5757746696472168
0.16410326957702637,0.4900461733341217
0.08982455730438232,0.49274909496307373
0.35449278354644775,0.47680971026420593
0.17226314544677734,0.4548879563808441
0.18943166732788086,0.5515956878662109
0.31716102361679077,0.4615316390991211
0.2664153575897217,0.5474204421043396
0.31220149993896484,0.5518231987953186
0.3502523899078369,0.5535650253295898
0.34535181522369385,0.5319159626960754
1.0968194007873535,0.5360535383224487
0.5603995323181152,0.6014485955238342
0.3787285089492798,0.5491808652877808
0.1454569697380066,0.660003662109375
0.22840476036071777,0.7108081579208374
0.4813610315322876,0.6281445622444153
0.32304733991622925,0.5631428956985474
0.6871583461761475,0.5829116702079773
0.6222637891769409,0.5970607399940491
0.15002495050430298,0.7034724354743958
0.5813174247741699,0.6067475080490112
0.40358465909957886,0.5650151371955872
0.2043764591217041,0.5194066166877747
0.27470046281814575,0.44152116775512695
0.2660072445869446,0.5662664771080017
0.643043577671051,0.4992821216583252
0.3156634569168091,0.5069856643676758
0.43129193782806396,0.49987804889678955
0.7310330867767334,0.4747551679611206
0.09760642051696777,0.5400217771530151
0.12860894203186035,0.48637521266937256
0.13510465621948242,0.3896946907043457
0.46744203567504883,0.49076855182647705
0.26789283752441406,0.5509113073348999
0.6147645115852356,0.544835090637207
0.5652134418487549,0.5288329124450684
0.6655412912368774,0.508920431137085
0.0705304741859436,0.529362678527832
0.3101041316986084,0.48171377182006836
0.5362708568572998,0.47796040773391724
0.4963306188583374,0.5337036848068237
0.1688409447669983,0.478170245885849
0.18187981843948364,0.4564879536628723
0.21265840530395508,0.5002718567848206
0.19710540771484375,0.4745129942893982
0.2547951936721802,0.5215355157852173
0.19479680061340332,0.5565875172615051
0.1078031063079834,0.569423496723175
0.23551374673843384,0.483247846364975
0.30550360679626465,0.5394725799560547
1.5250344276428223,0.5117618441581726
0.3076026439666748,0.5688527822494507
0.30140435695648193,0.586593747138977
0.13319778442382812,0.5308692455291748
0.14169299602508545,0.5396319031715393
0.706012487411499,0.5208764672279358
0.1083681583404541,0.5332679152488708
0.32674896717071533,0.49092787504196167
0.46854841709136963,0.5608403086662292
0.033629655838012695,0.599936842918396
0.04144233465194702,0.5142129063606262
0.4210231304168701,0.5541900992393494
0.22933721542358398,0.5040030479431152
0.2852623462677002,0.48606210947036743
0.022852301597595215,0.4564642012119293
0.029972493648529053,0.4590025842189789
0.12967240810394287,0.4646740257740021
0.1372368335723877,0.5142287015914917
0.06449306011199951,0.42048773169517517
0.07201528549194336,0.489840030670166
0.08873438835144043,0.4873555302619934
0.1135721206665039,0.509751558303833
0.060015082359313965,0.43352362513542175
0.05794501304626465,0.5070439577102661
0.3175770044326782,0.4732000231742859
0.1382201910018921,0.4822227358818054
0.20421326160430908,0.47760841250419617
0.25025737285614014,0.46408164501190186
0.36817264556884766,0.4770139753818512
0.17517900466918945,0.4598667621612549
0.22301292419433594,0.48733800649642944
0.19171786308288574,0.5128305554389954
0.6325709819793701,0.4963729679584503
0.9568915963172913,0.4422329366207123
0.49333369731903076,0.4722190797328949
1.2738714218139648,0.5093035697937012
0.2953559160232544,0.5492737293243408
0.2601583003997803,0.567613959312439
0.22703909873962402,0.4536125361919403
0.22351008653640747,0.5568914413452148
0.14676332473754883,0.5356631278991699
0.568666934967041,0.530044436454773
0.1532142162322998,0.5369248986244202
0.24240320920944214,0.4799261689186096
0.3543933033943176,0.49641841650009155
0.6781611442565918,0.47731995582580566
0.8168456554412842,0.5613558888435364
0.19549036026000977,0.5148716568946838
0.32739412784576416,0.5701509714126587
0.4418231248855591,0.5496705770492554
0.263297438621521,0.5499906539916992
0.46816742420196533,0.5695784091949463
0.21659541130065918,0.5774566531181335
0.4492896795272827,0.5796746015548706
0.2209150493144989,0.5539512038230896
0.7002382874488831,0.582977294921875
0.8781460523605347,0.6079931855201721
0.38887524604797363,0.5447871685028076
0.3017005920410156,0.5148739814758301
0.3063085079193115,0.634044349193573
0.20784783363342285,0.6193410158157349
0.38865232467651367,0.6073536276817322
0.38706737756729126,0.5392115712165833
0.1625482439994812,0.5948987007141113
0.07493185997009277,0.5665981769561768
0.11574375629425049,0.5763890743255615
0.1964205503463745,0.5196732878684998
0.45581746101379395,0.555662989616394
0.4745866656303406,0.5563122034072876
0.5005792379379272,0.5567615628242493
1.1791274547576904,0.5440720915794373
0.500372052192688,0.576755166053772
0.9258567094802856,0.4733479917049408
1.038480520248413,0.5045837163925171
1.0738273859024048,0.4499221444129944
0.45900046825408936,0.4270422160625458
0.24039912223815918,0.5099475383758545
0.8110237121582031,0.5186341404914856
0.9121142625808716,0.5302354693412781
0.8615587949752808,0.43705084919929504
0.4353606700897217,0.49476373195648193
0.25914156436920166,0.5113192200660706
0.8176669478416443,0.519366979598999
0.13401460647583008,0.4564615786075592
0.16387498378753662,0.48639193177223206
0.1810154914855957,0.4758305549621582
0.2585768699645996,0.4997537136077881
0.4335070848464966,0.5213786363601685
0.8194024562835693,0.5902819633483887
0.3934081792831421,0.5926269292831421
0.21277546882629395,0.529354453086853
0.6593050956726074,0.47192832827568054
0.16816043853759766,0.5435017943382263
0.1792612075805664,0.5026791095733643
0.18565380573272705,0.5719513297080994
0.19780778884887695,0.571733295917511
0.3808319568634033,0.5826700925827026
0.2803201675415039,0.536257803440094
0.09039187431335449,0.5611035227775574
0.394569993019104,0.5400015711784363
0.516231119632721,0.5523825287818909
0.27387309074401855,0.5698778033256531
0.05991637706756592,0.5029246211051941
0.15978628396987915,0.474714457988739
0.15422272682189941,0.5296979546546936
0.20735228061676025,0.6116223931312561
0.09251779317855835,0.5241056084632874
0.1797105073928833,0.5101127028465271
0.21659636497497559,0.6116799712181091
0.423725962638855,0.5172579884529114
0.09591245651245117,0.49441421031951904
0.18228769302368164,0.4872263967990875
0.13899540901184082,0.4884464144706726
0.2621028423309326,0.5071687698364258
0.1256401538848877,0.4410809576511383
0.35139667987823486,0.510321855545044
0.11654806137084961,0.5153501033782959
0.13582956790924072,0.47651568055152893
0.24838411808013916,0.4656081199645996
0.18899321556091309,0.5374758839607239
0.2596147060394287,0.569805920124054
0.16115903854370117,0.5225440859794617
0.44900238513946533,0.5153586864471436
0.7950699329376221,0.49303555488586426
0.29139769077301025,0.5090019702911377
0.3944568634033203,0.5282176733016968
0.34992003440856934,0.5057430863380432
1.21405029296875,0.5537620782852173
1.0619261264801025,0.5422539710998535
0.7764824628829956,0.46405869722366333
0.42364501953125,0.5803563594818115
1.3577933311462402,0.49056774377822876
0.6118011474609375,0.4872428774833679
1.176165223121643,0.49941563606262207
1.5034269094467163,0.4992910325527191
0.1808832287788391,0.45368140935897827
0.3936157822608948,0.48955145478248596
0.24860495328903198,0.4792305529117584
0.14544489979743958,0.5118426084518433
0.05026310682296753,0.5741153955459595
0.10962247848510742,0.41683921217918396
0.22198009490966797,0.5122083425521851
0.14212274551391602,0.44261738657951355
0.9280132055282593,0.48725277185440063
0.13765501976013184,0.4173489809036255
0.5546562671661377,0.4529139995574951
0.27478277683258057,0.473413348197937
0.07749271392822266,0.4193146526813507
0.10694468021392822,0.39370447397232056
0.2240293025970459,0.5477817058563232
0.14236778020858765,0.4931880831718445
0.4178256392478943,0.4358495771884918
0.14285242557525635,0.5038664937019348
0.11599421501159668,0.5078654885292053
0.19682037830352783,0.4989888370037079
0.35928618907928467,0.5298846960067749
0.023378312587738037,0.48356208205223083
0.05147504806518555,0.5070788860321045
0.07546877861022949,0.45934098958969116
0.11918216943740845,0.5844711065292358
0.13905012607574463,0.5445442795753479
0.35643863677978516,0.4953387677669525
0.28017640113830566,0.5058031678199768
0.45671236515045166,0.5734574794769287
0.09361481666564941,0.5391629934310913
0.2576378583908081,0.5092694163322449
0.17255640029907227,0.5172828435897827
0.3420129418373108,0.4989473223686218
0.042725324630737305,0.524357795715332
0.11294794082641602,0.5246245861053467
0.19655466079711914,0.5671108961105347
0.25136178731918335,0.5840874910354614
0.09297502040863037,0.5339635014533997
0.10493677854537964,0.5302801132202148
0.02590012550354004,0.5605570077896118
0.04139035940170288,0.521394670009613
0.10571962594985962,0.5164629220962524
0.09106051921844482,0.6085231304168701
0.13340169191360474,0.48517587780952454
0.20681965351104736,0.48750782012939453
0.13158535957336426,0.5522819757461548
0.09388017654418945,0.49039578437805176
0.14776992797851562,0.46348661184310913
0.08629608154296875,0.5417132377624512
0.5593961477279663,0.5576220750808716
0.15952730178833008,0.43588510155677795
0.09897112846374512,0.45121902227401733
0.21974217891693115,0.47691458463668823
0.40922003984451294,0.4532143473625183
0.0716848373413086,0.43607819080352783
0.1558685302734375,0.4720976948738098
0.10385042428970337,0.45515576004981995
0.06969022750854492,0.5580390095710754
0.0641331672668457,0.43064942955970764
0.11046916246414185,0.43622133135795593
0.09748023748397827,0.28967756032943726
0.14678692817687988,0.3704189360141754
0.4526345729827881,0.5008975267410278
0.21309280395507812,0.4918631613254547
0.038907527923583984,0.36355912685394287
0.19123220443725586,0.5505311489105225
0.1976323127746582,0.5339866280555725
0.056458234786987305,0.5220781564712524
0.12638545036315918,0.5782594680786133
0.38488084077835083,0.5199554562568665
0.2689347267150879,0.536675214767456
0.06184279918670654,0.5038362741470337
0.06600511074066162,0.4882177710533142
0.33285391330718994,0.4966607093811035
0.3595026731491089,0.5593417882919312
0.16930317878723145,0.5767722725868225
0.06664466857910156,0.5756234526634216
0.08975517749786377,0.5823119282722473
0.33901071548461914,0.5249070525169373
0.10775232315063477,0.5126222372055054
0.029790878295898438,0.5592052340507507
0.06720995903015137,0.5579491257667542
0.14666569232940674,0.4945414364337921
0.05472302436828613,0.4739587604999542
0.31279516220092773,0.5799257159233093
0.11792325973510742,0.508322536945343
0.22103309631347656,0.5485650897026062
0.16705316305160522,0.5160044431686401
0.1305485963821411,0.45602017641067505
0.10843837261199951,0.42302611470222473
0.11924982070922852,0.4971843957901001
0.2544593811035156,0.40411898493766785
0.13045215606689453,0.5153803825378418
0.2807621955871582,0.5481421947479248
0.07313227653503418,0.5580745339393616
0.6081372499465942,0.5186048150062561
0.1594361662864685,0.502395749092102
0.024962306022644043,0.48198407888412476
0.16571319103240967,0.4495236277580261
0.13627541065216064,0.5738183259963989
0.2814651131629944,0.46615275740623474
0.622855007648468,0.43071651458740234
0.5657986402511597,0.5342298746109009
0.09394407272338867,0.4669225215911865
0.2703406810760498,0.5236074924468994
0.08622395992279053,0.549094557762146
0.10672688484191895,0.49952635169029236
0.2171485424041748,0.5543898344039917
0.18773412704467773,0.5525981187820435
0.3370685577392578,0.49179333448410034
0.17655932903289795,0.4581710696220398
0.23796725273132324,0.5056999325752258
0.6188469529151917,0.5165553689002991
0.23583704233169556,0.5515222549438477
0.4647655487060547,0.5285677909851074
0.31151461601257324,0.5776691436767578
0.43145835399627686,0.5566364526748657
0.15968775749206543,0.49905791878700256
0.5595968961715698,0.6327837109565735
0.4424370527267456,0.5942754745483398
1.374324083328247,0.5816788673400879
0.2513601779937744,0.5046257376670837
0.19944041967391968,0.44881671667099
0.07030630111694336,0.5005379915237427
0.2092379331588745,0.46018093824386597
0.5023387670516968,0.5000379085540771
0.07270526885986328,0.49520570039749146
0.12528502941131592,0.5596997141838074
0.324998140335083,0.527794599533081
0.17482316493988037,0.5359877943992615
0.3394758105278015,0.5440422296524048
0.20367431640625,0.5309955477714539
0.38586151599884033,0.5004145503044128
1.7485774755477905,0.5434080958366394
0.14727544784545898,0.5219060182571411
0.21195954084396362,0.5128974914550781
0.16664481163024902,0.5158722400665283
0.4327738285064697,0.46392136812210083
0.1367809772491455,0.4672500491142273
0.08681869506835938,0.5056173801422119
0.18197059631347656,0.42136168479919434
0.24400544166564941,0.4632432460784912
0.15448033809661865,0.47333696484565735
0.3112887144088745,0.4536750316619873
0.19460397958755493,0.5035133361816406
0.06779474020004272,0.451122522354126
0.1256282925605774,0.48190128803253174
0.20825117826461792,0.486472487449646
0.07941579818725586,0.46626901626586914
0.10714066028594971,0.44881966710090637
0.15617531538009644,0.37623998522758484
0.13229334354400635,0.42522791028022766
0.22775107622146606,0.5032462477684021
0.1582033634185791,0.47274503111839294
0.7211565375328064,0.3850876986980438
0.1624363660812378,0.40239423513412476
0.1848773956298828,0.42160293459892273
0.24832677841186523,0.48382368683815
0.1419539451599121,0.5184115767478943
0.12420964241027832,0.4329279959201813
0.18601703643798828,0.4448848068714142
0.23457562923431396,0.4825199246406555
0.27711570262908936,0.5190550088882446
0.36678552627563477,0.5122443437576294
0.1807492971420288,0.5681030750274658
0.12698030471801758,0.5185222029685974
0.40644335746765137,0.5414496064186096
0.12072086334228516,0.5204414129257202
0.15993154048919678,0.5104103684425354
0.12481909990310669,0.49544209241867065
0.20678341388702393,0.5000224113464355
0.3305305242538452,0.5250428915023804
0.051213204860687256,0.5333200097084045
0.19681471586227417,0.4913501739501953
0.11938357353210449,0.47423824667930603
0.17175018787384033,0.46760880947113037
0.3394421339035034,0.43687066435813904
0.5416674017906189,0.4779968857765198
0.2830411195755005,0.5300676226615906
0.07759582996368408,0.5577588081359863
0.09683513641357422,0.4744042754173279
0.24401986598968506,0.5152005553245544
0.366824746131897,0.5302985906600952
0.21058988571166992,0.4692256450653076
0.2524036169052124,0.4120360314846039
0.08550071716308594,0.4174374043941498
0.20598745346069336,0.4144694209098816
0.04926133155822754,0.4212486743927002
0.09716159105300903,0.4071309268474579
0.4047517776489258,0.4511573314666748
0.24881362915039062,0.38152772188186646
0.3845953941345215,0.46187761425971985
0.12141633033752441,0.4627985954284668
0.18568837642669678,0.44447988271713257
0.13066840171813965,0.436786949634552
0.2225666046142578,0.5283601880073547
0.07316195964813232,0.41881829500198364
0.22965067625045776,0.5227157473564148
0.19385045766830444,0.46654561161994934
0.12059324979782104,0.43220534920692444
0.16292697191238403,0.4593350887298584
0.17025017738342285,0.4517364203929901
0.11840075254440308,0.5568100214004517
0.10338056087493896,0.4747469127178192
0.13624882698059082,0.41284874081611633
0.14904999732971191,0.4589136242866516
0.11071014404296875,0.47451311349868774
0.10779404640197754,0.4697308838367462
0.07853353023529053,0.48810437321662903
0.12688708305358887,0.4914144277572632
0.14150571823120117,0.4924452304840088
0.09861642122268677,0.49070483446121216
0.18384945392608643,0.5469096899032593
0.04616814851760864,0.4869118332862854
0.16368401050567627,0.4859527349472046
0.2828723192214966,0.5519696474075317
0.1292436122894287,0.5046168565750122
0.10249841213226318,0.46904951333999634
0.20167148113250732,0.4705764055252075
0.10255265235900879,0.4219079315662384
0.1875298023223877,0.4077051877975464
0.05991768836975098,0.4194895923137665
0.1313772201538086,0.4619915783405304
0.4236332178115845,0.4067549705505371
0.3814584016799927,0.34608665108680725
0.22016692161560059,0.384154736995697
0.023137152194976807,0.35989415645599365
0.08763033151626587,0.2778545320034027
0.07258939743041992,0.38179969787597656
0.19786643981933594,0.37528371810913086
0.3103015422821045,0.4074655771255493
0.43254125118255615,0.38779059052467346
0.20212876796722412,0.42919984459877014
0.0741962194442749,0.44755181670188904
0.38857221603393555,0.38557758927345276
0.07811784744262695,0.4270783066749573
0.2383437156677246,0.38664987683296204
0.16856825351715088,0.43206435441970825
0.0845637321472168,0.45332664251327515
0.23088324069976807,0.46747177839279175
0.1540272831916809,0.5258921980857849
0.36937469244003296,0.509579062461853
0.10251188278198242,0.4934234619140625
0.11663520336151123,0.4224667549133301
0.2539607286453247,0.4778020977973938
0.05843782424926758,0.4064598083496094
0.19759953022003174,0.4138832092285156
0.12128221988677979,0.4196634292602539
0.12511110305786133,0.39683377742767334
0.121986985206604,0.4923771917819977
0.1258302927017212,0.4822193384170532
0.4570152759552002,0.5432096123695374
0.2881509065628052,0.4949224889278412
0.17196357250213623,0.4543655514717102
0.4238321781158447,0.4146895706653595
0.10086822509765625,0.4324251711368561
0.1708611249923706,0.3889992833137512
0.14532971382141113,0.505122721195221
0.10375797748565674,0.5310418009757996
0.18582409620285034,0.48721247911453247
0.13245069980621338,0.47817057371139526
0.05128353834152222,0.48698651790618896
0.10556131601333618,0.48940980434417725
0.45393651723861694,0.5310659408569336
0.024725675582885742,0.514022707939148
0.249455988407135,0.5599626302719116
0.05719047784805298,0.4910117983818054
0.12821215391159058,0.5686842203140259
0.35284847021102905,0.4529455304145813
0.5097535848617554,0.5210952758789062
0.1631631851196289,0.4034828841686249
0.2276853322982788,0.43332844972610474
0.26651716232299805,0.37286531925201416
0.1563856601715088,0.3906078040599823
0.15538477897644043,0.40044185519218445
0.10217070579528809,0.4626753330230713
0.0422741174697876,0.48146331310272217
0.2727092504501343,0.47275885939598083
0.06296062469482422,0.44407379627227783
0.184279203414917,0.4093981385231018
0.512485146522522,0.5061622858047485
0.3050830364227295,0.5719914436340332
0.17332077026367188,0.4954957664012909
0.7078540921211243,0.5298008322715759
0.23756051063537598,0.5426735877990723
0.1514940857887268,0.5426663756370544
0.4015328884124756,0.525297999382019
0.0908653736114502,0.5326200723648071
0.12237429618835449,0.5237590670585632
0.06834244728088379,0.5135113000869751
0.17696070671081543,0.5366082787513733
0.08327746391296387,0.5904545783996582
0.08868956565856934,0.517887532711029
0.2409692406654358,0.5017508864402771
0.13198983669281006,0.5185796022415161
0.2992815375328064,0.49139606952667236
0.09576892852783203,0.5108687281608582
0.08612203598022461,0.48847076296806335
0.14869606494903564,0.5406374931335449
0.25382983684539795,0.5467418432235718
0.36386656761169434,0.5238859057426453
0.1333082914352417,0.43970033526420593
0.1211850643157959,0.456366628408432
0.25950437784194946,0.464260995388031
0.07390660047531128,0.4449840188026428
0.1538686752319336,0.4899384379386902
0.3164907693862915,0.47396528720855713
0.14362198114395142,0.49633169174194336
0.14958512783050537,0.5333081483840942
0.15929913520812988,0.4837135672569275
0.09374845027923584,0.447482168674469
0.2079761028289795,0.45896509289741516
0.13037407398223877,0.4862199127674103
0.23027777671813965,0.5162570476531982
0.5655736327171326,0.5506470203399658
0.8262327313423157,0.5569858551025391
1.3730261325836182,0.5780706405639648
1.1507651805877686,0.5320968627929688
1.9264615774154663,0.735161304473877
1.529285192489624,0.5681325793266296
0.7564947605133057,0.553107738494873
0.745053768157959,0.5590795278549194
0.36617159843444824,0.4864293038845062
0.45293354988098145,0.47238531708717346
1.1177618503570557,0.5105494260787964
0.717143177986145,0.5411081910133362
0.28551173210144043,0.520434558391571
0.5083576440811157,0.510274350643158
0.5333484411239624,0.612511157989502
0.7048460245132446,0.5053415298461914
0.2878016233444214,0.5951889753341675
0.46227169036865234,0.5743476748466492
0.31989359855651855,0.5494776964187622
0.5922949314117432,0.6383262276649475
0.2993822693824768,0.6423854827880859
0.5277239084243774,0.6121754050254822
0.7255648970603943,0.5805041790008545
1.1137171983718872,0.6645858287811279
0.42155998945236206,0.607729434967041
0.1548326015472412,0.6058845520019531
0.2609206438064575,0.6010160446166992
0.8772308826446533,0.5243666172027588
0.47231781482696533,0.4660293459892273
0.8251980543136597,0.5340941548347473
0.1945124864578247,0.5856850147247314
0.38877344131469727,0.5801470279693604
0.21631401777267456,0.6025035977363586
0.24872004985809326,0.6251356601715088
0.3814297914505005,0.6107421517372131
0.463684618473053,0.545343816280365
0.3497621417045593,0.604037880897522
0.3714756965637207,0.5733266472816467
0.15740418434143066,0.577269971370697
0.1758524775505066,0.4679366946220398
0.5222400426864624,0.5216720104217529
0.17091524600982666,0.5271936655044556
0.20805370807647705,0.47966402769088745
0.32848262786865234,0.5220795273780823
0.21003460884094238,0.5060080885887146
0.25821810960769653,0.5494391322135925
0.6396227478981018,0.5237570405006409
0.6817081570625305,0.5525354743003845
1.3855081796646118,0.6114691495895386
0.12995684146881104,0.5916557908058167
0.09826546907424927,0.5138415694236755
0.21429502964019775,0.873157262802124
0.5565974712371826,0.5499247908592224
0.47544360160827637,0.804991602897644
0.4861694574356079,0.6142398118972778
0.5481475591659546,0.5858670473098755
0.542672336101532,0.5442455410957336
0.19633221626281738,0.506676435470581
0.26540040969848633,0.5075267553329468
0.9261208176612854,0.4513585567474365
0.4592139720916748,0.5426255464553833
0.49827802181243896,0.5455885529518127
0.184456467628479,0.4809548854827881
0.3908952474594116,0.49436578154563904
0.18748903274536133,0.5870847702026367
0.28081196546554565,0.5724621415138245
0.25883936882019043,0.5487076044082642
0.47486311197280884,0.5677853226661682
1.2597200870513916,0.6071459054946899
1.2965660095214844,0.5760189294815063
0.563673734664917,0.6121009588241577
0.26672279834747314,0.4861811697483063
0.19841504096984863,0.5221598148345947
0.6397128105163574,0.5937560200691223
0.38510727882385254,0.5876812934875488
0.5520248413085938,0.5554046034812927
0.15632367134094238,0.5130844712257385
0.2810065746307373,0.5404810309410095
0.427642822265625,0.5623697638511658
0.4180290699005127,0.5321298241615295
0.6758592128753662,0.5624086856842041
0.19578099250793457,0.4580293893814087
0.20753729343414307,0.5121762156486511
0.22366023063659668,0.46572017669677734
0.5255575180053711,0.5349020957946777
0.38509464263916016,0.5715165734291077
0.2827479839324951,0.5715385675430298
0.8633055686950684,0.5672415494918823
0.17226552963256836,0.5466193556785583
0.08518439531326294,0.5357122421264648
0.1907985806465149,0.45953452587127686
0.21516132354736328,0.5246542692184448
0.7866029739379883,0.553962230682373
0.051111459732055664,0.4962548315525055
0.3534424304962158,0.44611144065856934
0.11851716041564941,0.4917486906051636
0.16488325595855713,0.5174678564071655
0.24662554264068604,0.5041080713272095
0.28044140338897705,0.518871545791626
0.22179913520812988,0.5397726893424988
0.590085506439209,0.5516612529754639
0.25315237045288086,0.5181000828742981
0.06723839044570923,0.45103883743286133
0.26192212104797363,0.4786537289619446
0.6328346729278564,0.5431618690490723
0.13561701774597168,0.4641130864620209
0.22906005382537842,0.5516456961631775
0.44900792837142944,0.47926270961761475
0.10547500848770142,0.5353024005889893
0.11623889207839966,0.46807098388671875
0.6324663162231445,0.4509856402873993
0.20717930793762207,0.5732723474502563
0.3901631832122803,0.5352535247802734
0.16909652948379517,0.47826912999153137
0.3294253349304199,0.5316262245178223
0.18725544214248657,0.502333402633667
0.3479602336883545,0.5203628540039062
0.2746041417121887,0.5290572643280029
0.402066707611084,0.4288771152496338
0.12598496675491333,0.3682533800601959
0.2084549069404602,0.503727912902832
0.866059422492981,0.5490775108337402
0.05035233497619629,0.5160039067268372
0.2851117253303528,0.5775228142738342
0.4277752637863159,0.5105209350585938
0.2264813780784607,0.5112703442573547
0.3128308057785034,0.5086004137992859
0.3202361464500427,0.44633322954177856
0.23154115676879883,0.47901538014411926
0.24755054712295532,0.47589802742004395
0.17543435096740723,0.543533444404602
0.3277713656425476,0.5316484570503235
1.1528016328811646,0.5756508111953735
0.31762051582336426,0.6618249416351318
0.6120859384536743,0.4861419200897217
0.9160773754119873,0.545311450958252
0.667535126209259,0.4429902732372284
0.28398722410202026,0.46000194549560547
1.008835792541504,0.49354100227355957
0.2346639633178711,0.5159361958503723
0.27843642234802246,0.41643810272216797
0.41017377376556396,0.4762708842754364
0.30258965492248535,0.48134636878967285
0.3802971839904785,0.44601428508758545
0.23602652549743652,0.47164472937583923
0.3319244384765625,0.5442987680435181
0.3075674772262573,0.5922553539276123
0.113944411277771,0.5491061210632324
0.08248734474182129,0.5393946766853333
0.1640447974205017,0.5206663608551025
0.3658047914505005,0.5140167474746704
0.11882466077804565,0.44239240884780884
0.20472115278244019,0.43432605266571045
0.41461408138275146,0.4795798361301422
0.3732001781463623,0.4797344207763672
0.29678845405578613,0.49661535024642944
0.17892837524414062,0.3874584436416626
0.2679414749145508,0.4723643660545349
0.5565412044525146,0.4439433813095093
0.19666755199432373,0.4905248284339905
0.8793390989303589,0.49223440885543823
0.5626311302185059,0.5052517652511597
0.2869253158569336,0.45017942786216736
1.1809388399124146,0.5179530382156372
0.27380263805389404,0.4049810767173767
1.135230541229248,0.46148785948753357
1.368086338043213,0.4475761950016022
0.5460467338562012,0.4764307141304016
0.24997687339782715,0.4224110245704651
0.2580249309539795,0.4416237473487854
0.20729047060012817,0.5204329490661621
0.5365608930587769,0.5097375512123108
0.6026592254638672,0.5159574747085571
0.14350879192352295,0.4996483623981476
0.1298503875732422,0.49431633949279785
0.6963953971862793,0.5085311532020569
0.5196536779403687,0.5754950046539307
0.7547702789306641,0.5233527421951294
1.1901371479034424,0.40780046582221985
1.056495189666748,0.41264766454696655
2.612771511077881,0.48793619871139526
2.4193480014801025,0.440693736076355
0.8212684392929077,0.485139399766922
0.6213278770446777,0.4731278419494629
1.4567031860351562,0.5541026592254639
1.3173785209655762,0.4323572516441345
0.908738374710083,0.4499044418334961
0.6981822848320007,0.4120025336742401
0.8715815544128418,0.4457353353500366
0.5472051501274109,0.43028146028518677
0.1296529769897461,0.40289992094039917
0.9974033236503601,0.5227750539779663
1.2634918689727783,0.48337554931640625
0.11362987756729126,0.42348262667655945
0.31644344329833984,0.5346685647964478
0.34652918577194214,0.4486645460128784
0.23916220664978027,0.5654100775718689
0.24607890844345093,0.46668630838394165
0.39894044399261475,0.39474666118621826
0.27008354663848877,0.45276403427124023
0.2462431788444519,0.4492710828781128
0.05567651987075806,0.4270460903644562
0.10115480422973633,0.3882335424423218
0.1739567518234253,0.40592700242996216
0.18252229690551758,0.43626296520233154
0.377368688583374,0.474226713180542
0.2967323064804077,0.43999260663986206
0.39862334728240967,0.4815978407859802
0.08294862508773804,0.45506006479263306
2.7148709297180176,0.43243172764778137
0.14090895652770996,0.5388752222061157
0.18564343452453613,0.5609166026115417
0.7904240489006042,0.5314825773239136
1.0490972995758057,0.5754095315933228
0.3633674383163452,0.6143252849578857
0.1648656725883484,0.530418872833252
0.4404001235961914,0.6111048460006714
0.14854806661605835,0.599916398525238
0.047716617584228516,0.5037276148796082
0.19913047552108765,0.5814129114151001
0.30103403329849243,0.6003826856613159
0.2381163239479065,0.5579109191894531
0.16433840990066528,0.5983205437660217
0.3238142728805542,0.5751338005065918
0.3785613775253296,0.5952712893486023
0.5777912139892578,0.5730616450309753
0.30228108167648315,0.5592016577720642
1.3607125282287598,0.47782036662101746
0.14020347595214844,0.47526228427886963
0.2670266628265381,0.5198670625686646
0.6183289289474487,0.41504284739494324
0.4918172359466553,0.4846336245536804
0.36191582679748535,0.4270213842391968
1.0696377754211426,0.4318873882293701
0.25098860263824463,0.42815694212913513
0.7204698324203491,0.4720298647880554
0.18870282173156738,0.4824467897415161
0.11330854892730713,0.4907243847846985
0.13758456707000732,0.4632619619369507
0.6850905418395996,0.4867759943008423
0.35508620738983154,0.49459612369537354
0.32041096687316895,0.5047032833099365
0.1794888973236084,0.5121200084686279
1.2256900072097778,0.48191550374031067
0.35056376457214355,0.4179152250289917
0.7468819618225098,0.43282634019851685
0.6848602294921875,0.43240517377853394
0.4739871621131897,0.47227388620376587
0.4089086055755615,0.5605249404907227
0.18137609958648682,0.5019585490226746
0.20569992065429688,0.5672475695610046
0.11343932151794434,0.547698974609375
0.2522141933441162,0.5441603660583496
0.11163449287414551,0.5349929332733154
0.1538413166999817,0.5076481103897095
0.3548557758331299,0.5874860286712646
0.5222101211547852,0.47418487071990967
0.23815655708312988,0.475275456905365
0.25554847717285156,0.46421492099761963
0.46230947971343994,0.38041847944259644
0.14663797616958618,0.3748025894165039
0.21593403816223145,0.406790167093277
0.3459714651107788,0.46026039123535156
0.24328410625457764,0.355654776096344
0.4773421287536621,0.4517776072025299
0.6467020511627197,0.4321356415748596
0.2599257230758667,0.516104519367218
0.39607977867126465,0.5085506439208984
0.15381354093551636,0.4954559803009033
0.4449957609176636,0.5129706859588623
0.17429089546203613,0.5948672294616699
0.4095815420150757,0.5225197672843933
0.13617634773254395,0.5102826356887817
0.43018221855163574,0.5568832159042358
0.21921825408935547,0.4865396320819855
2.595270872116089,0.5609371662139893
0.5007099509239197,0.4583556056022644
0.17326539754867554,0.5265032649040222
0.587064266204834,0.43220460414886475
0.6074063777923584,0.45907866954803467
0.06708192825317383,0.40363579988479614
0.6179392337799072,0.3861605226993561
0.534439206123352,0.3893948197364807
0.46775275468826294,0.38660928606987
0.5928281545639038,0.33940473198890686
0.19737470149993896,0.3872986435890198
0.20293021202087402,0.3229396343231201
0.3578329086303711,0.4272609353065491
0.5144633054733276,0.5239312052726746
0.5629823207855225,0.44873854517936707
0.3850533962249756,0.3938850462436676
0.1483466625213623,0.4207117557525635
0.4337882995605469,0.461967796087265
0.2592264413833618,0.3809395730495453
0.31465280055999756,0.41747578978538513
0.92295241355896,0.43846645951271057
0.42800289392471313,0.41955816745758057
0.48986923694610596,0.4519006609916687
0.513293981552124,0.4452395439147949
0.2647160291671753,0.479322612285614
0.9608292579650879,0.503930926322937
0.842677652835846,0.5941721200942993
0.41818368434906006,0.5874782800674438
0.9316062927246094,0.5343078970909119
0.6561740040779114,0.5652647614479065
0.5400487184524536,0.5231786966323853
0.6606367826461792,0.797962486743927
0.2238677740097046,0.9667257070541382
0.2604670226573944,0.8306836485862732
0.43131375312805176,0.8450068235397339
1.2226767539978027,0.6882702112197876
0.8707578182220459,0.6229225993156433
1.2120827436447144,0.5300883054733276
0.1595478057861328,0.5135679841041565
0.10039091110229492,0.504906177520752
0.10436266660690308,0.5035853981971741
0.20852458477020264,0.46488726139068604
0.20298254489898682,0.49346956610679626
0.17721152305603027,0.42794322967529297
0.15545278787612915,0.47316688299179077
0.4728444814682007,0.5193954706192017
0.23643410205841064,0.5837854743003845
0.4297260046005249,0.5810593366622925
0.5740169882774353,0.6080557703971863
0.26857173442840576,0.4590640664100647
0.13666260242462158,0.45896074175834656
0.20576846599578857,0.5193918347358704
0.21612465381622314,0.519551694393158
0.47192513942718506,0.5791919231414795
0.21749180555343628,0.5421220660209656
0.15023350715637207,0.5366320610046387
0.2126835584640503,0.5401532649993896
0.1316380500793457,0.49418503046035767
0.17319822311401367,0.4350805878639221
0.17599737644195557,0.5151654481887817
0.21904373168945312,0.5142399668693542
0.5694934129714966,0.5572362542152405
0.12567830085754395,0.5614659786224365
0.7446719408035278,0.7972855567932129
0.22130274772644043,0.5754229426383972
0.16503500938415527,0.595534086227417
0.16593003273010254,0.6019397377967834
0.2837371826171875,0.4958108067512512
0.10624587535858154,0.5401838421821594
0.13074016571044922,0.5525910258293152
0.43736767768859863,0.5510582327842712
0.20181512832641602,0.5133770704269409
0.33577287197113037,0.5589028000831604
0.30460071563720703,0.6186654567718506
0.7665736675262451,0.5291622877120972
0.5738756656646729,0.5476789474487305
1.5012671947479248,0.5090584754943848
0.2648259401321411,0.49994608759880066
1.3717178106307983,0.6324745416641235
1.2840960025787354,0.527251124382019
1.0133426189422607,0.5635253190994263
0.6229091286659241,0.5550983548164368
1.0025488138198853,0.6277256011962891
0.32501333951950073,0.5120332837104797
0.7796859741210938,0.5377578735351562
0.36134129762649536,0.5004079341888428
0.04586738348007202,0.3842213451862335
0.11807459592819214,0.578570544719696
0.22082734107971191,0.5444732904434204
0.26494717597961426,0.5311020612716675
0.14522796869277954,0.5307491421699524
0.1217719316482544,0.5401964783668518
0.275113582611084,0.56409752368927
0.38772153854370117,0.752112627029419
0.5065573453903198,0.6491154432296753
0.21685028076171875,0.6039717197418213
0.30583226680755615,0.5177572965621948
0.12274408340454102,0.485312819480896
0.33352208137512207,0.47352349758148193
0.6533740758895874,0.4900634288787842
0.4793894290924072,0.5757701396942139
0.8352663516998291,0.5290650129318237
0.21324920654296875,0.5735529661178589
0.09616971015930176,0.5638035535812378
0.12024164199829102,0.5158897042274475
0.4014430046081543,0.5794524550437927
0.05669260025024414,0.4845661222934723
0.2375500500202179,0.47425347566604614
0.1794271469116211,0.45769432187080383
0.2130843997001648,0.4411109685897827
0.2730786204338074,0.5755846500396729
0.7708908319473267,0.5804520845413208
0.22553777694702148,0.515288770198822
0.07395768165588379,0.5107030272483826
0.2258315086364746,0.5431627035140991
0.10795974731445312,0.5331571698188782
0.1936652660369873,0.6015522480010986
0.22550129890441895,0.6041439771652222
0.17704075574874878,0.561376690864563
0.19760560989379883,0.5660179257392883
0.1211705207824707,0.5682438611984253
0.14837676286697388,0.5367571711540222
0.31118714809417725,0.5026434659957886
0.7616716623306274,0.49282944202423096
0.5713814496994019,0.5353356599807739
0.3313939571380615,0.5300856232643127
0.3027040958404541,0.5035399794578552
0.1319262981414795,0.4924955368041992
0.14949798583984375,0.40635284781455994
0.23496317863464355,0.386929988861084
0.5416783094406128,0.3504957854747772
0.12730151414871216,0.49265584349632263
0.360493004322052,0.4857158660888672
0.6426115036010742,0.5253474116325378
1.1398723125457764,0.47678136825561523
1.7977547645568848,0.481898695230484
1.6465437412261963,0.5469619035720825
0.67667555809021,0.5048259496688843
1.2360291481018066,0.4859761893749237
0.8031864166259766,0.45838916301727295
0.2526857852935791,0.49830344319343567
0.2807561159133911,0.5118807554244995
0.17461448907852173,0.5017423629760742
0.2911801338195801,0.5130252838134766
0.14647817611694336,0.5018867254257202
0.17174196243286133,0.5324356555938721
0.08392888307571411,0.5079954862594604
0.48432421684265137,0.5236656069755554
0.23424196243286133,0.6082124710083008
0.11954903602600098,0.543381929397583
0.13330912590026855,0.4798333942890167
0.5979419946670532,0.5602861046791077
0.3899995684623718,0.5360177755355835
0.25959891080856323,0.5103462934494019
0.2908889055252075,0.5365415215492249
0.2177106738090515,0.5452117323875427
0.1137382984161377,0.5091073513031006
0.26974964141845703,0.5708171129226685
0.20196229219436646,0.4996677339076996
0.2765624225139618,0.5148307085037231
0.7556743621826172,0.5952279567718506
0.24036729335784912,0.5565416812896729
0.14750206470489502,0.49544817209243774
0.127915620803833,0.5077218413352966
0.34497785568237305,0.5637082457542419
0.20966887474060059,0.5055814385414124
0.44636762142181396,0.5390343070030212
0.18689167499542236,0.48198243975639343
0.6379045248031616,0.5265741348266602
0.47027045488357544,0.5336950421333313
0.2496594786643982,0.5389119386672974
0.3016119599342346,0.5508807897567749
1.2556676864624023,0.5463040471076965
0.428655743598938,0.5560486316680908
0.06136274337768555,0.5931300520896912
0.19350111484527588,0.5393809676170349
0.4681278467178345,0.5443459153175354
0.2824897766113281,0.5942632555961609
0.06186109781265259,0.5396667718887329
0.2261134386062622,0.4637967050075531
0.3002958297729492,0.4699937105178833
0.2406677007675171,0.5225430130958557
0.5112442970275879,0.4299452304840088
0.14879369735717773,0.5114448070526123
0.15569686889648438,0.4957866668701172
0.4364694356918335,0.4065448045730591
0.2255101203918457,0.40893441438674927
0.16672098636627197,0.5264450311660767
0.06494414806365967,0.43432149291038513
0.21293878555297852,0.43330907821655273
0.6819952726364136,0.4792191684246063
0.23944926261901855,0.45782724022865295
0.176277756690979,0.5238367319107056
0.21613341569900513,0.47684556245803833
0.571698784828186,0.512422502040863
0.397352933883667,0.5004140734672546
0.29527580738067627,0.4248320162296295
0.20586508512496948,0.46835505962371826
0.3582864999771118,0.4868796169757843
0.13092219829559326,0.44622188806533813
0.19235634803771973,0.35984906554222107
0.3562498092651367,0.423767626285553
0.05642515420913696,0.3978164792060852
0.061365485191345215,0.4339580535888672
0.21907997131347656,0.4870642125606537
0.2775910496711731,0.3943936824798584
0.16641998291015625,0.4791297912597656
0.39884358644485474,0.3782055974006653
0.0532681941986084,0.42456942796707153
0.24229049682617188,0.5056684017181396
0.7046834230422974,0.5357440114021301
0.0956118106842041,0.41436073184013367
0.15442979335784912,0.44141051173210144
0.13287556171417236,0.46073317527770996
0.03748130798339844,0.5009487271308899
0.32523834705352783,0.36442333459854126
0.07828158140182495,0.38531965017318726
0.06549155712127686,0.392266184091568
0.4130246639251709,0.4274021089076996
0.42376530170440674,0.42378634214401245
0.07157731056213379,0.3907478451728821
0.20474976301193237,0.4318698048591614
0.27365899085998535,0.44715774059295654
0.1793431043624878,0.48130616545677185
0.0593719482421875,0.5254270434379578
0.294394850730896,0.4924628436565399
0.07280635833740234,0.38613495230674744
0.1960013508796692,0.46207568049430847
0.054367899894714355,0.5427968502044678
0.20382511615753174,0.46052128076553345
0.342901349067688,0.5328762531280518
0.120974600315094,0.4991590678691864
0.0510784387588501,0.5029253363609314
0.19402337074279785,0.5574672222137451
0.1263929009437561,0.5284982323646545
0.20783209800720215,0.5217880010604858
0.4275188446044922,0.5115985870361328
0.18657302856445312,0.40404778718948364
0.5485949516296387,0.4644584357738495
0.07277750968933105,0.3574617803096771
0.19813144207000732,0.39996686577796936
0.1819392442703247,0.3889671862125397
0.08334064483642578,0.42561206221580505
0.13259637355804443,0.4125361144542694
0.3426097631454468,0.42319947481155396
0.15075135231018066,0.4130879342556
0.34804368019104004,0.43233078718185425
0.3265063762664795,0.4604318141937256
0.23130369186401367,0.4433979094028473
0.3084893822669983,0.40263527631759644
0.39687860012054443,0.4235436022281647
0.1520853042602539,0.46159958839416504
0.2953130006790161,0.4680856466293335
0.32504749298095703,0.3675825297832489
0.453985333442688,0.3597033619880676
0.912617564201355,0.4666152000427246
0.08415043354034424,0.3855102062225342
1.0769916772842407,0.46451398730278015
0.15761733055114746,0.367860347032547
0.19925737380981445,0.407861590385437
0.10249662399291992,0.3777477741241455
0.648720383644104,0.42642635107040405
0.36740243434906006,0.4815252423286438
0.5472599267959595,0.46081578731536865
0.3739759922027588,0.48486167192459106
0.48097193241119385,0.5768860578536987
0.9137943983078003,0.47351348400115967
0.20966792106628418,0.5316720008850098
0.13740742206573486,0.5047975778579712
0.05421888828277588,0.4919948875904083
0.2642119526863098,0.4504010081291199
0.19358158111572266,0.5825082063674927
0.1551276445388794,0.47969502210617065
0.15000367164611816,0.45204997062683105
0.06518423557281494,0.45761778950691223
0.2483164668083191,0.43486058712005615
0.0818169116973877,0.509400486946106
0.5198456048965454,0.4990631937980652
0.3303030729293823,0.4746086299419403
0.6870741844177246,0.48098742961883545
0.27343451976776123,0.4845755696296692
0.636795163154602,0.5193885564804077
0.3801247477531433,0.5069328546524048
0.4478101134300232,0.5199368000030518
0.5068619251251221,0.442646324634552
0.2950499653816223,0.40856418013572693
0.3081391453742981,0.40166065096855164
0.4046620726585388,0.3890796899795532
0.09587287902832031,0.3548890948295593
0.3287019729614258,0.37712129950523376
0.11293447017669678,0.46024227142333984
0.43775713443756104,0.43219003081321716
0.10145431756973267,0.40914228558540344
0.19678282737731934,0.492463082075119
0.24057674407958984,0.45517462491989136
0.13232094049453735,0.4644815921783447
0.06634259223937988,0.44828057289123535
0.4836171865463257,0.4067416191101074
0.4213886260986328,0.4746676981449127
0.1551293134689331,0.44544240832328796
0.22338533401489258,0.3441958725452423
0.15768098831176758,0.4142886996269226
0.5270388126373291,0.38424941897392273
0.20193350315093994,0.3862527012825012
0.6777831315994263,0.46521592140197754
0.16716504096984863,0.5015539526939392
0.152013897895813,0.3924219310283661
0.0917060375213623,0.360124409198761
0.28706419467926025,0.39547646045684814
0.21330589056015015,0.3375479280948639
0.28815770149230957,0.3903103172779083
0.17844486236572266,0.33129045367240906
0.5626299381256104,0.3776349425315857
0.5479274988174438,0.3409603536128998
0.25693345069885254,0.484448105096817
0.21909040212631226,0.3984169661998749
0.37167203426361084,0.4819994866847992
0.37862634658813477,0.4154629409313202
0.2316792607307434,0.5169241428375244
0.11883974075317383,0.5574072599411011
0.2838742733001709,0.5374007225036621
0.1266474723815918,0.5257616639137268
0.13856589794158936,0.5361824035644531
0.12182581424713135,0.5046955347061157
0.1061561107635498,0.5721535086631775
0.24665141105651855,0.5002609491348267
0.15441489219665527,0.5173828601837158
0.16438961029052734,0.5865291357040405
0.1776202917098999,0.6032522916793823
0.3716500997543335,0.49749061465263367
0.12305468320846558,0.564922571182251
0.2651975154876709,0.6019357442855835
0.15791857242584229,0.48351722955703735
0.3849579095840454,0.553668737411499
0.23566067218780518,0.6053347587585449
0.3229612112045288,0.5763046145439148
0.07077914476394653,0.5789089202880859
0.2916867733001709,0.6688979268074036
0.06749475002288818,0.5014628171920776
0.0564885139465332,0.5673313736915588
0.15949010848999023,0.5120061635971069
0.26879215240478516,0.5184096097946167
0.23715698719024658,0.5389110445976257
0.10417163372039795,0.48500925302505493
0.2436211109161377,0.4765391945838928
0.19740897417068481,0.401328444480896
0.1519629955291748,0.37182897329330444
0.44426023960113525,0.3499433994293213
0.7487775087356567,0.4133964478969574
0.34195899963378906,0.4329567849636078
0.7832818031311035,0.5068582892417908
0.779888391494751,0.40661683678627014
0.21507644653320312,0.47674572467803955
0.41494566202163696,0.39247775077819824
0.438265323638916,0.5080170631408691
0.2140740156173706,0.49962058663368225
0.16098809242248535,0.5043458938598633
0.2180558443069458,0.46776074171066284
0.5419445633888245,0.5066794157028198
0.2313535213470459,0.4540780484676361
0.304179310798645,0.39834052324295044
0.15799486637115479,0.3952180743217468
0.07670378684997559,0.38633787631988525
0.5040647983551025,0.3811788260936737
0.12308931350708008,0.3709178864955902
0.20562613010406494,0.3828795552253723
0.6304230690002441,0.4065178334712982
0.3597683906555176,0.4757217764854431
0.47224485874176025,0.5581673383712769
0.07761991024017334,0.578797459602356
0.26968610286712646,0.5281851887702942
0.12841260433197021,0.5558325052261353
0.0856676697731018,0.462812215089798
0.17689728736877441,0.4629412889480591
0.3710726499557495,0.515097975730896
0.7090518474578857,0.4947203993797302
0.2610495090484619,0.5601193904876709
0.05021852254867554,0.41176289319992065
0.35969972610473633,0.5345287322998047
0.6270221471786499,0.48751649260520935
0.16677772998809814,0.44864410161972046
0.028576195240020752,0.4170796275138855
0.06351697444915771,0.5223269462585449
0.3408067226409912,0.5007385015487671
0.2613511085510254,0.5502375364303589
0.09578567743301392,0.5113176107406616
0.4026075601577759,0.505705714225769
0.1433011293411255,0.5680357217788696
0.1342669129371643,0.5092922449111938
0.09740644693374634,0.5329893827438354
0.15566325187683105,0.5798697471618652
0.18922245502471924,0.560634195804596
0.10026156902313232,0.582319974899292
0.269015908241272,0.609025239944458
0.15689826011657715,0.5560656785964966
0.24373596906661987,0.5139350891113281
0.17546439170837402,0.5107167363166809
0.05951642990112305,0.5139064788818359
0.34271132946014404,0.5404126644134521
0.31255149841308594,0.5408865213394165
0.1440490484237671,0.5295788049697876
0.08829963207244873,0.441825270652771
0.14257583022117615,0.5511841177940369
0.29603224992752075,0.5021522045135498
0.14424973726272583,0.5359199643135071
0.08250260353088379,0.5598124861717224
0.06539297103881836,0.5257307291030884
0.10564100742340088,0.5487512350082397
0.1138232946395874,0.5232053399085999
0.3944370746612549,0.5331479907035828
0.24791860580444336,0.5724344849586487
0.04736208915710449,0.5703509449958801
0.12586581707000732,0.49771106243133545
0.1452624797821045,0.5659878849983215
0.17783910036087036,0.4893297255039215
0.11657965183258057,0.4933094084262848
0.24935126304626465,0.5387881398200989
0.06375575065612793,0.551642656326294
0.24939274787902832,0.5469282865524292
0.1690685749053955,0.5853237509727478
0.1362227201461792,0.5576730370521545
0.19232177734375,0.5699723958969116
0.07385224103927612,0.4989877939224243
0.12577956914901733,0.5206652879714966
0.7742257118225098,0.5039703845977783
0.7252384424209595,0.5639218091964722
0.44421595335006714,0.5690267086029053
0.256242573261261,0.5704083442687988
0.25626492500305176,0.4968588948249817
0.1248466968536377,0.5488428473472595
0.33653581142425537,0.5089523792266846
0.4174860119819641,0.5453872084617615
0.07192987203598022,0.512075662612915
0.16383063793182373,0.45221129059791565
0.2450026273727417,0.4493391811847687
0.14185714721679688,0.46732833981513977
0.15681743621826172,0.4659005403518677
0.07967036962509155,0.44809022545814514
0.2436676025390625,0.4319823682308197
0.14921581745147705,0.37582001090049744
0.11247110366821289,0.32971760630607605
0.2921440601348877,0.4188612699508667
0.21068251132965088,0.3349294364452362
0.13093435764312744,0.339516282081604
0.2452513575553894,0.38567259907722473
0.523280143737793,0.3939911723136902
0.04439377784729004,0.35196489095687866
0.10987228155136108,0.33523204922676086
0.24545884132385254,0.4048152267932892
0.2606654167175293,0.4633132517337799
0.04605400562286377,0.46413514018058777
0.15866583585739136,0.45266464352607727
0.27504676580429077,0.5515592098236084
0.6599313020706177,0.5611518621444702
0.36607837677001953,0.5119240283966064
0.1386287808418274,0.5435606837272644
0.3603143095970154,0.4924522638320923
0.0538175106048584,0.5669741630554199
0.3645968437194824,0.5417812466621399
0.2754054069519043,0.5451271533966064
0.22119152545928955,0.5264629125595093
0.1609816551208496,0.5071334838867188
0.08105486631393433,0.5204204320907593
0.15881896018981934,0.5054135322570801
0.0815114974975586,0.5807303190231323
0.05333375930786133,0.4885036051273346
0.10309538245201111,0.5215461254119873
0.09673470258712769,0.4887920022010803
0.08690285682678223,0.5589292049407959
0.10180211067199707,0.5347650051116943
0.14340245723724365,0.46339601278305054
0.20477819442749023,0.4968569874763489
0.21762824058532715,0.548012375831604
0.3837827444076538,0.5429316759109497
0.39550673961639404,0.5167067050933838
0.1039431095123291,0.5183252096176147
0.11109268665313721,0.5748865604400635
0.1129043698310852,0.468812495470047
0.19479060173034668,0.5662034153938293
0.17443740367889404,0.43015822768211365
0.3009859323501587,0.6804908514022827
0.14225530624389648,0.4508548676967621
0.08698487281799316,0.44898539781570435
0.12501871585845947,0.4291650056838989
0.07602500915527344,0.5045251250267029
0.21019697189331055,0.41808193922042847
1.6875299215316772,0.5250502824783325
1.6181213855743408,0.4849943518638611
0.284797728061676,0.5406485795974731
0.6987581253051758,0.5295016169548035
0.6479980945587158,0.5127338767051697
1.1540594100952148,0.6253916025161743
1.0087711811065674,0.527459442615509
0.20249798893928528,0.6337264776229858
0.5583428144454956,0.6774544715881348
1.3893139362335205,0.6195456981658936
0.9164210557937622,0.6468721032142639
0.6511374711990356,0.6698696613311768
0.9263963103294373,0.6226240396499634
1.049340844154358,0.5883190631866455
1.4480748176574707,0.5293763875961304
0.807593047618866,0.566917359828949
2.1505746841430664,0.5629213452339172
0.8907356262207031,0.5434776544570923
1.2564382553100586,0.6098664999008179
0.4552406072616577,0.5841937065124512
1.8838943243026733,0.5639734268188477
1.4141292572021484,0.6250337362289429
1.086711049079895,0.6575528979301453
0.5263175964355469,0.6693106889724731
1.8907023668289185,0.6310109496116638
1.081749439239502,0.6182881593704224
1.1765050888061523,0.6403895616531372
1.1400798559188843,0.6146079897880554
0.5555389523506165,0.6454107761383057
1.552027940750122,0.6239534616470337
1.7994554042816162,0.6675866842269897
0.7401608228683472,0.5775631666183472
0.30858033895492554,0.5782065987586975
1.010338306427002,0.5211876034736633
2.261814594268799,0.5203968286514282
1.92333984375,0.5417826175689697
0.736384391784668,0.4846087098121643
1.6899982690811157,0.49455752968788147
1.4438568353652954,0.5489791631698608
0.8249670267105103,0.5856803059577942
0.3513250946998596,0.5288407802581787
1.0229027271270752,0.5073708295822144
0.2187502384185791,0.777732253074646
0.31761062145233154,0.6623193025588989
0.6915116906166077,0.712832510471344
0.2941029667854309,0.8114330768585205
0.25627732276916504,0.6007095575332642
0.1513938307762146,0.814306914806366
0.7402104735374451,0.5336864590644836
0.2189565896987915,0.6327518820762634
0.2628234028816223,0.5730048418045044
0.1630517840385437,0.5295922756195068
0.7634958624839783,0.7368127107620239
0.4654105305671692,0.5122563242912292
0.7967009544372559,0.5624076724052429
1.0256081819534302,0.5536351799964905
1.4061514139175415,0.5169199109077454
1.039060354232788,0.4916226863861084
0.2702993154525757,0.524371862411499
0.24358218908309937,0.47138747572898865
1.6800824403762817,0.5136029720306396
0.7408526539802551,0.5097272396087646
0.5404362678527832,0.5421526432037354
1.4079679250717163,0.4516279697418213
1.5554380416870117,0.5261570811271667
0.23302268981933594,0.4646177887916565
0.684760332107544,0.41888323426246643
0.7671154737472534,0.5536609888076782
0.38419896364212036,0.5202181935310364
0.9321252107620239,0.5478411912918091
0.5726920962333679,0.48796066641807556
0.6904051303863525,0.5157543420791626
1.377044677734375,0.5078592300415039
1.1453524827957153,0.507420539855957
0.9779486656188965,0.4851498305797577
1.423479437828064,0.5730238556861877
0.6629706621170044,0.5221242308616638
0.6726584434509277,0.5374053120613098
0.7764294147491455,0.574909508228302
0.4422236680984497,0.5116896629333496
0.5874052047729492,0.5225448608398438
0.35172736644744873,0.5057032704353333
1.6376557350158691,0.5116462707519531
0.5849176645278931,0.6053266525268555
0.823803186416626,0.4669613838195801
0.4838162064552307,0.46096014976501465
0.4591064453125,0.46549445390701294
0.3714557886123657,0.5223674774169922
0.8941237926483154,0.5391499400138855
1.4286973476409912,0.5396174192428589
2.0312981605529785,0.5787479877471924
0.8269660472869873,0.5036040544509888
0.6921501159667969,0.4854937195777893
0.4294525384902954,0.42944908142089844
1.6303207874298096,0.5069960355758667
1.3776018619537354,0.5838738679885864
0.49780333042144775,0.4909844994544983
1.6617590188980103,0.5302484035491943
0.8000374436378479,0.5191901922225952
2.0975372791290283,0.5380792617797852
0.2789662480354309,0.5240643620491028
0.5623297691345215,0.5460363626480103
1.2975068092346191,0.641851544380188
0.5218439698219299,0.5647143721580505
2.2367618083953857,0.660687267780304
0.5310696363449097,0.6297184228897095
0.40413200855255127,0.6192551255226135
1.4449529647827148,0.6260281205177307
1.114593505859375,0.5324229001998901
1.356456995010376,0.5495816469192505
0.4890959858894348,0.5065783858299255
0.733673095703125,0.5791809558868408
0.539573609828949,0.5321191549301147
0.7554490566253662,0.5313113927841187
0.16151964664459229,0.5150590538978577
0.25448375940322876,0.5455713272094727
0.6957753896713257,0.5041326284408569
1.7838709354400635,0.6058291792869568
1.1884888410568237,0.5186316967010498
1.0596015453338623,0.5325556397438049
1.1325445175170898,0.6007577180862427
0.8259174823760986,0.5691598057746887
1.2667598724365234,0.49515193700790405
1.3492894172668457,0.45977815985679626
1.093797206878662,0.5864285230636597
1.4259542226791382,0.5066695213317871
0.5001461505889893,0.44236770272254944
0.9635874032974243,0.5176167488098145
1.2638746500015259,0.5197440981864929
0.4705312252044678,0.4964364767074585
0.709610104560852,0.5741864442825317
2.4170947074890137,0.5216056108474731
2.2164642810821533,0.566943347454071
1.470289707183838,0.6372635364532471
2.1207094192504883,0.5727792382240295
1.5631401538848877,0.5834870934486389
0.9163990616798401,0.5338016748428345
0.8002575635910034,0.4923674464225769
0.6450750827789307,0.5487188696861267
0.5277748703956604,0.5301368236541748
0.838184118270874,0.5465829968452454
0.5537374019622803,0.5757576823234558
2.7364044189453125,0.5965569615364075
2.020564317703247,0.5469921827316284
0.747702956199646,0.5645349621772766
1.1782515048980713,0.5495463013648987
0.6059708595275879,0.5788125991821289
0.25094079971313477,0.4693647623062134
0.6982872486114502,0.49359023571014404
0.8328182101249695,0.49820664525032043
1.1390113830566406,0.5068036317825317
0.2548791170120239,0.5115091800689697
0.7351564168930054,0.464830219745636
0.5712599754333496,0.5621213912963867
0.6491224765777588,0.5599517822265625
0.28194546699523926,0.5609771013259888
0.9929487705230713,0.56688392162323
1.1158835887908936,0.538676917552948
1.0583226680755615,0.5032246112823486
0.9027791619300842,0.5232083797454834
1.0694864988327026,0.5387512445449829
1.6794424057006836,0.5695065855979919
1.031124472618103,0.5706972479820251
1.8273115158081055,0.48557049036026
1.256324291229248,0.5422213077545166
1.6173045635223389,0.5015772581100464
1.5439646244049072,0.46996718645095825
1.1041895151138306,0.5324714183807373
0.7544344663619995,0.4220748543739319
0.5949172973632812,0.49418142437934875
0.6365671157836914,0.5469364523887634
0.6535621881484985,0.5118933320045471
0.5669076442718506,0.574248731136322
0.4294548034667969,0.504893958568573
0.43720299005508423,0.5804214477539062
1.2893767356872559,0.5173499584197998
0.9586318731307983,0.4634764492511749
0.7266174554824829,0.5927712917327881
1.2322429418563843,0.557043194770813
0.8307458162307739,0.5698527693748474
0.32105717062950134,0.5445046424865723
1.1189422607421875,0.562119722366333
2.099449872970581,0.5101140737533569
0.8057392239570618,0.5001431703567505
1.5258733034133911,0.4317178428173065
1.276686668395996,0.45708808302879333
1.2189946174621582,0.4734417200088501
0.7245569229125977,0.38103920221328735
0.39615410566329956,0.3394168019294739
0.3854644298553467,0.47266948223114014
0.8204574584960938,0.4782140552997589
1.4592351913452148,0.4545849859714508
0.7900028228759766,0.3864513337612152
0.5535331964492798,0.41436129808425903
0.34316980838775635,0.4776190519332886
0.6661795377731323,0.4690116047859192
0.5272146463394165,0.3921881914138794
0.5411794185638428,0.5008493065834045
0.17208945751190186,0.43720874190330505
0.17554903030395508,0.4734356701374054
0.279690682888031,0.46355152130126953
0.9486911296844482,0.4272516667842865
0.9955757856369019,0.45523300766944885
0.47388577461242676,0.4731285870075226
0.290809690952301,0.5023404359817505
0.48713505268096924,0.4140717387199402
1.4255852699279785,0.40747883915901184
0.5934151411056519,0.3809700012207031
1.292833685874939,0.3085675835609436
0.7432138919830322,0.46676748991012573
0.513863205909729,0.3971063792705536
1.1289252042770386,0.3387506604194641
0.8931682109832764,0.43138009309768677
0.9537574052810669,0.46248510479927063
0.6790463328361511,0.43458664417266846
0.5701173543930054,0.45487603545188904
0.5844718813896179,0.5189175009727478
1.8432974815368652,0.5887399911880493
0.9269837141036987,0.5706384181976318
0.4276900291442871,0.6267210245132446
0.4248669147491455,0.5764979720115662
0.9673920273780823,0.5142260193824768
0.587042510509491,0.5435701012611389
0.5325801372528076,0.5034483075141907
1.0452570915222168,0.5033186078071594
0.5644210577011108,0.4748196601867676
0.6709591150283813,0.4793282151222229
0.9194241762161255,0.4970560669898987
0.8690224885940552,0.5984827280044556
0.9108853340148926,0.5349991321563721
0.6128607988357544,0.6042414903640747
1.0622302293777466,0.5625597238540649
0.8572711944580078,0.5502310395240784
0.2035818099975586,0.5845779180526733
0.9751502275466919,0.5828274488449097
0.21595978736877441,0.5929848551750183
0.45932549238204956,0.5985050201416016
1.1524226665496826,0.6185234189033508
0.5764743089675903,0.5624803900718689
1.2547831535339355,0.578333854675293
0.5868471264839172,0.5842979550361633
2.330448627471924,0.6318389773368835
1.0087404251098633,0.5259979963302612
1.2844783067703247,0.6183092594146729
0.582647442817688,0.5397998094558716
0.8794804811477661,0.6129969358444214
0.4873509407043457,0.5748152136802673
0.2858635187149048,0.6006501913070679
0.6061570644378662,0.7658714056015015
0.9248559474945068,0.5217576026916504
0.3020596504211426,0.5559633374214172
1.3457995653152466,0.5087864398956299
1.4252967834472656,0.5778676271438599
1.1695665121078491,0.5231844782829285
2.001685857772827,0.5091701149940491
1.7713149785995483,0.585368275642395
1.6424810886383057,0.5662760734558105
0.9615612030029297,0.5355692505836487
0.8586505055427551,0.517188549041748
0.8932826519012451,0.4729292094707489
1.3640127182006836,0.5046068429946899
0.7279387712478638,0.5791069269180298
1.492232322692871,0.5897801518440247
1.6429173946380615,0.5602346658706665
0.5777859091758728,0.5914807915687561
1.6745355129241943,0.556331217288971
0.2568368911743164,0.6148254871368408
0.890200138092041,0.5658934712409973
0.9308825731277466,0.48489367961883545
0.23672068119049072,0.56302410364151
0.8441028594970703,0.6159849166870117
0.2337494194507599,0.5037712454795837
0.9660992622375488,0.564906895160675
0.4354480504989624,0.5466482639312744
1.0690200328826904,0.5756697654724121
0.4032008647918701,0.5324540734291077
2.7333390712738037,0.5803020596504211
1.061897873878479,0.4538446068763733
0.6815770268440247,0.5597957372665405
1.0229531526565552,0.5537403225898743
1.0498311519622803,0.5677452087402344
0.6349074840545654,0.44969579577445984
2.662963628768921,0.5504514575004578
0.38425326347351074,0.5150200724601746
0.7576061487197876,0.5767219662666321
0.4595787525177002,0.5259200930595398
0.6179642677307129,0.569841206073761
0.6803270578384399,0.5824395418167114
0.2001383900642395,0.562250018119812
0.2910726070404053,0.5635474920272827
0.855731725692749,0.510175883769989
1.6677998304367065,0.6197284460067749
0.4151993989944458,0.559070348739624
0.8831934928894043,0.5385578274726868
0.6085984706878662,0.5784229040145874
0.9077255725860596,0.6112006902694702
0.46656155586242676,0.5836927890777588
1.5134011507034302,0.5552173852920532
1.0488932132720947,0.5210559368133545
1.7319462299346924,0.5776327848434448
1.640726089477539,0.6223973631858826
1.1330838203430176,0.5866678953170776
0.5551286935806274,0.5916335582733154
0.8633596301078796,0.5586001873016357
3.424999237060547,0.5713229179382324
3.210698366165161,0.5988328456878662
1.395279049873352,0.606878936290741
1.210128903388977,0.6308852434158325
0.5604345798492432,0.5229431390762329
0.2679070234298706,0.5357018113136292
0.8132883310317993,0.5145432949066162
1.934158205986023,0.5432665348052979
0.46916139125823975,0.4887823462486267
1.996140480041504,0.5259979963302612
1.3600096702575684,0.5912315845489502
0.6890417337417603,0.5300628542900085
0.7075997591018677,0.49983277916908264
0.42832088470458984,0.46449410915374756
0.867784857749939,0.5284026861190796
0.8075668811798096,0.5917686223983765
0.5403087139129639,0.49245843291282654
0.9910074472427368,0.5608444213867188
1.0863325595855713,0.5653311014175415
0.2931724190711975,0.5058207511901855
0.15699410438537598,0.5784732699394226
0.5482367873191833,0.6097999811172485
0.46000951528549194,0.6158862113952637
0.21466529369354248,0.5206871032714844
0.9131029844284058,0.5273140668869019
0.21426880359649658,0.5252645015716553
0.8900206089019775,0.5289558172225952
1.1578483581542969,0.5147695541381836
0.9714459776878357,0.5620934963226318
1.1394511461257935,0.540644645690918
0.5192422270774841,0.533526599407196
0.5195369124412537,0.5419155955314636
1.7896766662597656,0.6439298987388611
0.44350045919418335,0.5482790470123291
1.0099856853485107,0.691989541053772
1.0233001708984375,0.6198309063911438
0.4657379984855652,0.6094074845314026
1.1689560413360596,0.6202842593193054
0.5910568237304688,0.611955463886261
0.43358540534973145,0.5668950080871582
1.840104341506958,0.5804134011268616
1.3336368799209595,0.6564532518386841
0.6347498893737793,0.626262903213501
0.39833521842956543,0.6378366947174072
0.8663771152496338,0.6085214614868164
0.2589305639266968,0.649039089679718
0.8016607761383057,0.6342439651489258
0.28693169355392456,0.6248707175254822
0.9613732099533081,0.6193506121635437
0.7121236324310303,0.6144120097160339
0.1847192645072937,0.5942241549491882
0.534960925579071,0.5856607556343079
1.2538281679153442,0.6250638365745544
1.522914171218872,0.5628913640975952
0.4288902282714844,0.5264988541603088
1.1951904296875,0.5737074017524719
2.193439483642578,0.4944571256637573
0.40003740787506104,0.49623575806617737
0.5402605533599854,0.47657284140586853
1.8614803552627563,0.5433990359306335
0.5348176956176758,0.5049415230751038
0.5326282382011414,0.47448912262916565
0.39372527599334717,0.5017539262771606
0.7283363342285156,0.49819570779800415
0.6861114501953125,0.4833536148071289
0.4570537209510803,0.5565434694290161
0.49532651901245117,0.45572057366371155
1.5510755777359009,0.5520197153091431
0.17965078353881836,0.6056227684020996
0.5212632417678833,0.5456385016441345
0.6844761371612549,0.5281293988227844
1.0923056602478027,0.5754991173744202
0.11101573705673218,0.5485520362854004
2.145482063293457,0.5718508958816528
0.8430814146995544,0.5421826243400574
1.4405802488327026,0.5642507672309875
0.476279079914093,0.41458988189697266
0.6610799431800842,0.4876924157142639
0.7560630440711975,0.3994522988796234
0.30758142471313477,0.524235725402832
1.493099570274353,0.7207791805267334
1.2705014944076538,0.6127294301986694
0.705647885799408,0.6576470136642456
1.6229685544967651,0.4556471109390259
2.240800619125366,0.9140727519989014
1.079041600227356,0.4933926463127136
1.1768906116485596,0.5068426132202148
1.5928153991699219,0.6913639307022095
1.383215308189392,0.6217856407165527
0.5917864441871643,0.4832074046134949
1.0382146835327148,0.4937014877796173
1.2375662326812744,0.8150445222854614
0.6657420992851257,0.7786858677864075
0.20224255323410034,1.251652717590332
0.18523889780044556,1.2527134418487549
1.0617129802703857,0.7079838514328003
0.791496753692627,1.145273208618164
0.968945324420929,1.0708868503570557
0.5479278564453125,0.5135517716407776
1.4780924320220947,0.6446524858474731
1.0718287229537964,0.8633463978767395
0.9195827841758728,0.7529405355453491
0.6265003085136414,0.49431878328323364
1.256147027015686,0.7411390542984009
1.8832104206085205,0.8451617956161499
1.2136396169662476,0.5937780141830444
1.0882537364959717,0.5766597986221313
2.4278950691223145,0.601973295211792
0.45249485969543457,0.6035201549530029
0.5600913763046265,0.5582805871963501
1.432969570159912,0.5837359428405762
1.1348321437835693,0.5891851782798767
1.1612539291381836,0.6212291121482849
0.8458393812179565,0.5783873796463013
1.3342450857162476,0.7144804000854492
0.5600546598434448,0.6702055335044861
1.5333807468414307,0.545478343963623
0.5334086418151855,0.6332216262817383
1.8225442171096802,0.555128812789917
0.48501384258270264,0.6835532188415527
0.558820903301239,0.46376898884773254
0.9324315786361694,0.5634678602218628
0.6747817993164062,0.4736648201942444
1.0913074016571045,0.555169403553009
1.2407904863357544,0.7013252973556519
1.1614062786102295,0.6208144426345825
0.8084659576416016,0.6894034147262573
0.5835809707641602,0.7182825207710266
0.40910595655441284,0.6355544328689575
2.34767484664917,0.6443691849708557
0.8206612467765808,0.583875298500061
0.6881201863288879,0.49417567253112793
0.9742945432662964,0.51067715883255
0.8550625443458557,0.6097614169120789
1.1266746520996094,0.5337736010551453
0.5142325162887573,0.5352327823638916
2.3416740894317627,0.5734464526176453
1.1285998821258545,0.5833585262298584
1.872700572013855,0.6359512209892273
1.405777931213379,0.6847853660583496
0.7151954174041748,0.6946741342544556
0.6830901503562927,0.45947974920272827
0.37014317512512207,0.5008119344711304
0.43780678510665894,0.4987146556377411
0.6085032820701599,0.43650656938552856
1.0532383918762207,0.4618045389652252
0.8503120541572571,0.5382444858551025
0.621645987033844,0.4377067983150482
1.557019829750061,0.41353940963745117
0.6377314329147339,0.4601132869720459
0.6153841018676758,0.48264291882514954
0.9626950025558472,0.48203974962234497
1.0331754684448242,0.5055601596832275
0.8764071464538574,0.4130256175994873
0.09268152713775635,0.3862368166446686
0.12709343433380127,0.43980324268341064
0.38912904262542725,0.42652156949043274
1.0205774307250977,0.4108662009239197
0.505424976348877,0.4160652160644531
0.4026322364807129,0.4631046950817108
0.41685569286346436,0.5218929052352905
0.818120002746582,0.5251666903495789
0.7796249389648438,0.5638238191604614
0.26091110706329346,0.4716078042984009
0.14702725410461426,0.5183416604995728
0.6528945565223694,0.4877389669418335
0.5156772136688232,0.553042471408844
1.5103955268859863,0.5716128349304199
0.68044114112854,0.5450150370597839
0.42151784896850586,0.49996352195739746
0.6061532497406006,0.5270577073097229
1.5670785903930664,0.4801999628543854
0.7687830328941345,0.48908108472824097
0.5334632396697998,0.47736722230911255
0.7132678031921387,0.4830721616744995
0.7186024188995361,0.5092161297798157
0.706417441368103,0.4867696166038513
1.0526092052459717,0.5163294076919556
0.473014771938324,0.5315090417861938
0.10714340209960938,0.503279983997345
1.0355734825134277,0.5780266523361206
1.234992504119873,0.7261508703231812
0.7043694257736206,0.5356550216674805
0.6151173114776611,0.7296435832977295
0.5489917993545532,0.6410436630249023
0.9835152626037598,0.5839223861694336
1.7112057209014893,0.833516001701355
0.3351329565048218,0.5834770798683167
0.284787118434906,1.2874042987823486
0.22117668390274048,0.9531282186508179
0.2921600341796875,1.2075961828231812
0.3795439600944519,0.9773236513137817
1.006949782371521,0.6076955199241638
0.32340800762176514,0.5277224183082581
0.46502983570098877,0.5494749546051025
0.31683558225631714,0.47582995891571045
1.5285309553146362,0.5987501740455627
0.479034960269928,0.4291684031486511
1.304602861404419,0.5200550556182861
0.44034427404403687,0.545462965965271
1.2849140167236328,0.5521427989006042
0.4475901126861572,0.49073973298072815
0.7704551219940186,0.5179578065872192
0.11174336075782776,0.5008770823478699
0.5162422060966492,0.5429906845092773
1.1481274366378784,0.5283159613609314
0.4074745178222656,0.45537102222442627
0.776806116104126,0.4901621639728546
1.4995315074920654,0.5180115699768066
0.6909035444259644,0.4284709692001343
0.8172491788864136,0.43178853392601013
1.3906898498535156,0.4554891288280487
1.4832568168640137,0.49745815992355347
0.9904593229293823,0.4407966136932373
1.0021289587020874,0.4451155960559845
0.7032216787338257,0.501037061214447
1.2315471172332764,0.5392892360687256
0.8426334857940674,0.4892939031124115
1.306613802909851,0.5381376147270203
0.647376537322998,0.470520943403244
0.8424176573753357,0.49178916215896606
0.14573335647583008,0.5206431746482849
0.36748063564300537,0.5395978689193726
0.5421205759048462,0.5345771312713623
1.8421826362609863,0.5484244227409363
1.3152107000350952,0.5249709486961365
2.0090227127075195,0.44103676080703735
2.0212574005126953,0.4798109233379364
1.070177674293518,0.5291994214057922
2.070561647415161,0.526729166507721
1.2142231464385986,0.5185761451721191
0.702880859375,0.48200324177742004
1.038393497467041,0.5721355676651001
0.8955003619194031,0.48590975999832153
0.20721435546875,0.5918093919754028
0.7438992261886597,0.5401578545570374
0.5185832381248474,0.5114516019821167
0.6284312009811401,0.611471951007843
0.5826489925384521,0.5781135559082031
1.2678016424179077,0.5139051079750061
1.0108468532562256,0.48408374190330505
1.4013497829437256,0.4633079767227173
0.8732733726501465,0.5064259767532349
2.3527636528015137,0.49276411533355713
0.4055696129798889,0.46478521823883057
1.7397582530975342,0.5264086723327637
1.358633279800415,0.5351081490516663
0.5750464200973511,0.5194796323776245
1.6228362321853638,0.4512590765953064
0.7930073738098145,0.5081416964530945
1.2326093912124634,0.5111753940582275
1.26775062084198,0.559162974357605
1.4859955310821533,0.6113914251327515
0.39434146881103516,0.5482966303825378
1.013349175453186,0.5100501179695129
0.4961932301521301,0.5751355886459351
0.9043449759483337,0.5510144233703613
0.9979405999183655,0.591090977191925
0.9038107395172119,0.6266169548034668
0.9211541414260864,0.5340518951416016
0.3186536431312561,0.5765200257301331
1.2514541149139404,0.5848474502563477
0.9914511442184448,0.5699700713157654
1.284078598022461,0.5392113924026489
0.6063686609268188,0.47113144397735596
1.0347187519073486,0.5141273140907288
0.6572654247283936,0.4528419077396393
0.9160550832748413,0.5213404893875122
0.9859148859977722,0.449306845664978
0.800913393497467,0.482515424489975
1.4610083103179932,0.4776180684566498
0.4515666961669922,0.42210644483566284
0.8896840214729309,0.4547673463821411
1.1433649063110352,0.603341817855835
0.5248810052871704,0.5181238055229187
0.7918418645858765,0.5354461669921875
1.5058172941207886,0.5349003076553345
1.2711161375045776,0.5255058407783508
0.39896631240844727,0.5288149118423462
0.3626091480255127,0.6074462532997131
0.33772557973861694,0.7012665271759033
0.376620352268219,0.4900941252708435
1.1728838682174683,0.4886176288127899
0.25823134183883667,0.48481544852256775
0.9566853046417236,0.5315582156181335
0.8197510242462158,0.47747132182121277
1.0620344877243042,0.4907771646976471
0.5317248106002808,0.49645835161209106
0.7420036792755127,0.4833071529865265
0.9760998487472534,0.5470446348190308
0.5725483894348145,0.5410323143005371
0.9143797159194946,0.446850448846817
1.5626616477966309,0.44210028648376465
1.3266971111297607,0.47345954179763794
1.4687837362289429,0.48458167910575867
1.0200996398925781,0.4449857175350189
0.7107197046279907,0.5562393069267273
0.6717448830604553,0.5855164527893066
0.6801555156707764,0.4598529040813446
0.796634316444397,0.5048404932022095
1.1193175315856934,0.7974619269371033
0.9075874090194702,0.4723834991455078
0.9221920967102051,0.5316606163978577
0.9197874069213867,0.5681946277618408
0.7483763098716736,0.5075452327728271
1.1361252069473267,0.5014808773994446
1.66152822971344,0.5117765069007874
1.131484031677246,0.5191139578819275
0.4489753246307373,0.47507554292678833
0.17794835567474365,0.5071161389350891
1.5039496421813965,0.5636605620384216
1.5242700576782227,0.4796237349510193
0.935222327709198,0.44693654775619507
0.5806133151054382,0.4676104187965393
1.2486019134521484,0.7088825702667236
0.557312548160553,0.48309680819511414
1.1112393140792847,0.4766775369644165
0.6759147644042969,0.5198593139648438
1.755825161933899,0.6157844066619873
0.5940455198287964,0.5053293108940125
0.44196635484695435,0.8505362272262573
0.4071219563484192,0.7702875137329102
0.7304267287254333,0.544926643371582
0.1496616005897522,0.5871831178665161
0.7114770412445068,0.8855105638504028
0.4160197377204895,0.6366184949874878
0.3913520574569702,0.7145134210586548
0.40285396575927734,0.48851466178894043
1.0521636009216309,0.5310822129249573
0.5701059103012085,0.546984851360321
1.3662278652191162,0.569017231464386
0.25443780422210693,0.5582152605056763
0.37873154878616333,0.5561730861663818
0.5051816701889038,0.582248866558075
0.3135524392127991,0.5012388825416565
0.222037672996521,0.5174533128738403
0.8102476596832275,0.5374573469161987
0.3723912239074707,0.5194779634475708
0.2411324381828308,0.5113452076911926
0.5931196212768555,0.6217449903488159
1.5895144939422607,0.5097520351409912
0.5126572251319885,0.5044993758201599
0.6695653796195984,0.5703464150428772
0.37760525941848755,0.6139495372772217
1.0868185758590698,0.5557740926742554
1.2193629741668701,0.48538655042648315
0.43063294887542725,0.457329660654068
1.4819717407226562,0.44138476252555847
0.4555952548980713,0.4132024943828583
1.060879111289978,0.5121899843215942
0.7185125350952148,0.44380807876586914
1.1099547147750854,0.5227758288383484
0.9092785120010376,0.5000464916229248
1.8220945596694946,0.6123784780502319
0.6950819492340088,0.6237261295318604
0.6531686782836914,0.7876715660095215
1.5782562494277954,0.5655609369277954
0.36680299043655396,0.5234169960021973
1.3499512672424316,0.4858156740665436
0.5739762783050537,0.5324399471282959
0.5936352014541626,0.5388519167900085
0.3725575804710388,0.49353286623954773
0.9211616516113281,0.5009713172912598
0.6536809206008911,0.5638533234596252
2.3714654445648193,0.5037961006164551
0.6462327241897583,0.48600608110427856
0.16603398323059082,0.4916248023509979
0.10576742887496948,0.49885162711143494
0.22544807195663452,0.4743143618106842
0.5195890665054321,0.5045502185821533
0.33376309275627136,0.45958298444747925
0.44961169362068176,0.4581981897354126
0.656819224357605,0.5490496754646301
0.5900905728340149,0.48782503604888916
1.4753015041351318,0.4639807343482971
0.6998151540756226,0.576407790184021
0.9112464189529419,0.511256217956543
0.3402833938598633,0.5335562229156494
1.398268461227417,0.553640604019165
1.1802284717559814,0.5957038998603821
0.5894694924354553,0.6615850925445557
0.7722371220588684,0.6932404041290283
0.4929002523422241,0.6851193904876709
0.49249714612960815,0.6822725534439087
0.9198137521743774,0.4952174127101898
0.8335235714912415,0.6726838946342468
0.5441845655441284,0.47407636046409607
0.6254725456237793,0.5344263315200806
1.4019882678985596,0.5447573065757751
0.9467992782592773,0.530382513999939
0.8938277959823608,0.4402991533279419
0.647158145904541,0.48878979682922363
1.5908989906311035,0.5048311948776245
1.4212595224380493,0.5147500038146973
0.5331065654754639,0.5363187789916992
0.47997403144836426,0.5139821767807007
1.1278232336044312,0.4231843054294586
0.7602322101593018,0.4934770464897156
0.7713680267333984,0.5688705444335938
0.6901534795761108,0.4768546223640442
1.2162575721740723,0.46536797285079956
1.124459981918335,0.5569564700126648
1.0548734664916992,0.5413626432418823
0.7199252843856812,0.5692557096481323
0.4225074052810669,0.5041189193725586
1.1023731231689453,0.5128488540649414
0.8608713150024414,0.5944170951843262
1.4323906898498535,0.564876914024353
1.5871198177337646,0.5813702344894409
0.7971387505531311,0.6026905179023743
0.9314650893211365,0.5716844797134399
0.7050856351852417,0.5888137817382812
0.6589763164520264,0.5069647431373596
0.7842938899993896,0.5246606469154358
0.5004160404205322,0.7135796546936035
0.6492578387260437,0.5549459457397461
1.1511024236679077,0.5619635581970215
0.8930347561836243,0.6294291019439697
0.6747490167617798,0.528810977935791
0.684504508972168,0.5048187971115112
0.8235940933227539,0.47902339696884155
0.4796255826950073,0.557881236076355
0.9654855132102966,0.5346941947937012
0.25889480113983154,0.6326454877853394
1.1974010467529297,0.556342363357544
0.3055538833141327,0.5237005949020386
1.1557921171188354,0.5529016852378845
0.8198693990707397,0.504920482635498
0.8110388517379761,0.5151103734970093
1.1304901838302612,0.5494420528411865
0.7048954963684082,0.5973809361457825
1.4493261575698853,0.7109193801879883
0.5121278762817383,0.5748975872993469
1.185013771057129,0.48357558250427246
0.6889700293540955,0.5706567168235779
0.5759909152984619,0.5326517224311829
0.24898183345794678,0.545418381690979
0.8121122717857361,0.4377608299255371
0.3730148673057556,0.5102561116218567
0.6581869125366211,0.4901049733161926
0.8147010803222656,0.4672267436981201
0.3318164348602295,0.43928685784339905
0.39322400093078613,0.45550721883773804
0.15621143579483032,0.4529055058956146
0.3175811171531677,0.47328004240989685
0.34920620918273926,0.4765881597995758
0.230829119682312,0.4507993459701538
0.2800321578979492,0.4562218487262726
1.1096808910369873,0.5630415081977844
0.3699350357055664,0.52332603931427
0.44931530952453613,0.5523335933685303
0.08078908920288086,0.41023096442222595
0.5620318651199341,0.5357117056846619
0.4364745616912842,0.49706706404685974
0.6616796255111694,0.5360409617424011
0.4826023578643799,0.4839591085910797
0.0725548267364502,0.48796066641807556
0.3066682815551758,0.5519898533821106
0.24585199356079102,0.5228393077850342
1.2339781522750854,0.4972268342971802
0.42311668395996094,0.4856978952884674
0.3301260471343994,0.5365483164787292
0.1670243740081787,0.5086766481399536
0.18937093019485474,0.46694013476371765
0.1588825285434723,0.5055422186851501
0.3458935022354126,0.49935653805732727
0.40847206115722656,0.543311595916748
0.5650434494018555,0.5482957363128662
2.0970571041107178,0.5439188480377197
0.6722587943077087,0.45381128787994385
0.6647477149963379,0.5187344551086426
0.21800577640533447,0.4684871733188629
0.2931864857673645,0.4794789254665375
1.0537199974060059,0.5274940729141235
0.1798572540283203,0.4745393395423889
0.3626408576965332,0.5389241576194763
0.742100715637207,0.4813153147697449
0.29120463132858276,0.476331889629364
0.6823132634162903,0.5101214647293091
0.44606995582580566,0.5208038687705994
0.6732884049415588,0.5079582929611206
0.7145806550979614,0.5268678665161133
0.09931755065917969,0.44186854362487793
0.3619951009750366,0.4579486846923828
0.45461368560791016,0.47859781980514526
0.1411590576171875,0.5077155232429504
0.37441277503967285,0.4686143100261688
0.17829108238220215,0.4194740653038025
0.24745357036590576,0.44758284091949463
0.2664602994918823,0.418745219707489
1.0305476188659668,0.4714755713939667
0.19797039031982422,0.48824551701545715
0.24262356758117676,0.4499150812625885
0.19889932870864868,0.4782683849334717
0.178361177444458,0.5055586099624634
0.2540006637573242,0.49599596858024597
0.22350668907165527,0.5052047371864319
0.18964505195617676,0.482227087020874
0.20448660850524902,0.5316840410232544
0.27192509174346924,0.5485600233078003
0.215792715549469,0.49123311042785645
0.11835205554962158,0.4571118950843811
0.12158000469207764,0.38146862387657166
0.09534293413162231,0.510638952255249
0.19016766548156738,0.45956888794898987
0.1338655948638916,0.5122283101081848
0.40919363498687744,0.3868831992149353
0.15179407596588135,0.35547512769699097
0.18629419803619385,0.41260477900505066
0.3491477966308594,0.35782745480537415
0.1510002613067627,0.37087729573249817
0.14436721801757812,0.4189051687717438
0.2352544665336609,0.46214187145233154
0.29466551542282104,0.48803725838661194
0.171359121799469,0.4554551839828491
0.1406591534614563,0.4426959753036499
0.07412415742874146,0.45614978671073914
0.13936379551887512,0.5045613646507263
0.2156374454498291,0.44588783383369446
0.06638288497924805,0.3853241801261902
0.0985722541809082,0.44546154141426086
0.24653208255767822,0.3851797878742218
0.22433137893676758,0.5311249494552612
0.24536949396133423,0.4251963794231415
0.1859050989151001,0.47392410039901733
0.2894226312637329,0.456294447183609
0.23359322547912598,0.5282838344573975
0.19842529296875,0.45559239387512207
1.2272406816482544,0.5274547934532166
0.09331119060516357,0.4562152028083801
0.15004265308380127,0.5092217922210693
0.7635927200317383,0.4650724530220032
0.48045873641967773,0.450472891330719
0.6710467338562012,0.44675517082214355
0.43002867698669434,0.394538938999176
0.2341858148574829,0.44942349195480347
0.613654375076294,0.50715172290802
0.6269497871398926,0.4242708683013916
0.3738917112350464,0.41948115825653076
0.16259288787841797,0.4557718336582184
0.45881402492523193,0.4802814722061157
0.16834640502929688,0.5284063816070557
0.3474773168563843,0.505952000617981
0.11912107467651367,0.47914984822273254
0.36092984676361084,0.48057126998901367
0.2610876262187958,0.469591349363327
0.0616033673286438,0.5086407661437988
0.17434453964233398,0.5704634785652161
0.3349301815032959,0.5809128284454346
0.22397267818450928,0.5707992315292358
0.14908266067504883,0.5052257776260376
0.28623199462890625,0.6071332693099976
0.23838043212890625,0.5807862281799316
0.14373779296875,0.5962413549423218
0.22756868600845337,0.5353429317474365
0.32454609870910645,0.5353550910949707
0.13595378398895264,0.5404130816459656
0.7632756233215332,0.6097186207771301
0.06285738945007324,0.5196062326431274
0.3735320568084717,0.4889991283416748
0.16453015804290771,0.5051484107971191
0.24526894092559814,0.5396531820297241
0.3464653491973877,0.5335877537727356
0.6024758815765381,0.5560421943664551
0.18730378150939941,0.5225488543510437
0.4074363112449646,0.46480637788772583
0.28309166431427,0.526149332523346
0.19921302795410156,0.45521247386932373
0.5191934108734131,0.4770617187023163
0.7867085933685303,0.5073408484458923
0.5327868461608887,0.5091148614883423
0.19772577285766602,0.5494862794876099
0.3896667957305908,0.5245770215988159
0.19556093215942383,0.5420330762863159
0.3793533444404602,0.5181863307952881
0.6902186870574951,0.48625510931015015
0.11862695217132568,0.5614145994186401
0.19803905487060547,0.526716411113739
0.37188005447387695,0.5448029041290283
0.30367839336395264,0.48040953278541565
1.0944595336914062,0.5258072018623352
0.33472055196762085,0.48101136088371277
0.35372328758239746,0.4350016415119171
0.3882019519805908,0.3904273509979248
0.31986480951309204,0.5173652172088623
0.1328953504562378,0.4877023696899414
0.28333842754364014,0.4550422132015228
0.929934024810791,0.48123976588249207
0.3209877014160156,0.4142954349517822
0.1394200325012207,0.4661867618560791
0.1807565689086914,0.40973687171936035
0.108123779296875,0.4370804727077484
0.24628734588623047,0.3616902530193329
0.1364426612854004,0.40257060527801514
0.3792750835418701,0.48879408836364746
0.2257072925567627,0.4903215169906616
0.1358017921447754,0.4929298460483551
0.17613327503204346,0.4624817669391632
0.03267848491668701,0.3515735864639282
0.06563758850097656,0.3660014569759369
0.41318434476852417,0.4612550735473633
0.3431541919708252,0.4221108555793762
0.1550847887992859,0.38427451252937317
0.09680867195129395,0.38809311389923096
0.1460275650024414,0.5001795291900635
0.1665205955505371,0.3739642798900604
0.04918789863586426,0.4440460503101349
0.23566746711730957,0.46596023440361023
0.4456183910369873,0.5429635047912598
0.1238861083984375,0.4875357151031494
0.11416018009185791,0.5005292296409607
0.18999332189559937,0.4312502443790436
0.06943756341934204,0.4786001443862915
0.1667054295539856,0.472942590713501
0.06949084997177124,0.5984351634979248
0.09788554906845093,0.5558077692985535
0.14724445343017578,0.5844236612319946
0.13099288940429688,0.506581723690033
0.19525527954101562,0.46859902143478394
0.04863739013671875,0.4800104796886444
0.21218669414520264,0.4648897051811218
0.4869687557220459,0.4653495252132416
0.13900011777877808,0.5128830671310425
0.17508745193481445,0.4646490812301636
0.6115850210189819,0.5913869142532349
0.780970573425293,0.5401197671890259
0.4246331453323364,0.5815774202346802
0.4458596706390381,0.519111156463623
0.5927107334136963,0.42993104457855225
0.030933082103729248,0.5024166703224182
0.0654517412185669,0.5379472970962524
0.6701980829238892,0.5771517753601074
1.2941126823425293,0.5213961005210876
0.6088175773620605,0.5537402629852295
0.5080840587615967,0.4893393814563751
0.3345656394958496,0.4579162001609802
0.5202736854553223,0.4740462601184845
0.05669975280761719,0.45103374123573303
0.34769511222839355,0.44642865657806396
0.1214132308959961,0.5813251733779907
0.07486796379089355,0.48992598056793213
0.4139866828918457,0.5783254504203796
0.037171363830566406,0.5516355633735657
0.06533986330032349,0.5132839679718018
0.2825469970703125,0.5184662342071533
0.17794108390808105,0.5788843631744385
0.2296295166015625,0.4777015745639801
0.15038609504699707,0.4228004515171051
0.24971580505371094,0.4366879463195801
0.23138189315795898,0.4440344274044037
0.5346866846084595,0.5535459518432617
0.5644776225090027,0.47287189960479736
0.6872977018356323,0.5922043323516846
0.22484397888183594,0.5488933324813843
0.253822922706604,0.6333184242248535
0.20844441652297974,0.5461657047271729
0.17506957054138184,0.6151299476623535
0.6785970330238342,0.6088656783103943
0.22452163696289062,0.6206377744674683
0.8758679628372192,0.6061863899230957
0.33904707431793213,0.6076604127883911
0.2303980588912964,0.5789636373519897
0.2405027151107788,0.7130138874053955
0.4184551239013672,0.5600882172584534
0.08338803052902222,0.44488075375556946
0.5565576553344727,0.4994185268878937
0.3325784206390381,0.5166905522346497
0.3616468906402588,0.5367152690887451
0.14169573783874512,0.5154449939727783
0.22826284170150757,0.4888893663883209
0.48706018924713135,0.5358016490936279
0.1678551435470581,0.5204627513885498
0.1917194128036499,0.5028753280639648
0.15842926502227783,0.5538396239280701
0.5376179218292236,0.5147238373756409
0.16878008842468262,0.531801164150238
0.17191553115844727,0.5095588564872742
0.1316746473312378,0.4770895540714264
0.10157793760299683,0.5400439500808716
0.695280909538269,1.3624919652938843
2.4974381923675537,1.8343043327331543
1.6727023124694824,1.169559359550476
2.7396960258483887,1.6919788122177124
2.035625696182251,1.2357423305511475
2.668948173522949,1.23136568069458
1.9396830797195435,0.8283932209014893
3.0866901874542236,0.5719950795173645
1.700305700302124,1.1249696016311646
1.795544147491455,1.02188241481781
2.1971917152404785,1.3402619361877441
1.150326132774353,1.1921052932739258
1.887817144393921,1.0284886360168457
0.9911969304084778,0.9877862930297852
2.401757001876831,1.166693925857544
0.9488410949707031,1.2453112602233887
2.2042741775512695,1.3124711513519287
1.9400317668914795,1.4959821701049805
0.6504377722740173,1.1109695434570312
2.1388423442840576,1.3068727254867554
1.0600429773330688,1.1130914688110352
2.7043771743774414,1.9293792247772217
2.735936164855957,1.2143033742904663
3.4702186584472656,1.71443772315979
3.552095890045166,1.491539716720581
1.7012670040130615,1.0015757083892822
2.5530781745910645,1.3089896440505981
2.1207165718078613,1.6147860288619995
1.984826922416687,1.466392993927002
0.5631785988807678,0.7170335054397583
0.3332478404045105,0.5757651329040527
1.0428661108016968,0.6974340677261353
2.9188668727874756,1.268090844154358
1.3677818775177002,1.3787016868591309
0.962429404258728,0.8144124746322632
2.9557480812072754,1.059564232826233
2.6484217643737793,1.19576895236969
4.4217047691345215,1.596694827079773
3.701657772064209,1.2201392650604248
2.6125736236572266,1.2021428346633911
1.9968843460083008,0.5193424820899963
2.8118515014648438,0.6117805242538452
1.7464194297790527,0.5771998763084412
2.233927011489868,0.5996819734573364
2.2561845779418945,0.5359989404678345
1.0984688997268677,0.8594554662704468
3.300574541091919,1.4253515005111694
1.823859691619873,1.2296481132507324
0.9103734493255615,1.1941365003585815
1.2058898210525513,0.9380569458007812
2.7460296154022217,1.00223970413208
1.4062190055847168,1.2319124937057495
2.1103408336639404,1.3595573902130127
0.4558716416358948,0.7854849100112915
1.1876951456069946,0.6020375490188599
0.8000323176383972,1.100550651550293
1.8764162063598633,0.9725750684738159
0.5392631888389587,0.8684101700782776
1.2340713739395142,1.1079695224761963
2.182528257369995,1.1622991561889648
0.6748924851417542,1.003395676612854
1.9715551137924194,1.3536065816879272
2.4211530685424805,1.1453145742416382
2.6241791248321533,1.4218837022781372
0.7308926582336426,1.3516963720321655
3.5799520015716553,1.1652154922485352
2.493570566177368,0.754833459854126
0.37721800804138184,0.7324330806732178
0.6724267601966858,0.8048874735832214
1.9707856178283691,0.7771967649459839
0.7924365997314453,0.5835928916931152
1.574754238128662,0.6709872484207153
2.0311279296875,0.6691057682037354
1.7274017333984375,0.6800330877304077
1.334677815437317,0.8071291446685791
3.6471307277679443,1.3291972875595093
1.5436296463012695,1.0203582048416138
1.758772611618042,1.26962411403656
1.5977632999420166,1.4070383310317993
2.293541669845581,1.4604939222335815
1.6454495191574097,1.2040578126907349
1.4336756467819214,0.7129695415496826
2.0214457511901855,1.6590938568115234
2.1982946395874023,0.8645703792572021
2.382906675338745,1.1295825242996216
1.4092106819152832,1.0308021306991577
1.5566880702972412,1.0468189716339111
2.197391986846924,1.1410315036773682
1.640906572341919,1.1644240617752075
1.1197874546051025,1.139527678489685
2.0935187339782715,1.3569238185882568
1.6598870754241943,1.0292563438415527
1.2377188205718994,0.9815325736999512
0.05791115760803223,0.6136414408683777
0.20037686824798584,0.6021007895469666
0.888822078704834,0.6364069581031799
0.6457805633544922,0.62799471616745
0.2914152145385742,0.6387149095535278
0.5032874941825867,0.608526349067688
0.4635414481163025,0.615436315536499
0.6643995046615601,0.5829653739929199
0.18452149629592896,0.5581032633781433
0.10010814666748047,0.5807711482048035
0.12070977687835693,0.5036311745643616
0.3143104314804077,0.5751616358757019
0.060897231101989746,0.46940240263938904
0.22249019145965576,0.4161438047885895
0.20306897163391113,0.40320050716400146
0.45896148681640625,0.4751470983028412
0.1304793357849121,0.3839126229286194
0.15059518814086914,0.39548948407173157
0.6522826552391052,0.47804757952690125
0.12606871128082275,0.4698551297187805
0.35506272315979004,0.4619295001029968
0.20247995853424072,0.5218737125396729
0.17558443546295166,0.47364509105682373
0.11926662921905518,0.5300895571708679
0.19316387176513672,0.5691573619842529
0.46744662523269653,0.5736292600631714
0.15394267439842224,0.495233952999115
0.4562212824821472,0.49541833996772766
0.2724590301513672,0.5837692022323608
0.18621611595153809,0.46043384075164795
0.22176241874694824,0.4253630042076111
0.3251073360443115,0.40691718459129333
0.7485508918762207,0.41073477268218994
0.0623018741607666,0.4104509651660919
0.32080918550491333,0.3961917757987976
0.22877150774002075,0.37807685136795044
0.3000454902648926,0.45478957891464233
0.28157806396484375,0.5424385666847229
0.21185922622680664,0.6302416920661926
0.16568130254745483,0.619503378868103
0.2516779899597168,0.6639472246170044
0.18958616256713867,0.5985979437828064
0.3222842216491699,0.6826159954071045
0.40127724409103394,0.6031234860420227
0.15788984298706055,0.6021899580955505
0.28276440501213074,0.600284218788147
0.45758891105651855,0.626191258430481
0.5671075582504272,0.5833284258842468
0.0523829460144043,0.6038875579833984
0.16632455587387085,0.5356287360191345
0.640554666519165,0.5439867377281189
0.18201911449432373,0.6428464651107788
0.24329137802124023,0.6033482551574707
0.35524487495422363,0.47451624274253845
0.3187880516052246,0.5739392638206482
0.2260723114013672,0.5192219614982605
0.2993195056915283,0.5707576870918274
0.17472004890441895,0.5920646786689758
0.31021833419799805,0.5824387073516846
0.16091632843017578,0.4949789345264435
0.1271262764930725,0.4911488890647888
0.1543431282043457,0.5864391326904297
0.39816808700561523,0.5230110883712769
0.5499374866485596,0.5910905003547668
0.19490599632263184,0.5156906843185425
0.21286869049072266,0.5611449480056763
0.38294148445129395,0.5503048896789551
0.3270094394683838,0.5387698411941528
0.18698358535766602,0.5926138758659363
0.26125001907348633,0.536706805229187
0.24543893337249756,0.5341966152191162
0.24719882011413574,0.5936020612716675
0.6675870418548584,0.5361454486846924
0.1227753758430481,0.5037908554077148
0.41748046875,0.619489848613739
0.711178719997406,0.6041600108146667
0.06913882493972778,0.5210736989974976
0.9512204527854919,0.5506964921951294
0.724482536315918,0.5706574320793152
0.7485440969467163,0.5753991603851318
0.33951127529144287,0.491912841796875
0.7886898517608643,0.5072591304779053
0.2724008560180664,0.5265340805053711
0.7999334335327148,0.6073675155639648
0.33036744594573975,0.5912827253341675
0.8123773336410522,0.6075246334075928
0.4695427417755127,0.6326462030410767
0.18812459707260132,0.5720772743225098
0.12420821189880371,0.5757488012313843
0.5869246125221252,0.6332734823226929
0.30638933181762695,0.5460522174835205
0.1441347599029541,0.5918735265731812
0.3516906499862671,0.5726404786109924
0.23375272750854492,0.6808890104293823
0.8627558946609497,0.6389535069465637
0.2810770273208618,0.6510670185089111
0.3492649793624878,0.5441992878913879
0.16557765007019043,0.6077398061752319
0.5454745292663574,0.5183897614479065
0.5820382237434387,0.5451452732086182
0.4642871618270874,0.47205474972724915
0.19081950187683105,0.4479592442512512
0.0790097713470459,0.36414623260498047
0.1436527967453003,0.4087124466896057
0.13943243026733398,0.440519779920578
0.1931004524230957,0.4240903854370117
0.14352190494537354,0.3988231122493744
0.15143895149230957,0.4223002791404724
0.6314964294433594,0.507845401763916
0.5624024868011475,0.5653378367424011
0.10692811012268066,0.5866783857345581
0.601032018661499,0.6096348762512207
0.3975830078125,0.5091054439544678
0.28551292419433594,0.5802735090255737
0.31752777099609375,0.5171138644218445
0.28793907165527344,0.5407163500785828
0.15792226791381836,0.5877294540405273
0.19724249839782715,0.6088575124740601
0.15248239040374756,0.5732443332672119
0.14029216766357422,0.5788834095001221
0.3520178198814392,0.5888152122497559
0.22430938482284546,0.5585434436798096
0.2366330623626709,0.5801121592521667
0.3562964200973511,0.5754662156105042
0.42047882080078125,0.5863145589828491
0.26809895038604736,0.5272646546363831
0.19476163387298584,0.6299480199813843
0.20141565799713135,0.5540844798088074
0.20795977115631104,0.5472439527511597
0.12268567085266113,0.4841902256011963
0.2777869701385498,0.44119152426719666
0.1572890281677246,0.412886381149292
0.24718236923217773,0.4411467909812927
0.21335101127624512,0.38532936573028564
0.49520444869995117,0.3511335253715515
0.21275043487548828,0.3980625867843628
0.19359946250915527,0.4277314245700836
0.4178335666656494,0.45839083194732666
0.18669262528419495,0.39155399799346924
0.21343719959259033,0.38739311695098877
0.7752656936645508,0.39103177189826965
0.5598503947257996,0.4581669569015503
0.298337459564209,0.44652438163757324
0.17712414264678955,0.38343438506126404
0.34901928901672363,0.5153161287307739
0.1196170449256897,0.4741450548171997
0.09793758392333984,0.468586802482605
0.11550360918045044,0.5699123740196228
0.08369249105453491,0.530146062374115
0.31459736824035645,0.46750184893608093
0.19334733486175537,0.5241807103157043
0.23227477073669434,0.4727969765663147
0.2654666304588318,0.46411511301994324
0.6276707649230957,0.5173360705375671
0.2826368808746338,0.4269557595252991
0.24629467725753784,0.4024476408958435
0.23568612337112427,0.41069406270980835
0.38482606410980225,0.46149927377700806
0.2085423469543457,0.47271203994750977
1.2598305940628052,0.49020883440971375
0.18981516361236572,0.5176233649253845
0.15371155738830566,0.46584761142730713
0.3374912738800049,0.4543411433696747
0.19856047630310059,0.4622904360294342
0.23456168174743652,0.43437206745147705
0.35012876987457275,0.48557260632514954
0.5252455472946167,0.5190798044204712
0.29767125844955444,0.44851842522621155
0.12570971250534058,0.5007574558258057
0.20945119857788086,0.4565715789794922
0.26895302534103394,0.487743079662323
0.26665377616882324,0.6034446954727173
0.19145870208740234,0.4912589192390442
0.4297558665275574,0.535836935043335
0.22925114631652832,0.4952251613140106
0.18179070949554443,0.47832587361335754
0.13839268684387207,0.4567222595214844
0.3361090421676636,0.5030959844589233
0.5150554776191711,0.48313426971435547
0.1605433225631714,0.5115033388137817
0.14492762088775635,0.48938173055648804
0.07972460985183716,0.5200592279434204
0.18272006511688232,0.5518419742584229
0.15705585479736328,0.5020817518234253
0.2828536033630371,0.5595946311950684
0.290083646774292,0.5630379319190979
0.45486485958099365,0.4940871596336365
0.2796517610549927,0.5122537612915039
0.16154146194458008,0.5256213545799255
0.27295994758605957,0.5311150550842285
0.1759244203567505,0.45412203669548035
0.36474156379699707,0.5189427733421326
0.17243099212646484,0.5599573254585266
0.45868897438049316,0.542205274105072
0.6105066537857056,0.5104857087135315
0.6889464259147644,0.5389482975006104
0.3042399287223816,0.3839300870895386
0.19672560691833496,0.4107395112514496
0.511416494846344,0.45081958174705505
0.23277759552001953,0.4506625831127167
0.2904040813446045,0.4306570291519165
0.10284900665283203,0.4922221899032593
0.39682072401046753,0.5107994079589844
0.09212601184844971,0.5306726098060608
0.3977358341217041,0.41716310381889343
0.2605336904525757,0.5404046773910522
0.0962378978729248,0.4971964359283447
0.23361116647720337,0.46311691403388977
0.5399514436721802,0.4323521554470062
0.14847344160079956,0.37868985533714294
0.08806502819061279,0.4235140383243561
0.8841623067855835,0.389922171831131
0.7578026056289673,0.45734965801239014
0.35066866874694824,0.4733462333679199
0.15270233154296875,0.429074227809906
0.30323678255081177,0.4403727352619171
1.040891408920288,0.49504509568214417
0.6340737342834473,0.46118563413619995
0.2071058750152588,0.487324059009552
0.20022284984588623,0.49880924820899963
0.5033572316169739,0.49080169200897217
1.2068536281585693,0.5634147524833679
0.3477022647857666,0.44929707050323486
0.5724678039550781,0.48732203245162964
0.8281688690185547,0.5276050567626953
0.6549206972122192,0.50550377368927
0.37780070304870605,0.5328904986381531
0.8676466941833496,0.5546225309371948
1.3705191612243652,0.4779215455055237
0.21554183959960938,0.518362283706665
0.9494726657867432,0.5376996994018555
0.1873413324356079,0.5422380566596985
0.17747187614440918,0.5058616399765015
0.6545169949531555,0.5369178652763367
0.1323617696762085,0.47030776739120483
0.3880164623260498,0.4530666768550873
0.1354057788848877,0.5172388553619385
0.14824128150939941,0.4831109642982483
0.14316177368164062,0.5788941979408264
0.4498438835144043,0.5503395199775696
0.025286048650741577,0.5398216843605042
0.21838974952697754,0.48241469264030457
0.26293134689331055,0.49328330159187317
0.1964491605758667,0.5291496515274048
0.2352595329284668,0.5538359880447388
0.1959604024887085,0.46894681453704834
0.31701183319091797,0.5691635608673096
0.4287804365158081,0.5401073694229126
0.24765276908874512,0.5059410929679871
0.21956324577331543,0.5325244069099426
0.5825805068016052,0.46150264143943787
0.2975887060165405,0.4868800640106201
0.21196913719177246,0.5349343419075012
0.21783405542373657,0.4372064769268036
0.23339033126831055,0.45095983147621155
0.3138660192489624,0.5538125038146973
0.4108436107635498,0.5214106440544128
0.18564963340759277,0.4253304600715637
0.2951962947845459,0.5019981265068054
0.24931883811950684,0.5296342968940735
0.28340697288513184,0.3650420904159546
0.3797580599784851,0.45483332872390747
0.15762901306152344,0.4215247631072998
0.20956861972808838,0.5217077136039734
0.38840824365615845,0.5253962278366089
0.5418382883071899,0.4703940749168396
0.28178298473358154,0.4961196482181549
0.17828285694122314,0.5136192440986633
0.15601301193237305,0.5633735656738281
0.19087934494018555,0.5047845244407654
0.26325345039367676,0.4959399104118347
0.1687633991241455,0.4832025170326233
0.3475341796875,0.45750540494918823
0.39357542991638184,0.5208126902580261
0.2649393081665039,0.4255109131336212
0.12704122066497803,0.4548807144165039
0.3732903003692627,0.47658979892730713
0.4561213254928589,0.49225127696990967
0.13822317123413086,0.4829580783843994
0.7026875019073486,0.38139453530311584
0.24537789821624756,0.49098822474479675
0.47844040393829346,0.44124212861061096
0.33904075622558594,0.4180956184864044
0.2927025556564331,0.4151791036128998
0.2640237808227539,0.44110697507858276
0.2521798610687256,0.4431954622268677
0.2614867687225342,0.3761357069015503
0.08200705051422119,0.3456164598464966
0.17017221450805664,0.3928385376930237
0.5449825525283813,0.44703611731529236
0.09657907485961914,0.46983933448791504
0.18990349769592285,0.4534316658973694
0.07730865478515625,0.41994065046310425
0.20982909202575684,0.486545205116272
0.15591645240783691,0.4048996567726135
0.274395227432251,0.45016029477119446
0.4209824800491333,0.361713707447052
0.2851182222366333,0.39599889516830444
0.390633225440979,0.41455093026161194
0.6498798131942749,0.5006608366966248
0.3537558913230896,0.4741101861000061
1.5225017070770264,0.5302698016166687
0.8846785426139832,0.4973656237125397
0.16129791736602783,0.5179752111434937
0.5262900590896606,0.4612416625022888
0.7588148713111877,0.5019385814666748
0.7077842950820923,0.463417112827301
0.6776530742645264,0.4857316017150879
1.0985894203186035,0.4856417775154114
0.2735341787338257,0.4928118586540222
0.7775137424468994,0.5247418284416199
0.28007078170776367,0.5681248903274536
0.7066023349761963,0.5442763566970825
0.5037756562232971,0.4853440523147583
0.23549270629882812,0.5629124045372009
0.15997779369354248,0.5176309943199158
0.25150519609451294,0.45371124148368835
0.49515628814697266,0.4494815170764923
0.4994720220565796,0.484355092048645
1.659839391708374,0.4785999357700348
1.1656591892242432,0.45253801345825195
1.9580944776535034,0.47248315811157227
2.0771801471710205,0.47283464670181274
0.7430760264396667,0.4431210160255432
1.2993383407592773,0.49193671345710754
0.8677694797515869,0.4462922513484955
0.9307072162628174,0.3697253465652466
0.2132992148399353,0.37937575578689575
0.23908376693725586,0.39512670040130615
0.27179956436157227,0.4579794108867645
0.37224316596984863,0.4626160264015198
0.6159352660179138,0.4260913133621216
0.22726517915725708,0.4398285746574402
0.4601079225540161,0.41335242986679077
0.9048144817352295,0.44976097345352173
0.32241392135620117,0.4368038475513458
0.5096871852874756,0.47362881898880005
0.8773290514945984,0.5785235166549683
1.51455557346344,0.5868722200393677
0.9320666790008545,0.5991682410240173
0.21417522430419922,0.5817775726318359
0.9497629404067993,0.591552734375
0.3986358642578125,0.5857504606246948
0.12648773193359375,0.5359083414077759
0.2830233573913574,0.5706925988197327
0.3903158903121948,0.6138538122177124
1.376127004623413,0.5500032901763916
0.3801000118255615,0.5230380296707153
0.06457281112670898,0.4930118918418884
0.8437454700469971,0.46942204236984253
0.6415852308273315,0.5199210047721863
0.667188286781311,0.48002374172210693
0.39629483222961426,0.46726301312446594
0.2326270341873169,0.4724886417388916
0.4791254997253418,0.5246121287345886
0.4809896945953369,0.4875287115573883
0.1941910982131958,0.4523265063762665
0.602645218372345,0.46774110198020935
0.36078906059265137,0.5634050369262695
0.29765021800994873,0.5411398410797119
0.10131728649139404,0.48645997047424316
0.10930323600769043,0.5103766918182373
0.2041332721710205,0.5428956151008606
0.3013920783996582,0.5478158593177795
0.31425046920776367,0.5229021310806274
0.35009729862213135,0.49977004528045654
0.1339111328125,0.4363071322441101
0.3888339400291443,0.4619401693344116
0.22144198417663574,0.5105241537094116
0.6117124557495117,0.5556497573852539
0.3833756446838379,0.5208728313446045
0.08274269104003906,0.47074437141418457
0.1967144012451172,0.5428829193115234
0.10767412185668945,0.5214610695838928
0.3037593364715576,0.528881311416626
0.7941956520080566,0.4502614140510559
0.17803311347961426,0.5212142467498779
0.35563433170318604,0.5246490836143494
0.5222666263580322,0.5469225645065308
0.48423129320144653,0.5406030416488647
0.4288269281387329,0.5792903900146484
0.2563340663909912,0.5231490135192871
0.20855462551116943,0.5070241093635559
0.5558204650878906,0.5319394469261169
0.305478036403656,0.5750371217727661
0.5596945285797119,0.4962846040725708
0.24950671195983887,0.4876013994216919
0.734189510345459,0.4035313129425049
0.550933837890625,0.4484838545322418
0.7844147682189941,0.4417538642883301
0.7414159774780273,0.3774849474430084
0.4016895294189453,0.47188007831573486
0.6093913316726685,0.4231868088245392
0.7788591384887695,0.4382173418998718
1.053950309753418,0.424394428730011
0.5207990407943726,0.5140896439552307
0.3605332374572754,0.45297741889953613
0.5031092166900635,0.5930346846580505
0.5297495126724243,0.4731062054634094
0.621781587600708,0.5562842488288879
1.028088927268982,0.6278356909751892
0.2279977798461914,0.5937944650650024
0.31978821754455566,0.5004270076751709
0.4512251615524292,0.5811722874641418
0.9664183855056763,0.6271815299987793
0.1710987091064453,0.5948019027709961
0.24653911590576172,0.6012334823608398
0.2705010175704956,0.5475224256515503
0.15828901529312134,0.47806769609451294
0.5177513360977173,0.47922220826148987
0.24158555269241333,0.46762022376060486
0.6918640732765198,0.5767515897750854
0.7831861972808838,0.5525780320167542
0.5728542804718018,0.45024198293685913
1.045802354812622,0.46728748083114624
0.40423649549484253,0.5108499526977539
0.3836144804954529,0.4335172772407532
0.647895336151123,0.38827893137931824
0.3053572177886963,0.43712863326072693
0.37595605850219727,0.48148947954177856
0.1236649751663208,0.5128796696662903
0.2445237636566162,0.417825847864151
0.2523815631866455,0.524077832698822
0.09470057487487793,0.5626155734062195
0.5122756958007812,0.5533691644668579
0.5836573839187622,0.568695068359375
0.06364870071411133,0.6006131172180176
0.194330632686615,0.560652494430542
0.09077119827270508,0.5812856554985046
0.21021819114685059,0.5020949244499207
0.06757700443267822,0.5745550394058228
0.1698790192604065,0.5809482336044312
0.20479047298431396,0.618393063545227
0.5228807926177979,0.5044758319854736
0.2781461477279663,0.4938918948173523
0.8528037071228027,0.4752231538295746
0.45583683252334595,0.4482364058494568
0.20141065120697021,0.44922351837158203
0.32929348945617676,0.5136712789535522
0.3860809803009033,0.44039344787597656
0.5141162872314453,0.5293900966644287
0.2519493103027344,0.44294384121894836
0.8718114495277405,0.439503014087677
0.4480363130569458,0.45522409677505493
0.42597854137420654,0.4897864758968353
0.1693628430366516,0.45623907446861267
0.3455294370651245,0.47718915343284607
0.6356542706489563,0.46238839626312256
0.386141300201416,0.5099974274635315
0.1816997528076172,0.4849342405796051
0.4487898349761963,0.5059176683425903
0.45082366466522217,0.48205670714378357
0.3271733522415161,0.5051379799842834
0.4604150056838989,0.5031028985977173
0.2844419479370117,0.5192265510559082
0.5091226100921631,0.5547448396682739
0.20595097541809082,0.5327712893486023
0.36455750465393066,0.5297179222106934
0.5381637811660767,0.5694807767868042
0.40576618909835815,0.5951032042503357
0.3227699398994446,0.5128406882286072
0.8306265473365784,0.6032665371894836
0.5769908428192139,0.6639559864997864
0.4503166675567627,0.8261641263961792
0.950738787651062,0.6622207164764404
0.35280632972717285,0.6408123970031738
0.5057308673858643,0.6697016954421997
0.3610818386077881,0.5849515795707703
0.4052877426147461,0.667097806930542
0.2685900032520294,0.595614492893219
0.14811718463897705,0.5997354388237
0.6616742014884949,0.6468833088874817
0.8703583478927612,0.5737856030464172
0.08513891696929932,0.5547640323638916
0.1465485692024231,0.5645659565925598
0.07242202758789062,0.5407772064208984
0.17527449131011963,0.5058243870735168
0.24847543239593506,0.5194599628448486
0.27908897399902344,0.5646102428436279
0.4148337244987488,0.5527779459953308
0.48243069648742676,0.6215827465057373
0.43957996368408203,0.6291093826293945
0.07281708717346191,0.6618842482566833
0.5551130771636963,0.6346436142921448
0.7470784187316895,0.6225898265838623
0.3683846592903137,0.548777163028717
0.1370258331298828,0.5093294978141785
0.34796714782714844,0.5970845222473145
1.2119561433792114,0.5648642778396606
0.5032514333724976,0.5819705724716187
0.3034377098083496,0.5320402383804321
0.577523946762085,0.5783700942993164
1.4680157899856567,0.5256383419036865
0.12631279230117798,0.5988523960113525
1.1471749544143677,0.6713961362838745
0.5843645334243774,0.595502495765686
0.26880890130996704,0.7511454820632935
0.25581586360931396,0.48624035716056824
1.317319631576538,0.5933480262756348
0.18765628337860107,0.5441712737083435
0.16657328605651855,0.4535875618457794
0.21666383743286133,0.4446253776550293
0.21054339408874512,0.47731223702430725
0.7274423837661743,0.40434032678604126
1.075249433517456,0.3977750539779663
0.5199509263038635,0.4703983962535858
0.6019755601882935,0.37687280774116516
1.0226125717163086,0.40650177001953125
0.2744438648223877,0.47037389874458313
1.270193099975586,0.43715524673461914
0.21924233436584473,0.4285810589790344
0.18172979354858398,0.4352443218231201
0.16489732265472412,0.35931968688964844
0.7531342506408691,0.4262591302394867
0.3154621124267578,0.4470911920070648
0.13993477821350098,0.4950476288795471
0.8892261981964111,0.503423273563385
0.5091996788978577,0.5246710777282715
1.1932244300842285,0.5548818111419678
0.2373131513595581,0.6042372584342957
1.0187803506851196,0.5991213917732239
0.40063220262527466,0.5678135752677917
0.21239638328552246,0.5911844968795776
0.37631040811538696,0.5440302491188049
0.8284423351287842,0.5007697343826294
0.1355382204055786,0.5011911988258362
0.33710604906082153,0.49051424860954285
0.48640966415405273,0.4888284206390381
0.7335294485092163,0.5644472241401672
0.2599588632583618,0.5477350950241089
0.468858003616333,0.6339836120605469
0.6051468849182129,0.5523840188980103
0.060907959938049316,0.5027320981025696
0.24228572845458984,0.5266379117965698
0.08591723442077637,0.4571363627910614
0.6747380495071411,0.48963087797164917
0.34981751441955566,0.4873335361480713
0.3738313317298889,0.4444686472415924
1.322700023651123,0.47194236516952515
0.30128049850463867,0.4870784282684326
0.3567361831665039,0.4448951482772827
0.7711637020111084,0.5350502133369446
0.27455592155456543,0.44699814915657043
0.21755242347717285,0.5119657516479492
0.3357861638069153,0.4197159707546234
0.28149521350860596,0.5077958106994629
0.3645228147506714,0.4560527503490448
0.15298259258270264,0.479552686214447
0.3888047933578491,0.5331326723098755
0.17167949676513672,0.4252334237098694
0.3219718933105469,0.4894806146621704
0.86798095703125,0.479362428188324
0.300420880317688,0.5473973751068115
0.33614957332611084,0.5450527667999268
0.18468379974365234,0.565016508102417
0.5060880184173584,0.579092264175415
0.39017993211746216,0.5707565546035767
0.14823365211486816,0.7351752519607544
0.216669499874115,0.5467155575752258
0.15633374452590942,0.5947574973106384
0.6759849190711975,0.5400516986846924
0.15847530961036682,0.5865965485572815
0.6886528730392456,0.5114895105361938
0.47757816314697266,0.5818705558776855
0.3634212017059326,0.5924595594406128
0.4614555835723877,0.6575874090194702
0.49924641847610474,0.4719770550727844
0.16025638580322266,0.5639309883117676
0.6869970560073853,0.4419112801551819
0.372051477432251,0.514512836933136
0.5321310758590698,0.48822832107543945
0.21474790573120117,0.5234562158584595
0.3424786329269409,0.5149368047714233
0.3022305965423584,0.48544442653656006
0.5939481258392334,0.4852166771888733
0.16995805501937866,0.5811684131622314
0.26938343048095703,0.5794625878334045
0.3224606513977051,0.5793089270591736
0.2625793218612671,0.579948902130127
0.8017882704734802,0.5240579843521118
0.3534780740737915,0.5778049826622009
0.8863064646720886,0.578953742980957
0.590208888053894,0.5590716004371643
0.2875754237174988,0.4995674788951874
1.0695133209228516,0.553471565246582
0.3726593255996704,0.5953632593154907
0.36987268924713135,0.5297778248786926
0.14155808091163635,0.5599026083946228
0.13782334327697754,0.5087643265724182
0.14510434865951538,0.5093634128570557
0.921045184135437,0.5861560106277466
0.5433382987976074,0.5270379185676575
0.6973358392715454,0.590829610824585
1.0631334781646729,0.529809832572937
0.33969271183013916,0.5950807332992554
0.37696146965026855,0.557833731174469
0.3890535831451416,0.5330604910850525
0.4225284457206726,0.540366530418396
0.2959001064300537,0.4890129566192627
0.26512420177459717,0.47497689723968506
0.22510802745819092,0.5895473957061768
0.15055203437805176,0.4837643504142761
0.13973194360733032,0.4819790720939636
0.15850752592086792,0.5063537955284119
0.36209678649902344,0.6553794145584106
0.24324461817741394,0.573121964931488
0.18038034439086914,0.5016887187957764
0.3038337826728821,0.5445569753646851
0.14548325538635254,0.5514490008354187
0.350940465927124,0.5412953495979309
0.35593295097351074,0.6112954616546631
0.7411811351776123,0.5979827642440796
0.16913855075836182,0.5108951926231384
0.44051235914230347,0.5434468388557434
0.17113029956817627,0.5570621490478516
0.1493232250213623,0.5374883413314819
0.32860755920410156,0.569604218006134
0.23830914497375488,0.5860366225242615
0.19046449661254883,0.5746961236000061
0.15849757194519043,0.5766506195068359
0.28536510467529297,0.5395798087120056
0.4345061779022217,0.5853376388549805
0.17124450206756592,0.5330377817153931
0.6686468124389648,0.5022733211517334
0.20168271660804749,0.5066677331924438
0.10851883888244629,0.5449593663215637
0.2775520086288452,0.4343181550502777
0.9285269379615784,0.5349095463752747
0.21602749824523926,0.5385699272155762
0.2703513503074646,0.5099804401397705
0.13009178638458252,0.4700736403465271
0.1503707766532898,0.49963539838790894
0.09791117906570435,0.4614219069480896
0.5424697399139404,0.5341126918792725
0.7420958280563354,0.5099748373031616
0.8358182311058044,0.49974435567855835
0.265752911567688,0.5150652527809143
0.7183371782302856,0.6013705730438232
0.2720363140106201,0.5374140739440918
0.5027898550033569,0.5362858772277832
0.7092550992965698,0.5210860371589661
0.14674925804138184,0.5573558807373047
0.33767223358154297,0.49241119623184204
0.4307367205619812,0.5408740043640137
0.14682531356811523,0.5301032066345215
0.37762022018432617,0.5121323466300964
0.12716078758239746,0.5069026947021484
0.29587608575820923,0.5779610276222229
0.35408687591552734,0.5255154371261597
0.6654579639434814,0.5490357875823975
0.38230788707733154,0.5763536691665649
0.14842450618743896,0.5747268795967102
0.16297054290771484,0.543904721736908
0.47605520486831665,0.5628407001495361
0.3202199935913086,0.6555464267730713
0.3757209777832031,0.5508031845092773
0.3182430863380432,0.5383288860321045
0.23781728744506836,0.4536946713924408
0.28084444999694824,0.4867774248123169
0.38740289211273193,0.517150342464447
0.5700200796127319,0.4907808303833008
0.16170793771743774,0.5314961671829224
0.5224287509918213,0.5925278067588806
0.21936321258544922,0.5338712334632874
0.3964589238166809,0.5295865535736084
0.1355891227722168,0.6185305118560791
0.46423590183258057,0.5898911356925964
0.4692857265472412,0.5726915597915649
0.23511779308319092,0.5429944396018982
0.3440999984741211,0.5592623353004456
0.31558990478515625,0.5393712520599365
0.24107450246810913,0.5238909721374512
0.46081650257110596,0.44088199734687805
0.38209307193756104,0.6183047890663147
0.16683369874954224,0.56787109375
0.44949597120285034,0.48826566338539124
0.3370456099510193,0.5091184377670288
0.35246825218200684,0.4063555896282196
0.5473434925079346,0.44947049021720886
0.11183619499206543,0.3887213468551636
0.28181684017181396,0.5175268650054932
0.18808162212371826,0.5292102098464966
0.17269539833068848,0.5130186080932617
0.16299402713775635,0.49609941244125366
0.3224039673805237,0.49551618099212646
0.16141366958618164,0.5013735890388489
0.16796445846557617,0.47946417331695557
0.10814237594604492,0.48395466804504395
0.2132248878479004,0.3980365991592407
0.33891016244888306,0.4524933695793152
0.21021831035614014,0.4129706025123596
0.6340758800506592,0.41907474398612976
0.17065870761871338,0.47977152466773987
0.23389148712158203,0.43216073513031006
0.12195515632629395,0.4788013696670532
0.2383272647857666,0.520582914352417
0.11640012264251709,0.5204584002494812
0.1703423261642456,0.5164100527763367
0.269417405128479,0.5558488368988037
0.2571617364883423,0.4638046622276306
0.9748708009719849,0.5617424845695496
0.4910159111022949,0.5305250287055969
0.14364051818847656,0.47569552063941956
0.38696902990341187,0.512392520904541
0.39002346992492676,0.4467300772666931
0.5870500802993774,0.4891403913497925
0.10046648979187012,0.5532692670822144
0.39515364170074463,0.5255826711654663
0.5004419088363647,0.600360631942749
0.09166479110717773,0.5271318554878235
0.23036378622055054,0.5678575038909912
0.5439587235450745,0.5603218674659729
0.41754549741744995,0.5803285837173462
0.43709152936935425,0.6344869136810303
0.6262891292572021,0.5585117936134338
0.7058311700820923,0.5983235239982605
0.6326737403869629,0.5636071562767029
0.5604310035705566,0.5322346687316895
0.6031749248504639,0.5621461868286133
0.34715890884399414,0.5855085253715515
0.6344346404075623,0.5913568735122681
0.19131648540496826,0.5529173612594604
0.8018036484718323,0.47569435834884644
0.3953496217727661,0.5460947155952454
0.36334896087646484,0.47220557928085327
0.8959314823150635,0.5426594018936157
0.463218092918396,0.5866374969482422
0.21212852001190186,0.5283502340316772
0.23641085624694824,0.5412490367889404
0.3428593873977661,0.558678925037384
0.2965494394302368,0.5225591659545898
0.922667384147644,0.5727987289428711
0.6456084251403809,0.5311005115509033
0.5964653491973877,0.6139262914657593
0.204010009765625,0.5263705849647522
0.28070664405822754,0.4150369167327881
0.3233909606933594,0.4789580702781677
0.2335435152053833,0.4340786635875702
0.49610161781311035,0.44010427594184875
0.1707155704498291,0.4606039524078369
0.10372650623321533,0.5411729216575623
0.11060929298400879,0.5412973165512085
0.17983794212341309,0.594221293926239
0.4343913793563843,0.4861762225627899
0.1090279221534729,0.5122617483139038
0.09231281280517578,0.5728027820587158
0.14186668395996094,0.5568358898162842
0.1933457851409912,0.46974262595176697
0.345858097076416,0.4840551018714905
0.10440266132354736,0.41720715165138245
0.5152936577796936,0.5024363398551941
0.3901616334915161,0.5426625609397888
0.5774363279342651,0.5025470852851868
0.22776281833648682,0.44412046670913696
0.2921212315559387,0.47151434421539307
0.1841421127319336,0.5055934190750122
0.3249319791793823,0.49339932203292847
0.29409825801849365,0.4524112939834595
0.2906510829925537,0.5345084071159363
0.22287917137145996,0.43801772594451904
0.423847496509552,0.42051273584365845
0.09262514114379883,0.3891177177429199
0.09786653518676758,0.368408203125
0.4935460686683655,0.42368608713150024
0.2814962863922119,0.5138376355171204
0.08600687980651855,0.4757560193538666
0.1923302412033081,0.588365375995636
0.22840911149978638,0.5734121799468994
0.5648656487464905,0.5643935203552246
0.3399670124053955,0.514737069606781
0.13002312183380127,0.555335283279419
0.3279362916946411,0.5131771564483643
0.11334455013275146,0.5496037602424622
0.13999885320663452,0.5176295042037964
0.39327239990234375,0.5070695877075195
0.39325785636901855,0.5813421010971069
0.47095465660095215,0.4901706874370575
0.2998771667480469,0.5354628562927246
0.10654079914093018,0.5117681622505188
0.36397862434387207,0.5492125749588013
0.07086563110351562,0.5257411003112793
0.16729789972305298,0.5302419066429138
1.7486457824707031,0.4850322902202606
0.6265952587127686,0.5056784749031067
0.3558434247970581,0.5053065419197083
0.10131978988647461,0.4837898015975952
0.2537064552307129,0.4747336804866791
0.08287858963012695,0.46895700693130493
0.17403936386108398,0.4752829670906067
0.19065725803375244,0.49479225277900696
0.13010859489440918,0.5139308571815491
0.11108529567718506,0.4916934370994568
0.12238800525665283,0.4305141866207123
0.8298752903938293,0.4867507517337799
0.2010045051574707,0.4294053316116333
0.3045414686203003,0.5353353023529053
0.20007264614105225,0.46488431096076965
0.3508739471435547,0.47722920775413513
0.6251312494277954,0.5272200703620911
0.22594207525253296,0.4701855480670929
0.25268834829330444,0.5351784825325012
0.2613152265548706,0.5635442137718201
0.18054354190826416,0.603643536567688
0.339235782623291,0.573867917060852
1.1053681373596191,0.5876811742782593
1.3440794944763184,0.5362757444381714
0.2544851303100586,0.5157829523086548
0.1552138328552246,0.4864324629306793
0.4329620599746704,0.47470980882644653
0.22623205184936523,0.4365290105342865
0.3070695400238037,0.5028042793273926
0.48373740911483765,0.5466396808624268
0.10274899005889893,0.5126636028289795
0.5208063125610352,0.49754399061203003
0.32296085357666016,0.5599424839019775
0.16323232650756836,0.5466527938842773
0.5995919704437256,0.5307607650756836
0.43244004249572754,0.543434739112854
0.5535093545913696,0.4982617497444153
0.1067509651184082,0.5403743982315063
0.08168792724609375,0.5068871974945068
0.17549824714660645,0.511050820350647
0.09458565711975098,0.5259695649147034
0.19959044456481934,0.5182489156723022
0.4161674976348877,0.5163428783416748
0.19970130920410156,0.48775309324264526
0.31106865406036377,0.5636706948280334
0.14063823223114014,0.42294183373451233
0.2777498960494995,0.5093627572059631
0.18975400924682617,0.49713531136512756
0.2820167541503906,0.5146413445472717
0.17614787817001343,0.529633641242981
0.35251832008361816,0.49660977721214294
0.4050629138946533,0.5668166875839233
0.14608582854270935,0.5105054974555969
0.5332776308059692,0.4680195450782776
0.7626533508300781,0.4997338652610779
0.9887585043907166,0.5309595465660095
0.1929503083229065,0.4637147784233093
1.0715047121047974,0.5276917815208435
0.25065338611602783,0.4286268949508667
0.22993993759155273,0.45476895570755005
0.2935231328010559,0.4891242980957031
0.30608701705932617,0.4659363627433777
0.1021655797958374,0.5500563979148865
0.09100085496902466,0.48773911595344543
0.16791284084320068,0.4884003698825836
0.31219321489334106,0.5220504403114319
0.2864672541618347,0.5009480714797974
0.41803765296936035,0.5804253220558167
0.5683495402336121,0.6138220429420471
0.879597544670105,0.5774325132369995
0.19442570209503174,0.5476043820381165
0.11282515525817871,0.5858167409896851
0.33759188652038574,0.6084089279174805
0.3019176721572876,0.5103839039802551
0.11605924367904663,0.5290684700012207
0.31584131717681885,0.5842171907424927
0.19667506217956543,0.5152627229690552
0.16442930698394775,0.5465421676635742
0.27210986614227295,0.5078334212303162
0.14331269264221191,0.5403591990470886
0.31927430629730225,0.53703373670578
0.3881762623786926,0.550046980381012
0.35486096143722534,0.5609296560287476
0.27131491899490356,0.526065468788147
0.0813133716583252,0.5427072048187256
0.24614953994750977,0.5763843059539795
0.39717885851860046,0.4684500992298126
0.5514013767242432,0.5448030233383179
0.4927043318748474,0.5069616436958313
0.30831414461135864,0.500330924987793
0.1191403865814209,0.5144132375717163
0.3596177101135254,0.4812386929988861
0.1917111873626709,0.49018386006355286
0.2694675922393799,0.5418784618377686
0.23543357849121094,0.5190976858139038
0.7669282555580139,0.4639036953449249
0.5806739330291748,0.4485151767730713
0.3487737774848938,0.4282204508781433
0.3594238758087158,0.438609778881073
0.19495201110839844,0.40054041147232056
0.8216407299041748,0.4882771670818329
0.22774654626846313,0.3999083638191223
0.8125567436218262,0.3635793924331665
0.28774499893188477,0.41808462142944336
0.3209460973739624,0.3840024173259735
0.2364211082458496,0.38246533274650574
0.21358102560043335,0.39951464533805847
0.2145845890045166,0.46742528676986694
0.24362850189208984,0.42349761724472046
0.8144922256469727,0.2871739864349365
0.40931791067123413,0.2639792263507843
0.2878374457359314,0.3620052635669708
0.1316072940826416,0.32832664251327515
0.702702522277832,0.39486128091812134
0.11770498752593994,0.509117066860199
0.2421886920928955,0.4702090919017792
0.31753623485565186,0.3854770064353943
0.25048649311065674,0.4292522072792053
0.30039191246032715,0.38513076305389404
0.36434876918792725,0.4827580451965332
0.26297295093536377,0.47667384147644043
0.1582784652709961,0.42921891808509827
0.16545414924621582,0.4834147095680237
0.41079020500183105,0.48860955238342285
0.15726208686828613,0.43799516558647156
0.44356340169906616,0.46599745750427246
0.5348789691925049,0.48685935139656067
0.3294517993927002,0.5256794691085815
0.3997225761413574,0.44143301248550415
0.25616931915283203,0.5166699886322021
0.697133481502533,0.4810996651649475
0.2592717409133911,0.5334277153015137
0.5481998920440674,0.6315933465957642
0.5286904573440552,0.5753633379936218
0.5835897922515869,0.6158262491226196
0.42905282974243164,0.5284586548805237
0.6187439560890198,0.4853358268737793
0.4830922484397888,0.5227921009063721
1.4996323585510254,0.5425783395767212
0.9891363382339478,0.5030699968338013
0.4191334843635559,0.5722506046295166
0.6161313056945801,0.5306293368339539
0.8567464351654053,0.5474576950073242
0.18945014476776123,0.5329115390777588
0.7000530958175659,0.47870948910713196
0.14906954765319824,0.5771455764770508
0.48914986848831177,0.4916120767593384
0.28168821334838867,0.5343979001045227
1.0982191562652588,0.48291242122650146
0.7829570770263672,0.5999131202697754
0.2380073070526123,0.6546595096588135
0.5689557790756226,0.4459817707538605
0.3630627989768982,0.6183348894119263
0.2175058126449585,0.47587084770202637
0.19273531436920166,0.5716440677642822
0.36109089851379395,0.45267343521118164
0.3716500997543335,0.5793620944023132
0.23391610383987427,0.5386209487915039
0.4254721403121948,0.4667217433452606
0.6032946109771729,0.5427162647247314
0.5773710012435913,0.4882459044456482
0.31709426641464233,0.5244529247283936
0.22262167930603027,0.5392686128616333
0.22759020328521729,0.5089492797851562
0.21673822402954102,0.4505954384803772
0.23946821689605713,0.49900728464126587
0.6705605983734131,0.4232732057571411
0.6564968824386597,0.4943276047706604
0.8230319023132324,0.5016202330589294
0.4341570734977722,0.47703438997268677
0.33590924739837646,0.4863990843296051
0.19303083419799805,0.49285438656806946
0.2145039141178131,0.5475689768791199
0.7959307432174683,0.5670179128646851
1.0011252164840698,0.4311656057834625
0.6361809372901917,0.5071238875389099
0.16068273782730103,0.5256184339523315
0.15220510959625244,0.5495702028274536
0.19740509986877441,0.5628597736358643
0.35024046897888184,0.5362665057182312
0.1870436668395996,0.430076539516449
0.3891482353210449,0.4805622100830078
0.19042682647705078,0.5584295392036438
0.20028448104858398,0.4799049496650696
0.24157792329788208,0.4820229113101959
0.3147989511489868,0.4966830015182495
0.1256427764892578,0.5387107729911804
0.2612513303756714,0.4678601026535034
0.26942944526672363,0.49522605538368225
0.28468966484069824,0.4980502724647522
0.28919124603271484,0.4512183666229248
0.6499185562133789,0.4818582534790039
0.18862438201904297,0.5412929058074951
0.22978520393371582,0.547382116317749
0.3155860900878906,0.5138119459152222
0.1260814666748047,0.5494676232337952
0.39124083518981934,0.549869954586029
0.11003947257995605,0.5152570009231567
0.3197574019432068,0.6088638305664062
0.5374354720115662,0.6152715086936951
0.25675737857818604,0.5387558937072754
0.2663804888725281,0.5321904420852661
0.26035964488983154,0.5887471437454224
1.071288824081421,0.5738589763641357
0.30448585748672485,0.5093307495117188
0.36012351512908936,0.5274381041526794
0.4850802421569824,0.5383038520812988
0.2741122245788574,0.5537717938423157
0.3339419364929199,0.6768336296081543
0.16733336448669434,0.5619752407073975
0.7940077781677246,0.48960527777671814
0.09307646751403809,0.4564548134803772
0.121002197265625,0.41852694749832153
0.3312811851501465,0.5509502291679382
0.3269309401512146,0.5792890787124634
0.2624206840991974,0.5082910060882568
0.20821413397789001,0.5206059217453003
0.7226312160491943,0.5204018354415894
0.1171114444732666,0.6072702407836914
0.24729657173156738,0.533855676651001
0.08939999341964722,0.551707923412323
0.14455997943878174,0.5420237183570862
0.40293776988983154,0.5433342456817627
0.12465858459472656,0.5415023565292358
0.10517966747283936,0.5946990251541138
0.993061900138855,0.5433268547058105
0.509854257106781,0.5452093482017517
0.5706996917724609,0.6226767301559448
0.4711061120033264,0.5636423230171204
0.2951470613479614,0.6307780146598816
0.6079390048980713,0.6095203161239624
0.6518099308013916,0.5502991676330566
0.7852864861488342,0.548218309879303
0.23598027229309082,0.534389853477478
0.9108947515487671,0.5680015087127686
0.1617058515548706,0.5156747102737427
0.4100865125656128,0.5169604420661926
0.3593400716781616,0.5289738774299622
0.18092185258865356,0.4795667231082916
0.5926681756973267,0.5670350193977356
0.44505274295806885,0.5525060296058655
0.1810474395751953,0.657322108745575
1.1143345832824707,0.5082245469093323
0.2216801643371582,0.6184570789337158
0.8423386812210083,0.5490972399711609
0.5752849578857422,0.5026217699050903
0.5648812055587769,0.4603770673274994
0.1528109312057495,0.5212165713310242
0.6767141819000244,0.46933713555336
0.4391258955001831,0.44216087460517883
0.6478469371795654,0.42770540714263916
0.47754502296447754,0.5592782497406006
0.6850254535675049,0.5549712181091309
0.11945676803588867,0.5754382610321045
0.09129315614700317,0.5242614150047302
0.08485639095306396,0.5396139621734619
0.9821264147758484,0.48051717877388
0.44393354654312134,0.4735395610332489
0.6684557199478149,0.5318768620491028
1.1942254304885864,0.5252914428710938
0.312838613986969,0.48951441049575806
0.490001916885376,0.533558189868927
0.8638498783111572,0.45168551802635193
0.5502944588661194,0.4927285611629486
0.2398545742034912,0.45891615748405457
0.43625545501708984,0.53175950050354
0.226004958152771,0.5148678421974182
0.23361170291900635,0.5901111960411072
0.27565836906433105,0.5887459516525269
0.5134420394897461,0.5111895203590393
0.8017297983169556,0.4719184935092926
0.26642894744873047,0.5764135122299194
0.3101165294647217,0.5784866809844971
0.19517970085144043,0.5346047878265381
0.35799503326416016,0.49852487444877625
0.6568763256072998,0.4752048850059509
0.2741321325302124,0.4789673089981079
0.3792687654495239,0.4954405426979065
0.2682170867919922,0.493010014295578
0.19310051202774048,0.4741421937942505
0.16402381658554077,0.45846015214920044
0.29220378398895264,0.5473400950431824
0.25656116008758545,0.48705214262008667
0.0683143138885498,0.4965713918209076
0.11605715751647949,0.4831528961658478
0.15384280681610107,0.5090961456298828
0.12391972541809082,0.4863998591899872
0.12630552053451538,0.5218889117240906
0.304690957069397,0.6068860292434692
0.4064617156982422,0.6004570126533508
0.16561973094940186,0.4564291536808014
0.17133736610412598,0.48005831241607666
0.5136719942092896,0.5619407892227173
0.3326864242553711,0.5128462314605713
0.3473902940750122,0.6844117641448975
0.24608051776885986,0.6787840127944946
0.23596429824829102,0.5044766664505005
0.25003141164779663,0.5047029852867126
0.144423246383667,0.6027700901031494
0.33834075927734375,0.4745570421218872
0.2947152256965637,0.4412054419517517
0.6249542832374573,0.4313643276691437
0.11146354675292969,0.43751630187034607
0.24328207969665527,0.5500949025154114
0.2016848623752594,0.4187580645084381
0.19190925359725952,0.4514622986316681
0.16423147916793823,0.45074987411499023
0.18625342845916748,0.4572468400001526
0.15505027770996094,0.5125294327735901
0.35978031158447266,0.5120769143104553
0.10542094707489014,0.43928027153015137
0.22330361604690552,0.49770647287368774
0.08395648002624512,0.5651425123214722
0.07452762126922607,0.43212470412254333
0.4750743508338928,0.481641560792923
0.3404804468154907,0.5312745571136475
0.08064532279968262,0.45188918709754944
0.09237337112426758,0.4467480778694153
0.23282647132873535,0.5168229937553406
0.13872891664505005,0.4253173768520355
0.10451865196228027,0.41224852204322815
0.4005635976791382,0.4788004159927368
0.1977982521057129,0.544094443321228
0.6168885231018066,0.4167097508907318
0.1816481351852417,0.4252922236919403
0.6211299300193787,0.542811930179596
0.5666704177856445,0.5027785897254944
0.7368975877761841,0.573407769203186
0.8421756029129028,0.5330188274383545
0.5510879755020142,0.5183353424072266
0.29750216007232666,0.513140082359314
0.46723389625549316,0.567654013633728
1.0680654048919678,0.45213979482650757
0.7656602263450623,0.5978306531906128
1.0379704236984253,0.5993592143058777
0.44220292568206787,0.5037786960601807
0.21330666542053223,0.49212920665740967
0.4064074754714966,0.5389008522033691
0.12668979167938232,0.47088107466697693
0.25948119163513184,0.5535025000572205
0.14505159854888916,0.481342613697052
0.4497847557067871,0.5111345052719116
0.38306331634521484,0.5137619972229004
0.4801318645477295,0.5383382439613342
1.0929784774780273,0.5453408360481262
1.1876826286315918,0.5294008255004883
0.7413541078567505,0.560376763343811
0.15545284748077393,0.5685416460037231
1.7258965969085693,0.5580843687057495
0.14657866954803467,0.5211625695228577
0.22414100170135498,0.5238808989524841
0.5519821643829346,0.5520789623260498
0.11729395389556885,0.5348324775695801
0.2086505889892578,0.5622591376304626
0.12739688158035278,0.5531398057937622
0.11141616106033325,0.6272683143615723
1.3197674751281738,0.5673152804374695
0.6079782247543335,0.6310965418815613
0.3362903594970703,0.7248904705047607
0.08618366718292236,0.46652618050575256
0.11876976490020752,0.5726451277732849
0.16980499029159546,0.7710977792739868
0.4834631085395813,0.6593661904335022
0.8335863947868347,0.6830881834030151
0.4387928247451782,0.6426764726638794
0.14440298080444336,0.6334618330001831
0.7444033622741699,0.8626232147216797
0.2483922243118286,0.8121235966682434
0.47330784797668457,1.3014185428619385
0.6634488105773926,0.5301337838172913
0.18762695789337158,0.5423907041549683
1.4075887203216553,0.5156822204589844
1.0062490701675415,0.590542733669281
1.5672197341918945,0.635108232498169
0.38628125190734863,0.5802019834518433
0.49375271797180176,0.570816159248352
1.2189174890518188,0.5588498711585999
1.6704000234603882,0.6202145218849182
0.21625405550003052,0.5852428078651428
0.26272130012512207,0.554969310760498
0.9311141967773438,0.4966265857219696
0.5065445899963379,0.49624693393707275
0.8572849035263062,0.5073168873786926
0.4121074676513672,0.581375241279602
1.5274434089660645,0.5922653079032898
0.33805036544799805,0.5663787126541138
0.7093943357467651,0.5403400659561157
0.4833345413208008,0.5020821690559387
0.24660080671310425,0.5463840961456299
0.5853105783462524,0.6040440201759338
0.9397889375686646,0.5650442838668823
0.7271650433540344,0.522476851940155
1.6112836599349976,0.5500550270080566
0.17049765586853027,0.5299674272537231
0.25716519355773926,0.5128346085548401
2.298358917236328,0.5873013734817505
1.2798206806182861,0.45596590638160706
0.7893226146697998,0.4785066545009613
1.2042593955993652,0.5368694067001343
1.9449599981307983,0.5493909120559692
1.4615651369094849,0.5535469055175781
1.650795340538025,0.5822665691375732
1.6500332355499268,0.5565727949142456
1.5573300123214722,0.6189298033714294
0.8743135333061218,0.6817156076431274
0.8873351812362671,0.5661564469337463
0.5898710489273071,0.6101492047309875
0.5606530904769897,0.6324130892753601
0.420238196849823,0.539589524269104
0.4726017713546753,0.46586737036705017
0.5268762111663818,0.41669201850891113
0.2300291657447815,0.40755924582481384
0.09975230693817139,0.43344172835350037
0.1610046625137329,0.42381617426872253
0.41508376598358154,0.4772282838821411
0.3427542448043823,0.42333272099494934
0.32116734981536865,0.4312795102596283
0.5086942911148071,0.44318127632141113
0.15366721153259277,0.4275892674922943
0.2659621238708496,0.34097522497177124
0.6827423572540283,0.4278202950954437
0.19069135189056396,0.42105981707572937
0.1498699188232422,0.3844623267650604
0.30590927600860596,0.4763304591178894
0.20138311386108398,0.4116060435771942
0.4594838619232178,0.4356803596019745
0.1881108283996582,0.39027222990989685
0.4200344681739807,0.43344634771347046
0.3151077628135681,0.4287202060222626
0.7644088864326477,0.4225459098815918
0.18198159337043762,0.4313611686229706
0.3839988708496094,0.467700332403183
0.1608492136001587,0.43452414870262146
0.08564114570617676,0.4334072470664978
0.17817389965057373,0.328954815864563
0.11705398559570312,0.4136103391647339
0.25606679916381836,0.4082466959953308
0.3179742097854614,0.5008888840675354
0.2682090997695923,0.4142877757549286
0.21322202682495117,0.4650276303291321
0.28316497802734375,0.4291471242904663
0.16651606559753418,0.4737440347671509
0.3083035945892334,0.49012041091918945
0.1589275598526001,0.5394970178604126
0.4712635278701782,0.502286434173584
0.47772252559661865,0.5345183610916138
0.49097394943237305,0.49229180812835693
0.18715429306030273,0.5906774997711182
0.8423844575881958,0.5229846239089966
0.3623189926147461,0.5381068587303162
0.534887433052063,0.49436402320861816
0.22652196884155273,0.583794116973877
0.22141623497009277,0.5196022391319275
0.1463518738746643,0.5347774028778076
0.6441844701766968,0.5136340260505676
0.2022266387939453,0.4634518325328827
0.35288071632385254,0.5672343373298645
0.16506165266036987,0.49389544129371643
0.2640390396118164,0.5667241811752319
0.33324670791625977,0.4811917841434479
0.42488694190979004,0.517809271812439
0.36148810386657715,0.5841319561004639
0.1716609001159668,0.4976125955581665
0.3166830539703369,0.5359605550765991
0.23238450288772583,0.4856358766555786
0.06402218341827393,0.5640759468078613
0.568450927734375,0.527005672454834
0.08706915378570557,0.4540528953075409
0.23797154426574707,0.5458959937095642
0.23111462593078613,0.48349428176879883
0.24790316820144653,0.49120503664016724
0.46376824378967285,0.42249491810798645
0.15826630592346191,0.38169270753860474
0.2509431838989258,0.5040323138237
0.2017134428024292,0.49053627252578735
0.4515056610107422,0.4931598901748657
0.20581364631652832,0.4780881106853485
0.13343125581741333,0.5229315161705017
0.49138176441192627,0.5110055208206177
0.36019861698150635,0.48173922300338745
0.40506303310394287,0.48185229301452637
0.8708823919296265,0.58059161901474
0.4770839810371399,0.567065954208374
0.8364210724830627,0.5609501600265503
0.2447901964187622,0.49352797865867615
0.24156200885772705,0.5023527145385742
0.4340384006500244,0.4022071361541748
0.23662662506103516,0.41111841797828674
0.5782380104064941,0.4584847092628479
0.19506853818893433,0.4252108335494995
0.20875275135040283,0.4657325744628906
0.17819523811340332,0.459381103515625
0.31287121772766113,0.4986821115016937
0.2846224308013916,0.51212477684021
0.5954146385192871,0.5348895788192749
0.7394727468490601,0.5225828289985657
0.33016014099121094,0.47666847705841064
0.45569491386413574,0.48290061950683594
0.6071208715438843,0.5155201554298401
0.6094073057174683,0.4899943172931671
1.3403879404067993,0.44877099990844727
0.31324565410614014,0.44244879484176636
1.6567847728729248,0.43816640973091125
0.5146396160125732,0.46759262681007385
0.9962854981422424,0.46740031242370605
0.10550904273986816,0.547226071357727
0.37589624524116516,0.46266239881515503
0.07184100151062012,0.4761928617954254
0.20455718040466309,0.48089444637298584
0.7446036338806152,0.4666139781475067
0.3225226402282715,0.4261721670627594
0.5453639030456543,0.45387428998947144
0.1845177412033081,0.49191170930862427
0.20672178268432617,0.4109300374984741
0.3398017883300781,0.42572587728500366
0.3802013397216797,0.5547816753387451
0.2751368284225464,0.4666438102722168
0.12025666236877441,0.5445486903190613
0.2850854992866516,0.5210949778556824
0.2885935306549072,0.4667648673057556
0.169103741645813,0.49289512634277344
0.593133807182312,0.5585827231407166
0.2792971134185791,0.5720719695091248
0.2786691188812256,0.5201113224029541
0.23351478576660156,0.5346549153327942
0.757201611995697,0.4527697265148163
0.7386918067932129,0.46842217445373535
0.5883957743644714,0.36522364616394043
0.3350701332092285,0.4059678614139557
0.2500278353691101,0.49069085717201233
0.7664673328399658,0.4346563220024109
0.9734258651733398,0.4439269006252289
0.09057402610778809,0.5357372164726257
0.4039311408996582,0.5409417748451233
0.2742171287536621,0.4641231894493103
0.3350543975830078,0.5477482080459595
0.2497572898864746,0.5633566379547119
0.18492436408996582,0.5772803425788879
0.33535075187683105,0.4666910171508789
0.4406207799911499,0.49791252613067627
0.6049551963806152,0.473714679479599
0.29613494873046875,0.5168653726577759
0.15064668655395508,0.4207119941711426
0.09432435035705566,0.456484317779541
0.21053433418273926,0.48025962710380554
0.2879844903945923,0.4527791440486908
0.23538577556610107,0.5217077732086182
0.308790922164917,0.48670411109924316
0.3002208471298218,0.6010593771934509
0.4492199420928955,0.5812679529190063
0.7753983736038208,0.500677764415741
0.23908615112304688,0.5282633304595947
0.10770171880722046,0.47054630517959595
0.3829909563064575,0.5858116149902344
0.16286301612854004,0.5731837749481201
0.3329504728317261,0.5681772232055664
0.42812061309814453,0.4581437110900879
0.20689988136291504,0.5790646076202393
0.2703624367713928,0.5068944096565247
0.22025525569915771,0.5657528042793274
0.42441582679748535,0.4967881739139557
0.10868537425994873,0.5774129033088684
0.26081013679504395,0.48492610454559326
0.1775292158126831,0.5850470066070557
0.6022075414657593,0.594010591506958
0.20023590326309204,0.48099690675735474
0.584510326385498,0.5324273705482483
0.48829662799835205,0.5666533708572388
0.17371559143066406,0.4990093410015106
0.1185954213142395,0.48322993516921997
0.3761824369430542,0.5603903532028198
0.20872831344604492,0.4734609127044678
0.6073484420776367,0.5105924010276794
0.24567794799804688,0.5276983976364136
0.7396109104156494,0.49948519468307495
0.5644699335098267,0.5902682542800903
0.2481689453125,0.5288978815078735
0.3477921485900879,0.5564465522766113
0.18494677543640137,0.450316846370697
0.4093727469444275,0.4317467510700226
0.26536810398101807,0.4440138041973114
0.42675578594207764,0.45808741450309753
0.504639744758606,0.4153970777988434
0.42901015281677246,0.5064288973808289
0.7697994709014893,0.44672369956970215
0.155938982963562,0.4652251899242401
0.26436591148376465,0.3737832009792328
0.20041537284851074,0.3797118365764618
0.6118557453155518,0.5202498435974121
0.21564102172851562,0.5603154301643372
0.3731570243835449,0.5322014093399048
0.3186497092247009,0.4132974147796631
0.30739378929138184,0.42011240124702454
0.6266303658485413,0.4169180393218994
0.14812695980072021,0.40110599994659424
0.1699458360671997,0.40475088357925415
0.5194297432899475,0.4098658561706543
0.27933478355407715,0.4091907739639282
0.17515313625335693,0.5041479468345642
0.45125091075897217,0.42955926060676575
0.23543965816497803,0.4379129111766815
0.2916055917739868,0.5494919419288635
0.36867427825927734,0.5704126358032227
0.23302960395812988,0.556986927986145
0.35375356674194336,0.5611207485198975
0.1327558159828186,0.48422861099243164
0.2426619529724121,0.5000935792922974
0.2834230661392212,0.5304570198059082
0.2636793851852417,0.561294674873352
0.316257119178772,0.6399496793746948
0.44272202253341675,0.5390228033065796
0.2630876302719116,0.5870569944381714
0.2376999855041504,0.5649697780609131
0.32455873489379883,0.552857518196106
0.21390551328659058,0.5197480916976929
0.10690933465957642,0.5880428552627563
0.18931686878204346,0.5597602128982544
0.19160783290863037,0.6081475019454956
0.1897512674331665,0.5299611687660217
0.21093499660491943,0.5034082531929016
0.42326635122299194,0.582105815410614
0.32232916355133057,0.4801328778266907
0.4291357398033142,0.5508005619049072
0.35310864448547363,0.5856410264968872
0.0978245735168457,0.5466170907020569
0.48885756731033325,0.5799524784088135
0.38817298412323,0.6140152215957642
0.4481843113899231,0.5343501567840576
0.7531664371490479,0.5895771980285645
0.21595215797424316,0.5760147571563721
0.2296302318572998,0.6081488728523254
0.2836002707481384,0.6171684265136719
0.5149349570274353,0.595166802406311
0.08716094493865967,0.5709431171417236
0.11071979999542236,0.5775098204612732
0.5042302012443542,0.5650815367698669
0.062298715114593506,0.528364360332489
0.6363459229469299,0.5664926171302795
0.2550017833709717,0.5178629159927368
0.2133270800113678,0.5495367646217346
0.3747674226760864,0.5303313136100769
0.7861335277557373,0.5497615337371826
0.267772376537323,0.5366623997688293
0.1083727478981018,0.5702611207962036
0.48704397678375244,0.4902375638484955
0.19863653182983398,0.46667197346687317
0.3859676718711853,0.4730193614959717
0.19294965267181396,0.5321672558784485
0.4943598508834839,0.5206461548805237
0.2566037178039551,0.5662745237350464
0.18035155534744263,0.5762912631034851
0.4208509922027588,0.5857488512992859
0.5604432821273804,0.5500871539115906
0.9085849523544312,0.5124915838241577
0.14043664932250977,0.49619269371032715
0.1456378698348999,0.5413529276847839
0.5753949284553528,0.5167676210403442
0.2871779203414917,0.5009834170341492
0.14028716087341309,0.5562373995780945
0.28841495513916016,0.5636703372001648
0.1391085982322693,0.4501240849494934
0.32820284366607666,0.5619997382164001
0.45565521717071533,0.49791765213012695
0.2628074288368225,0.5568503141403198
0.24761682748794556,0.5321575999259949
0.2781834602355957,0.44970881938934326
0.6653974056243896,0.45515871047973633
0.9146958589553833,0.5304414629936218
0.48174959421157837,0.5174723267555237
0.14816498756408691,0.5040860772132874
0.27415990829467773,0.4923092722892761
0.41962218284606934,0.5775094628334045
0.11952924728393555,0.47492581605911255
0.31125974655151367,0.5554027557373047
0.07973945140838623,0.5327084064483643
0.4171266555786133,0.5118356347084045
0.1091843843460083,0.5053898096084595
0.3290663957595825,0.47602301836013794
0.38721346855163574,0.5151090621948242
0.22122740745544434,0.48254749178886414
0.20722556114196777,0.514603316783905
0.09913259744644165,0.5232908725738525
0.2917579412460327,0.5002329349517822
0.38479745388031006,0.5006343722343445
0.1290912628173828,0.476097971200943
0.21097111701965332,0.4272105395793915
0.05205512046813965,0.44923239946365356
0.2575972080230713,0.5039583444595337
0.2910881042480469,0.4986029267311096
0.42919111251831055,0.5193102955818176
0.526294469833374,0.45235276222229004
0.5525305271148682,0.4143542945384979
0.13720917701721191,0.537992537021637
0.18891525268554688,0.4817246198654175
0.29018545150756836,0.49144113063812256
0.4141806364059448,0.45016705989837646
0.22642701864242554,0.5613977313041687
0.17040419578552246,0.5150989890098572
0.03616440296173096,0.5315449237823486
0.1366470754146576,0.5333446860313416
0.3801272511482239,0.5441063642501831
0.13594835996627808,0.47237256169319153
0.8025012016296387,0.5452573895454407
0.10853314399719238,0.506366491317749
0.7917270660400391,0.5559118390083313
0.2755360007286072,0.4784599840641022
0.15619874000549316,0.45708343386650085
0.5038728713989258,0.5169554948806763
0.3998377323150635,0.5375460982322693
0.5893990993499756,0.46467846632003784
0.7054815292358398,0.6289142966270447
0.15279245376586914,0.48766279220581055
0.35376501083374023,0.5575438737869263
0.7865780591964722,0.5425404906272888
0.16849875450134277,0.43636831641197205
0.5963789224624634,0.38229233026504517
0.47516489028930664,0.4156261682510376
0.5827896595001221,0.41358765959739685
0.37680453062057495,0.5150786638259888
0.28443145751953125,0.402871310710907
0.17562615871429443,0.3898254334926605
0.7201594710350037,0.4667051136493683
0.7389466166496277,0.4494212567806244
0.17490649223327637,0.6350447535514832
0.07182079553604126,0.43159034848213196
0.1513211727142334,0.4957115054130554
0.28964072465896606,0.460426926612854
0.33585798740386963,0.49759262800216675
0.299898624420166,0.47518783807754517
0.1377650499343872,0.5108739137649536
0.09636855125427246,0.508306086063385
0.10026764869689941,0.5575217008590698
0.0827263593673706,0.5205828547477722
0.14005541801452637,0.5079790949821472
0.04894280433654785,0.5196568369865417
0.2485048770904541,0.45142409205436707
0.2908802628517151,0.5382940173149109
0.21660995483398438,0.46802955865859985
0.07007467746734619,0.5206683278083801
0.11550664901733398,0.5141461491584778
0.21613502502441406,0.4610038995742798
0.04459071159362793,0.4722381830215454
0.04773712158203125,0.48560410737991333
0.1047515869140625,0.5162180066108704
0.16077971458435059,0.4488556385040283
0.11008024215698242,0.5110218524932861
0.11903464794158936,0.5170376896858215
0.041239261627197266,0.4322100579738617
0.10199666023254395,0.5059367418289185
0.17330288887023926,0.48183292150497437
0.129791259765625,0.5882259607315063
0.6577854156494141,0.5567156076431274
0.11276507377624512,0.5063179731369019
0.2798476219177246,0.5032546520233154
0.1024935245513916,0.46630552411079407
0.3645382523536682,0.5362622141838074
0.07870066165924072,0.5845988392829895
0.3467797040939331,0.5316291451454163
0.14317309856414795,0.45508480072021484
0.12159889936447144,0.518497109413147
0.16907614469528198,0.5156720876693726
0.08297944068908691,0.4951155185699463
0.14669573307037354,0.5275271534919739
0.06110084056854248,0.5156296491622925
0.1642744541168213,0.554375171661377
0.02898550033569336,0.5176210999488831
0.09819459915161133,0.536834180355072
0.09655380249023438,0.5124448537826538
0.08215993642807007,0.5047028064727783
0.047699809074401855,0.43843308091163635
0.1022719144821167,0.6326540112495422
0.18178415298461914,0.46130090951919556
0.08826214075088501,0.6147024631500244
0.11608266830444336,0.4519559442996979
0.19523286819458008,0.5447741150856018
0.14082908630371094,0.5192219614982605
0.10626912117004395,0.428946852684021
0.17783737182617188,0.5222459435462952
0.13810014724731445,0.49422895908355713
0.18211913108825684,0.5632375478744507
0.04957222938537598,0.531928539276123
0.3090973496437073,0.4780842959880829
0.31620168685913086,0.45590612292289734
0.16790705919265747,0.4735966920852661
0.26640450954437256,0.544780969619751
0.03400075435638428,0.5777724981307983
0.08292186260223389,0.6071152091026306
0.10350292921066284,0.5138194561004639
0.13348066806793213,0.565092921257019
0.05840909481048584,0.4889853894710541
0.13542991876602173,0.5649150609970093
0.07129812240600586,0.5625067353248596
0.16593050956726074,0.4956260323524475
0.10437512397766113,0.49708253145217896
0.16468501091003418,0.5281313061714172
0.07696247100830078,0.5087934136390686
0.42853468656539917,0.4607020616531372
0.14633595943450928,0.44595304131507874
0.051198482513427734,0.45881086587905884
0.13022541999816895,0.483455091714859
0.07531923055648804,0.4388928711414337
0.16905134916305542,0.48896387219429016
0.17490601539611816,0.49822619557380676
0.6200951337814331,0.4837651550769806
0.08126044273376465,0.4661525785923004
0.5002197027206421,0.4808501899242401
0.17634940147399902,0.5142608284950256
0.17897117137908936,0.4876575469970703
0.32722270488739014,0.5570201277732849
0.12292659282684326,0.5071384906768799
0.3390359878540039,0.5014292597770691
0.11864995956420898,0.5397368669509888
0.04399824142456055,0.5258680582046509
0.043320655822753906,0.5196777582168579
0.09655201435089111,0.4842820167541504
0.10919106006622314,0.5051826238632202
0.12922286987304688,0.5085847973823547
0.38683605194091797,0.5506545305252075
0.22021353244781494,0.5506703853607178
0.2587156295776367,0.5703941583633423
0.6192907691001892,0.6413413882255554
0.19551992416381836,0.5857325792312622
0.4855825901031494,0.6577417850494385
0.17606043815612793,0.5471031069755554
0.10397416353225708,0.6307955980300903
0.3296157717704773,0.6614182591438293
0.1720982789993286,0.527972936630249
0.3504658341407776,0.5858403444290161
0.21899354457855225,0.5642844438552856
0.21461611986160278,0.4928838312625885
0.1929912567138672,0.6228240728378296
0.5552454590797424,0.5447924137115479
0.12021732330322266,0.5708749294281006
0.2734241485595703,0.536910891532898
0.6447094678878784,0.5058172345161438
0.5233154296875,0.5959136486053467
0.21131372451782227,0.5215525031089783
0.060204505920410156,0.5683958530426025
1.2762373685836792,0.5775432586669922
0.04092693328857422,0.5124735236167908
0.12844693660736084,0.5355148315429688
0.12077546119689941,0.5128629207611084
0.0628732442855835,0.5336707830429077
0.2498406171798706,0.499574214220047
0.10796546936035156,0.5309235453605652
0.11123716831207275,0.5441622734069824
0.11249673366546631,0.56175696849823
0.20184266567230225,0.5871617197990417
0.10293912887573242,0.5761435031890869
0.2563413381576538,0.5192837715148926
0.2574484348297119,0.5313799381256104
0.1323835849761963,0.5000110864639282
0.17881131172180176,0.530889093875885
0.7642401456832886,0.5813265442848206
0.46077489852905273,0.5499251484870911
0.15914607048034668,0.5332213044166565
0.5330866575241089,0.5100398063659668
0.38213276863098145,0.5487068891525269
0.40038490295410156,0.5482521653175354
0.09386563301086426,0.49780237674713135
0.13900423049926758,0.5558440089225769
0.03567683696746826,0.4951862692832947
0.12889432907104492,0.5791465044021606
0.08258134126663208,0.5309374332427979
0.15908849239349365,0.5213234424591064
0.26387667655944824,0.5343971252441406
0.24119091033935547,0.6103246212005615
0.20546996593475342,0.5347621440887451
0.15844863653182983,0.4998554587364197
0.14149510860443115,0.5631172060966492
0.229803204536438,0.493364155292511
0.266448438167572,0.5563657879829407
0.0881921648979187,0.6739624738693237
0.1532759666442871,0.5929533243179321
0.18981575965881348,0.6314085721969604
0.15067487955093384,0.627155601978302
0.27955198287963867,0.6309157609939575
0.15888118743896484,0.6114287376403809
0.3170827031135559,0.4996644854545593
0.16270267963409424,0.5948136448860168
0.4910004734992981,0.5304733514785767
0.11633026599884033,0.4833519458770752
0.1150863766670227,0.5570729374885559
0.08760654926300049,0.5285703539848328
0.2085113525390625,0.5547373294830322
0.12523579597473145,0.5220222473144531
0.0632803738117218,0.5098311305046082
0.19526147842407227,0.5438315272331238
0.08072644472122192,0.5501630306243896
0.09084641933441162,0.49676284193992615
0.20527034997940063,0.5203222036361694
0.146148681640625,0.49729204177856445
0.0900273323059082,0.4837495982646942
0.07493972778320312,0.521058976650238
0.17771601676940918,0.45968955755233765
0.07401561737060547,0.5301362872123718
0.13547396659851074,0.4514463245868683
0.20946872234344482,0.4366285502910614
0.3622462749481201,0.5318055748939514
0.12409400939941406,0.4837881922721863
0.14169692993164062,0.49639904499053955
0.21788811683654785,0.5040360689163208
0.09016573429107666,0.5372810959815979
0.04304921627044678,0.47946998476982117
0.2042832374572754,0.5298962593078613
0.14457106590270996,0.5602408647537231
0.10134422779083252,0.5035684108734131
0.18572866916656494,0.5084565877914429
0.14354300498962402,0.5299715399742126
0.6608337163925171,0.5436378717422485
1.8046817779541016,0.5262311100959778
1.4358677864074707,0.539431631565094
1.379555344581604,0.5679638385772705
0.5201667547225952,0.5344365835189819
0.2234126329421997,0.6032307744026184
0.34645378589630127,0.5880539417266846
0.3699887990951538,0.6195828914642334
0.8304474353790283,0.5134194493293762
0.16337400674819946,0.505122184753418
0.17300653457641602,0.45788639783859253
0.17213517427444458,0.45134440064430237
0.36210405826568604,0.5388160347938538
0.1338518261909485,0.4748760759830475
0.16227716207504272,0.37920817732810974
0.7736512422561646,0.4065600037574768
0.48745858669281006,0.49466565251350403
0.3404088020324707,0.4681892991065979
0.13395309448242188,0.5333083271980286
0.23055195808410645,0.6156745553016663
0.07042157649993896,0.5044872760772705
0.1179686188697815,0.4867061972618103
0.18906128406524658,0.3978109657764435
0.1037324070930481,0.5273162722587585
0.23655438423156738,0.470503568649292
0.7641066312789917,0.4381127953529358
0.3158969283103943,0.46438783407211304
0.22236138582229614,0.4788936376571655
0.7830277681350708,0.4892367720603943
0.05322539806365967,0.44374263286590576
0.2328486442565918,0.5200971364974976
0.281721830368042,0.5163372755050659
0.04666566848754883,0.5184872150421143
0.0757908821105957,0.5212013721466064
0.19975507259368896,0.5199233293533325
0.1565418243408203,0.5702750086784363
0.07362663745880127,0.5143944025039673
0.10529851913452148,0.6088666915893555
0.3690633773803711,0.6035608053207397
0.22026848793029785,0.6054035425186157
0.045534372329711914,0.5448170900344849
0.1259169578552246,0.5413634777069092
0.13359713554382324,0.560232400894165
0.1836872100830078,0.5453730225563049
0.23336565494537354,0.5098724365234375
0.10684537887573242,0.6412743330001831
0.08489620685577393,0.5127365589141846
0.06161999702453613,0.5254175066947937
0.07317352294921875,0.4801447093486786
0.06436800956726074,0.5341453552246094
0.05196833610534668,0.47382107377052307
0.04663717746734619,0.5101184844970703
0.23444664478302002,0.5312274694442749
0.163193941116333,0.5918879508972168
0.10437655448913574,0.532731294631958
0.03975921869277954,0.5548468828201294
0.1848130226135254,0.5648995041847229
0.18475091457366943,0.594700813293457
0.336745023727417,0.5736941695213318
0.05061960220336914,0.614463210105896
0.22497165203094482,0.6291220784187317
0.031073451042175293,0.6844097971916199
0.047752708196640015,0.6151376962661743
0.47807997465133667,0.508124828338623
1.008331537246704,0.5273700952529907
0.16680705547332764,0.46801650524139404
0.15963244438171387,0.41664227843284607
0.12335199117660522,0.4716188311576843
0.5633095502853394,0.4713069796562195
0.9829002618789673,0.4984518587589264
0.11136329174041748,0.46645110845565796
1.1240766048431396,0.5315679311752319
0.313671350479126,0.5586874485015869
0.28528791666030884,0.4854089021682739
0.11315536499023438,0.41785597801208496
1.131249189376831,0.4555627405643463
0.3526427745819092,0.5133391618728638
0.24409222602844238,0.5366213917732239
0.335918128490448,0.526195764541626
1.0314072370529175,0.5467478036880493
0.7795720100402832,0.490478515625
0.27170854806900024,0.5179696679115295
0.5842424631118774,0.44245705008506775
0.2796049118041992,0.5219111442565918
0.3132975697517395,0.5033565759658813
0.3681359887123108,0.46980077028274536
1.275109052658081,0.5179236531257629
0.7088465094566345,0.5077159404754639
0.6389021873474121,0.508907675743103
0.3581700921058655,0.44035449624061584
0.46477484703063965,0.3757837414741516
0.7874763011932373,0.49765878915786743
1.4708060026168823,0.4555332064628601
0.3533141613006592,0.42975202202796936
1.325302243232727,0.41040512919425964
0.7164158821105957,0.45317500829696655
0.8205146789550781,0.43777918815612793
0.7793688774108887,0.43355241417884827
1.1277767419815063,0.47900763154029846
0.6927218437194824,0.42771026492118835
0.24283617734909058,0.3533991277217865
0.6576896905899048,0.4429018497467041
0.7136832475662231,0.4668337106704712
0.2870514988899231,0.35950469970703125
0.8976793885231018,0.39800864458084106
1.2126928567886353,0.4097527861595154
1.7142367362976074,0.4111238718032837
0.9096882939338684,0.4596239924430847
1.0201160907745361,0.47838467359542847
0.41250383853912354,0.41102713346481323
0.8189341425895691,0.5419407486915588
1.6935276985168457,0.5687374472618103
1.467883825302124,0.4532355070114136
1.8260728120803833,0.5524994134902954
1.2642930746078491,0.47700756788253784
0.7694999575614929,0.518601655960083
2.1205294132232666,0.4762779176235199
2.428797960281372,0.5899859070777893
1.757065773010254,0.47902271151542664
1.6665982007980347,0.4779212474822998
1.9111689329147339,0.5308665037155151
0.5115599632263184,0.46525147557258606
0.8650705218315125,0.4738142490386963
1.8369319438934326,0.5395480394363403
1.0214903354644775,0.5148573517799377
0.54432213306427,0.4901397228240967
1.2146937847137451,0.5693215727806091
1.6699694395065308,0.5274301171302795
0.8526182174682617,0.5732405185699463
0.6059844493865967,0.592402458190918
0.6314907073974609,0.5672726631164551
0.3205186128616333,0.5618026256561279
0.16130387783050537,0.6070088744163513
0.8529011011123657,0.611251950263977
0.4724527597427368,0.6236968040466309
0.6300797462463379,0.5677715539932251
0.6178680658340454,0.5674504041671753
1.2338002920150757,0.5276080369949341
0.5914548635482788,0.6048942804336548
0.19501280784606934,0.5788769721984863
1.5338221788406372,0.5917313694953918
0.3189016580581665,0.5511840581893921
1.4021563529968262,0.5535827279090881
0.6658936738967896,0.6351833939552307
0.6423428654670715,0.6180186867713928
1.1275146007537842,0.5352730751037598
0.6147872805595398,0.5818134546279907
0.31619447469711304,0.5020277500152588
1.2594623565673828,0.575610339641571
0.44115298986434937,0.5192942023277283
0.6150997281074524,0.48822420835494995
1.6130291223526,0.5434880256652832
1.406876564025879,0.540129542350769
0.5511402487754822,0.5142244696617126
1.5809881687164307,0.5557451248168945
2.9836745262145996,0.5331767201423645
1.1972355842590332,0.47160840034484863
1.7999210357666016,0.5304090976715088
0.8304705023765564,0.5410304069519043
1.0776095390319824,0.5370731353759766
1.2142359018325806,0.4616047441959381
2.1033098697662354,0.419969379901886
1.8476135730743408,0.43987706303596497
1.627444863319397,0.46064502000808716
0.3805270791053772,0.41458362340927124
1.2705795764923096,0.4770940840244293
0.5010994672775269,0.45987245440483093
0.6251639723777771,0.34557822346687317
0.4321308135986328,0.3607805073261261
0.2651708126068115,0.33933544158935547
1.004503846168518,0.4417901635169983
0.1391291618347168,0.3575930595397949
0.323938250541687,0.37655195593833923
0.32396769523620605,0.3993074595928192
0.4605671167373657,0.38754552602767944
0.20206451416015625,0.4303071200847626
0.286376953125,0.4313976466655731
0.4367666244506836,0.4781390428543091
0.4092785716056824,0.5027356147766113
0.17432856559753418,0.4341994524002075
1.0526832342147827,0.46182042360305786
0.36000680923461914,0.4556563198566437
0.25007253885269165,0.4346434772014618
0.2489301562309265,0.4746991991996765
0.9297295808792114,0.4904884099960327
0.4115297794342041,0.5310465097427368
0.5310433506965637,0.5497142672538757
0.05962646007537842,0.5336765646934509
0.17359572649002075,0.5007262825965881
0.6507464647293091,0.5270826816558838
0.4605604410171509,0.508094310760498
0.09948191046714783,0.4801747798919678
0.538490891456604,0.5207420587539673
0.7915599346160889,0.5760078430175781
0.28136932849884033,0.4165568947792053
0.5960617661476135,0.5056775808334351
0.9022998809814453,0.5525670647621155
1.5457996129989624,0.5234705805778503
0.1600630283355713,0.48029881715774536
0.4856070280075073,0.597220778465271
0.23565363883972168,0.5387710332870483
0.946150541305542,0.4661155343055725
0.26353275775909424,0.435724139213562
1.610137701034546,0.5378617644309998
1.2167950868606567,0.48228371143341064
0.444210410118103,0.48268628120422363
0.14109539985656738,0.48491302132606506
1.2187635898590088,0.5060757994651794
0.6497740745544434,0.5909460186958313
0.8233461380004883,0.4827558994293213
0.4514350891113281,0.4504636824131012
1.3844785690307617,0.521857500076294
0.45024222135543823,0.45862820744514465
0.49070656299591064,0.535984218120575
0.3097425103187561,0.4658024311065674
0.8801865577697754,0.4613587558269501
0.3589595556259155,0.857892632484436
0.22287046909332275,0.7064802646636963
0.09145689010620117,0.9763139486312866
0.15147578716278076,0.919937014579773
0.16868233680725098,0.6337473392486572
0.1275407075881958,0.6033252477645874
0.27146148681640625,0.6502664685249329
0.14885759353637695,0.5630811452865601
0.3351578116416931,0.5477441549301147
0.6557502746582031,0.5336964726448059
0.23543000221252441,0.4816896319389343
0.11756527423858643,0.5774755477905273
0.28327810764312744,0.5748816132545471
0.5974663496017456,0.5703292489051819
0.3617696762084961,0.5866005420684814
0.17752444744110107,0.532226026058197
0.20539772510528564,0.5695799589157104
0.18988585472106934,0.5983753800392151
0.1189470887184143,0.5806146860122681
0.1917893886566162,0.5960266590118408
0.20659106969833374,0.4930059015750885
0.08926784992218018,0.584083080291748
0.06132686138153076,0.636949896812439
0.4028935432434082,0.6006417274475098
0.19078147411346436,0.7213741540908813
0.22786426544189453,0.5733880996704102
0.12038612365722656,0.5666055679321289
0.16547977924346924,0.574976921081543
0.2179906964302063,0.6331368684768677
0.346563458442688,0.5010973811149597
0.4635505676269531,0.5761775970458984
0.1854231357574463,0.5458386540412903
1.3699936866760254,0.5275151133537292
0.379245400428772,0.5345383882522583
0.44368594884872437,0.5656816363334656
0.08843576908111572,0.6038461327552795
0.2326861023902893,0.482168048620224
0.012809514999389648,0.5593891739845276
0.12322103977203369,0.5462044477462769
0.05927610397338867,0.6170811653137207
0.15851229429244995,0.6066142320632935
0.154246985912323,0.6954542398452759
0.18999648094177246,0.6544361114501953
0.07469499111175537,0.754515528678894
0.22265607118606567,0.7829880714416504
0.08399027585983276,0.5942628383636475
0.04318583011627197,0.6153334379196167
0.08123457431793213,0.6370855569839478
0.033863365650177,0.5832406282424927
0.12268710136413574,0.6484529972076416
0.18923401832580566,0.6995291709899902
0.09276008605957031,0.6067670583724976
0.09469592571258545,0.6709282398223877
0.04851764440536499,0.6066510081291199
0.15183883905410767,0.6213051676750183
0.11895328760147095,0.5796104669570923
0.07547211647033691,0.5765559077262878
0.08201193809509277,0.5433001518249512
0.2137271761894226,0.5505005121231079
0.07405686378479004,0.5323370695114136
0.21497976779937744,0.5994921922683716
0.09542298316955566,0.5312888026237488
0.272777795791626,0.594937801361084
0.1013193130493164,0.4683414697647095
0.1865549087524414,0.5332244038581848
0.3399242162704468,0.5469900965690613
0.03510880470275879,0.48790228366851807
0.12160038948059082,0.49093306064605713
0.12146294116973877,0.49123066663742065
0.059137821197509766,0.5015321969985962
0.21854782104492188,0.5711140632629395
0.24449151754379272,0.5700976848602295
0.06796061992645264,0.5098663568496704
0.5725277066230774,0.5086231231689453
0.21120309829711914,0.4766887426376343
0.15175294876098633,0.5782556533813477
0.31697535514831543,0.5132192969322205
0.2504615783691406,0.5193243622779846
0.18312466144561768,0.489183247089386
0.24689292907714844,0.4503135681152344
0.08946287631988525,0.5058772563934326
0.3371429443359375,0.4876949191093445
0.16695034503936768,0.5096503496170044
0.08425885438919067,0.444379597902298
0.12056624889373779,0.5087264180183411
0.2915027141571045,0.4236554503440857
0.23602294921875,0.42178913950920105
0.1389673948287964,0.4173816442489624
0.13362526893615723,0.6024593114852905
0.052970290184020996,0.4594607353210449
0.2943345308303833,0.5652321577072144
0.03334379196166992,0.5185527801513672
0.08090591430664062,0.5459873080253601
0.05450904369354248,0.48704075813293457
0.5302224159240723,0.46253061294555664
0.390463650226593,0.5152220129966736
0.34171485900878906,0.5345380902290344
0.45001429319381714,0.44299593567848206
0.2577803134918213,0.4768067002296448
0.5787962079048157,0.5178757309913635
0.27446699142456055,0.5630180835723877
0.7159301042556763,0.581007719039917
0.18671274185180664,0.5454530119895935
0.4975872039794922,0.4454058110713959
0.36548757553100586,0.5200400352478027
0.15232306718826294,0.622340738773346
0.10626518726348877,0.6604889035224915
0.07287797331809998,0.5358202457427979
0.06122934818267822,0.5559866428375244
0.02046787738800049,0.6080014705657959
0.05688774585723877,0.6699904799461365
0.06034368276596069,0.5776131749153137
0.0742385983467102,0.5437787175178528
0.15468358993530273,0.6304460167884827
0.13324987888336182,0.5349183082580566
0.10049569606781006,0.6332481503486633
0.13183408975601196,0.5906049013137817
0.18930137157440186,0.6998105049133301
0.122092604637146,0.4324830174446106
0.14944612979888916,0.5334011316299438
0.045447349548339844,0.4805242121219635
0.1133812665939331,0.5286800861358643
0.16720199584960938,0.45798996090888977
0.3224416971206665,0.47413337230682373
0.2731136083602905,0.509637713432312
0.4566054344177246,0.5553815960884094
0.14310288429260254,0.4643843472003937
0.4646625518798828,0.5427313446998596
0.2594580054283142,0.44540488719940186
0.3756067752838135,0.4981499910354614
0.3538808822631836,0.4800780117511749
0.18035376071929932,0.5332211256027222
0.09647524356842041,0.4662858545780182
0.33567357063293457,0.42626139521598816
0.09447240829467773,0.5045973658561707
0.3771247863769531,0.48081207275390625
0.11499571800231934,0.48081740736961365
0.07416367530822754,0.4332442581653595
0.31473469734191895,0.4885035455226898
0.07637739181518555,0.43902263045310974
0.3529185652732849,0.4256453216075897
0.33466964960098267,0.49036523699760437
0.28033220767974854,0.5275566577911377
0.3166494369506836,0.5540160536766052
0.43065106868743896,0.536530613899231
0.07410287857055664,0.5582854151725769
0.2132854461669922,0.5708121061325073
0.17357808351516724,0.5902308821678162
0.30250418186187744,0.571133017539978
0.05827397108078003,0.5925286412239075
0.1447162628173828,0.5653478503227234
0.1328609585762024,0.5384905338287354
0.017357587814331055,0.6168683171272278
0.09602266550064087,0.49293053150177
0.058056771755218506,0.5856392979621887
0.04206347465515137,0.5730133056640625
0.017637014389038086,0.6276644468307495
0.03379124402999878,0.5115298628807068
0.0612492561340332,0.4825167655944824
0.11891365051269531,0.543901801109314
0.023568183183670044,0.591265082359314
0.08663654327392578,0.5569750070571899
0.296766996383667,0.51300448179245
0.04101330041885376,0.45750299096107483
0.0433688759803772,0.5073963403701782
0.07219791412353516,0.5663555264472961
0.05924499034881592,0.5242950916290283
0.18970060348510742,0.5613710880279541
0.04725247621536255,0.4742039442062378
0.14300954341888428,0.4265223443508148
0.17584222555160522,0.5202057361602783
0.10224121809005737,0.4817534387111664
0.07042455673217773,0.5861086249351501
0.07551109790802002,0.5596867799758911
0.2645604610443115,0.5282586216926575
0.1058880090713501,0.5911099910736084
0.15156292915344238,0.5814681053161621
0.1321779489517212,0.5734984874725342
0.1372523307800293,0.5153019428253174
0.2631251811981201,0.54554682970047
0.11192768812179565,0.5120799541473389
0.3627251982688904,0.5222740769386292
0.09064948558807373,0.5845215916633606
0.43843531608581543,0.5070928335189819
0.42303967475891113,0.4587433636188507
0.3803520202636719,0.4595995247364044
0.10112673044204712,0.4315054416656494
0.5298855304718018,0.524346113204956
0.07901901006698608,0.5256668329238892
0.5483301877975464,0.521904706954956
0.1639254093170166,0.5691859722137451
0.026402413845062256,0.540251612663269
0.33875250816345215,0.45267704129219055
0.13796353340148926,0.5598965883255005
0.22801733016967773,0.5765166282653809
0.1489892601966858,0.6332095265388489
0.6232112646102905,0.569976270198822
0.22289824485778809,0.5736338496208191
0.07499474287033081,0.514817476272583
0.15764057636260986,0.6458751559257507
0.26613473892211914,0.5104720592498779
0.09137231111526489,0.5237576961517334
0.10777413845062256,0.515788197517395
0.45704972743988037,0.5546507239341736
0.4859809875488281,0.4897460341453552
0.10706663131713867,0.48875394463539124
0.27838587760925293,0.5744391083717346
0.2828327417373657,0.5176113247871399
0.4581422805786133,0.5395282506942749
0.13823390007019043,0.4295470416545868
0.16128313541412354,0.5290540456771851
0.2764037847518921,0.5483426451683044
0.2217167615890503,0.5616894960403442
0.0903288722038269,0.5016312003135681
0.06229293346405029,0.5571722388267517
0.055768370628356934,0.5633413791656494
0.05612301826477051,0.57359778881073
0.08817970752716064,0.4890623390674591
0.16758406162261963,0.5116621851921082
0.05463939905166626,0.4795783460140228
0.28477656841278076,0.5590692162513733
0.12635686993598938,0.5703800320625305
0.07764017581939697,0.5918413400650024
0.10389435291290283,0.5566732883453369
0.08006393909454346,0.49261969327926636
0.07014423608779907,0.5752198696136475
0.2261749505996704,0.5741715431213379
0.569472074508667,0.570964515209198
0.13438057899475098,0.5634413957595825
0.05173599720001221,0.48452869057655334
0.21984481811523438,0.5754375457763672
0.32464754581451416,0.5112887024879456
0.19644081592559814,0.4861292243003845
0.18862152099609375,0.5071960687637329
0.3201335668563843,0.5043072700500488
0.3771402835845947,0.5809170603752136
0.18333172798156738,0.5878362655639648
0.3056519031524658,0.5686914324760437
0.28243064880371094,0.4938810169696808
0.14437270164489746,0.5584099292755127
0.24322324991226196,0.555303692817688
0.4794502258300781,0.5172622203826904
0.5511882305145264,0.544499397277832
0.7821378707885742,0.5747222900390625
0.2324070930480957,0.5782251954078674
0.3230471611022949,0.4607250690460205
0.14951622486114502,0.5828407406806946
0.047138512134552,0.5380352735519409
0.19594502449035645,0.544711172580719
0.10755008459091187,0.49338480830192566
0.14774620532989502,0.4994274973869324
0.12346082925796509,0.5233280658721924
0.04928267002105713,0.5866401791572571
0.14816415309906006,0.5789589285850525
0.15421128273010254,0.5338851809501648
0.21790707111358643,0.5062347650527954
0.053130269050598145,0.4991452395915985
0.09099364280700684,0.5687580108642578
0.12784934043884277,0.5807127952575684
0.44789814949035645,0.6302353143692017
0.45076310634613037,0.5537140965461731
0.1520758867263794,0.6102574467658997
0.057388901710510254,0.5505163669586182
0.060881853103637695,0.5568817257881165
0.27412712574005127,0.64220130443573
0.1905689835548401,0.5951902270317078
0.04874861240386963,0.5355346202850342
0.1867220401763916,0.5976026654243469
0.04482316970825195,0.5636670589447021
0.039448082447052,0.5834046602249146
0.06473672389984131,0.5322646498680115
0.06231129169464111,0.5691511034965515
0.05030369758605957,0.5349613428115845
0.049139976501464844,0.5865122675895691
0.10282671451568604,0.5487160682678223
0.10162162780761719,0.5139226913452148
0.0990912914276123,0.46809083223342896
0.12405741214752197,0.5186832547187805
0.040105998516082764,0.5417104363441467
0.07360804080963135,0.5049536228179932
0.041275739669799805,0.46235814690589905
0.06998211145401001,0.4867272973060608
0.06580650806427002,0.533774197101593
0.047969818115234375,0.5588271617889404
0.09995841979980469,0.44698575139045715
0.10043060779571533,0.4828842580318451
0.4509686231613159,0.512393057346344
0.06934535503387451,0.5257528424263
0.19719243049621582,0.5762113928794861
0.24354970455169678,0.5145053863525391
0.30495601892471313,0.5786210298538208
0.3467860817909241,0.6712667346000671
0.6530353426933289,0.4775388538837433
0.4788327217102051,0.4834648370742798
0.3782133460044861,0.4459696412086487
0.369966983795166,0.48994043469429016
0.12356269359588623,0.43331587314605713
0.22115743160247803,0.4904859960079193
0.8126832246780396,0.4617879092693329
0.377909779548645,0.49845555424690247
0.192491352558136,0.511252760887146
0.4177703857421875,0.5323663949966431
0.33555376529693604,0.5346270799636841
0.4891759157180786,0.5472224950790405
0.37204432487487793,0.4683498740196228
0.4964165687561035,0.5108765363693237
0.3522411584854126,0.5324352979660034
0.8977689743041992,0.5462620854377747
0.26245415210723877,0.5256308317184448
0.17421388626098633,0.48837244510650635
0.19772756099700928,0.5415991544723511
0.31836098432540894,0.5574647188186646
0.5553936958312988,0.5233807563781738
0.29109203815460205,0.512575626373291
0.955878496170044,0.5447916984558105
0.5204194784164429,0.5152443647384644
0.47614216804504395,0.5130565762519836
0.3492624759674072,0.4713701605796814
0.21823501586914062,0.45222678780555725
0.34416234493255615,0.5251546502113342
0.6575757265090942,0.48370251059532166
0.0396885871887207,0.5066721439361572
0.16468334197998047,0.5090553760528564
0.26760333776474,0.53871089220047
0.35862934589385986,0.5366746187210083
0.6868271827697754,0.5413228869438171
0.5313754081726074,0.5900864601135254
0.3319709300994873,0.6282225847244263
0.5690691471099854,0.5484181642532349
0.2461409568786621,0.4928247928619385
0.17101311683654785,0.5517792701721191
1.3619019985198975,0.5725185871124268
0.11335039138793945,0.5457936525344849
0.15965068340301514,0.4876517355442047
0.13238561153411865,0.4674978256225586
0.6938221454620361,0.4982685148715973
0.34219270944595337,0.550362229347229
0.3580813407897949,0.5635366439819336
0.278328537940979,0.45465752482414246
0.40751588344573975,0.45411914587020874
0.5254209041595459,0.4998778700828552
0.5129839777946472,0.441233366727829
0.12330245971679688,0.4316617250442505
0.3547947406768799,0.5119444727897644
0.15540611743927002,0.47877758741378784
0.35944050550460815,0.49870264530181885
0.46659553050994873,0.5870919227600098
0.297343373298645,0.5443027019500732
0.33362269401550293,0.4942348599433899
0.2676818370819092,0.5388126373291016
0.2768127918243408,0.5441943407058716
0.5013021230697632,0.5753942728042603
0.2492322325706482,0.538517951965332
0.16171717643737793,0.5419629216194153
0.199432373046875,0.5512675046920776
0.15413999557495117,0.47696542739868164
0.41245079040527344,0.49974316358566284
0.3498183488845825,0.5032288432121277
0.4112662076950073,0.4985176920890808
0.1374831199645996,0.5621527433395386
0.4098392724990845,0.5991359949111938
0.6534175872802734,0.543075680732727
0.3935098648071289,0.5621277093887329
0.4909781217575073,0.5768084526062012
0.44259560108184814,0.5521852970123291
0.26136040687561035,0.5010209083557129
0.12917804718017578,0.5395498871803284
0.3619242310523987,0.579748809337616
0.4421886205673218,0.5684109926223755
0.3622105121612549,0.5183350443840027
0.22623872756958008,0.5337427854537964
0.35188090801239014,0.542530357837677
0.6177331209182739,0.5313498973846436
0.35716140270233154,0.612330436706543
0.15951085090637207,0.5470876097679138
0.5069732666015625,0.5080890655517578
0.29886603355407715,0.49155330657958984
0.2025374174118042,0.4798871874809265
0.20176196098327637,0.4885258674621582
0.556976318359375,0.5528775453567505
0.1766301989555359,0.543058454990387
0.17214691638946533,0.5606871247291565
0.45399296283721924,0.5227047204971313
0.3094663619995117,0.5209949612617493
0.5409336090087891,0.5335109829902649
0.6204808950424194,0.5009358525276184
0.6268885135650635,0.5662181377410889
0.47295236587524414,0.5659586191177368
0.4546622037887573,0.5221767425537109
0.44496870040893555,0.5075850486755371
0.2603592872619629,0.5049236416816711
0.3642085790634155,0.51966392993927
0.411179780960083,0.5900515913963318
1.0890628099441528,0.5731305480003357
1.3795909881591797,0.5331248044967651
0.510895311832428,0.5943267941474915
0.4599584937095642,0.5344947576522827
1.2581439018249512,0.5483918786048889
0.5941578149795532,0.5086894035339355
0.2886609435081482,0.503849983215332
0.3770933747291565,0.4803912937641144
0.2695819139480591,0.5190852880477905
0.7396626472473145,0.5890952348709106
0.30374157428741455,0.5066163539886475
0.13972759246826172,0.581763744354248
0.3197906017303467,0.581375002861023
0.33488523960113525,0.5339716672897339
0.4525783061981201,0.5676416158676147
0.19748950004577637,0.5708643198013306
0.6304473876953125,0.5498923063278198
1.7521674633026123,0.5344556570053101
0.39729106426239014,0.5338007211685181
1.4226224422454834,0.6512929201126099
0.3762550950050354,0.5336991548538208
0.5906219482421875,0.5704495906829834
0.11215057969093323,0.519562304019928
0.7522568702697754,0.5198860764503479
0.8541021347045898,0.5376785397529602
0.693799614906311,0.5943468809127808
0.7615007162094116,0.5837783813476562
0.640933632850647,0.551132082939148
0.2837064266204834,0.5951052308082581
0.3624145984649658,0.5946797728538513
0.6634028553962708,0.598709225654602
0.3175724744796753,0.5976505875587463
0.4848959445953369,0.5654109716415405
1.514244794845581,0.5636558532714844
0.12704837322235107,0.514864444732666
0.5232095718383789,0.5659161806106567
1.405112624168396,0.5444890260696411
0.17173486948013306,0.5167520046234131
0.48349475860595703,0.5502315759658813
1.1220269203186035,0.5671875476837158
0.6434693336486816,0.4852650463581085
0.2236344814300537,0.5417236089706421
0.5314662456512451,0.5072437524795532
0.7793060541152954,0.5286294221878052
0.3073236346244812,0.5328720808029175
0.22551953792572021,0.5519658327102661
0.16135179996490479,0.5500985980033875
0.42203330993652344,0.5164071321487427
0.13849031925201416,0.5496270656585693
0.31271839141845703,0.5652032494544983
0.10007333755493164,0.5554091334342957
0.15457618236541748,0.5808454751968384
0.1976475715637207,0.5898268818855286
0.4133176803588867,0.5920208692550659
0.23690009117126465,0.5340372323989868
0.25128936767578125,0.6036404967308044
0.32680320739746094,0.5442615747451782
0.2166273593902588,0.5382931232452393
0.7238186597824097,0.5497320890426636
0.3742479085922241,0.525113582611084
0.48707979917526245,0.4784957766532898
0.22278738021850586,0.4344889223575592
0.1846179962158203,0.5126116275787354
0.3515561819076538,0.48434749245643616
0.3843790292739868,0.5034854412078857
0.22484183311462402,0.5278612375259399
0.20146918296813965,0.46238961815834045
0.3535490036010742,0.5822255611419678
0.2839069366455078,0.565564751625061
0.4710007905960083,0.5108767747879028
0.4135094881057739,0.5178258419036865
0.36097538471221924,0.5332132577896118
0.17647957801818848,0.4495084881782532
0.08923357725143433,0.47021201252937317
0.33833932876586914,0.5474690794944763
0.6777211427688599,0.5741974115371704
0.40786993503570557,0.522929310798645
0.21508455276489258,0.570327877998352
0.15997099876403809,0.5737680196762085
0.1678943634033203,0.5519000887870789
0.46531951427459717,0.5471124053001404
0.5732263326644897,0.5181941986083984
0.20581519603729248,0.47730210423469543
0.1795445680618286,0.5331513285636902
0.21136319637298584,0.5303711891174316
0.8432104587554932,0.49060964584350586
0.5904412865638733,0.46324461698532104
0.47083550691604614,0.5091165900230408
0.7438135147094727,0.5088649988174438
0.10871082544326782,0.4971699118614197
0.08892822265625,0.5058490037918091
0.17129135131835938,0.5605790615081787
0.44074487686157227,0.4520150125026703
0.26033997535705566,0.606269896030426
0.19854378700256348,0.5346348285675049
0.20498961210250854,0.5506348609924316
0.5401085615158081,0.5389555096626282
0.48273587226867676,0.5530986785888672
0.47196149826049805,0.49598345160484314
0.3206974267959595,0.49215179681777954
0.28954648971557617,0.506500244140625
0.7923992872238159,0.5226715207099915
0.2582463026046753,0.4740350842475891
0.3477966785430908,0.5467624068260193
0.43415188789367676,0.5591380596160889
0.3178856372833252,0.4797878563404083
0.7485768795013428,0.5021788477897644
0.3914579153060913,0.5510331988334656
0.47847771644592285,0.5718446969985962
0.9418253898620605,0.5974894762039185
0.8798671364784241,0.5305980443954468
0.5668025612831116,0.4834476113319397
0.1917715072631836,0.5148416757583618
0.30525851249694824,0.4989825487136841
0.34150660037994385,0.5336207151412964
0.982868492603302,0.5992196798324585
1.015763759613037,0.5510749220848083
0.20909720659255981,0.5223771333694458
0.8119816780090332,0.502419114112854
0.34955894947052,0.5739263296127319
0.18052363395690918,0.5618458986282349
0.2301546335220337,0.6248462200164795
0.16571283340454102,0.5879245400428772
0.38140296936035156,0.598329484462738
0.21547222137451172,0.535866379737854
0.48884010314941406,0.6093915104866028
0.26444709300994873,0.5040002465248108
0.49725770950317383,0.5916985869407654
0.47163915634155273,0.575252115726471
0.524580717086792,0.5384776592254639
0.549771785736084,0.4953371584415436
0.25928449630737305,0.5049184560775757
0.23751866817474365,0.5354235768318176
0.3860635757446289,0.5209869146347046
0.37398672103881836,0.5832349061965942
0.6958298683166504,0.5503527522087097
0.2829713821411133,0.594529926776886
0.30944037437438965,0.5718725919723511
0.6598267555236816,0.5462207794189453
0.16600751876831055,0.5151137113571167
0.25475120544433594,0.5136281251907349
0.4937483072280884,0.5680637359619141
0.5850769281387329,0.5728483200073242
0.8092530965805054,0.5107280611991882
0.25881052017211914,0.5280821919441223
0.3477344512939453,0.55484938621521
0.5322721004486084,0.5300421118736267
0.33199840784072876,0.5535281300544739
0.6259492635726929,0.5222238898277283
0.4174872636795044,0.5816624164581299
0.36260485649108887,0.46402961015701294
0.35232996940612793,0.5146145820617676
0.29776811599731445,0.49196916818618774
0.7300751209259033,0.5294089913368225
0.6946792602539062,0.5321308374404907
0.4840022921562195,0.45574790239334106
0.5990415215492249,0.4957093894481659
0.5244280099868774,0.5061280131340027
0.6088504791259766,0.5624598860740662
0.8049014806747437,0.5476704239845276
0.10636019706726074,0.4494026005268097
0.16308456659317017,0.44427037239074707
0.47974491119384766,0.5145545601844788
0.14793086051940918,0.5385861396789551
0.009384751319885254,0.6406455039978027
0.2377380132675171,0.5496984124183655
0.4577542543411255,0.5848253965377808
0.6384062170982361,0.5645724534988403
0.23218774795532227,0.5020483136177063
1.1247042417526245,0.508624792098999
0.3557330369949341,0.5409766435623169
0.6466988325119019,0.4974101781845093
0.8384976387023926,0.5554858446121216
0.5333981513977051,0.449627548456192
0.5080146193504333,0.46152013540267944
1.8928953409194946,0.5104807019233704
0.5314831733703613,0.44990187883377075
0.20197010040283203,0.4872159957885742
1.9552255868911743,0.6319061517715454
0.4392116665840149,0.5682606101036072
0.8203207850456238,0.5670177936553955
0.3698253631591797,0.6001288294792175
0.11602044105529785,0.5603600740432739
0.24751126766204834,0.5505632162094116
0.1351248025894165,0.5002712607383728
0.5169984102249146,0.5481714010238647
0.3951225280761719,0.4678165018558502
0.3605458736419678,0.4987035095691681
0.3551567792892456,0.5146464109420776
0.5114549398422241,0.5712085366249084
2.0719594955444336,0.5487244725227356
0.9381535053253174,0.683354914188385
0.5486078262329102,0.564538836479187
1.097306489944458,0.5891724228858948
0.8592545986175537,0.5659850835800171
1.0085670948028564,0.5769309997558594
1.506669044494629,0.5869954228401184
1.1410857439041138,0.6664313077926636
0.7054475545883179,0.5671667456626892
2.0196475982666016,0.5194613933563232
0.3116452693939209,0.5543287992477417
0.44886279106140137,0.5700479745864868
0.7102112770080566,0.5589666366577148
0.1476428508758545,0.4908125400543213
0.9377613067626953,0.5487400889396667
0.3837963342666626,0.5063808560371399
0.724400520324707,0.5527305006980896
0.1445317268371582,0.5616933703422546
0.3873765468597412,0.5212998986244202
0.4438849687576294,0.6347850561141968
0.2733783721923828,0.6030165553092957
0.36340785026550293,0.5759844183921814
0.1841268539428711,0.5505216717720032
2.1176586151123047,0.6325955390930176
1.3657928705215454,0.5644271373748779
0.3705023527145386,0.7598460912704468
0.5215356349945068,0.5560018420219421
0.8096625804901123,0.5644804239273071
1.0560812950134277,0.5046425461769104
0.7485532164573669,0.6203522086143494
1.0066931247711182,0.6784334182739258
1.7264997959136963,0.7233457565307617
0.6559579372406006,0.5039193034172058
0.4592478275299072,0.528213381767273
0.3622727394104004,0.5828497409820557
0.6472111940383911,0.49967214465141296
0.29785609245300293,0.503220796585083
0.4260549545288086,0.4895329475402832
0.18335211277008057,0.571906328201294
0.30993330478668213,0.548945963382721
0.5943001508712769,0.5346276760101318
0.3313021659851074,0.5813483595848083
0.630752682685852,0.5041396021842957
0.12048649787902832,0.6379904747009277
0.5953689813613892,0.5984200239181519
0.26800423860549927,0.5377757549285889
0.27713608741760254,0.5846141576766968
1.5249180793762207,0.7069301605224609
0.45873260498046875,0.5547848343849182
0.42635202407836914,0.533292293548584
0.6389386057853699,0.4885902404785156
0.14343798160552979,0.6119560599327087
0.21450495719909668,0.5118154883384705
0.29781997203826904,0.46832069754600525
0.40024256706237793,0.5775269269943237
0.13935136795043945,0.4492543935775757
0.6263127326965332,0.5271742343902588
0.2301185131072998,0.5068754553794861
0.050158411264419556,0.4560987651348114
0.2054051160812378,0.47342556715011597
0.18274903297424316,0.577553927898407
0.3441593647003174,0.5030936598777771
0.7609798908233643,0.5883069634437561
0.9312586784362793,0.5011282563209534
0.33851510286331177,0.4575522840023041
0.32652103900909424,0.5435402989387512
0.36187219619750977,0.5262680053710938
0.3330881595611572,0.5647103190422058
0.2373284101486206,0.5298922061920166
0.2263110876083374,0.5771162509918213
0.2928943634033203,0.5425033569335938
0.11655831336975098,0.5483056902885437
0.17237353324890137,0.6358862519264221
0.1468667984008789,0.5223821997642517
0.20937180519104004,0.5804360508918762
0.3043046295642853,0.4872492551803589
0.1547544002532959,0.6053180694580078
0.33087611198425293,0.6237133145332336
0.8277990818023682,0.5780463814735413
0.262670636177063,0.5703825354576111
0.27935945987701416,0.5931500196456909
0.2140740156173706,0.5679245591163635
0.2554129958152771,0.4848688244819641
0.3165954351425171,0.520147442817688
0.9465939998626709,0.49528902769088745
1.4231510162353516,0.5647866129875183
0.6702773571014404,0.49779635667800903
0.2771962881088257,0.4428728222846985
0.7934487462043762,0.5403538942337036
0.809523344039917,0.5192699432373047
0.6828195452690125,0.49495458602905273
0.5088386535644531,0.5386914610862732
0.5957865118980408,0.501726508140564
0.8876063227653503,0.7152383923530579
0.5904872417449951,0.56526780128479
1.8031185865402222,0.7523276805877686
0.40270376205444336,0.8994946479797363
1.5464141368865967,0.8787609934806824
1.5025832653045654,0.6545482873916626
1.3621013164520264,0.5865774154663086
0.3250328302383423,0.5726656913757324
0.8895233869552612,0.6063875555992126
1.0852952003479004,0.5956752300262451
1.0174853801727295,0.6497368812561035
0.4785669445991516,0.6311322450637817
1.3833638429641724,0.5754337310791016
1.1462547779083252,0.5418767929077148
2.6717872619628906,0.6146788001060486
1.1437321901321411,0.590533971786499
0.7666857838630676,0.5646870732307434
0.4474835991859436,0.43719282746315
0.3626290559768677,0.5152164697647095
0.2787100076675415,0.5420930981636047
0.915587306022644,0.466775506734848
1.6020781993865967,0.4767882227897644
1.3299797773361206,0.4645453095436096
1.8845657110214233,0.49795329570770264
0.278459370136261,0.4804898202419281
0.3550593852996826,0.6338770389556885
0.8384668827056885,0.5671398043632507
0.7096999883651733,0.5648359656333923
0.4773085117340088,0.5952874422073364
2.1711225509643555,0.5995745062828064
0.464693546295166,0.5767257213592529
0.7458645105361938,0.5482637882232666
1.7818795442581177,0.5303971171379089
0.5875793695449829,0.5894606113433838
0.4890434741973877,0.5866783857345581
0.5966653227806091,0.6009401082992554
0.5662854909896851,0.5025075674057007
0.22943592071533203,0.4412047863006592
0.4537355899810791,0.4182263910770416
0.5096896886825562,0.5606911778450012
0.5883703231811523,0.48772138357162476
0.21562743186950684,0.42512571811676025
1.7588169574737549,0.486050546169281
0.24921846389770508,0.5284618139266968
0.1798785924911499,0.48732754588127136
1.1042687892913818,0.5675617456436157
0.5345284342765808,0.485116571187973
0.5300543308258057,0.5182119011878967
0.8178459405899048,0.5593937039375305
0.30389928817749023,0.5549883842468262
0.4761980175971985,0.4740043878555298
0.9118006229400635,0.5691460967063904
0.3695230484008789,0.49590161442756653
0.4449630379676819,0.5397385954856873
0.9536212682723999,0.5345643162727356
2.8761234283447266,0.5576360821723938
1.4261690378189087,0.56074059009552
1.5364881753921509,0.5887717008590698
1.5020356178283691,0.597993016242981
0.7485964298248291,0.6084112524986267
1.1614630222320557,0.5639559030532837
4.923097133636475,0.5837069749832153
0.4223790168762207,0.5154520273208618
1.4907915592193604,0.5699881315231323
0.627764105796814,0.5123637914657593
1.3900655508041382,0.593885064125061
1.126189112663269,0.6197463274002075
0.9809833765029907,0.657190203666687
0.9791598320007324,0.6968402862548828
1.0758455991744995,0.569408118724823
0.08637678623199463,0.6026164889335632
1.642371654510498,0.6181325316429138
0.5131571292877197,0.554847002029419
0.9623596668243408,0.5360252857208252
3.0623488426208496,0.5911511778831482
0.9970227479934692,0.509372353553772
1.1046409606933594,0.5608478784561157
0.8662567138671875,0.5579652786254883
2.3407468795776367,0.5710506439208984
0.8023145794868469,0.5637847185134888
1.3772904872894287,0.591977059841156
1.0485234260559082,0.531837522983551
1.5185725688934326,0.6035224199295044
0.786364734172821,0.515183687210083
1.708855390548706,0.5643528699874878
1.0589479207992554,0.5782637596130371
1.1643004417419434,0.6695978045463562
0.20216667652130127,0.5864386558532715
0.5957232713699341,0.4817028045654297
0.4581298828125,0.5680263042449951
2.1910781860351562,0.5744507312774658
0.49551475048065186,0.494113564491272
0.16996049880981445,0.5251470804214478
0.8755912780761719,0.4825693964958191
0.5440793037414551,0.3927258551120758
0.1989736557006836,0.3922825753688812
0.09444904327392578,0.4898706376552582
0.10776066780090332,0.4964781403541565
0.11087989807128906,0.3717939853668213
0.3023759126663208,0.5216035842895508
0.9260250329971313,0.5532979965209961
0.31178057193756104,0.3599652051925659
0.11358469724655151,0.5905677080154419
0.22640156745910645,0.6552891135215759
0.5631851553916931,0.5426314473152161
1.2761571407318115,0.5617425441741943
1.6023216247558594,0.5296010375022888
0.671802818775177,0.4683154225349426
0.9758467674255371,0.5364058017730713
0.5344729423522949,0.5493159890174866
0.8637257218360901,0.5990761518478394
0.6588139533996582,0.5395919680595398
0.6741167306900024,0.6001991033554077
0.45279526710510254,0.5274629592895508
0.6654492616653442,0.5715115070343018
0.717818021774292,0.5349480509757996
0.9418708086013794,0.5765563249588013
0.345078706741333,0.478436678647995
0.5648627281188965,0.8046588897705078
0.4393896162509918,0.7975428104400635
0.4006425738334656,0.5687597393989563
0.6308072805404663,0.5493811964988708
0.5831921696662903,0.4931460916996002
0.5328522324562073,0.5593015551567078
1.1534268856048584,0.5227518081665039
1.2010111808776855,0.5501285195350647
1.3495779037475586,0.5405086278915405
0.34445345401763916,0.5699280500411987
0.6507837772369385,0.5363373160362244
0.34200793504714966,0.5933629274368286
0.8879648447036743,0.6187581419944763
0.48251545429229736,0.6840775012969971
0.3681614398956299,0.4889281690120697
0.8946377635002136,0.5284533500671387
0.2810058891773224,0.5022110939025879
0.4172159433364868,0.5276820659637451
0.8622748255729675,0.4934696853160858
0.7940042018890381,0.5212788581848145
0.22437596321105957,0.5129979252815247
0.7213068008422852,0.4282071888446808
1.2577598094940186,0.5346024632453918
1.7135684490203857,0.5185719728469849
0.4363645315170288,0.5710150003433228
1.0746487379074097,0.47973188757896423
0.6044710278511047,0.5493869781494141
0.19881856441497803,0.5385193824768066
0.21003413200378418,0.4753211438655853
0.36125606298446655,0.4698121249675751
0.8799554109573364,0.46018368005752563
0.37445735931396484,0.4533945918083191
0.36427152156829834,0.4630734920501709
0.9159559011459351,0.490410715341568
0.2821234464645386,0.4797249734401703
0.31589043140411377,0.4473572075366974
0.40985631942749023,0.5291554927825928
0.19840073585510254,0.4620177149772644
0.8994681239128113,0.46891212463378906
0.6610782146453857,0.5353084802627563
0.5136576890945435,0.6000453233718872
0.40461158752441406,0.5656710267066956
0.10712647438049316,0.5148070454597473
0.3673003911972046,0.5505503416061401
0.11730986833572388,0.4541158974170685
0.2651132345199585,0.43285778164863586
1.009822964668274,0.5211635828018188
0.5462024211883545,0.5706131458282471
0.5409092307090759,0.516338586807251
0.2642061710357666,0.5310602188110352
0.570930004119873,0.5379738807678223
0.5683455467224121,0.5156955718994141
0.17715978622436523,0.5267744660377502
0.7990391254425049,0.49738937616348267
0.3028228282928467,0.48600834608078003
1.457088589668274,0.35226911306381226
0.7058372497558594,0.4494156539440155
0.7457610964775085,0.4625297784805298
0.6524697542190552,0.4494698941707611
1.0734760761260986,0.48668715357780457
0.9149184226989746,0.5203871726989746
0.3376312255859375,0.49806728959083557
0.6526620388031006,0.44607028365135193
0.6574985980987549,0.5086156129837036
0.5023471117019653,0.43929797410964966
0.5628199577331543,0.5578799843788147
0.19557785987854004,0.5038157105445862
0.20132267475128174,0.5489585399627686
1.1020303964614868,0.48998191952705383
0.419289231300354,0.5248356461524963
0.7847586274147034,0.41834983229637146
0.13519525527954102,0.5336399078369141
0.37186264991760254,0.5123493075370789
0.5602104663848877,0.5637088418006897
0.5751174688339233,0.5556423664093018
0.19646155834197998,0.5021963715553284
0.13331514596939087,0.502761721611023
0.1762601137161255,0.5268592834472656
0.11347639560699463,0.549331784248352
0.1404716968536377,0.4867202043533325
0.6821689605712891,0.5298603177070618
0.5554399490356445,0.5614055395126343
0.09098935127258301,0.43613067269325256
0.402466356754303,0.4272880554199219
0.44790735840797424,0.4580419659614563
0.2609884738922119,0.5062991380691528
0.521127462387085,0.4676755964756012
0.5134646892547607,0.48835623264312744
1.722337245941162,0.49254029989242554
0.47078216075897217,0.4451248049736023
0.2538869380950928,0.46355247497558594
0.2748425006866455,0.4821334481239319
0.5496732592582703,0.4310944974422455
0.2729313373565674,0.4842211604118347
0.4767167568206787,0.498948335647583
0.1528567671775818,0.4487408697605133
0.6457586288452148,0.4545254707336426
0.8039937019348145,0.4534851908683777
0.4095947742462158,0.43390291929244995
0.18503952026367188,0.5225602388381958
0.40686678886413574,0.5195763111114502
0.5814781188964844,0.4319756329059601
0.374825119972229,0.3720359206199646
0.2712578773498535,0.39214426279067993
0.5427265167236328,0.4208068549633026
0.10070323944091797,0.4020812213420868
0.5217604637145996,0.44473475217819214
0.36427438259124756,0.47590020298957825
0.41934990882873535,0.47186392545700073
0.06805509328842163,0.4639788269996643
0.3353593349456787,0.41571441292762756
0.5267469882965088,0.47327789664268494
0.7910297513008118,0.47455984354019165
0.3751521706581116,0.45671582221984863
0.2358207106590271,0.44119584560394287
0.3315911293029785,0.5140706300735474
0.3103353977203369,0.5198925733566284
0.7999123334884644,0.5208239555358887
0.2723536491394043,0.4693852961063385
0.38078296184539795,0.4321766495704651
0.7560271620750427,0.514158308506012
0.764676570892334,0.461760550737381
0.35257095098495483,0.4541401267051697
0.21698665618896484,0.5171778798103333
0.2503587007522583,0.4473903477191925
0.2643471956253052,0.42058065533638
0.3363173007965088,0.5057435035705566
0.34270352125167847,0.491115540266037
0.7171252965927124,0.4988783001899719
0.18179500102996826,0.5412824153900146
0.2744426727294922,0.5195966958999634
0.4304945468902588,0.5186039209365845
0.4013338088989258,0.4610249996185303
0.35999107360839844,0.42042407393455505
0.44858062267303467,0.3683660626411438
0.5325794219970703,0.44089341163635254
0.7538117170333862,0.4699491858482361
0.46579909324645996,0.3650219440460205
0.23238742351531982,0.39152780175209045
0.21932333707809448,0.4465579688549042
0.18235397338867188,0.4070613980293274
0.43542128801345825,0.4378609359264374
0.5710741281509399,0.4831708073616028
0.47612762451171875,0.48125872015953064
0.16738200187683105,0.44755345582962036
0.4854178726673126,0.39916127920150757
0.7231383323669434,0.522689700126648
0.5201101303100586,0.471408873796463
0.1263890266418457,0.4581683278083801
0.35878992080688477,0.5381105542182922
0.317263126373291,0.5138875246047974
1.4336967468261719,0.4612133502960205
1.358276605606079,0.5090852975845337
0.45865166187286377,0.520891547203064
0.5150656700134277,0.46256721019744873
0.500369668006897,0.4829748570919037
0.5428435802459717,0.45136719942092896
0.6722280383110046,0.5217821002006531
0.7677838802337646,0.5894166827201843
0.5755629539489746,0.485811710357666
1.0501160621643066,0.4839586615562439
0.9851458668708801,0.4722917079925537
0.5069695115089417,0.40016284584999084
0.9934457540512085,0.451614648103714
0.3032186031341553,0.43010640144348145
0.42109858989715576,0.35969865322113037
0.34704411029815674,0.37775495648384094
0.5217767953872681,0.4499312937259674
0.5090569257736206,0.47048088908195496
0.44998204708099365,0.4094187021255493
0.15281164646148682,0.47320547699928284
0.12960433959960938,0.4778129458427429
0.42267441749572754,0.4965587854385376
0.28927695751190186,0.47060662508010864
0.23561489582061768,0.4509003460407257
0.9434695243835449,0.4581129550933838
0.4994255304336548,0.5163531303405762
0.3040037155151367,0.49950581789016724
0.8417013883590698,0.5269534587860107
0.5816712379455566,0.4987882077693939
0.2183234691619873,0.5762245655059814
0.4610426425933838,0.5581960082054138
1.4409106969833374,0.5346465110778809
0.16765093803405762,0.540702760219574
0.3556649684906006,0.5075210332870483
0.48902761936187744,0.5757325291633606
0.1506953239440918,0.5142248272895813
0.30622005462646484,0.528794527053833
0.13534843921661377,0.4789643883705139
0.9027865529060364,0.5097664594650269
0.6036134958267212,0.4843544363975525
0.7546566724777222,0.527827799320221
0.3230799436569214,0.5359241366386414
0.30129289627075195,0.5414137244224548
0.31212061643600464,0.5620244741439819
0.4479067325592041,0.5416922569274902
0.8097448348999023,0.5325708389282227
0.35962867736816406,0.6232221126556396
1.2120169401168823,0.6015874147415161
0.957033097743988,0.5543148517608643
0.19673669338226318,0.5143601894378662
0.44181036949157715,0.5320554375648499
0.5994049310684204,0.49073660373687744
0.6319499015808105,0.5596650242805481
0.6990846395492554,0.5415196418762207
0.3340357542037964,0.5932646989822388
0.6028878688812256,0.6086323261260986
0.9552849531173706,0.5794621109962463
0.2181631326675415,0.5555251836776733
0.3244495391845703,0.5513391494750977
0.45736193656921387,0.5606297254562378
0.7293307185173035,0.5585083961486816
0.20456409454345703,0.5426724553108215
0.5066592693328857,0.49289971590042114
1.7888926267623901,0.4910220503807068
0.3155364394187927,0.5362067818641663
0.38610029220581055,0.47415170073509216
0.9402523636817932,0.4564646780490875
0.2221294641494751,0.5399192571640015
0.20568227767944336,0.46519771218299866
0.47224855422973633,0.49314001202583313
0.391690731048584,0.49481940269470215
0.1648579239845276,0.5456278324127197
0.3412238359451294,0.509143590927124
0.5719728469848633,0.4624519646167755
0.43325281143188477,0.5166627764701843
0.8102214336395264,0.5611148476600647
0.17093980312347412,0.48673099279403687
0.6229507923126221,0.46330833435058594
0.15182483196258545,0.45258277654647827
0.22369050979614258,0.5586093664169312
0.2926177978515625,0.5019930601119995
0.5697368383407593,0.5682779550552368
0.6574145555496216,0.5057786703109741
0.4519951343536377,0.5597726702690125
0.44344794750213623,0.3822942078113556
0.3034520745277405,0.4778633713722229
0.19348597526550293,0.514171838760376
0.4647705554962158,0.43635159730911255
0.4574023485183716,0.4620259404182434
0.5082311630249023,0.4462025761604309
0.8541725873947144,0.46506601572036743
0.06860989332199097,0.4848203957080841
0.23809528350830078,0.5086139440536499
0.1267852783203125,0.5049576759338379
0.057755351066589355,0.43359118700027466
0.27897119522094727,0.41639095544815063
0.2600836753845215,0.41096898913383484
0.7221583127975464,0.4654388129711151
0.20129463076591492,1.0827683210372925
0.43559545278549194,0.5923377275466919
1.2580199241638184,0.4902665615081787
0.8641262054443359,0.5112504959106445
0.8960928916931152,0.5685799717903137
1.5454778671264648,0.5571883320808411
0.5565872192382812,0.5723455548286438
1.247147560119629,0.9651862382888794
1.5557692050933838,0.8458155393600464
1.4896812438964844,0.6685621738433838
1.7802809476852417,0.636694073677063
1.211585521697998,0.867383599281311
0.6897242069244385,0.5518224835395813
0.7882877588272095,0.777237594127655
0.25473523139953613,0.705236554145813
0.45925676822662354,0.5303723812103271
1.2336353063583374,0.5811553001403809
0.9951410293579102,0.5444465279579163
0.6803998947143555,0.781226634979248
1.1408883333206177,0.7081859111785889
0.6862537860870361,0.5374254584312439
0.6753449440002441,0.6279875040054321
2.340498447418213,0.46941182017326355
1.9807753562927246,0.5450308322906494
2.835120439529419,0.4904145300388336
1.4235343933105469,0.5008791089057922
1.6614210605621338,0.5143119096755981
0.8197895288467407,0.4481900632381439
1.1430270671844482,0.5177953839302063
1.2228597402572632,0.43278053402900696
1.2871431112289429,0.4592311680316925
1.767725944519043,0.5218260288238525
1.180504560470581,0.4516288638114929
1.1836371421813965,0.41869473457336426
2.1143345832824707,0.45077309012413025
1.1299657821655273,0.4402725398540497
0.951227068901062,0.5284918546676636
1.6480283737182617,0.5157906413078308
1.7021174430847168,0.5550485253334045
1.8843286037445068,0.5713182687759399
1.0430972576141357,0.5927799344062805
1.132384181022644,0.5323261022567749
0.6275820732116699,0.4806283712387085
0.9733157753944397,0.5209221839904785
0.33224332332611084,0.5470658540725708
1.7217230796813965,0.5592856407165527
3.3686394691467285,0.5510680675506592
1.9781025648117065,0.6988098621368408
1.3425829410552979,0.6088000535964966
0.9897994995117188,0.7717419862747192
2.0845367908477783,0.5969352126121521
0.8899382948875427,0.6464691162109375
2.328848123550415,0.6653338670730591
1.0591726303100586,0.6760909557342529
1.738539457321167,0.5404303073883057
0.9453691244125366,0.6110426187515259
0.9312748908996582,0.4882429838180542
1.5534698963165283,0.46274521946907043
1.1807467937469482,0.5447062253952026
0.5205541849136353,0.5204894542694092
0.8536745309829712,0.5673701167106628
0.812384843826294,0.5225664377212524
1.887933611869812,0.4992719888687134
1.2710883617401123,0.6116870045661926
2.7459940910339355,0.5250358581542969
1.856024146080017,0.5337193012237549
0.772704541683197,0.5612038969993591
0.8957580924034119,0.6155543327331543
0.9381818175315857,0.5974156260490417
0.5629891157150269,0.7676117420196533
0.34684598445892334,0.5811464786529541
0.946516752243042,0.5809123516082764
1.2563502788543701,0.6101390719413757
1.4899922609329224,0.6103998422622681
3.2239251136779785,0.5410639047622681
1.2335550785064697,0.509995698928833
1.282721996307373,0.5297654867172241
1.0418057441711426,0.4996899962425232
0.7191983461380005,0.6695125102996826
0.7098289728164673,0.5713400840759277
0.49488937854766846,0.47296515107154846
1.2887916564941406,0.5867457389831543
1.9033633470535278,0.5588663816452026
0.759793758392334,0.4930199980735779
1.9480383396148682,0.5235043168067932
0.8432019948959351,0.45043236017227173
1.356971263885498,0.4651568830013275
1.0105175971984863,0.5396387577056885
1.2420316934585571,0.470763236284256
0.9143936038017273,0.6687708497047424
1.94649076461792,0.5703186988830566
2.3040366172790527,0.5944622755050659
0.8657836318016052,0.5621470212936401
1.1790789365768433,0.5499412417411804
1.371360182762146,0.484560489654541
2.386772632598877,0.5252663493156433
2.3192386627197266,0.4880998432636261
0.6825640201568604,0.5877209901809692
1.601062536239624,0.49544432759284973
1.6489156484603882,0.5763584971427917
1.2112374305725098,0.5479514598846436
0.6729940176010132,0.5153570175170898
0.8513309955596924,0.5208163261413574
1.4176325798034668,0.5860195159912109
0.8884981870651245,0.5482310056686401
1.1188452243804932,0.5551536083221436
1.6404929161071777,0.6434583067893982
0.6621197462081909,0.5289551019668579
1.183280348777771,0.5554249286651611
1.4076366424560547,0.5242250561714172
2.990248918533325,0.5257678031921387
0.6903083324432373,0.5107265710830688
2.378751754760742,0.6263339519500732
1.6554750204086304,0.4709298610687256
1.1925772428512573,0.508335530757904
2.6398184299468994,0.5351835489273071
1.5609809160232544,0.50996333360672
1.2947022914886475,0.5157926678657532
1.9166247844696045,0.5864276885986328
1.3182554244995117,0.5001952052116394
0.44345927238464355,0.5288693904876709
1.2437849044799805,0.7041990756988525
2.2866525650024414,0.5569847822189331
0.8771907091140747,0.5506160259246826
1.7785587310791016,0.598228931427002
1.1637731790542603,0.6373985409736633
1.0815330743789673,0.5459405183792114
3.046365737915039,0.609225332736969
1.4472815990447998,0.4854987859725952
1.6120623350143433,0.4419768452644348
2.5378851890563965,0.49182945489883423
2.066134214401245,0.5550897717475891
0.9861997365951538,0.48132506012916565
0.5932890176773071,0.44125640392303467
1.071296215057373,0.51405930519104
1.11515474319458,0.5614631175994873
0.13220298290252686,0.4632357358932495
1.4420166015625,0.5102664232254028
1.2354753017425537,0.5570959448814392
0.9277098178863525,0.46585944294929504
0.5329933166503906,0.6020267009735107
1.0802831649780273,0.583824098110199
2.0253219604492188,0.43507856130599976
0.2535693645477295,0.4707222878932953
0.6672916412353516,0.4720276892185211
1.809922218322754,0.4797760546207428
0.7690773010253906,0.47199535369873047
0.5538368821144104,0.5230998992919922
0.5696814060211182,0.3953719437122345
0.4740896224975586,0.43581873178482056
0.6848757863044739,0.4204668700695038
1.619695782661438,0.56233149766922
0.9181867241859436,0.4958436191082001
1.1410419940948486,0.5235267877578735
1.0489563941955566,0.5528995990753174
1.3356910943984985,0.8479909896850586
1.8532851934432983,0.8052525520324707
1.217368483543396,1.0076264142990112
1.5462284088134766,0.7558984756469727
1.7075037956237793,0.5789239406585693
1.234532117843628,0.5613040924072266
1.317498803138733,0.5211626291275024
0.8424625396728516,0.5089994072914124
0.44956058263778687,0.5690717101097107
0.5603917241096497,0.5094934701919556
1.2373249530792236,0.5328357219696045
0.3797149062156677,0.5272854566574097
0.3068825304508209,0.5558613538742065
1.1170216798782349,0.5578039884567261
1.9856963157653809,0.4587097764015198
0.7722036838531494,0.5356746912002563
0.8362265825271606,0.5339605212211609
1.2081587314605713,0.7110307216644287
1.6854219436645508,0.5241091251373291
0.4875915050506592,0.5970596075057983
0.6678856611251831,0.5770679116249084
0.6217299103736877,0.5314817428588867
0.3947688341140747,0.5399965047836304
0.293087363243103,0.602237343788147
1.0766011476516724,0.5877354145050049
0.6018373966217041,0.6426185369491577
1.0284336805343628,0.6267821192741394
1.0993636846542358,0.5938596129417419
0.24149954319000244,0.5514538288116455
0.4297252893447876,0.5647399425506592
0.5492724180221558,0.6108829975128174
0.36416876316070557,0.6720247268676758
0.34742796421051025,0.6193063855171204
0.6971160173416138,0.6344934105873108
0.6468178033828735,0.5550544857978821
0.30035465955734253,0.5116689205169678
1.9219962358474731,0.5597118735313416
0.11566507816314697,0.5509676933288574
0.33629852533340454,0.4286736845970154
1.28651762008667,0.45371368527412415
0.9523440599441528,0.4630904495716095
0.520500898361206,0.4765450358390808
1.2869261503219604,0.5547364354133606
0.7849447131156921,0.5529264211654663
0.48922204971313477,0.4618879556655884
0.47580957412719727,0.46514692902565
0.6738837957382202,0.6147478222846985
1.100722312927246,0.5568217039108276
0.9592421054840088,0.538476824760437
0.4890322685241699,0.5437207221984863
1.3122422695159912,0.5780437588691711
0.42040252685546875,0.5989245176315308
0.6077589392662048,0.5827795267105103
0.7196136116981506,0.5421093702316284
1.4006271362304688,0.5792657732963562
1.6855684518814087,0.5477505326271057
0.8183956146240234,0.5407912731170654
1.670013189315796,0.5120751261711121
2.5025365352630615,0.5471037030220032
1.5255341529846191,0.5335348844528198
0.8284649848937988,0.5224740505218506
0.5405005216598511,0.6093887090682983
0.6936273574829102,0.5538108944892883
0.8074734807014465,0.5860580205917358
0.4822670817375183,0.6081233620643616
1.9943149089813232,0.6554872393608093
0.2079530954360962,0.6077960729598999
0.6411864757537842,0.6932580471038818
0.9462130069732666,0.6236436367034912
0.8878346085548401,0.6921513080596924
0.2104179859161377,0.4694044589996338
0.10595417022705078,0.5058708190917969
0.4739043712615967,0.4852573871612549
1.0923502445220947,0.5122138261795044
1.1776723861694336,0.6393420696258545
1.0436019897460938,0.5282187461853027
0.7362052202224731,0.5706675052642822
0.28235960006713867,0.48551538586616516
0.33725762367248535,0.4940444827079773
1.425032138824463,0.5416184067726135
0.6921355724334717,0.4878399670124054
1.9206287860870361,0.4934706687927246
3.424421787261963,0.5883384346961975
0.6301238536834717,0.6193121671676636
0.5885410308837891,0.6309425234794617
1.2152241468429565,0.6454812288284302
0.5817893147468567,0.6517093181610107
0.3166259527206421,0.4981294870376587
0.9595082402229309,0.6922100782394409
0.5177239179611206,0.6296873092651367
0.39292192459106445,0.5409532785415649
1.2597469091415405,0.5552605390548706
0.6205899715423584,0.5376373529434204
0.23044037818908691,0.6378359794616699
0.2177790403366089,0.5711843967437744
0.836011528968811,0.5853548049926758
0.8869544267654419,0.64930260181427
0.6608916521072388,0.6366983652114868
0.731968879699707,0.6892474889755249
0.9441941380500793,0.6088201403617859
0.461862176656723,0.6691513657569885
0.8116352558135986,0.5791455507278442
0.6753380298614502,0.5797845125198364
0.2567025423049927,0.5192778706550598
0.2244488000869751,0.5416145324707031
1.0202455520629883,0.554936408996582
0.9447170495986938,0.5638957023620605
0.3171975612640381,0.5018230676651001
0.7445056438446045,0.5722880959510803
1.2940373420715332,0.5648394823074341
0.9252172112464905,0.46710076928138733
0.8418310880661011,0.500377893447876
0.19002175331115723,0.4783315062522888
0.5456609725952148,0.4679626226425171
1.461306095123291,0.5533493757247925
0.4045640230178833,0.5073118209838867
0.7878491878509521,0.49599963426589966
0.41834384202957153,0.5175365805625916
1.6854711771011353,0.5688469409942627
2.243879556655884,0.5209183692932129
0.5483207702636719,0.585803210735321
0.8914467096328735,0.5602738857269287
1.0729032754898071,0.5253158211708069
0.7150411605834961,0.531848669052124
1.9927550554275513,0.6041421890258789
1.2134476900100708,0.5863072872161865
1.0078725814819336,0.5831536054611206
2.512185573577881,0.5797632336616516
0.556928277015686,0.584602952003479
0.6511400938034058,0.6103523969650269
0.8422701358795166,0.6697596311569214
0.5964288711547852,0.5412408709526062
1.0797169208526611,0.5068496465682983
0.785483717918396,0.5159522891044617
0.9692775011062622,0.5936561822891235
0.8531138896942139,0.5073344707489014
0.7179253697395325,0.5606009364128113
0.9932221174240112,0.46852344274520874
1.698749303817749,0.5044941306114197
0.7183783054351807,0.5940667390823364
0.7238979339599609,0.5472794771194458
1.0353364944458008,0.49447470903396606
1.230633020401001,0.5309639573097229
1.1631051301956177,0.5924012064933777
0.4443535804748535,0.5728143453598022
1.428015947341919,0.6284800171852112
0.8394405841827393,0.6216408014297485
1.800764560699463,0.5046679973602295
0.854140043258667,0.5795325040817261
0.47525930404663086,0.5546334981918335
0.6102457642555237,0.5765753984451294
1.1237026453018188,0.6236645579338074
0.3846585154533386,0.5210455656051636
2.5043420791625977,0.6406611204147339
0.46488940715789795,0.6455395817756653
1.2875375747680664,0.6958624124526978
0.8851722478866577,0.6655528545379639
1.2152737379074097,0.6333893537521362
1.7462151050567627,0.47807973623275757
0.253817081451416,0.4484519064426422
0.5962392091751099,0.4334421753883362
0.26531487703323364,0.4458298087120056
0.3252105712890625,0.4855388402938843
0.5868967771530151,0.3920421004295349
0.6392279863357544,0.44049376249313354
0.35449838638305664,0.5856459736824036
0.36827921867370605,0.47629261016845703
0.9692296981811523,0.5414246320724487
1.8647046089172363,0.6155321598052979
0.6944084167480469,0.4586661458015442
0.17831623554229736,0.4950091242790222
1.171979308128357,0.5769184827804565
0.13225126266479492,0.48079514503479004
0.26334816217422485,0.5274157524108887
0.6123117208480835,0.5914836525917053
0.37110191583633423,0.5797867774963379
0.45090949535369873,0.5653440952301025
0.752472996711731,0.5212656855583191
0.4309701919555664,0.5383315086364746
0.8492858409881592,0.4827609658241272
0.1458948254585266,0.4380978047847748
0.9284285306930542,0.4559369683265686
0.446000337600708,0.5379577279090881
0.15837085247039795,0.5446429252624512
0.2535524368286133,0.5431066751480103
0.5547663569450378,0.5161086320877075
0.44895923137664795,0.5890271663665771
0.5042769312858582,0.5060527324676514
1.1712578535079956,0.5684763789176941
1.28423011302948,0.5174718499183655
1.0262476205825806,0.5832215547561646
0.8345491886138916,0.5809842944145203
0.4969693422317505,0.45638784766197205
1.1031732559204102,0.4937034249305725
0.9343956112861633,0.4675723910331726
0.7730826735496521,0.5040010213851929
0.13110458850860596,0.9635176658630371
0.37967419624328613,0.5637543201446533
0.32946568727493286,0.7382784485816956
0.3403475284576416,0.6087408661842346
0.25859230756759644,0.5122330784797668
0.3686349391937256,0.6235533952713013
0.23468166589736938,0.5338866710662842
0.3794882297515869,0.5170355439186096
0.11746186017990112,0.5050263404846191
0.5687382221221924,0.5625149607658386
0.2585456371307373,0.5052404403686523
0.5335255861282349,0.4967590570449829
0.46147799491882324,0.5265508890151978
0.11618530750274658,0.5345461368560791
0.31028443574905396,0.5192494988441467
0.5077741146087646,0.5682342052459717
0.23339104652404785,0.5300242900848389
0.22700905799865723,0.5440739989280701
0.19737911224365234,0.556862473487854
0.08789777755737305,0.5642765760421753
0.15898990631103516,0.5429615378379822
0.18451762199401855,0.5255470871925354
0.08884382247924805,0.5188485980033875
0.336595356464386,0.5137549638748169
0.19162625074386597,0.4667131304740906
0.39105749130249023,0.6164638996124268
0.3209664821624756,0.5414082407951355
0.1706399917602539,0.5811676383018494
0.300076961517334,0.5512531995773315
0.21471309661865234,0.5635915398597717
0.33792173862457275,0.5680965185165405
0.4925163984298706,0.5547013878822327
0.37113404273986816,0.6096399426460266
0.36873412132263184,0.5538330078125
0.22653603553771973,0.5102837085723877
0.36486077308654785,0.5321415662765503
0.5553277730941772,0.535420835018158
0.13774311542510986,0.5613868832588196
0.24878156185150146,0.5736663341522217
0.13151955604553223,0.5084447264671326
0.4534439444541931,0.5602772831916809
0.21992528438568115,0.5697711706161499
0.20660877227783203,0.513644814491272
0.43169426918029785,0.59354567527771
0.38877660036087036,0.5865895748138428
0.35340285301208496,0.5502226948738098
0.04572582244873047,0.548514187335968
0.21348810195922852,0.547335147857666
0.2110912799835205,0.5908229351043701
0.1472163200378418,0.617946982383728
0.3164099454879761,0.6173673868179321
0.16650545597076416,0.5595138669013977
0.5550040006637573,0.5986661911010742
0.3576993942260742,0.5316699743270874
0.06848317384719849,0.5417584180831909
0.41097307205200195,0.5947127938270569
0.41938042640686035,0.5116904377937317
0.31456488370895386,0.5757802128791809
0.10321176052093506,0.5523396134376526
0.8599494695663452,0.5334901809692383
0.22038352489471436,0.5094496011734009
0.3931906223297119,0.5455196499824524
0.20393311977386475,0.5974850654602051
0.28131628036499023,0.5354812145233154
0.39998316764831543,0.5702518224716187
0.5027569532394409,0.5385823845863342
0.49154233932495117,0.5308204293251038
0.13966089487075806,0.5179479718208313
0.37519532442092896,0.5316926836967468
0.3148491680622101,0.542482316493988
0.13125145435333252,0.5550546050071716
0.7148865461349487,0.5063570737838745
0.22522521018981934,0.5262487530708313
0.22054672241210938,0.5912531614303589
0.20964699983596802,0.5558760166168213
0.7430120706558228,0.5294456481933594
0.06012219190597534,0.7104270458221436
0.488647997379303,0.6871683597564697
0.9878976345062256,0.5650345087051392
0.62361741065979,0.606497049331665
0.3338692784309387,0.5756243467330933
0.1604771614074707,0.517629086971283
0.1964430809020996,0.5417826175689697
0.22371530532836914,0.5228955745697021
0.5584391355514526,0.4979628920555115
0.38001126050949097,0.5464529395103455
0.5217348337173462,0.559393048286438
0.27706682682037354,0.5638899803161621
0.3595259189605713,0.5696752071380615
0.7363120317459106,0.6197249889373779
0.6292006969451904,0.5058777332305908
0.39857959747314453,0.608306884765625
0.2874869108200073,0.5519675016403198
0.2075592279434204,0.6459730267524719
0.6683615446090698,0.620871901512146
0.17547345161437988,0.5619196891784668
0.1999385952949524,0.5848256349563599
0.1812058687210083,0.598176121711731
0.34281373023986816,0.5568376779556274
0.10627418756484985,0.6030923128128052
0.299102246761322,0.6138426661491394
0.37109172344207764,0.6390054225921631
0.7980154156684875,0.6651331782341003
0.12530404329299927,0.615479588508606
0.2834632098674774,0.6071562767028809
0.6205223798751831,0.5787858366966248
0.6361793875694275,0.6265997886657715
0.472221314907074,0.6030149459838867
0.17865562438964844,0.5697457194328308
0.23943090438842773,0.5573582649230957
0.31824612617492676,0.5265507102012634
0.5842022895812988,0.561115026473999
0.7227904796600342,0.545508623123169
0.30848848819732666,0.5920286178588867
0.11572504043579102,0.5653495788574219
0.4304238557815552,0.47779104113578796
1.4420499801635742,0.5222923755645752
0.5778720378875732,0.577366828918457
0.3241863250732422,0.5687539577484131
0.1341860294342041,0.590862512588501
0.43578028678894043,0.5176517367362976
0.14953303337097168,0.5152879953384399
0.6169829368591309,0.6177854537963867
0.2913229465484619,0.5761027932167053
1.061171531677246,0.6017240285873413
1.2345948219299316,0.5916944742202759
0.6492165923118591,0.6190844774246216
0.15568333864212036,0.5715153217315674
0.2750356197357178,0.6144943237304688
0.7784945964813232,0.6094558238983154
1.050472617149353,0.6387826204299927
0.058645427227020264,0.605472981929779
0.3172575831413269,0.578113853931427
0.2614307403564453,0.6490183472633362
0.3762505054473877,0.577197253704071
0.32111024856567383,0.5424846410751343
0.1426936388015747,0.5551506876945496
0.35900378227233887,0.6038798689842224
0.41972386837005615,0.5670144557952881
0.40047597885131836,0.4770512878894806
0.5175955295562744,0.5455421209335327
0.570903480052948,0.5984755158424377
0.09029269218444824,0.48723119497299194
0.2720939517021179,0.5555763244628906
0.29201769828796387,0.54867023229599
0.544739842414856,0.5795255899429321
0.23085129261016846,0.5922600030899048
0.40297913551330566,0.5890405774116516
0.22180700302124023,0.602260172367096
0.3064008951187134,0.5599677562713623
0.41356754302978516,0.5121403932571411
0.3438822031021118,0.5303006768226624
0.7984658479690552,0.541746199131012
0.12050902843475342,0.523443341255188
0.2673339247703552,0.5852311849594116
0.6688673496246338,0.5782759189605713
0.771395742893219,0.5298678278923035
1.3838653564453125,0.6034842729568481
0.6236671805381775,0.6265961527824402
0.3873818516731262,0.6517708897590637
1.4228123426437378,0.6086191534996033
0.37294840812683105,0.5587849617004395
0.9151920080184937,0.6265817880630493
0.1818392276763916,0.5544267892837524
1.3950985670089722,0.5784368515014648
0.6576619148254395,0.664035439491272
0.24146819114685059,0.5602972507476807
0.18542957305908203,0.5701764822006226
0.5158874988555908,0.5677521228790283
0.6076413989067078,0.6245447397232056
0.3135901093482971,0.5516113638877869
0.7280004620552063,0.5607476830482483
0.2337101697921753,0.5941395163536072
0.2518765926361084,0.5355806946754456
1.0096431970596313,0.5270812511444092
0.1478567123413086,0.5460306406021118
0.15223050117492676,0.5033901333808899
0.48306310176849365,0.5145902633666992
0.46651124954223633,0.5533976554870605
0.22317934036254883,0.5225745439529419
0.2890012264251709,0.5650806427001953
0.15485715866088867,0.5486042499542236
0.3245684504508972,0.5163282155990601
0.26627159118652344,0.482382595539093
0.5186285972595215,0.5333220958709717
1.0272042751312256,0.5142195224761963
0.11524724960327148,0.5881125926971436
0.761483907699585,0.5317137241363525
0.1834561824798584,0.5496924519538879
0.3590172529220581,0.5882773399353027
1.0770694017410278,0.6237384080886841
0.3133726119995117,0.5928508043289185
0.3423144221305847,0.5398450493812561
0.33837270736694336,0.510249137878418
0.12211692333221436,0.5800133347511292
0.3453887701034546,0.502109706401825
0.2412111759185791,0.5586913824081421
0.7307326793670654,0.5913361310958862
0.3191225528717041,0.5000388622283936
0.1947340965270996,0.5048182010650635
0.4144553542137146,0.5179429650306702
0.4474104046821594,0.5106057524681091
0.8382987380027771,0.5238389372825623
0.2145538330078125,0.5609617233276367
0.6583746075630188,0.6247197985649109
0.6469279527664185,0.5534674525260925
0.8191365003585815,0.5807366371154785
0.5487874746322632,0.5683087110519409
0.24452942609786987,0.5131088495254517
0.28867244720458984,0.5773557424545288
0.18361425399780273,0.49158743023872375
0.7303345203399658,0.635387659072876
0.36085546016693115,0.5570377111434937
0.51084965467453,0.42448896169662476
0.40775954723358154,0.5433104634284973
0.9221465587615967,0.5429120063781738
0.273201584815979,0.49518677592277527
0.33336901664733887,0.5376474261283875
0.26621317863464355,0.5685359835624695
0.22049856185913086,0.5644518136978149
0.3803507089614868,0.5727818012237549
0.14627110958099365,0.525825023651123
0.17882812023162842,0.5634525418281555
0.2504274845123291,0.49620509147644043
0.219252347946167,0.5622717142105103
0.6376018524169922,0.5891486406326294
0.6978123188018799,0.5205049514770508
0.10287642478942871,0.5207188725471497
0.5498418807983398,0.501121997833252
0.4344731569290161,0.5259777903556824
0.2276899814605713,0.5250700116157532
0.24513554573059082,0.5605707168579102
0.3292417526245117,0.5235910415649414
0.2904839515686035,0.5832650065422058
0.748538613319397,0.5546348094940186
0.4880181550979614,0.5393214821815491
0.5034343004226685,0.6276766657829285
0.1725776195526123,0.4985906779766083
0.07873660326004028,0.501620888710022
0.2094663381576538,0.5962257981300354
0.3379945158958435,0.5818924903869629
0.3071479797363281,0.5556514859199524
0.6857286691665649,0.5794740319252014
0.2096341848373413,0.5755160450935364
0.34173715114593506,0.5752784013748169
0.276017427444458,0.6156894564628601
0.11699706315994263,0.48455899953842163
0.32834911346435547,0.6171807050704956
0.5235705375671387,0.5678704977035522
0.6311256885528564,0.5319141149520874
0.46163642406463623,0.5624052882194519
0.6922824382781982,0.5589799880981445
0.39566993713378906,0.516837477684021
0.20273160934448242,0.5659763813018799
0.2648710012435913,0.5454249978065491
0.4976154565811157,0.529075026512146
0.07462596893310547,0.4808812141418457
0.17846035957336426,0.5135535597801208
0.19734930992126465,0.5489498376846313
0.475078821182251,0.5707720518112183
0.4200367331504822,0.595146656036377
0.6089901924133301,0.5643835067749023
0.18839335441589355,0.5079527497291565
0.52628493309021,0.49276286363601685
0.050393104553222656,0.5035187005996704
0.3905208110809326,0.554263174533844
0.24527406692504883,0.4793855547904968
0.1422276496887207,0.4770066738128662
0.30649733543395996,0.5668656826019287
0.12318319082260132,0.49876266717910767
0.1906195878982544,0.5105375647544861
0.23008590936660767,0.529846727848053
0.4140763282775879,0.549004316329956
0.5514587163925171,0.5195662975311279
0.8007270097732544,0.6150266528129578
0.9207075834274292,0.5261026620864868
0.8403136134147644,0.653006374835968
1.5156246423721313,0.5959281921386719
1.1086877584457397,0.6825054883956909
0.5342472791671753,0.5620343685150146
0.48593685030937195,0.5404316782951355
0.5703146457672119,0.47288060188293457
0.7883185148239136,0.4740287959575653
1.402774453163147,0.4938342571258545
0.9926774501800537,0.49839383363723755
2.3541526794433594,0.47462570667266846
0.9043411016464233,0.45155513286590576
2.0819764137268066,0.46299296617507935
0.6833330988883972,0.4592888057231903
2.2061219215393066,0.4684235751628876
0.4447364807128906,0.4669802188873291
0.5568066835403442,0.5055515766143799
1.7674281597137451,0.4464792311191559
0.5954248905181885,0.4519762396812439
0.6857254505157471,0.4736515283584595
0.5220856666564941,0.4667646288871765
0.8874952793121338,0.5031593441963196
0.32594823837280273,0.4520983099937439
0.595058798789978,0.49983030557632446
0.373171329498291,0.515784740447998
0.49043869972229004,0.5454610586166382
0.9563533067703247,0.4874928593635559
2.3051252365112305,0.4396083354949951
0.4357273578643799,0.41535696387290955
0.5226032733917236,0.46083542704582214
0.5731325149536133,0.4473896324634552
0.29019713401794434,0.3743983507156372
0.4950895309448242,0.48104074597358704
0.4661463499069214,0.4629303514957428
0.3355374336242676,0.37691447138786316
0.4686225652694702,0.4435757100582123
0.5849223136901855,0.4973859190940857
1.2211887836456299,0.460879921913147
0.6624670028686523,0.48334378004074097
1.0535775423049927,0.5410867929458618
0.9885993003845215,0.5016866326332092
0.9610217809677124,0.5661439895629883
0.6748800873756409,0.5730503797531128
1.0311037302017212,0.5421358346939087
1.4714195728302002,0.5090711116790771
0.48260343074798584,0.6863809823989868
0.08433550596237183,0.6971491575241089
0.2314772605895996,0.5638440251350403
0.4903494119644165,0.4753466844558716
1.231629490852356,0.5781291127204895
0.6050887107849121,0.549643337726593
0.6078982353210449,0.4572582244873047
1.456491470336914,0.4871894121170044
1.7249507904052734,0.5178611874580383
0.3841822147369385,0.5144009590148926
0.5853339433670044,0.4128134250640869
0.8863128423690796,0.5519102811813354
0.772007942199707,0.526758074760437
1.3318307399749756,0.5096770524978638
2.0160069465637207,0.580919623374939
0.7597628831863403,0.5331996083259583
1.5094618797302246,0.5215356349945068
0.3629899024963379,0.5505077242851257
0.9662556648254395,0.48098859190940857
0.5443827509880066,0.48658716678619385
0.40226101875305176,0.4364219903945923
0.8439332246780396,0.5073347091674805
0.5768852233886719,0.5063939094543457
0.8664861917495728,0.5401687026023865
1.257272720336914,0.5756763219833374
1.7551347017288208,0.5080937147140503
1.7444618940353394,0.5323431491851807
0.35863935947418213,0.5037736892700195
0.45563626289367676,0.564598798751831
0.9150341153144836,0.5075771808624268
0.3572056293487549,0.5158666968345642
0.23224985599517822,0.430993914604187
0.8800619840621948,0.46460461616516113
0.5746191740036011,0.5425401926040649
1.0303223133087158,0.5341803431510925
0.9161195755004883,0.4658510088920593
0.5436649322509766,0.5599387884140015
0.886128306388855,0.47901105880737305
1.0788078308105469,0.4735507667064667
0.6098962426185608,0.47110897302627563
1.4449992179870605,0.4170260727405548
1.3953707218170166,0.3948171138763428
0.4124033451080322,0.4184857904911041
1.312413215637207,0.49322980642318726
1.7427046298980713,0.5337435007095337
0.6916471123695374,0.41588205099105835
0.9209444522857666,0.4761921465396881
0.24122309684753418,0.44432443380355835
0.9158574342727661,0.3593593239784241
2.1736369132995605,0.4797424376010895
0.4008086919784546,0.4219159185886383
0.8712610006332397,0.5019569396972656
1.0867172479629517,0.5521026849746704
0.7411366701126099,0.4006795585155487
0.2305191159248352,0.4030890166759491
0.4500159025192261,0.3804968595504761
0.603203535079956,0.42145222425460815
0.46739649772644043,0.4826105535030365
1.0041906833648682,0.42343199253082275
2.33919620513916,0.45492011308670044
0.3723416328430176,0.4543699622154236
0.6886347532272339,0.5120903253555298
0.7545122504234314,0.4765057861804962
0.35078901052474976,0.4333084225654602
0.7340850830078125,0.41114944219589233
0.7102434635162354,0.44024085998535156
0.4980504512786865,0.4743116497993469
2.071953773498535,0.4953654408454895
1.2687071561813354,0.4147806465625763
0.3153376579284668,0.5127766132354736
1.0921200513839722,0.4852191209793091
0.33281582593917847,0.4249916970729828
0.3024301528930664,0.4578481912612915
0.7286899089813232,0.5235692262649536
0.6137334704399109,0.4874766170978546
0.8470944166183472,0.4713677167892456
0.5007976293563843,0.5195691585540771
1.1443183422088623,0.5050652027130127
0.6511384844779968,0.4725229740142822
0.6724213361740112,0.5014488101005554
1.4268970489501953,0.40647390484809875
1.2122782468795776,0.5008103251457214
1.8083319664001465,0.4054073393344879
0.8134703636169434,0.44263869524002075
0.9489622712135315,0.42522865533828735
1.5914537906646729,0.5592501759529114
0.3805674910545349,0.42352455854415894
0.7699143886566162,0.48239216208457947
0.29855528473854065,0.4403187930583954
0.2973339855670929,0.45279380679130554
0.3087567090988159,0.6277715563774109
1.1028473377227783,0.4609999358654022
1.0088460445404053,0.3914029896259308
0.5989508032798767,0.40233927965164185
0.24084770679473877,0.44667428731918335
0.16450542211532593,0.46295982599258423
0.10466510057449341,0.42174217104911804
0.038800716400146484,0.38878297805786133
0.8636560440063477,0.4561725854873657
0.18880391120910645,0.4414166510105133
0.1432214379310608,0.4957153797149658
0.6283121109008789,0.449433833360672
0.12253355979919434,0.4158649146556854
0.03489995002746582,0.45548123121261597
0.11045646667480469,0.38363611698150635
0.06954145431518555,0.502641499042511
0.27149224281311035,0.5143384337425232
0.07650643587112427,0.43256324529647827
0.2974921464920044,0.42377427220344543
0.17423522472381592,0.4902006685733795
0.048228919506073,0.4922370910644531
0.24464631080627441,0.42580604553222656
0.5124114751815796,0.48549196124076843
0.17305660247802734,0.5088927745819092
0.2723560333251953,0.47101515531539917
0.1870197057723999,0.5068543553352356
1.0051171779632568,0.5733247399330139
0.8661941289901733,0.6113820672035217
0.11743932962417603,0.5235529541969299
0.22353217005729675,0.4984818994998932
0.3072155714035034,0.5327188968658447
0.5452690124511719,0.47092291712760925
0.16863393783569336,0.3827339708805084
0.1712508201599121,0.489925354719162
0.2783377170562744,0.5213944315910339
0.1817302107810974,0.4955177903175354
1.1736034154891968,0.514678955078125
0.364835262298584,0.6089831590652466
0.3750818967819214,0.6013869047164917
0.09819069504737854,0.5662679076194763
0.2037551999092102,0.6387454867362976
0.257168173789978,0.5029869079589844
0.3772386312484741,0.6509948968887329
0.519416093826294,0.5769498348236084
1.4994980096817017,0.6102815270423889
0.47435641288757324,0.5795541405677795
0.4865543842315674,0.5275383591651917
0.8370542526245117,0.5724520683288574
0.6293661594390869,0.5552099347114563
0.27286553382873535,0.5597997903823853
0.08991384506225586,0.5423817038536072
0.20677828788757324,0.49777117371559143
0.13897252082824707,0.5415713787078857
0.25986433029174805,0.5515754222869873
0.10822892189025879,0.5490132570266724
0.13209161162376404,0.4623037874698639
0.1130748987197876,0.43353208899497986
0.09826767444610596,0.4639161229133606
0.1603107452392578,0.4245642125606537
0.3545379638671875,0.4874532222747803
0.6685229539871216,0.43148142099380493
0.24041104316711426,0.44389691948890686
0.04999518394470215,0.4414174258708954
0.4819854497909546,0.4725835919380188
0.15426135063171387,0.4046838581562042
0.15819579362869263,0.5165848731994629
0.1091010570526123,0.44233813881874084
0.06840038299560547,0.461076557636261
0.30778658390045166,0.47226566076278687
0.5715181827545166,0.5045697689056396
0.6317689418792725,0.5524458885192871
0.2587023377418518,0.47887858748435974
0.2347736358642578,0.5828579664230347
0.5434165596961975,0.608924388885498
0.11960482597351074,0.5671496391296387
0.3468747138977051,0.5648188591003418
0.09773719310760498,0.5278684496879578
0.17604279518127441,0.5001242160797119
0.11944413185119629,0.48720791935920715
0.5378129482269287,0.5721007585525513
0.15235376358032227,0.5508261919021606
0.5709387063980103,0.49365025758743286
0.09789562225341797,0.4891508221626282
0.4124855399131775,0.5008715391159058
0.34210944175720215,0.462141752243042
0.1666504144668579,0.4243547320365906
0.24519133567810059,0.36953800916671753
0.23861733078956604,0.3919123411178589
0.41212522983551025,0.4549398720264435
0.3695957660675049,0.37703385949134827
0.28403449058532715,0.49174004793167114
0.6808706521987915,0.4791572391986847
0.20173358917236328,0.43895238637924194
0.5214857459068298,0.4650062620639801
0.5942949652671814,0.4506709575653076
0.47009408473968506,0.4999856948852539
1.3290460109710693,0.5554977655410767
0.43216097354888916,0.5585486888885498
0.8272696733474731,0.5740330219268799
0.7239442467689514,0.5893585681915283
0.24440282583236694,0.47664278745651245
0.6260073781013489,0.5382041931152344
0.2741178274154663,0.5924991965293884
0.8285844326019287,0.5738054513931274
0.46950507164001465,0.5333428382873535
1.1891967058181763,0.5392704606056213
0.8330258131027222,0.5715275406837463
0.8261568546295166,0.5629612803459167
0.6976683139801025,0.6140196323394775
0.1654045283794403,0.5706385970115662
0.3183674216270447,0.5700664520263672
0.654006838798523,0.6308236718177795
0.39133691787719727,0.5311716198921204
0.3153221607208252,0.6533066034317017
0.9628962874412537,0.5583943724632263
1.0060665607452393,0.557457685470581
0.15256816148757935,0.5759356021881104
1.8085136413574219,0.5645571947097778
0.620223343372345,0.5617456436157227
2.2267332077026367,0.5736103653907776
0.6470400094985962,0.5504113435745239
1.2311820983886719,0.548568606376648
1.90763258934021,0.5495311617851257
0.7078256011009216,0.5827071666717529
1.7814245223999023,0.5689877271652222
0.4265199899673462,0.5262460112571716
0.523601233959198,0.40609225630760193
0.5755259990692139,0.4954673647880554
0.6857380867004395,0.4845565855503082
0.24211663007736206,0.4474964737892151
0.3010665774345398,0.4297417998313904
0.2736175060272217,0.5101273059844971
1.2221648693084717,0.45098504424095154
0.19033074378967285,0.490543395280838
0.5367629528045654,0.49867314100265503
0.4709509611129761,0.49893829226493835
0.20327818393707275,0.5629738569259644
0.3565370440483093,0.5443767309188843
0.25809168815612793,0.6145531535148621
0.40407276153564453,0.5210261344909668
0.15927886962890625,0.544418215751648
0.20428848266601562,0.6292610168457031
0.4280537962913513,0.5142923593521118
0.5693025588989258,0.5452384948730469
1.0392634868621826,0.5016350746154785
0.1107795238494873,0.4310767650604248
0.2511780261993408,0.3970406651496887
0.4169386029243469,0.4338243901729584
0.40406686067581177,0.5260682702064514
0.14921259880065918,0.5130196809768677
0.04075479507446289,0.4902626872062683
0.1514606475830078,0.5401557087898254
0.47549915313720703,0.5040109157562256
0.046087443828582764,0.4523684084415436
0.2777363061904907,0.4405662417411804
0.34662652015686035,0.4916951060295105
0.15694546699523926,0.43287017941474915
0.4619414806365967,0.5167487263679504
0.2155625820159912,0.5191671252250671
0.349817156791687,0.4785746932029724
0.053457021713256836,0.48333868384361267
0.2815568447113037,0.5591729879379272
0.04589802026748657,0.4987141788005829
0.05549931526184082,0.5550877451896667
0.093436598777771,0.5740135908126831
0.12457698583602905,0.517986536026001
0.20010775327682495,0.517327606678009
0.20838677883148193,0.48853030800819397
0.11452972888946533,0.4826095402240753
0.7261603474617004,0.5274959802627563
0.17351388931274414,0.5363481640815735
0.17320597171783447,0.459171324968338
0.2159106731414795,0.4494326114654541
0.3120919466018677,0.4353832006454468
0.37786704301834106,0.4785049557685852
0.27366191148757935,0.43930041790008545
0.32503771781921387,0.49525466561317444
0.2922084331512451,0.4907088577747345
0.44076406955718994,0.5095534324645996
1.044520378112793,0.3740983009338379
0.2340714931488037,0.492635577917099
0.17760729789733887,0.4789905250072479
0.5994629859924316,0.4503871202468872
1.1230741739273071,0.4510936439037323
0.3079277276992798,0.5157713890075684
0.32082033157348633,0.4740261137485504
1.2780101299285889,0.49173617362976074
1.0225101709365845,0.43235084414482117
0.918906569480896,0.5520442724227905
0.30508971214294434,0.5787637233734131
0.19524264335632324,0.4430621266365051
0.49523764848709106,0.47007283568382263
0.5744454264640808,0.5061021447181702
0.2516908049583435,0.5784848928451538
0.23130249977111816,0.5534709692001343
0.5270825028419495,0.6058939695358276
0.25470250844955444,0.5562465786933899
0.2687138319015503,0.5930682420730591
0.5331050157546997,0.5561347007751465
0.0962628722190857,0.5185978412628174
0.46066880226135254,0.543828547000885
0.21819067001342773,0.6156270503997803
0.17665600776672363,0.4824523329734802
0.16816258430480957,0.5067698955535889
0.2545747756958008,0.4953598976135254
0.27938175201416016,0.524944007396698
0.046304523944854736,0.4748208224773407
0.6583589315414429,0.45026594400405884
0.4497096538543701,0.4874013662338257
0.42408156394958496,0.48143699765205383
0.19132089614868164,0.46077579259872437
0.23870301246643066,0.45652663707733154
0.30491405725479126,0.3869372010231018
0.14276498556137085,0.37231576442718506
1.6822123527526855,0.3842933177947998
0.8780587911605835,0.4621974527835846
0.21152448654174805,0.4474215507507324
0.22413986921310425,0.3972424268722534
1.5389286279678345,0.4672444760799408
0.2720603942871094,0.5981147289276123
0.4925680160522461,0.5965800881385803
0.22953492403030396,0.5561469793319702
0.3362407684326172,0.5734956860542297
0.8689296245574951,0.5931850671768188
0.4642688035964966,0.5388683080673218
0.0800129771232605,0.5369434356689453
0.07717323303222656,0.5603008270263672
0.12407815456390381,0.5274717807769775
0.664311945438385,0.5224152207374573
0.675803542137146,0.5995066165924072
0.16554498672485352,0.6323010325431824
0.32170259952545166,0.5472816824913025
0.29852819442749023,0.6248958110809326
0.22616374492645264,0.5935657620429993
0.17873692512512207,0.5318678617477417
0.18381035327911377,0.5751006603240967
0.4735935926437378,0.5894703269004822
0.5417448282241821,0.5903409123420715
0.13499188423156738,0.5335352420806885
0.39664554595947266,0.5588566064834595
0.22710490226745605,0.48960304260253906
0.16830742359161377,0.5494779348373413
0.3199872374534607,0.5420990586280823
0.7701618075370789,0.4000381529331207
0.7720608711242676,0.5239149332046509
1.0029213428497314,0.43460729718208313
0.9472364187240601,0.48538222908973694
0.9811904430389404,0.5178073644638062
0.36600780487060547,0.5304365158081055
0.44804108142852783,0.5106918811798096
0.5717395544052124,0.38882267475128174
0.2548081874847412,0.4829965829849243
0.5982881188392639,0.4902542233467102
0.07902568578720093,0.46392834186553955
0.5225961208343506,0.46747955679893494
0.248540997505188,0.4594918489456177
0.27790212631225586,0.4571317732334137
0.10991573333740234,0.44847559928894043
0.7376786470413208,0.47827455401420593
0.5104870796203613,0.4450031518936157
0.22228491306304932,0.45515841245651245
0.16052603721618652,0.43539637327194214
0.45661354064941406,0.4929039776325226
1.0542430877685547,0.4478016793727875
0.459269642829895,0.4515872001647949
0.416451096534729,0.41046589612960815
0.44588208198547363,0.4495966136455536
0.2726626396179199,0.405098021030426
0.656827449798584,0.4790964126586914
0.307345449924469,0.5471071004867554
0.9086239337921143,0.45334944128990173
0.4109468460083008,0.47324785590171814
0.7222066521644592,0.4595813453197479
0.4162300229072571,0.4444003701210022
0.7828662991523743,0.4281848073005676
0.9079868197441101,0.5774310827255249
0.3179488182067871,0.5923327207565308
0.5401782393455505,0.667255163192749
0.10191929340362549,0.672446072101593
0.11243867874145508,0.5094004273414612
0.6372330188751221,0.8340559005737305
0.7524451613426208,0.48405981063842773
0.11937123537063599,0.5694099068641663
0.6441280841827393,0.9295018911361694
0.2661799192428589,0.7116062045097351
0.13973331451416016,0.48875516653060913
0.3146859407424927,0.6957507133483887
0.6223757266998291,0.6662164330482483
0.12845218181610107,0.5792129635810852
0.5726293325424194,0.5723199248313904
0.24352824687957764,0.47608789801597595
0.3351283073425293,0.5257657766342163
0.6284658908843994,0.4405929446220398
0.3735227584838867,0.42805713415145874
0.5324030518531799,0.41444703936576843
0.2552313208580017,0.45742207765579224
0.45665693283081055,0.4678612947463989
0.4219779968261719,0.4312672019004822
0.07821506261825562,0.3686767816543579
0.2215663194656372,0.44179221987724304
0.3954038619995117,0.44838935136795044
0.5260659456253052,0.3428618907928467
0.6156433820724487,0.34054380655288696
0.2982262372970581,0.42613163590431213
0.4637007713317871,0.42088770866394043
0.16490817070007324,0.49489471316337585
0.9344425201416016,0.43235909938812256
0.2621283531188965,0.41103026270866394
0.5695483088493347,0.5030041337013245
0.11633282899856567,0.558254063129425
0.201654314994812,0.42248207330703735
0.24646449089050293,0.4328625798225403
1.112816572189331,0.40369200706481934
0.1401011049747467,0.38626545667648315
0.20935344696044922,0.43677666783332825
0.3533363342285156,0.5062495470046997
0.2450283169746399,0.4151150584220886
0.6979758143424988,0.530590832233429
0.24568569660186768,0.44634878635406494
0.16440677642822266,0.45667731761932373
0.20977818965911865,0.49172458052635193
1.1211190223693848,0.45960572361946106
0.2897288203239441,0.5166454315185547
0.460064172744751,0.5292948484420776
0.37553197145462036,0.5467907190322876
0.4281351566314697,0.6448540091514587
0.40971601009368896,0.49231991171836853
0.2091023325920105,0.5207334756851196
0.4303011894226074,0.5885977745056152
0.46596819162368774,0.49397119879722595
0.7411259412765503,0.5147477388381958
0.30028820037841797,0.48569050431251526
0.7442843914031982,0.5416474342346191
1.3533151149749756,0.6162939667701721
0.2988892197608948,0.5125833749771118
0.9277886152267456,0.5097072124481201
0.19784653186798096,0.4499143362045288
0.9367942214012146,0.46421462297439575
0.3389517068862915,0.4212532937526703
0.34912967681884766,0.48228663206100464
0.5599768161773682,0.43892303109169006
0.26243531703948975,0.3653144836425781
0.5542987585067749,0.39053186774253845
0.23629355430603027,0.422404408454895
0.33431023359298706,0.3669523298740387
0.3845255970954895,0.41222718358039856
0.2708616852760315,0.44807881116867065
0.8388860821723938,0.45269596576690674
0.46536004543304443,0.4634419083595276
0.20025229454040527,0.40789949893951416
0.39483004808425903,0.4316451847553253
0.3622320890426636,0.530821681022644
0.2392488718032837,0.5164326429367065
0.2395721673965454,0.3866473436355591
0.30195415019989014,0.4671732187271118
0.17125922441482544,0.4361886978149414
0.6224985122680664,0.5078636407852173
0.6693313121795654,0.5271444320678711
1.0437421798706055,0.5045519471168518
0.8802905082702637,0.4823119640350342
2.9288806915283203,0.4593917727470398
1.5153800249099731,0.5173463821411133
1.4922571182250977,0.4650043249130249
1.4262510538101196,0.4959125220775604
1.3695850372314453,0.5051472187042236
1.7793323993682861,0.5622233152389526
1.2324520349502563,0.5617934465408325
0.9221800565719604,0.5499515533447266
0.4254176616668701,0.46734797954559326
0.2166881561279297,0.5690805912017822
0.4883950352668762,0.5944395065307617
0.16255617141723633,0.6127423644065857
0.11752033233642578,0.5810284614562988
0.09306502342224121,0.5589516162872314
0.13108527660369873,0.523391842842102
0.17540037631988525,0.5348661541938782
0.2808142900466919,0.5620859265327454
0.12193173170089722,0.5567770004272461
0.29332613945007324,0.5226866602897644
0.5543981790542603,0.43845710158348083
0.16945958137512207,0.4620736539363861
0.461711049079895,0.5219267010688782
0.18303203582763672,0.5609718561172485
0.3226308226585388,0.5145055651664734
0.20797467231750488,0.554741382598877
0.37752199172973633,0.5311428308486938
0.8306304216384888,0.5489000082015991
0.11642837524414062,0.5599092245101929
0.45873165130615234,0.523594856262207
0.2558143138885498,0.5188484191894531
0.7516372203826904,0.46306878328323364
0.6237962245941162,0.4554881453514099
0.0987594723701477,0.4538652300834656
0.08567893505096436,0.42162543535232544
0.11619579792022705,0.4331967532634735
0.304813027381897,0.42660966515541077
0.10247433185577393,0.47742384672164917
0.1792415976524353,0.4812471270561218
0.6170434951782227,0.486979216337204
0.47299110889434814,0.48295268416404724
0.4044364094734192,0.5398605465888977
0.27252209186553955,0.5185608267784119
0.23516368865966797,0.5387676954269409
0.2141737937927246,0.5810807943344116
0.08584260940551758,0.45627397298812866
0.19048655033111572,0.5159103870391846
0.03959780931472778,0.4671386480331421
0.1545116901397705,0.6125538349151611
0.2251121997833252,0.569896399974823
0.14289861917495728,0.5641148686408997
0.416007399559021,0.5886368155479431
0.14137935638427734,0.5654078125953674
0.24330872297286987,0.49132001399993896
0.6592169404029846,0.4515624940395355
0.17282819747924805,0.475845068693161
0.07722079753875732,0.5108504295349121
0.11743819713592529,0.470938503742218
0.19490092992782593,0.5321930646896362
0.33588433265686035,0.5917922258377075
0.35290825366973877,0.5984594821929932
1.1507422924041748,0.5955909490585327
1.279145359992981,0.5698548555374146
1.4466450214385986,0.6374458074569702
0.23525315523147583,0.6180166006088257
0.7964974045753479,0.5430862903594971
1.5137455463409424,0.5796712636947632
0.746518611907959,0.5692065954208374
1.4843019247055054,0.48001304268836975
0.7518084049224854,0.42065727710723877
0.46181929111480713,0.44813185930252075
0.12041139602661133,0.40950924158096313
0.9639923572540283,0.5456793308258057
0.19673371315002441,0.47945982217788696
0.3039097785949707,0.49705055356025696
0.32164502143859863,0.4837670922279358
0.11990165710449219,0.5854723453521729
0.2542915344238281,0.6027707457542419
0.15814924240112305,0.6011232137680054
0.4284496307373047,0.7052725553512573
0.20152413845062256,0.5456815958023071
1.0733190774917603,0.6486289501190186
0.4457685947418213,0.6063276529312134
0.6718600392341614,0.5427278876304626
1.0074255466461182,0.5270885229110718
0.218613862991333,0.8189219236373901
0.11870139837265015,0.641729474067688
0.40212440490722656,0.5475202798843384
0.37983351945877075,0.5111907720565796
0.18567132949829102,0.5324605703353882
0.17104125022888184,0.47190773487091064
0.1208035945892334,0.4731929898262024
0.8458837866783142,0.48875030875205994
0.3680543899536133,0.43462976813316345
0.5239520072937012,0.39761295914649963
0.1462174654006958,0.5245997309684753
0.6009026765823364,0.42973002791404724
0.408488392829895,0.49299484491348267
0.13788270950317383,0.5365670919418335
0.9301824569702148,0.5254019498825073
0.5866060256958008,0.5331968069076538
0.09157359600067139,0.47835248708724976
0.40815234184265137,0.44869235157966614
0.20318084955215454,0.5042756795883179
0.23265397548675537,0.520869255065918
0.2890080213546753,0.5179933309555054
0.42244768142700195,0.4641851782798767
0.48629260063171387,0.44609275460243225
0.3386305570602417,0.39469900727272034
0.10077953338623047,0.4509030282497406
0.45673298835754395,0.4409148693084717
0.0966348648071289,0.5321463346481323
0.24460887908935547,0.5067976713180542
0.09995126724243164,0.5557299852371216
0.15697455406188965,0.48002249002456665
0.08294129371643066,0.5845240354537964
0.29987847805023193,0.5222054719924927
0.25542783737182617,0.4915178120136261
0.34265196323394775,0.4998956322669983
0.14813232421875,0.569426417350769
1.0103060007095337,0.6357837319374084
0.05987656116485596,0.5041595101356506
0.2650560140609741,0.5582185387611389
0.16996949911117554,0.546782910823822
0.12136030197143555,0.5823394656181335
0.2534588575363159,0.5366746187210083
0.08888131380081177,0.4892052412033081
0.17309820652008057,0.5018376111984253
0.11408734321594238,0.60478276014328
0.1259167194366455,0.6758692264556885
0.22908741235733032,0.5164581537246704
0.46904224157333374,0.5451169013977051
0.050135135650634766,0.6317381262779236
0.45753782987594604,0.6119449138641357
0.07744282484054565,0.5260613560676575
0.1623997688293457,0.5398327112197876
0.1231764554977417,0.7424829006195068
0.23653322458267212,0.7241804599761963
0.21256506443023682,0.8148530721664429
0.3282756805419922,0.4852529764175415
0.15158379077911377,0.4955805540084839
0.4118298888206482,0.5566318035125732
0.25923383235931396,0.5806947350502014
0.1510833501815796,0.5396285653114319
0.4458731412887573,0.5801621675491333
0.5981425046920776,0.5153189301490784
0.6649893522262573,0.5297206044197083
1.0493611097335815,0.5108172297477722
0.8203011751174927,0.4900936484336853
1.0173834562301636,0.5066131949424744
1.0741338729858398,0.5263034105300903
0.46161800622940063,0.526270866394043
1.3556097745895386,0.5245473384857178
1.402044415473938,1.3122650384902954
1.0063748359680176,1.4120280742645264
0.27380210161209106,1.1033761501312256
0.49222731590270996,1.0463608503341675
1.430501103401184,0.6488994359970093
2.3588850498199463,1.1704474687576294
2.562941312789917,0.56270432472229
0.9815528392791748,0.4966021776199341
2.2063066959381104,0.5479016304016113
1.0006475448608398,0.548696756362915
0.7034744024276733,0.5015181303024292
0.15784096717834473,0.5192709565162659
3.1690735816955566,0.5632908344268799
0.31720030307769775,0.6087057590484619
0.9185426235198975,0.5475782155990601
1.078863263130188,0.6217944622039795
0.11683130264282227,0.5929739475250244
0.6329817771911621,0.5659443736076355
0.8680527210235596,0.5218656659126282
1.422122836112976,0.5964229106903076
1.130805492401123,0.5899351239204407
1.2043790817260742,0.6226450800895691
0.96738600730896,0.6075984239578247
0.5764575004577637,0.6256642937660217
0.4479369521141052,0.5354981422424316
0.12925457954406738,0.48549413681030273
0.44845134019851685,0.495655357837677
0.11818695068359375,0.4819151759147644
0.2801171541213989,0.44993317127227783
0.13691234588623047,0.4918874204158783
0.17630159854888916,0.49171876907348633
0.3688920736312866,0.4624263346195221
0.08301305770874023,0.3972093462944031
0.6582639217376709,0.4598678946495056
0.28279435634613037,0.4188860058784485
0.16342902183532715,0.39478665590286255
0.03535032272338867,0.46240922808647156
0.14950823783874512,0.5349300503730774
0.3277156352996826,0.4923165440559387
0.04241311550140381,0.3974640369415283
0.6235157251358032,0.45004743337631226
0.4860551357269287,0.41535964608192444
0.30931806564331055,0.41484886407852173
0.35077953338623047,0.5037811398506165
0.18463075160980225,0.5362216234207153
0.18314266204833984,0.510425329208374
0.3220233917236328,0.4353129267692566
0.13901257514953613,0.44427406787872314
0.906078040599823,0.4463997483253479
0.11683845520019531,0.4557768702507019
0.42905712127685547,0.45995596051216125
0.131996750831604,0.46649348735809326
0.17075490951538086,0.5152012705802917
0.13499385118484497,0.4502188265323639
0.1487894058227539,0.5321672558784485
0.24837905168533325,0.4529845118522644
0.2126857042312622,0.4743311107158661
0.45287632942199707,0.4485527276992798
0.24169981479644775,0.42435914278030396
0.39123427867889404,0.5559157729148865
0.056235551834106445,0.4591078460216522
0.45686954259872437,0.5526865124702454
0.18823641538619995,0.5059289932250977
0.09946918487548828,0.48168739676475525
0.23489749431610107,0.52419114112854
0.3813594579696655,0.45743995904922485
0.4010927677154541,0.514406144618988
0.22359275817871094,0.49861806631088257
0.12833809852600098,0.504561722278595
0.3108212947845459,0.5241022109985352
0.4690033197402954,0.5550591349601746
0.9285306930541992,0.5535134077072144
0.2100101113319397,0.46112293004989624
0.09287559986114502,0.5379570722579956
1.1632572412490845,0.5658673644065857
0.38414669036865234,0.5681130290031433
0.3479083776473999,0.48421812057495117
0.3161733150482178,0.5068805813789368
0.03717231750488281,0.5085409879684448
0.2076103687286377,0.5447509288787842
0.2097008228302002,0.5232317447662354
0.1700332760810852,0.475626140832901
0.13839828968048096,0.4984048902988434
0.4115111827850342,0.4762558937072754
0.4280519485473633,0.5569862723350525
0.11431610584259033,0.4832862317562103
0.6400938630104065,0.5611934661865234
0.1506795883178711,0.47132980823516846
1.092282772064209,0.5321009159088135
0.22374236583709717,0.5366612672805786
0.3684699535369873,0.5239657759666443
0.5086109638214111,0.5738341808319092
0.8875860571861267,0.5749511122703552
2.6838796138763428,0.6077852845191956
1.0349622964859009,0.5204959511756897
0.7989915609359741,0.5703498721122742
0.9119170904159546,0.5656596422195435
0.6939818859100342,0.49133145809173584
0.23654460906982422,0.49907511472702026
0.6264094114303589,0.5179568529129028
0.4478360414505005,0.5379222631454468
0.3771247863769531,0.5350620746612549
0.6806973218917847,0.5023880004882812
1.0338598489761353,0.4802613854408264
0.573759138584137,0.4421094059944153
0.39083564281463623,0.48335689306259155
2.35890531539917,0.5471738576889038
1.0871779918670654,0.5871462821960449
0.4944044351577759,0.6044032573699951
0.31707894802093506,0.6136143207550049
0.22100013494491577,0.6337955594062805
1.3554896116256714,0.6092933416366577
0.2286543846130371,0.6071789860725403
0.23548269271850586,0.6309055089950562
1.1324870586395264,0.623030424118042
0.5612330436706543,0.5036012530326843
0.1894080638885498,0.49995386600494385
0.21757447719573975,0.444837749004364
1.5330579280853271,0.4931766986846924
0.258974552154541,0.5121301412582397
0.278261661529541,0.4778769612312317
0.32514214515686035,0.5200537443161011
0.17496132850646973,0.4431937634944916
0.41679608821868896,0.5237225294113159
0.3765922784805298,0.5064517259597778
0.3648107051849365,0.5221612453460693
0.18373656272888184,0.5133313536643982
0.3146946430206299,0.5840239524841309
0.9611233472824097,0.5211641788482666
0.4298214912414551,0.4602808356285095
0.49119383096694946,0.506477415561676
0.06997966766357422,0.5603017210960388
0.3754711151123047,0.4987211227416992
0.40807586908340454,0.5410175323486328
0.32074975967407227,0.5654988288879395
0.4060462713241577,0.4862743020057678
0.36440610885620117,0.5081558227539062
0.158034086227417,0.43258094787597656
0.2927175760269165,0.5249513387680054
0.6655874252319336,0.4571874141693115
0.13566374778747559,0.5272329449653625
0.4153628349304199,0.45003876090049744
0.6539566516876221,0.49899688363075256
0.6512293219566345,0.4750768840312958
0.3836202621459961,0.5148712396621704
0.43650293350219727,0.511339545249939
1.7368175983428955,0.4729251265525818
2.4002559185028076,0.4802957773208618
0.5583387613296509,0.5841028690338135
0.7470816969871521,0.5236513614654541
1.2504127025604248,0.5872691869735718
1.3585126399993896,0.613409161567688
2.364304780960083,0.5817430019378662
1.234794020652771,0.6365986466407776
1.7261207103729248,0.6333315372467041
1.1175875663757324,0.6423104405403137
1.3993979692459106,0.6381141543388367
1.8206738233566284,0.5942254066467285
0.23985153436660767,0.6230372786521912
0.6908895969390869,0.588242769241333
0.9628992080688477,0.4763377904891968
1.0018346309661865,0.4847031235694885
0.41376590728759766,0.4756176769733429
0.12441015243530273,0.46005797386169434
0.19104212522506714,0.5205810070037842
0.24082738161087036,0.5145535469055176
0.44567251205444336,0.5380609035491943
0.4133186340332031,0.5246342420578003
0.4526536464691162,0.5493685007095337
0.16107892990112305,0.5207944512367249
0.4810159206390381,0.5500279664993286
0.5718836784362793,0.5296560525894165
0.5585631132125854,0.5483227372169495
0.19827580451965332,0.48217901587486267
1.4926695823669434,0.465643972158432
0.6504044532775879,0.5166275501251221
0.6788405179977417,0.4578399062156677
0.3622610569000244,0.5311994552612305
0.8262350559234619,0.4522643983364105
0.8886541128158569,0.48825889825820923
0.4271221160888672,0.48247411847114563
0.2916684150695801,0.5900547504425049
0.25345587730407715,0.5119053721427917
0.2548234462738037,0.6171583533287048
0.14095497131347656,0.48369917273521423
0.15479421615600586,0.4910909831523895
0.15039539337158203,0.4666694402694702
0.18516206741333008,0.4246971309185028
0.05739474296569824,0.37722235918045044
0.09324359893798828,0.34746384620666504
0.35337984561920166,0.4536840617656708
0.11290359497070312,0.36487019062042236
0.01948261260986328,0.37429189682006836
0.8875100612640381,0.4618033468723297
0.27105188369750977,0.48180124163627625
0.4937586784362793,0.544969379901886
0.2379823923110962,0.5184592008590698
0.6431103348731995,0.5015106201171875
1.0410996675491333,0.5337463021278381
0.3364969491958618,0.5535232424736023
0.2060481309890747,0.5240212678909302
0.23360103368759155,0.5791130661964417
0.48188316822052,0.5498323440551758
0.02139219641685486,0.5082918405532837
0.2567613124847412,0.6195958852767944
0.09060120582580566,0.5909686088562012
0.16227507591247559,0.5607331991195679
0.35461360216140747,0.4899197816848755
0.13287007808685303,0.48016318678855896
0.1518871784210205,0.5031281113624573
0.09163796901702881,0.44611847400665283
0.6676814556121826,0.49448978900909424
0.04923069477081299,0.5116710662841797
0.43384838104248047,0.5349978804588318
0.45628851652145386,0.5797885656356812
0.6365582942962646,0.5542874932289124
0.17960190773010254,0.553595244884491
0.258541464805603,0.516271710395813
0.7510232925415039,0.5575200915336609
0.313240647315979,0.4491333067417145
0.15433496236801147,0.47261619567871094
0.17412853240966797,0.4779711067676544
0.23884910345077515,0.45878568291664124
1.4902080297470093,0.5249710083007812
1.0611916780471802,0.41858577728271484
0.5626357793807983,0.4576234817504883
0.19641166925430298,0.5018414258956909
2.0530030727386475,0.7697442770004272
1.7175076007843018,0.46192026138305664
2.0916242599487305,0.5000296235084534
0.8388849496841431,0.545804500579834
1.123840093612671,0.49853700399398804
1.2141532897949219,0.5612572431564331
1.7595880031585693,0.5981746912002563
0.7239453792572021,0.5398810505867004
0.6850127577781677,0.5210154056549072
2.3545327186584473,0.5111114382743835
0.20122724771499634,0.4548478126525879
0.42006272077560425,0.484148770570755
0.4654906690120697,0.5006271600723267
1.2343627214431763,0.5906773805618286
0.3680762052536011,0.566774845123291
0.22711485624313354,0.559655487537384
1.2467572689056396,0.5292806625366211
0.24325108528137207,0.4887683689594269
0.9097450375556946,0.54401695728302
1.8969247341156006,0.5555946230888367
1.1147119998931885,0.5306335687637329
1.3453938961029053,0.44964921474456787
1.0402350425720215,0.4876912236213684
0.3699408769607544,0.4215085804462433
1.7947838306427002,0.5117001533508301
1.100975751876831,0.4668422341346741
2.3109583854675293,0.5262395143508911
1.4461753368377686,0.533898651599884
0.5740959048271179,0.4709731936454773
1.325894832611084,0.5387334227561951
1.0955508947372437,0.4996964633464813
1.6381330490112305,0.5318129062652588
0.7661951780319214,0.48425281047821045
1.3758223056793213,0.5161129832267761
0.8278411626815796,0.4883568584918976
0.7365580797195435,0.48958003520965576
0.733823835849762,0.471665620803833
1.1126067638397217,0.5707536339759827
0.42843902111053467,0.5661094188690186
1.0898727178573608,0.4889354109764099
0.5932658910751343,0.5492992401123047
0.7758270502090454,0.5306434035301208
1.5324866771697998,0.5245288610458374
2.157280445098877,0.5775904655456543
0.9430710077285767,0.540424644947052
0.6415466070175171,0.5504058599472046
1.0781038999557495,0.5647949576377869
2.383780002593994,0.5871603488922119
0.8479880690574646,0.5078836679458618
0.30333882570266724,0.5094002485275269
1.3847020864486694,0.5425733923912048
0.7023850679397583,0.6010470390319824
0.7256144881248474,0.537021815776825
0.7397706508636475,0.5888150930404663
0.47298258543014526,0.5685884952545166
1.1158500909805298,0.5056741833686829
0.7238297462463379,0.5562753081321716
0.8985891938209534,0.5345489978790283
2.1509175300598145,0.5511712431907654
0.7585886716842651,0.48528817296028137
1.272127389907837,0.5275565981864929
2.5513665676116943,0.6215729117393494
3.11578631401062,0.5484691858291626
1.7588999271392822,0.5339845418930054
0.8676899075508118,0.5463823676109314
1.8958189487457275,0.5206160545349121
2.0204477310180664,0.5181272625923157
0.8829977512359619,0.5199061036109924
2.096672296524048,0.5087648630142212
2.6917076110839844,0.5319232940673828
1.842900037765503,0.5610670447349548
0.8479764461517334,0.5012131333351135
1.6330420970916748,0.5359603762626648
2.1208982467651367,0.5408804416656494
1.5200748443603516,0.5654379725456238
1.7189666032791138,0.645089864730835
1.4683780670166016,0.6004668474197388
0.37778139114379883,0.6651430130004883
0.809246838092804,0.576042652130127
1.3031728267669678,0.7329422235488892
1.0124703645706177,0.6654955148696899
1.2929863929748535,0.7493010759353638
0.8808527588844299,0.4819251596927643
1.0634615421295166,0.5525093078613281
0.6246808767318726,0.5212984085083008
1.2070553302764893,0.6134625673294067
1.4161324501037598,0.5325568914413452
0.6106915473937988,0.5083573460578918
2.153223991394043,0.4845256209373474
2.1947343349456787,0.5795183181762695
1.295491099357605,0.5051866173744202
1.2138410806655884,0.5037100911140442
1.2534911632537842,0.5479174256324768
1.6664276123046875,0.6043654084205627
1.1687073707580566,0.5670969486236572
0.607130229473114,0.5255931615829468
1.4439876079559326,0.5876299142837524
1.27979576587677,0.5545843243598938
2.049669027328491,0.6023422479629517
1.1604936122894287,0.6499227285385132
1.3500316143035889,0.6349235773086548
1.0126813650131226,0.560769259929657
1.2567554712295532,0.4837198555469513
0.267702579498291,0.49672210216522217
1.8277125358581543,0.48017796874046326
0.801109790802002,0.5791207551956177
1.8685545921325684,0.5135158896446228
0.6686668395996094,0.457337349653244
1.2270320653915405,0.5486260652542114
1.402658224105835,0.5597102046012878
1.061640977859497,0.48316141963005066
1.1206614971160889,0.45598867535591125
1.0235857963562012,0.5179562568664551
1.224693775177002,0.48419079184532166
2.141329288482666,0.5268598794937134
1.0139682292938232,0.5009400844573975
0.8258516192436218,0.5376982092857361
0.1898186206817627,0.42934584617614746
0.8916316032409668,0.5085736513137817
0.9153883457183838,0.6392744779586792
1.261127233505249,0.4959690272808075
0.21187353134155273,0.5179278254508972
0.5825915336608887,0.5756155252456665
1.9441694021224976,0.5405252575874329
0.9635947942733765,0.4994816780090332
0.8340520858764648,0.6078614592552185
0.15206760168075562,0.5822504758834839
0.34314048290252686,0.6313291788101196
1.0570563077926636,0.6735490560531616
0.37224864959716797,0.5615849494934082
0.6691162586212158,0.5816138982772827
1.0992512702941895,0.6766421794891357
1.8765357732772827,0.6206859350204468
0.292655348777771,0.5007707476615906
0.4552006721496582,0.528774619102478
1.4670424461364746,0.4704970419406891
0.5391994118690491,0.463361918926239
0.6346468925476074,0.516728401184082
2.375070810317993,0.5101014971733093
1.1899142265319824,0.4989554286003113
1.0131577253341675,0.5346977710723877
0.6880838871002197,0.528722882270813
1.0372567176818848,0.531421959400177
0.4270864725112915,0.5350847244262695
2.0778746604919434,0.5124128460884094
0.9319825172424316,0.5188026428222656
0.5951281189918518,0.5061414241790771
1.0278295278549194,0.532420814037323
1.1851543188095093,0.4679299294948578
0.827686607837677,0.44119247794151306
0.5981007814407349,0.5696150064468384
1.096692442893982,0.5124946236610413
2.1269235610961914,0.5682553052902222
0.47063595056533813,0.5170121788978577
1.5706894397735596,0.520778477191925
0.6181261539459229,0.5042106509208679
0.6466044187545776,0.5588810443878174
0.6330678462982178,0.4575166404247284
2.2202444076538086,0.5454314947128296
1.6506056785583496,0.4607887268066406
0.447658896446228,0.47422000765800476
0.9944198131561279,0.5148670077323914
1.3475075960159302,0.5489776730537415
2.116302490234375,0.5822843313217163
1.3735687732696533,0.5279694199562073
0.7851426601409912,0.5605568289756775
1.0922648906707764,0.5608474016189575
0.7650716304779053,0.5064135789871216
0.42397964000701904,0.6033573150634766
0.2702047824859619,0.5466039180755615
0.8888576030731201,0.6078665256500244
1.1507019996643066,0.5477296113967896
0.7241230607032776,0.5766253471374512
0.9323751926422119,0.5250487327575684
1.3990119695663452,0.5453696846961975
0.8306548595428467,0.5641223192214966
1.9160593748092651,0.5330954790115356
1.0422512292861938,0.5439929962158203
1.789957880973816,0.5821214914321899
1.0096149444580078,0.5375441908836365
1.4598491191864014,0.5254653096199036
1.964770793914795,0.6683459281921387
1.142216682434082,0.5420767068862915
0.9707263708114624,0.5219376683235168
0.884933590888977,0.47000908851623535
0.799225389957428,0.5009067058563232
0.3920662999153137,0.541069507598877
0.6412288546562195,1.0237441062927246
0.25217097997665405,1.1884922981262207
0.15470999479293823,0.7596578598022461
1.7335174083709717,0.9595986604690552
1.594987392425537,1.1537871360778809
1.0173916816711426,1.300769567489624
3.5910418033599854,2.0138092041015625
1.0836708545684814,1.440234661102295
0.5739191770553589,1.4551193714141846
0.9275164008140564,1.2410873174667358
1.5387568473815918,0.6477577686309814
2.9834718704223633,1.0505080223083496
1.4652094841003418,1.203096628189087
1.1350898742675781,1.227579951286316
2.355165481567383,0.6797020435333252
1.3600831031799316,0.4923425316810608
1.0719554424285889,0.5865190029144287
1.1395564079284668,0.5747498273849487
2.1539669036865234,0.48719844222068787
2.155033826828003,0.6028040647506714
2.0279152393341064,0.4833620488643646
0.8763110637664795,0.5618239045143127
1.448654294013977,0.5753984451293945
1.0171047449111938,0.5399979948997498
2.7696661949157715,0.6242617964744568
1.183513879776001,0.5336741209030151
2.0398776531219482,0.6059820652008057
1.2110519409179688,0.5689195990562439
2.168130874633789,0.6361044049263
1.804284930229187,0.5113160014152527
2.465827226638794,0.6084468364715576
2.574509620666504,0.5080191493034363
1.436048150062561,0.4955950677394867
0.3053726553916931,0.5150231122970581
2.034944772720337,0.5396767854690552
1.0522058010101318,0.5623890161514282
1.2065534591674805,0.5300901532173157
0.9745533466339111,0.49859219789505005
0.4660123586654663,0.4985824227333069
2.202881336212158,0.6058300733566284
0.6899913549423218,0.5248745083808899
0.7949289679527283,0.4694980978965759
0.3839905858039856,0.67640221118927
1.7986940145492554,0.8979288339614868
2.0815443992614746,0.8193562626838684
0.5089170932769775,0.620357871055603
2.779911756515503,1.238957166671753
2.13321852684021,0.8041754961013794
1.2853049039840698,0.8918758630752563
1.9001697301864624,0.5714253187179565
0.9078081846237183,0.678974986076355
0.47297203540802,0.5098376274108887
1.1924065351486206,0.48411715030670166
1.6273438930511475,0.5331799983978271
0.5614293813705444,0.5527217388153076
2.0942437648773193,0.507684588432312
1.1784260272979736,0.5405067205429077
0.7795757055282593,0.534599781036377
2.0446672439575195,0.8044010400772095
1.2748960256576538,0.6697931289672852
1.8950225114822388,0.47676533460617065
1.7510756254196167,0.4960440993309021
2.6137330532073975,0.5841399431228638
1.5126619338989258,0.7094391584396362
0.6440828442573547,0.5002869367599487
0.8026043176651001,0.672819972038269
1.2044131755828857,0.45368069410324097
1.0173017978668213,0.7627168893814087
1.2080004215240479,0.5050106048583984
1.0328611135482788,0.711616039276123
1.0064512491226196,0.4897526502609253
2.325584888458252,0.4812374711036682
1.3235324621200562,0.5321237444877625
0.7982043027877808,0.4453625977039337
0.8369971513748169,0.5077189207077026
1.4648233652114868,0.5270595550537109
1.4699586629867554,0.5887472629547119
1.4209625720977783,0.6228079199790955
2.9643774032592773,0.5787524580955505
1.8578705787658691,0.7306188941001892
1.750178337097168,0.7071009278297424
2.339963436126709,0.7103675603866577
1.4260554313659668,0.5440201163291931
2.555295705795288,0.6578012704849243
1.2367947101593018,0.5716602206230164
0.46011149883270264,0.5848996639251709
1.102210521697998,0.627308189868927
1.4172765016555786,0.6415400505065918
1.0645520687103271,0.5934837460517883
2.198650360107422,0.5643261075019836
1.3386225700378418,0.524897038936615
0.8838392496109009,0.4824399948120117
1.2001103162765503,0.5178285837173462
1.6071820259094238,0.6532588005065918
0.9071642160415649,0.5241162776947021
1.3644829988479614,0.4450686573982239
1.5992810726165771,0.49300986528396606
3.183650016784668,0.6192452907562256
3.0067312717437744,0.582134485244751
0.7696483731269836,0.6532094478607178
0.8370286822319031,0.5251265168190002
0.9541468024253845,0.49853041768074036
1.2034199237823486,0.4862111806869507
3.2953407764434814,0.5267356634140015
1.2387967109680176,0.5136910676956177
2.1672022342681885,0.3793317377567291
2.7386255264282227,0.5163097977638245
1.3467193841934204,0.5295819044113159
1.2220244407653809,0.517859697341919
1.7497293949127197,0.5337347984313965
0.6925252676010132,0.49914586544036865
0.5686732530593872,0.5028084516525269
1.317176342010498,0.4756874144077301
0.8281998634338379,0.5748666524887085
2.0774176120758057,0.5319599509239197
0.8330754637718201,0.49668121337890625
2.554450273513794,0.4294833242893219
1.241109013557434,0.49910593032836914
2.665714740753174,0.43723616003990173
1.602704405784607,0.4501001834869385
1.748630404472351,0.51915442943573
1.449135184288025,0.5337343811988831
0.49220430850982666,0.5484449863433838
1.2472342252731323,0.5595985651016235
0.9265837669372559,0.5873425602912903
0.8967581987380981,0.5356773138046265
0.9697344303131104,0.6680511236190796
0.19408941268920898,0.5352064967155457
0.5647081136703491,0.5726488828659058
1.7668997049331665,0.5697973370552063
0.6141949892044067,0.6064146757125854
0.6905632019042969,0.5370131731033325
1.0779582262039185,0.6129767894744873
0.6948056221008301,0.6929433345794678
1.2341831922531128,0.5818976163864136
1.0624706745147705,0.5781214833259583
0.7984868884086609,0.5068805813789368
2.4139015674591064,0.5881795883178711
0.3220587968826294,0.6175867915153503
2.1648099422454834,0.6150171756744385
3.143040895462036,0.4817838966846466
2.6535587310791016,0.5236352682113647
1.968245506286621,0.6442638635635376
2.4681308269500732,0.4833521842956543
0.6952548027038574,0.4522499442100525
0.7998693585395813,0.50018310546875
0.9691610336303711,0.5611402988433838
1.7237720489501953,0.5354577898979187
1.9799262285232544,0.6061445474624634
2.6189849376678467,0.6157523393630981
0.6317331790924072,0.6434546113014221
0.41622650623321533,0.6140025854110718
1.0838693380355835,0.6037193536758423
0.3492403030395508,0.5597183704376221
0.8712934255599976,0.602181077003479
2.1740827560424805,0.6399895548820496
2.3391757011413574,0.6061675548553467
1.1507012844085693,0.592490553855896
2.022923231124878,0.7210992574691772
2.341432571411133,0.5867639780044556
1.4631576538085938,0.5693436861038208
1.3088339567184448,0.6882661581039429
2.1013593673706055,0.6196357607841492
1.5642988681793213,0.5375957489013672
1.4803838729858398,0.6003968715667725
2.151895761489868,0.5944349765777588
0.6932474970817566,0.5709818601608276
1.1083542108535767,0.6170749664306641
1.9051941633224487,0.6490346193313599
1.1478146314620972,0.6178324222564697
0.8141775131225586,0.5229290723800659
0.9849890470504761,0.5594653487205505
1.8892115354537964,0.6282113790512085
0.7667873501777649,0.6247646808624268
1.244367003440857,0.660912036895752
0.750065267086029,0.5226414203643799
0.7870151996612549,0.4433240592479706
1.6984498500823975,0.7140029668807983
1.2260758876800537,0.5267739295959473
0.8540620803833008,0.46569913625717163
2.4508559703826904,0.5734233260154724
0.9924160838127136,0.5661239624023438
1.7759730815887451,0.6474676132202148
1.7010725736618042,0.7887125015258789
2.5885655879974365,0.5653859972953796
0.7638610005378723,0.5514818429946899
2.8156261444091797,0.605816125869751
1.3969333171844482,0.7877653241157532
1.5021424293518066,0.5726454854011536
0.9270000457763672,0.7102417945861816
1.6702693700790405,0.48185738921165466
1.5083235502243042,0.5075300931930542
1.3804470300674438,0.6238538026809692
1.1380364894866943,0.5486660003662109
1.8312737941741943,0.7732666730880737
1.407726526260376,0.6523503661155701
2.648165702819824,0.9143331050872803
1.5559831857681274,0.8951613903045654
1.9630029201507568,0.9923863410949707
1.4074854850769043,0.5165332555770874
1.9593099355697632,0.5609193444252014
1.9149160385131836,0.7735366821289062
2.166383743286133,0.7483423948287964
1.3250185251235962,0.5054534673690796
1.4958500862121582,0.5797532796859741
2.0643563270568848,0.6655174493789673
1.3066740036010742,0.5916906595230103
1.5823827981948853,0.48441481590270996
1.546444296836853,0.8879801034927368
1.4804085493087769,0.5167465209960938
1.569180965423584,0.5376369953155518
2.4803621768951416,0.5000842809677124
1.6412869691848755,0.5172871947288513
1.7921123504638672,0.5253201127052307
2.1174871921539307,0.5756958723068237
2.0804786682128906,0.6337539553642273
1.4353026151657104,0.60048508644104
1.9488167762756348,0.6161910891532898
0.5163568258285522,0.5895740389823914
0.2137698531150818,0.5533158779144287
2.7406439781188965,0.5905801057815552
1.0884151458740234,0.638692319393158
0.7981648445129395,0.6438477635383606
1.4778430461883545,0.5682785511016846
2.1531968116760254,0.7508152723312378
1.2105649709701538,0.6716018319129944
1.7528274059295654,0.5486899018287659
1.951776385307312,0.7513326406478882
1.283138394355774,0.5938950777053833
1.5083553791046143,0.5673994421958923
0.8893592953681946,0.5516019463539124
0.7355713248252869,0.6028091907501221
0.9835909605026245,0.5442715287208557
0.4601675868034363,0.5584813952445984
0.9284748435020447,0.5333523750305176
0.1652165651321411,0.5865468382835388
0.9176895022392273,0.5353015661239624
0.545100212097168,0.47729381918907166
0.919120728969574,0.5907020568847656
1.7929878234863281,0.5699473023414612
1.8843247890472412,0.5575954914093018
1.4803082942962646,0.6152766346931458
1.3853920698165894,0.3615463972091675
1.2512595653533936,0.5322829484939575
2.522862195968628,0.4837113916873932
1.1147003173828125,0.429824560880661
1.1775916814804077,0.49816423654556274
1.9686096906661987,0.5239479541778564
1.485741376876831,0.5167136192321777
1.7850303649902344,0.7394911050796509
1.4826197624206543,0.4890788197517395
0.6366914510726929,0.5405938029289246
1.6229782104492188,0.832626461982727
0.8711668252944946,0.5885394215583801
1.3921805620193481,0.5132339000701904
2.137000799179077,0.4953992962837219
1.8537969589233398,0.48782646656036377
2.2186036109924316,0.581277072429657
0.598084032535553,0.5231773853302002
0.23660701513290405,0.466103196144104
0.40527379512786865,0.5587460994720459
0.604399561882019,0.5299157500267029
0.12670516967773438,0.45769011974334717
0.4915926456451416,0.5091158747673035
0.24010658264160156,0.4048895239830017
0.4056520462036133,0.48095881938934326
2.7288804054260254,0.5004139542579651
0.30483198165893555,0.46830910444259644
0.16672170162200928,0.473778635263443
0.6596449017524719,0.5349219441413879
0.18268674612045288,0.445003479719162
0.4682741165161133,0.45500990748405457
0.2753927707672119,0.5516452789306641
0.627403974533081,0.5660431385040283
0.21967265009880066,0.5091298222541809
0.23601675033569336,0.6011548042297363
1.0115957260131836,0.60494464635849
0.22869670391082764,0.5140398740768433
0.6537654995918274,0.504387378692627
0.8272410035133362,0.5860291123390198
0.2541782855987549,0.5518817901611328
1.2554984092712402,0.6047031283378601
0.6639103889465332,0.5481582283973694
0.17424607276916504,0.7159415483474731
0.33421099185943604,0.5358118414878845
1.3957829475402832,0.6455166339874268
1.199714183807373,0.6480138301849365
0.34018200635910034,0.5798811912536621
0.5587711334228516,0.6334950923919678
0.8559074401855469,0.6030699014663696
0.18716484308242798,0.6650211215019226
0.24912071228027344,0.6520709991455078
0.7693726420402527,0.6080328822135925
1.104760766029358,0.5018771290779114
0.7753289937973022,0.5445927381515503
1.1098718643188477,0.4879973530769348
0.3352566957473755,0.5940371751785278
0.18705105781555176,0.46087610721588135
0.2708064317703247,0.4927193522453308
0.4974323511123657,0.5801160931587219
0.4606614112854004,0.618719220161438
0.14946043491363525,0.5349180102348328
0.18860352039337158,0.5986405611038208
0.2866201102733612,0.6084416508674622
0.2987939119338989,0.6413613557815552
0.5329979658126831,0.5823386311531067
0.3838205337524414,0.6282466650009155
0.34859490394592285,0.5302248001098633
0.8989039659500122,0.504220187664032
0.9725615382194519,0.5809484720230103
1.243650197982788,0.5022749304771423
2.6474504470825195,0.6136853694915771
1.149434208869934,0.7333978414535522
2.3398101329803467,0.8214094638824463
1.2275440692901611,0.6517650485038757
1.0083121061325073,0.5233322978019714
0.7910847663879395,0.5991564989089966
0.4297831058502197,0.46684569120407104
0.6610275506973267,0.5299365520477295
0.4248519539833069,0.6287849545478821
0.38410449028015137,0.594441294670105
0.20920681953430176,0.5905874371528625
0.19339501857757568,0.6055976152420044
0.39370572566986084,0.5834451913833618
0.17161226272583008,0.5766742825508118
0.04150426387786865,0.5041295289993286
0.4162013530731201,0.5774794220924377
0.21399837732315063,0.5576642751693726
0.7916580438613892,0.5118931531906128
1.4896631240844727,0.5701757073402405
2.339850902557373,0.5505739450454712
0.5794209837913513,0.5530828237533569
1.121110200881958,0.5508898496627808
1.8508113622665405,0.5049549341201782
1.3215627670288086,0.5754700303077698
0.6901359558105469,0.5277259349822998
2.0372369289398193,0.6279524564743042
0.18880081176757812,0.5097631216049194
0.2829968333244324,0.5648025274276733
0.3580695390701294,0.5541132688522339
0.31299710273742676,0.5200568437576294
0.21399784088134766,0.6009648442268372
0.4337279796600342,0.5798130035400391
0.24647235870361328,0.5550737977027893
0.49233222007751465,0.5940920114517212
0.33895009756088257,0.57792729139328
0.3505823612213135,0.5715444087982178
0.16686248779296875,0.5856361985206604
0.23924434185028076,0.5758381485939026
0.7332741022109985,0.5613466501235962
0.21127092838287354,0.5326327085494995
0.37973475456237793,0.5204504132270813
0.2147277593612671,0.5361965894699097
0.6261236667633057,0.5821517109870911
0.4036693572998047,0.5371239185333252
0.426702618598938,0.5632153749465942
0.7011759281158447,0.538329541683197
0.26218104362487793,0.5507248044013977
0.6013789176940918,0.5735641121864319
0.4652625322341919,0.5787528157234192
0.5896214246749878,0.46704643964767456
0.4323608875274658,0.5040553212165833
0.34022247791290283,0.572767972946167
0.6532068252563477,0.5094600915908813
0.43006861209869385,0.5247167944908142
0.2808076739311218,0.40639936923980713
0.09869563579559326,0.5225217342376709
0.4384348392486572,0.4553562104701996
0.36167556047439575,0.436559796333313
0.5597007274627686,0.5050542950630188
0.24303436279296875,0.4641737639904022
0.1619892120361328,0.5132083296775818
0.1697920560836792,0.4583043158054352
0.435114324092865,0.5149371027946472
0.588188886642456,0.5457593202590942
0.3704719543457031,0.5997771620750427
0.3115420937538147,0.5360370874404907
1.3746662139892578,0.5479798913002014
0.5478916168212891,0.5618811845779419
0.12901806831359863,0.5862983465194702
0.3598034381866455,0.5356490612030029
0.1711045503616333,0.5441254377365112
0.42389482259750366,0.49787285923957825
0.22976744174957275,0.519244909286499
0.4745321273803711,0.48888179659843445
0.3965257406234741,0.40625616908073425
0.5337846279144287,0.4045562148094177
0.24879693984985352,0.271716445684433
0.5346550941467285,0.5079466104507446
0.6041066646575928,0.5461848378181458
0.480255663394928,0.5834574699401855
0.15502959489822388,0.5614554286003113
1.0919209718704224,0.45755520462989807
0.9021620750427246,0.5081942081451416
1.3719195127487183,0.4870995879173279
0.5436851978302002,0.5362162590026855
0.697667121887207,0.5167612433433533
0.27633553743362427,0.5153254270553589
0.16761326789855957,0.4385889172554016
0.14326149225234985,0.4674544930458069
0.25814032554626465,0.47019726037979126
0.583549439907074,0.4428994655609131
0.3807542324066162,0.4161030352115631
0.21175158023834229,0.4486045241355896
0.2963378429412842,0.5093345642089844
0.35744667053222656,0.500542938709259
0.1827126145362854,0.40285035967826843
0.4632459878921509,0.448884516954422
0.6713948845863342,0.43940654397010803
2.0477209091186523,0.43123766779899597
0.29759925603866577,0.6436116695404053
0.33252352476119995,0.4720514118671417
0.2670876383781433,0.46188655495643616
0.05996263027191162,0.433298796415329
0.6923206448554993,0.5026272535324097
0.6311891078948975,0.49886414408683777
0.2963699698448181,0.5160478353500366
0.26821208000183105,0.5260066986083984
0.6437923908233643,0.440324604511261
0.32086610794067383,0.49665895104408264
0.14340740442276,0.4949069321155548
0.3079414367675781,0.43919047713279724
0.36228108406066895,0.41645193099975586
0.3600430488586426,0.41998931765556335
0.23809504508972168,0.4492419362068176
0.2915347218513489,0.39177095890045166
0.12507575750350952,0.34059613943099976
0.33303505182266235,0.3533814251422882
0.26115214824676514,0.43206751346588135
0.21981436014175415,0.43545809388160706
0.4387355148792267,0.3430548310279846
0.45368051528930664,0.4402499496936798
0.4497833251953125,0.3864733874797821
0.17521893978118896,0.3647678792476654
0.585254430770874,0.3840695917606354
0.4264838695526123,0.4786761403083801
0.6384449005126953,0.5630837082862854
0.40064823627471924,0.4481995105743408
0.2516261339187622,0.3905445337295532
1.817813515663147,0.5136247277259827
1.3930257558822632,0.4687921404838562
0.17031872272491455,0.42330852150917053
1.0475685596466064,0.5065602660179138
0.6634073257446289,0.48172953724861145
0.3537428379058838,0.42165517807006836
0.11430478096008301,0.47598502039909363
0.49580562114715576,0.5304706692695618
0.46807360649108887,0.461829274892807
0.45438820123672485,0.46630650758743286
0.16093486547470093,0.41639092564582825
0.42165935039520264,0.4206574559211731
0.4149668216705322,0.42651164531707764
0.7499501705169678,0.4205770194530487
0.9753032922744751,0.4701608717441559
0.21733927726745605,0.5389732718467712
2.01587176322937,0.49030929803848267
0.41221582889556885,0.3720155656337738
0.15571987628936768,0.4631537199020386
0.29688549041748047,0.48422250151634216
1.8433929681777954,0.4560357630252838
0.4331204891204834,0.5044167041778564
0.47921454906463623,0.5108755230903625
0.5986817479133606,0.4948425889015198
0.20230638980865479,0.5116053819656372
0.6681718826293945,0.5520570278167725
0.5707277059555054,0.6155767440795898
0.21974992752075195,0.47401440143585205
0.39151597023010254,0.693911075592041
0.213528573513031,0.5737623572349548
0.49144136905670166,0.5321672558784485
0.429107666015625,0.46241676807403564
0.06768631935119629,0.5377878546714783
0.48445582389831543,0.505196213722229
2.244513988494873,0.45925548672676086
0.8463797569274902,0.7493960857391357
0.22528457641601562,0.7091269493103027
1.6944470405578613,0.5330708622932434
1.1385557651519775,0.46805039048194885
1.859928011894226,0.4948347806930542
1.0964359045028687,0.4840686619281769
0.8766875267028809,0.4424378275871277
0.4555264711380005,0.521582841873169
0.9786773324012756,0.4400772452354431
0.1798769235610962,0.6228452920913696
0.3116629123687744,0.4708385467529297
0.3739044666290283,0.5047481060028076
0.7266528606414795,0.5152931213378906
1.978040337562561,0.47293519973754883
0.7005314826965332,0.519464373588562
0.9450978636741638,0.4911523163318634
1.4815038442611694,0.46249473094940186
0.5285764932632446,0.4594663083553314
0.33773183822631836,0.5313931703567505
0.27303361892700195,0.4296140670776367
0.12180668115615845,0.4604261815547943
0.149732768535614,0.5014399886131287
0.14832693338394165,0.4651630222797394
0.13735532760620117,0.4955098628997803
0.8549766540527344,0.5262070894241333
0.38463568687438965,0.4966238737106323
0.3294098377227783,0.47541043162345886
0.10628271102905273,0.4086456596851349
0.3416430950164795,0.4141058921813965
0.09651732444763184,0.44407203793525696
0.155708909034729,0.4276641309261322
0.18624663352966309,0.5657925009727478
1.1149306297302246,0.45670580863952637
0.1903383731842041,0.45173290371894836
0.4363483786582947,0.4962947964668274
0.4733259081840515,0.38297754526138306
1.88584303855896,0.4376145899295807
0.5209612846374512,0.47685641050338745
0.29962658882141113,0.5413590669631958
1.6326452493667603,0.49207234382629395
0.7363605499267578,0.5420185923576355
0.23198288679122925,0.5291723608970642
0.9272069931030273,0.5378824472427368
0.45062583684921265,0.5482842922210693
0.22626817226409912,0.4860937297344208
1.3726695775985718,0.5584942102432251
0.5253030061721802,0.4610820710659027
0.13539528846740723,0.5311063528060913
0.44830358028411865,0.5465154647827148
0.15499591827392578,0.4781683087348938
0.28892815113067627,0.4810387194156647
0.12674540281295776,0.47879502177238464
0.4860973358154297,0.5059666633605957
1.2175345420837402,0.5228472948074341
0.27638939023017883,0.5373319387435913
0.24022752046585083,0.5439713001251221
0.5318382978439331,0.5496716499328613
0.3755802512168884,0.517319917678833
0.21832460165023804,0.46065157651901245
0.4152565002441406,0.539755642414093
0.24565690755844116,0.49099060893058777
1.2895030975341797,0.4497651159763336
0.17505884170532227,0.4212194085121155
0.13507139682769775,0.36643633246421814
0.34552907943725586,0.45927780866622925
0.6378879547119141,0.4381793737411499
0.4921541213989258,0.4060164988040924
0.2707395553588867,0.4334595799446106
0.5109937191009521,0.5163086652755737
0.8238331079483032,0.547134280204773
0.9067814350128174,0.5144388675689697
0.13186466693878174,0.42939984798431396
0.4232900142669678,0.5188989043235779
0.8694299459457397,0.6749156713485718
0.3153376579284668,0.6099274158477783
0.3090890645980835,0.5589040517807007
0.25001072883605957,0.4798494875431061
0.5336814522743225,0.5201112627983093
0.2852022051811218,0.5800737142562866
0.7871491312980652,0.5632253885269165
0.15837115049362183,0.4653017818927765
0.6340899467468262,0.579669713973999
0.5652344226837158,0.5611131191253662
0.15752893686294556,0.4865676462650299
0.34480708837509155,0.44068875908851624
0.4671756625175476,0.505513072013855
0.1323535442352295,0.49702897667884827
0.16674518585205078,0.48501166701316833
0.2690908908843994,0.5609006285667419
0.35639119148254395,0.47903573513031006
0.18008744716644287,0.4905456304550171
0.5476124286651611,0.5663289427757263
0.1367933750152588,0.4796973466873169
0.37586164474487305,0.5726388692855835
0.7772514820098877,0.48215997219085693
0.39783787727355957,0.525904655456543
0.20077764987945557,0.44341522455215454
0.42571544647216797,0.5673415064811707
0.30611562728881836,0.5281590223312378
0.26960575580596924,0.5182302594184875
0.27363622188568115,0.5773831605911255
0.48132914304733276,0.5838921070098877
0.2954150438308716,0.5651614665985107
0.34594202041625977,0.5486236810684204
0.14550161361694336,0.5627763867378235
0.15492820739746094,0.5014643669128418
0.457645058631897,0.5729589462280273
0.17068344354629517,0.6075450778007507
0.825984001159668,0.5725059509277344
0.33829814195632935,0.5476728677749634
0.49344876408576965,0.565934956073761
0.37263500690460205,0.48783284425735474
0.34245795011520386,0.6163907647132874
0.691100001335144,0.5934714078903198
1.0757371187210083,0.5667111277580261
0.5359259247779846,0.7144614458084106
1.851548433303833,0.5598676204681396
0.4967843294143677,0.5602054595947266
0.33103233575820923,0.5435732007026672
0.9690235257148743,0.5264931321144104
0.6078189611434937,0.5178941488265991
0.9042701721191406,0.5852551460266113
0.360323965549469,0.5826436877250671
0.2364954948425293,0.5787504315376282
0.717484712600708,0.5508406758308411
0.7795124650001526,0.5145577192306519
1.0584431886672974,0.5626593232154846
1.6048197746276855,0.5746513605117798
2.4381887912750244,0.4177369475364685
1.9850817918777466,0.5805478096008301
1.7910239696502686,0.5070728659629822
0.7182149291038513,0.5405372381210327
2.929201126098633,1.03437077999115
0.5801866054534912,0.766315221786499
1.1750590801239014,0.5347338318824768
1.0938211679458618,1.060834288597107
2.361356735229492,0.879963755607605
1.1318628787994385,0.9584124088287354
0.08760106563568115,0.39395835995674133
0.4243096709251404,0.4658915102481842
0.6529066562652588,0.5486527681350708
0.5385847091674805,0.5123518705368042
0.10111045837402344,0.40954267978668213
0.4115309715270996,0.517019510269165
0.6727862358093262,0.5405589938163757
0.46920084953308105,0.4705260694026947
0.5359916687011719,0.5140603184700012
0.47910499572753906,0.5379629135131836
0.4097893238067627,0.5226998329162598
0.42253780364990234,0.5050352811813354
0.343055784702301,0.4793352782726288
0.14714574813842773,0.5181046724319458
0.5244581699371338,0.5958535671234131
0.30848604440689087,0.5680789947509766
0.4774138927459717,0.5526021718978882
0.2624305784702301,0.5586309432983398
3.178264617919922,0.5851728916168213
0.21842068433761597,0.6883591413497925
1.255856990814209,0.6470663547515869
1.1388839483261108,0.6591200828552246
0.9018262624740601,0.6737909913063049
1.936193585395813,0.5806897282600403
0.6916607022285461,0.6032963395118713
0.26121020317077637,0.5829182863235474
0.16505217552185059,0.5756522417068481
0.24122834205627441,0.49501270055770874
0.19104981422424316,0.5780675411224365
0.9471112489700317,0.5361737012863159
0.4976053237915039,0.552485466003418
0.36402571201324463,0.4781828224658966
0.8552268743515015,0.545112133026123
0.37442708015441895,0.5186337232589722
0.1498582363128662,0.509662389755249
0.37257111072540283,0.4831227958202362
0.1524524688720703,0.6011810898780823
0.23014068603515625,0.5568382740020752
0.20563799142837524,0.4987182021141052
0.33957910537719727,0.5139424204826355
0.23801898956298828,0.5468223094940186
0.0687100887298584,0.4715070128440857
0.3637235164642334,0.5686410665512085
0.4105769395828247,0.5508167743682861
0.1197357177734375,0.5444719791412354
0.6266441345214844,0.5503189563751221
0.30000191926956177,0.524645984172821
0.345733642578125,0.5953797698020935
0.7299975156784058,0.576966404914856
0.5391494035720825,0.5618609189987183
0.6186062097549438,0.7248610258102417
0.6734779477119446,0.6251891851425171
1.7402673959732056,0.5357543230056763
0.8393425941467285,0.5632994174957275
0.5763521194458008,0.5413800477981567
0.8221002221107483,0.5454171299934387
0.42087388038635254,0.3991383910179138
0.19272661209106445,0.7434791326522827
0.2945065498352051,0.4964112937450409
0.4427642822265625,0.44727495312690735
0.15124595165252686,0.42489904165267944
0.41012370586395264,0.48844966292381287
0.5909732580184937,0.41774260997772217
0.16584277153015137,0.44425681233406067
2.1231191158294678,0.45773017406463623
0.7413274049758911,0.5100244879722595
0.5417208671569824,0.45028969645500183
0.30580806732177734,0.48112672567367554
0.7254354953765869,0.5298670530319214
0.7334604263305664,0.6616065502166748
0.22846245765686035,0.5490344762802124
0.7675669193267822,0.5017584562301636
0.045180559158325195,0.4324014484882355
0.17159438133239746,0.4629057049751282
0.1846848726272583,0.47087645530700684
0.3868970274925232,0.4910063147544861
0.22003614902496338,0.518835186958313
0.36987072229385376,0.4246264398097992
0.22475886344909668,0.47540968656539917
0.17707592248916626,0.5020871162414551
0.4859512448310852,0.46200835704803467
0.3359946012496948,0.5612123012542725
0.11059379577636719,0.547860324382782
0.276225209236145,0.5504236817359924
0.04997420310974121,0.46240556240081787
0.13397669792175293,0.5198488831520081
0.19604551792144775,0.5266546010971069
0.38827788829803467,0.5151734948158264
0.3978688716888428,0.5664114952087402
0.10527348518371582,0.5671392679214478
0.30290573835372925,0.5187628269195557
1.0125231742858887,0.5889186859130859
0.32168424129486084,0.552033543586731
0.7655819654464722,0.45651447772979736
0.3194710612297058,0.40692466497421265
0.6547223329544067,0.4550614655017853
0.14340901374816895,0.42277222871780396
0.2780113220214844,0.4417591989040375
0.43129611015319824,0.4617571532726288
0.5208108425140381,0.5072593688964844
0.16923612356185913,0.540313720703125
0.8063924312591553,0.5935158133506775
0.0967026948928833,0.5320615172386169
0.20595401525497437,0.5584057569503784
0.10198450088500977,0.5423156023025513
0.40040886402130127,0.5871701240539551
0.5742000937461853,0.5992943048477173
0.4284536838531494,0.4373701214790344
0.17209315299987793,0.43945249915122986
0.1800534725189209,0.4414219856262207
0.38558340072631836,0.39514997601509094
0.2902790307998657,0.5001994371414185
0.6192595362663269,0.4834917187690735
0.2237224578857422,0.5728461146354675
0.529017448425293,0.568725049495697
0.263700008392334,0.4855765104293823
0.30088740587234497,0.5355652570724487
0.2617915868759155,0.5868984460830688
0.5025138854980469,0.5487602949142456
0.09193003177642822,0.5261484384536743
0.08357465267181396,0.5505499839782715
0.2499161958694458,0.5246273279190063
0.1800968050956726,0.5099361538887024
0.2121332883834839,0.5436779260635376
0.10294085741043091,0.5221592783927917
0.2862434983253479,0.5424479246139526
0.5026555061340332,0.486960768699646
0.5476129055023193,0.40635743737220764
0.4238913059234619,0.4768712818622589
0.15923964977264404,0.49845531582832336
0.25260603427886963,0.5002551078796387
0.6528019905090332,0.5048202872276306
0.31800341606140137,0.5152881741523743
0.0933263897895813,0.6244454383850098
0.2233695387840271,0.6067125201225281
0.5981073379516602,0.5029738545417786
0.3193894624710083,0.6071410179138184
0.19540631771087646,0.5731906294822693
0.15659892559051514,0.5686915516853333
0.37219226360321045,0.620211660861969
0.5058603286743164,0.5308865308761597
0.48674285411834717,0.583364725112915
0.247770756483078,0.5958607792854309
0.07851457595825195,0.5219981074333191
0.9598292708396912,0.5565301179885864
0.47900697588920593,0.5893915891647339
0.374814510345459,0.5077683925628662
0.5637192726135254,0.5048366189002991
0.5066192150115967,0.46161332726478577
0.35595643520355225,0.4532209634780884
0.42822909355163574,0.5177714824676514
0.31265902519226074,0.6079452037811279
0.21785926818847656,0.5753759145736694
0.1631590723991394,0.5355746746063232
0.06771612167358398,0.5553028583526611
0.14194810390472412,0.5575230717658997
0.21697896718978882,0.5421802997589111
0.2126145362854004,0.6172069311141968
0.10861861705780029,0.5818634033203125
0.30529212951660156,0.5451104044914246
0.1969449520111084,0.4613094925880432
0.30476194620132446,0.5330589413642883
0.7703279256820679,0.5989546775817871
0.9510408639907837,0.5558797717094421
0.17374444007873535,0.545920193195343
0.2930179834365845,0.537280261516571
0.6546871662139893,0.5407506823539734
0.5712457895278931,0.5381837487220764
0.3351895809173584,0.5583141446113586
0.6127753257751465,0.5248054265975952
1.1151034832000732,0.5986987352371216
0.8019841909408569,0.559300422668457
0.28322839736938477,0.5579003095626831
0.9352439641952515,0.4939020574092865
0.33831703662872314,0.5527868270874023
0.3958141803741455,0.4731460511684418
0.19696307182312012,0.47895359992980957
0.4630517363548279,0.5340694785118103
0.41025257110595703,0.5429444313049316
0.9924819469451904,0.6107380390167236
0.22134244441986084,0.557975172996521
0.41707777976989746,0.6051120162010193
0.19585037231445312,0.5966155529022217
0.4082498550415039,0.5992289185523987
0.5205129981040955,0.6206200122833252
0.09820294380187988,0.6472371816635132
0.5787276029586792,0.6408748626708984
0.17888319492340088,0.5721027851104736
0.32553422451019287,0.5967610478401184
0.7856447696685791,0.5875486731529236
0.7204054594039917,0.5966429710388184
0.1327507495880127,0.5659257769584656
0.10998094081878662,0.6226601600646973
0.10943371057510376,0.531364917755127
0.19152235984802246,0.6178082227706909
0.020653724670410156,0.5591784715652466
0.4641139507293701,0.5565563440322876
0.460296630859375,0.5403435230255127
0.537412166595459,0.5140080451965332
0.18329572677612305,0.5099303722381592
0.33535683155059814,0.6117926836013794
0.34658515453338623,0.5409744381904602
0.34267711639404297,0.519750714302063
0.1909806728363037,0.5257934331893921
0.9206588864326477,0.5605921149253845
0.6185429692268372,0.5776183605194092
0.4348241090774536,0.5538812279701233
0.4352428913116455,0.6334567070007324
0.7111289501190186,0.5769137144088745
0.4855261445045471,0.5320286154747009
0.5612053871154785,0.5884218215942383
0.3271341323852539,0.5762181282043457
0.1336187720298767,0.4935113787651062
0.39517712593078613,0.5165625810623169
0.23827874660491943,0.5296510457992554
0.13095307350158691,0.5525798201560974
0.16954690217971802,0.5193067789077759
0.2509850263595581,0.4878571629524231
0.4436507225036621,0.5037857294082642
0.4374372959136963,0.4423867464065552
0.37352418899536133,0.4564625024795532
0.5479303002357483,0.42380374670028687
0.38101333379745483,0.4501339793205261
0.5221800804138184,0.5174148082733154
0.2250734567642212,0.4784657657146454
0.22264599800109863,0.5340657830238342
0.18611979484558105,0.48788800835609436
0.11642622947692871,0.5117152333259583
0.3040660619735718,0.5812481641769409
0.19394546747207642,0.5263174176216125
0.5809462070465088,0.5696370005607605
0.176377534866333,0.5306745767593384
0.15281081199645996,0.6398448944091797
0.12987887859344482,0.556290864944458
0.30008745193481445,0.5439894795417786
0.22764647006988525,0.5021077394485474
0.7792601585388184,0.6144618391990662
0.194915771484375,0.5446539521217346
0.29434239864349365,0.4760662019252777
0.5224440693855286,0.4787134826183319
0.4895510673522949,0.630948543548584
0.12118488550186157,0.5476439595222473
0.15308719873428345,0.6779227256774902
0.1370178461074829,0.44784221053123474
0.3008451461791992,0.535426676273346
0.3532521724700928,0.5698028206825256
0.3895505666732788,0.506061851978302
0.17984724044799805,0.5083237290382385
0.49872493743896484,0.48737502098083496
0.2037978172302246,0.504897952079773
0.24473226070404053,0.5918569564819336
0.11136925220489502,0.5022246837615967
0.1873157024383545,0.47461584210395813
0.29185950756073,0.5847833156585693
0.1508011817932129,0.48830342292785645
0.1613042652606964,0.5648247599601746
0.2218918800354004,0.5454970598220825
0.26888030767440796,0.5547687411308289
0.4678095579147339,0.5487163066864014
0.461425244808197,0.5366089940071106
0.364673912525177,0.7128199338912964
0.5675827860832214,0.6082749366760254
1.1546155214309692,0.5959683656692505
0.3546547293663025,0.633118748664856
1.138916015625,0.5361956357955933
0.13239479064941406,0.5636581778526306
0.47380971908569336,0.5895881652832031
0.1876239776611328,0.48683032393455505
0.14696240425109863,0.48364973068237305
0.45766639709472656,0.5002343058586121
0.0691385269165039,0.5141081213951111
0.32961487770080566,0.49081528186798096
0.0991518497467041,0.5276681184768677
0.2734076976776123,0.47208908200263977
0.1956779956817627,0.4104014039039612
0.03672760725021362,0.4449314475059509
0.11964726448059082,0.42040571570396423
0.04270368814468384,0.40521758794784546
0.18440163135528564,0.4941765069961548
0.2545006275177002,0.5522058010101318
0.1177375316619873,0.43599745631217957
0.15185773372650146,0.4579777717590332
0.22373950481414795,0.5709292888641357
0.14713406562805176,0.4945158362388611
0.05649375915527344,0.5009831786155701
0.35091352462768555,0.557251513004303
0.81044602394104,0.5733751654624939
0.12061721086502075,0.49804192781448364
1.4445655345916748,0.5418273210525513
0.40963006019592285,0.5424244999885559
1.1396405696868896,0.5992069840431213
0.5607376098632812,0.49204692244529724
0.36205393075942993,0.5747807025909424
0.1931171417236328,0.5525432229042053
0.3311307430267334,0.5082525610923767
0.667289137840271,0.48502957820892334
0.3932497501373291,0.6534616947174072
0.30354762077331543,0.5140388607978821
0.21100997924804688,0.5168496966362
0.3313688039779663,0.5056722164154053
0.5488437414169312,0.5841612815856934
0.7924742698669434,0.45041555166244507
0.21135234832763672,0.6026567220687866
0.16500449180603027,0.6800860166549683
0.37973207235336304,0.4850738048553467
0.35166192054748535,0.559794545173645
0.28836697340011597,0.4843904376029968
0.7682316303253174,0.5737987160682678
0.21737945079803467,0.45887282490730286
0.2192232608795166,0.420217365026474
0.12602365016937256,0.5076336860656738
0.4654519557952881,0.5313694477081299
0.8808978199958801,0.4896934926509857
0.10113945603370667,0.5077894330024719
0.10958689451217651,0.5261520743370056
0.1617184281349182,0.47572898864746094
0.1120501160621643,0.44173163175582886
0.14567065238952637,0.44217023253440857
0.36035895347595215,0.3830793499946594
0.24150604009628296,0.4410587549209595
0.21582192182540894,0.3944745361804962
0.0997781753540039,0.4654908776283264
0.15180352330207825,0.44676628708839417
0.08073955774307251,0.46382302045822144
0.12472879886627197,0.41613897681236267
0.1800416111946106,0.40863820910453796
0.32138383388519287,0.5078110694885254
0.0853809118270874,0.44000867009162903
0.6140795350074768,0.5609357357025146
0.5024919509887695,0.5064454078674316
0.4606747627258301,0.831462025642395
0.41342484951019287,0.756511926651001
0.25467294454574585,0.6116765737533569
1.1023366451263428,0.5170835256576538
0.13003063201904297,0.43720316886901855
0.08450710773468018,0.4330917000770569
0.46078288555145264,0.5546513795852661
0.1932656168937683,0.48579806089401245
0.22583985328674316,0.3417748808860779
0.3169437646865845,0.4053119122982025
0.15784668922424316,0.4252660572528839
0.06867289543151855,0.3419385552406311
0.1138002872467041,0.429413378238678
0.10390686988830566,0.49240386486053467
0.18016231060028076,0.3732680380344391
0.12713360786437988,0.49949222803115845
0.09488785266876221,0.4588938057422638
0.1787623167037964,0.5578569173812866
0.19232606887817383,0.44390398263931274
0.05051708221435547,0.5085720419883728
0.21106445789337158,0.5675215125083923
0.24799513816833496,0.5414150953292847
0.13183850049972534,0.4993363618850708
0.13749480247497559,0.5894525051116943
1.20388662815094,0.6069411039352417
0.1322333812713623,0.5783652067184448
0.21728384494781494,0.5547551512718201
0.3065459728240967,0.6258606314659119
0.21691179275512695,0.6377323865890503
0.2069091796875,0.521675705909729
0.38742727041244507,0.5656883716583252
1.8278703689575195,0.5964517593383789
0.2830357551574707,0.5722141861915588
0.5781797170639038,0.4835900664329529
0.826732873916626,0.5143895745277405
1.2248718738555908,0.4743604362010956
2.3351917266845703,0.5085017681121826
1.571739912033081,0.4469652771949768
0.5826531052589417,0.480888307094574
0.1542954444885254,0.4453147351741791
0.26103270053863525,0.41309288144111633
0.4913864731788635,0.5145599842071533
1.5478105545043945,0.514918327331543
0.5182260274887085,0.50394207239151
0.7744660377502441,0.47497302293777466
0.5518872737884521,0.4993000030517578
0.5362825393676758,0.45925527811050415
0.1891639232635498,0.41331416368484497
0.4726825952529907,0.5000845193862915
0.2728123664855957,0.4148519039154053
0.42890238761901855,0.4263475835323334
0.310652494430542,0.4017152190208435
0.8328698873519897,0.5630245804786682
0.7283422946929932,0.5240324139595032
0.5035541653633118,0.45014017820358276
0.30653810501098633,0.48566368222236633
0.5792974233627319,0.531273603439331
0.47458112239837646,0.4361543655395508
0.3097148537635803,0.4143856167793274
0.2691159248352051,0.5018011927604675
0.5714150667190552,0.49322569370269775
0.29294538497924805,0.47613245248794556
0.18837642669677734,0.518415093421936
0.5608516335487366,0.48779404163360596
0.7517682313919067,0.5008991360664368
1.2009724378585815,0.4514632821083069
1.1700040102005005,0.4792076051235199
1.224195957183838,0.5086978673934937
0.40974557399749756,0.42168092727661133
0.40532469749450684,0.37937837839126587
0.3693360686302185,0.4263387620449066
0.6096745133399963,0.44471490383148193
0.24808216094970703,0.4015229344367981
0.31149518489837646,0.4663785994052887
0.24855387210845947,0.43660855293273926
0.1985875964164734,0.3847161531448364
0.2571697235107422,0.4770602583885193
0.28941744565963745,0.42634013295173645
0.6582608222961426,0.3470265567302704
0.2715296149253845,0.4316282272338867
0.18881726264953613,0.5010114908218384
0.2084265947341919,0.4251088798046112
0.21599197387695312,0.3783356547355652
0.21818792819976807,0.4895569682121277
0.3518383502960205,0.4171143174171448
0.18331050872802734,0.47709935903549194
0.2679471969604492,0.4041050374507904
0.26520979404449463,0.4943167567253113
0.29632139205932617,0.4126057028770447
0.18292737007141113,0.4271697998046875
0.4823645353317261,0.5243650078773499
0.06452679634094238,0.4233168065547943
0.16186749935150146,0.4522508680820465
0.35274457931518555,0.3894939124584198
0.5744125843048096,0.4935723543167114
0.32204270362854004,0.5295604467391968
0.2632097005844116,0.49587589502334595
0.6194555163383484,0.4752071797847748
0.49142986536026,0.46686607599258423
0.1740131378173828,0.5360745191574097
0.16956007480621338,0.43645936250686646
0.3723195791244507,0.4591046869754791
0.4040306806564331,0.48896563053131104
0.2756342887878418,0.4925958514213562
0.41446399688720703,0.4175831377506256
0.2843332290649414,0.5143052339553833
0.4433579444885254,0.502251923084259
0.16481304168701172,0.3686947524547577
0.4897336959838867,0.3738066256046295
0.4605240225791931,0.41599148511886597
0.18502271175384521,0.4167793095111847
0.16778552532196045,0.47781118750572205
0.18035346269607544,0.4278789460659027
0.055264949798583984,0.4349774718284607
0.0677633285522461,0.4193294048309326
0.26472270488739014,0.44920727610588074
0.09839391708374023,0.4482618570327759
0.14419126510620117,0.5198454260826111
0.19106018543243408,0.5137313008308411
0.3651217818260193,0.47761982679367065
0.451915979385376,0.47371044754981995
0.07753622531890869,0.5321685075759888
0.1938391923904419,0.5380089282989502
0.18019819259643555,0.49580931663513184
0.2732830047607422,0.47747603058815
0.09532386064529419,0.4302791953086853
0.20274370908737183,0.47879156470298767
0.1910032033920288,0.5504491925239563
0.0696064829826355,0.49836158752441406
1.758305311203003,0.4682738780975342
0.5027965307235718,0.5246694087982178
0.21718043088912964,0.5272111892700195
0.1483866572380066,0.5643821358680725
0.4422008991241455,0.5342346429824829
0.07126617431640625,0.5617280602455139
0.015407979488372803,0.4588465690612793
0.243560791015625,0.4531942903995514
0.07886326313018799,0.5372869372367859
0.3711930513381958,0.5708818435668945
0.08605027198791504,0.4770403802394867
0.21378469467163086,0.5041464567184448
0.2720940113067627,0.5220397710800171
0.23686790466308594,0.5410861968994141
0.22154784202575684,0.550140380859375
0.30158090591430664,0.4931890070438385
0.4496433734893799,0.5636313557624817
0.09168285131454468,0.49976998567581177
0.08661830425262451,0.5399647951126099
0.9620277881622314,0.5488724112510681
0.44216394424438477,0.5274722576141357
0.04507845640182495,0.4627978801727295
0.17694801092147827,0.45730090141296387
0.18109369277954102,0.5412405729293823
0.048621952533721924,0.49403175711631775
0.10039663314819336,0.7186939120292664
0.3307795524597168,0.486968457698822
0.04576575756072998,0.49554333090782166
0.07626420259475708,0.5268229246139526
0.29910337924957275,0.5919505953788757
0.16876226663589478,0.560950756072998
0.4756956696510315,0.5511237382888794
0.29200083017349243,0.5748304128646851
0.2902491092681885,0.5282284021377563
0.9499257206916809,0.538973331451416
1.073539137840271,0.5337638854980469
0.8752846717834473,0.5208720564842224
0.3457057476043701,0.5175023078918457
0.3251570463180542,0.5233646035194397
1.0250024795532227,0.5591932535171509
0.22923344373703003,0.5289772152900696
0.4561086893081665,0.4854677617549896
0.9026745557785034,0.4471800625324249
1.0951199531555176,0.543334424495697
0.6641688346862793,0.4321359097957611
0.18472877144813538,0.4421379268169403
0.5442296266555786,0.46589481830596924
0.8607490062713623,0.5318323373794556
0.21649551391601562,0.43479764461517334
0.40979719161987305,0.418914258480072
0.8735650181770325,0.5103424787521362
0.26613354682922363,0.5047179460525513
0.38345521688461304,0.37102100253105164
0.19995427131652832,0.3954366147518158
0.30124443769454956,0.41767066717147827
0.37521636486053467,0.4993187487125397
0.4835529923439026,0.4337961971759796
0.17107361555099487,0.42458078265190125
0.41531121730804443,0.5809744596481323
0.7097219824790955,0.5309605598449707
0.5254336595535278,0.4937916398048401
0.29047322273254395,0.48988163471221924
0.3621886968612671,0.4993119239807129
0.3540698289871216,0.4482547640800476
0.8431109189987183,0.4626764953136444
0.6827778816223145,0.5683462619781494
0.27394843101501465,0.5548825263977051
0.3285973072052002,0.5251089334487915
0.6732919216156006,0.48149242997169495
0.9677231311798096,0.4801252782344818
0.4022667109966278,0.5803196430206299
0.20756304264068604,0.512205183506012
1.1321691274642944,0.44761186838150024
0.5423343181610107,0.5343883633613586
0.5018771886825562,0.5129690170288086
0.22282803058624268,0.5226545929908752
0.3002769947052002,0.459419846534729
0.6463847756385803,0.4172576665878296
0.5205881595611572,0.5014392137527466
0.5403779745101929,0.512650728225708
0.8121625781059265,0.4079018831253052
0.5504418611526489,0.5137450098991394
0.6363364458084106,0.45745500922203064
0.5587850213050842,0.4326971471309662
0.2403181791305542,0.4089871942996979
0.9376704692840576,0.41724732518196106
0.4370746612548828,0.4026431441307068
0.46219682693481445,0.432186096906662
0.23723888397216797,0.3626474440097809
0.34977030754089355,0.37037691473960876
0.12946951389312744,0.3644236922264099
0.6642911434173584,0.3980925977230072
0.3423539698123932,0.45148780941963196
0.8642986416816711,0.44577300548553467
0.4665999412536621,0.38944029808044434
0.25350797176361084,0.36248457431793213
0.588214099407196,0.42056822776794434
0.6446008682250977,0.4855486750602722
0.9762595891952515,0.48304447531700134
0.43322277069091797,0.5221172571182251
0.4598519206047058,0.46889960765838623
0.349820613861084,0.46966153383255005
0.9618129730224609,0.4459683895111084
0.5091263055801392,0.47700339555740356
0.5125199556350708,0.4796444773674011
0.32841241359710693,0.3875710368156433
0.8665497303009033,0.4087262749671936
0.15175193548202515,0.42295610904693604
0.3537071943283081,0.41138535737991333
1.279593825340271,0.6136279106140137
0.20522797107696533,0.4647490084171295
0.8908777236938477,0.5008084774017334
0.40469956398010254,0.5715794563293457
0.4086618423461914,0.5763419270515442
0.5374768972396851,0.5237061977386475
0.2682619094848633,0.5362555384635925
0.2584652304649353,0.5552425384521484
0.22048848867416382,0.5323639512062073
0.7038036584854126,0.48719480633735657
0.11958259344100952,0.5122554302215576
0.1512131690979004,0.47496697306632996
0.5170187950134277,0.5034785270690918
0.3668724298477173,0.49526411294937134
0.12219732999801636,0.5683714151382446
0.48025739192962646,0.5513928532600403
0.15156996250152588,0.5519828796386719
0.1324596107006073,0.5678108930587769
0.343433141708374,0.6231082677841187
0.34566575288772583,0.5731289982795715
0.16364973783493042,0.6167130470275879
0.059821486473083496,0.7184575796127319
0.4218798279762268,0.7097816467285156
0.30829161405563354,0.7669891119003296
0.1130862832069397,0.5213801860809326
0.2903563976287842,0.5534874200820923
0.4131394028663635,0.565672755241394
0.40286362171173096,0.5254467725753784
0.7296557426452637,0.6591905951499939
0.26804763078689575,0.5178512334823608
0.2524130940437317,0.5642064213752747
0.3585996627807617,0.5082986354827881
0.3755226135253906,0.4902265965938568
0.2207503318786621,0.5107293725013733
0.2678358554840088,0.4365338683128357
0.2772204875946045,0.5155683755874634
0.284743070602417,0.4913216829299927
0.31780409812927246,0.5736545920372009
0.13697171211242676,0.5437735319137573
0.3933427929878235,0.5249152183532715
0.42997968196868896,0.579047679901123
0.32326412200927734,0.5381054878234863
0.23134028911590576,0.5786490440368652
0.25446176528930664,0.5661711692810059
0.7674200534820557,0.5824151039123535
0.2329554557800293,0.557743489742279
0.948298454284668,0.5521216988563538
0.32755446434020996,0.6029871106147766
0.8668349385261536,0.6088539958000183
1.2131513357162476,0.6207932233810425
0.37747520208358765,0.5478854179382324
0.4055356979370117,0.6207520961761475
0.6241689920425415,0.5447924733161926
0.5760738849639893,0.5768616199493408
0.39438188076019287,0.5892043113708496
0.09367769956588745,0.44964662194252014
0.15937060117721558,0.559099555015564
0.4682345986366272,0.5252364873886108
0.3349703550338745,0.6037420034408569
0.31304216384887695,0.6139891743659973
0.3222496211528778,0.5942608714103699
0.30373960733413696,0.5729647874832153
0.2479259967803955,0.5320626497268677
0.21510034799575806,0.6240888833999634
0.816703200340271,0.5801571607589722
0.8559540510177612,0.5073996782302856
0.29195737838745117,0.574873685836792
0.2859000563621521,0.5517160892486572
1.2573678493499756,0.5816119313240051
0.7056404948234558,0.6230678558349609
0.7675127983093262,0.6078605651855469
0.25009095668792725,0.5652719736099243
1.1828794479370117,0.5362390279769897
0.3115297555923462,0.5681673884391785
0.9168601036071777,0.5458717942237854
0.15111923217773438,0.4675866961479187
0.8056418895721436,0.5393077731132507
0.22028613090515137,0.4828251004219055
1.1395905017852783,0.4475865364074707
0.1252114176750183,0.4531008303165436
0.05226755142211914,0.4924442172050476
0.24158310890197754,0.5252598524093628
0.6412792205810547,0.4413827359676361
0.2747092843055725,0.46087002754211426
0.3668076992034912,0.5654098987579346
0.3975369930267334,0.5153100490570068
0.09858483076095581,0.47936758399009705
0.6243770718574524,0.44376426935195923
0.4998522996902466,0.38916417956352234
0.1688220500946045,0.3956454396247864
0.11744165420532227,0.5005034804344177
0.5940196514129639,0.43238702416419983
0.4893752932548523,0.40676602721214294
0.4058263301849365,0.45748886466026306
0.38083571195602417,0.40441596508026123
0.1802663803100586,0.41210445761680603
0.9778167009353638,0.45474427938461304
0.6815195679664612,0.474347859621048
0.45514363050460815,0.41783347725868225
0.5302910208702087,0.47734975814819336
0.5350015163421631,0.4888046383857727
0.09912675619125366,0.4271032214164734
0.14807772636413574,0.4502745270729065
0.2153102159500122,0.5098316669464111
0.38460028171539307,0.4654378592967987
0.2792398929595947,0.5664110779762268
0.2941729426383972,0.4500240683555603
0.37522780895233154,0.4867015480995178
0.1662401556968689,0.4705353379249573
0.4346216320991516,0.5619370937347412
0.6233499050140381,0.6400109529495239
0.6227200031280518,0.580261766910553
0.5163471102714539,0.5902315378189087
0.45187807083129883,0.5829135775566101
0.12397325038909912,0.5142364501953125
0.33883869647979736,0.5200345516204834
0.2165253758430481,0.5342238545417786
0.22094851732254028,0.5267755389213562
0.1548243761062622,0.6215587258338928
0.4670851230621338,0.4631228744983673
0.16816556453704834,0.5727348327636719
0.11404448747634888,0.5335999131202698
0.28394222259521484,0.6405571699142456
0.10255670547485352,0.5587668418884277
0.10898482799530029,0.5051443576812744
0.17124319076538086,0.48047590255737305
0.36516237258911133,0.5817016363143921
0.15561938285827637,0.5151539444923401
0.24738168716430664,0.48679861426353455
0.25676560401916504,0.5414965748786926
0.3794710636138916,0.4703008532524109
0.10291242599487305,0.4897456765174866
0.6798332929611206,0.5124914646148682
0.3197886347770691,0.4540538191795349
0.25714313983917236,0.4439072608947754
0.1495736837387085,0.49410831928253174
0.325036883354187,0.45399609208106995
0.27080392837524414,0.45206186175346375
0.14994290471076965,0.38111183047294617
0.30240797996520996,0.4413597583770752
0.163330078125,0.46815982460975647
0.31453925371170044,0.526486873626709
0.1956343650817871,0.5183335542678833
0.11739754676818848,0.5739550590515137
0.24607056379318237,0.5128840804100037
0.17937397956848145,0.568519115447998
0.18370342254638672,0.5289902091026306
0.36591029167175293,0.5637487173080444
0.20719599723815918,0.539053738117218
0.10867524147033691,0.6362661719322205
0.35390567779541016,0.5748530626296997
0.18741083145141602,0.5751433968544006
0.20111829042434692,0.5058600902557373
0.19151973724365234,0.5313270092010498
0.44607943296432495,0.45121222734451294
0.0870136022567749,0.545845091342926
0.1843457818031311,0.5480892658233643
0.20698118209838867,0.5345444679260254
0.2785632610321045,0.4706152379512787
0.07707047462463379,0.44318631291389465
0.2759277820587158,0.5060232877731323
0.26165151596069336,0.44562798738479614
0.1644502878189087,0.4807138741016388
0.2274796962738037,0.44571614265441895
0.3891381621360779,0.5475639700889587
0.6144344806671143,0.5246013402938843
0.27138638496398926,0.509209156036377
0.2479628324508667,0.5793092846870422
0.1088094711303711,0.49566084146499634
0.6253982782363892,0.5243611335754395
0.09786325693130493,0.4813060164451599
0.042310893535614014,0.4662187695503235
0.4384739398956299,0.4982157051563263
0.11524438858032227,0.46480193734169006
0.634350597858429,0.5254290699958801
0.08520448207855225,0.5196170806884766
0.13997143507003784,0.5288448333740234
0.26481711864471436,0.45552536845207214
0.18735885620117188,0.43314406275749207
0.4416494369506836,0.5147475600242615
0.0943986177444458,0.5180138349533081
0.13197898864746094,0.5136842727661133
0.8713706731796265,0.44811108708381653
0.34432047605514526,0.46465301513671875
0.5058161020278931,0.4596279263496399
0.6772105097770691,0.44991612434387207
1.9687947034835815,0.49889272451400757
0.9254903793334961,0.4453495442867279
1.9930931329727173,0.372891902923584
1.9155118465423584,0.39874160289764404
1.1613762378692627,0.3959227204322815
0.9758951663970947,0.4112623333930969
0.3031425476074219,0.4346109628677368
0.11496329307556152,0.4497307240962982
0.23270320892333984,0.45798105001449585
0.10563504695892334,0.4018456041812897
0.11653712391853333,0.4650017023086548
0.27126044034957886,0.45758485794067383
0.4798400402069092,0.49835866689682007
0.4177100658416748,0.3925473392009735
0.4057493209838867,0.47209814190864563
0.3348778486251831,0.4760906994342804
0.384154736995697,0.49096372723579407
0.10336112976074219,0.5018151998519897
0.6610243320465088,0.6327013373374939
1.4036046266555786,0.6650322079658508
1.4898277521133423,0.6404826045036316
0.19605648517608643,0.5961490273475647
0.6670421361923218,0.6377583742141724
0.23354220390319824,0.621084988117218
0.996960461139679,0.6270595788955688
0.7878750562667847,0.6596047878265381
0.17286920547485352,0.6488572955131531
0.246354341506958,0.48799723386764526
0.3836550712585449,0.44521817564964294
0.3082808256149292,0.4695737063884735
0.777614951133728,0.44686415791511536
0.2756694555282593,0.4398365318775177
0.7544996738433838,0.5183500647544861
0.20815765857696533,0.46631869673728943
0.4458984136581421,0.47369837760925293
0.7367615699768066,0.5490916967391968
0.536209225654602,0.43875962495803833
0.2738003730773926,0.47717392444610596
0.29951250553131104,0.4953787326812744
0.6285371780395508,0.47616347670555115
0.21384215354919434,0.5056988596916199
0.7642877697944641,0.44749578833580017
0.5160554647445679,0.5121743679046631
0.44010865688323975,0.48060035705566406
0.806776225566864,0.5227393507957458
0.9623777866363525,0.4693347215652466
0.10510766506195068,0.4807155728340149
0.32968616485595703,0.52330482006073
0.32105398178100586,0.4984058141708374
0.6380118727684021,0.5531953573226929
0.3067317008972168,0.4776685833930969
0.14172148704528809,0.4594686031341553
0.7779678106307983,0.5290635824203491
0.15888595581054688,0.5389845967292786
0.6312031745910645,0.4463130235671997
0.3066420555114746,0.4778866767883301
0.8242543935775757,0.5330525636672974
0.2310314178466797,0.46414676308631897
0.4800504446029663,0.41186538338661194
0.4312349557876587,0.44063377380371094
0.37616270780563354,0.37394943833351135
0.42731940746307373,0.44120967388153076
0.3885772228240967,0.41231778264045715
0.2628489136695862,0.4222123622894287
0.22405147552490234,0.4324929714202881
0.07190966606140137,0.37953320145606995
0.5912871360778809,0.4890914559364319
0.3803529739379883,0.47248685359954834
0.8422715663909912,0.4969467520713806
0.799591064453125,0.5717313289642334
0.3501317501068115,0.4433280825614929
0.09812617301940918,0.47712960839271545
0.10606616735458374,0.4447346329689026
0.23718714714050293,0.5439449548721313
0.4780240058898926,0.5384380221366882
0.13199377059936523,0.5328240394592285
0.3621739149093628,0.47775736451148987
0.1428356170654297,0.5135146975517273
0.5316913723945618,0.4358369708061218
0.13787293434143066,0.4190231263637543
0.18573707342147827,0.535598635673523
0.22613251209259033,0.5510100722312927
0.17726939916610718,0.4306993782520294
0.4878185987472534,0.464956134557724
0.4134117364883423,0.5181921720504761
0.08723646402359009,0.46839481592178345
0.30792415142059326,0.5165621638298035
0.5903308391571045,0.5635702610015869
0.4732821583747864,0.4346971809864044
0.2627828121185303,0.4735492467880249
0.366992712020874,0.5714659690856934
0.27662575244903564,0.45056968927383423
0.5527200698852539,0.48684120178222656
0.34007298946380615,0.41318434476852417
0.18903863430023193,0.4865818917751312
0.21332746744155884,0.5507128834724426
0.38402724266052246,0.5047873854637146
0.7850260734558105,0.4952443242073059
0.10921275615692139,0.43557319045066833
0.36501550674438477,0.4664410352706909
0.6321231126785278,0.49335306882858276
0.16936731338500977,0.4485238194465637
0.29557865858078003,0.41786739230155945
0.5005722045898438,0.5182390213012695
0.7161407470703125,0.49982959032058716
0.2886788845062256,0.5165292620658875
0.7650243043899536,0.4151510000228882
0.14612460136413574,0.4828071594238281
0.18621206283569336,0.5226216316223145
0.19736003875732422,0.5434736013412476
0.1424015760421753,0.5422636270523071
0.93914794921875,0.40438252687454224
0.3399062156677246,0.4625431299209595
0.33253341913223267,0.483531653881073
0.33065569400787354,0.38676783442497253
0.20955395698547363,0.4518313705921173
0.053525328636169434,0.41096067428588867
0.19964230060577393,0.45395413041114807
0.16244041919708252,0.5065383315086365
0.43291497230529785,0.5244971513748169
0.28211987018585205,0.4763813614845276
0.46362602710723877,0.5495905876159668
0.25348472595214844,0.5471699833869934
0.3531007766723633,0.4995333254337311
0.10568821430206299,0.5753016471862793
0.33759570121765137,0.4762915074825287
0.3960871696472168,0.42516186833381653
0.4272209405899048,0.5017122626304626
0.30460458993911743,0.5757766962051392
0.3166700005531311,0.566041111946106
0.24962759017944336,0.462368905544281
0.21134161949157715,0.5483217239379883
0.49568283557891846,0.512228786945343
0.28185439109802246,0.4565369784832001
0.07073277235031128,0.44849056005477905
0.2481222152709961,0.48777031898498535
0.33215653896331787,0.5183808207511902
0.556510329246521,0.5422583818435669
0.3096686601638794,0.48469817638397217
0.40200042724609375,0.476152241230011
0.49263763427734375,0.5556983351707458
0.24102526903152466,0.4981098771095276
0.32123059034347534,0.4991046190261841
1.639164686203003,0.592248797416687
0.6013815402984619,0.573657214641571
0.6412277221679688,0.5472733378410339
0.43625062704086304,0.5177860260009766
0.7754449844360352,0.6285372972488403
0.21817702054977417,0.5603296160697937
0.8035061359405518,0.662907600402832
0.2757992744445801,0.5717412829399109
0.795486330986023,0.6510405540466309
0.16290056705474854,0.5688849687576294
0.3817630410194397,0.5807431936264038
0.139268696308136,0.6409183144569397
0.18409836292266846,0.6009095907211304
0.2200610637664795,0.5816326141357422
0.11969339847564697,0.5574079751968384
0.3224501609802246,0.5994559526443481
0.19628751277923584,0.5215688943862915
0.1891840696334839,0.5765609741210938
0.17160439491271973,0.5390776991844177
0.400179386138916,0.5502788424491882
0.35399651527404785,0.570591151714325
0.1041749119758606,0.5660985112190247
0.502443790435791,0.5003650188446045
0.15545499324798584,0.44989147782325745
0.3231149911880493,0.46975773572921753
0.17073708772659302,0.4709998071193695
0.32870984077453613,0.4960996210575104
0.5962896347045898,0.5153107643127441
0.42342472076416016,0.528039276599884
0.3339829444885254,0.5593135356903076
0.1319417953491211,0.5005795359611511
0.3431210517883301,0.4745866656303406
0.13973617553710938,0.45867490768432617
0.3289529085159302,0.4907853603363037
0.18993926048278809,0.4677513837814331
0.15260577201843262,0.4914078116416931
0.3869931697845459,0.5466673374176025
0.1264370083808899,0.5502309799194336
0.21917986869812012,0.5103462934494019
0.2145988941192627,0.5069571733474731
0.4981878995895386,0.48707473278045654
0.5117985010147095,0.595304548740387
0.12134313583374023,0.573151171207428
0.27855443954467773,0.46695631742477417
0.7132459878921509,0.4791000485420227
0.23983001708984375,0.529625654220581
0.0984848141670227,0.3991040587425232
0.0900413990020752,0.4846908152103424
0.5318484306335449,0.44548940658569336
0.32714343070983887,0.40711820125579834
0.17297452688217163,0.3749356269836426
0.30402672290802,0.5319000482559204
0.32651209831237793,0.5127360224723816
0.25186479091644287,0.40055325627326965
0.0961642861366272,0.43460169434547424
0.2076125144958496,0.435615211725235
0.6263887882232666,0.5119156241416931
0.26575350761413574,0.4766514003276825
0.5103079676628113,0.4314972460269928
0.30446499586105347,0.4623588025569916
0.19240713119506836,0.46609756350517273
0.11836552619934082,0.4944825768470764
0.25659286975860596,0.4698125123977661
0.1562882661819458,0.43734702467918396
0.17074370384216309,0.44055187702178955
0.16847002506256104,0.5334118604660034
0.5040585994720459,0.5124766230583191
0.20423471927642822,0.56924968957901
0.2947431802749634,0.550606906414032
0.22297132015228271,0.4518314003944397
0.17070043087005615,0.6050078868865967
0.1178748607635498,0.4948933720588684
0.14929908514022827,0.49800360202789307
0.4414553642272949,0.6153144836425781
0.19443988800048828,0.6029716730117798
0.23606574535369873,0.5605113506317139
0.19261133670806885,0.5548251271247864
0.0971420407295227,0.501679539680481
0.6364656090736389,0.5747606754302979
0.2215021848678589,0.4573645293712616
0.12841153144836426,0.5280331969261169
0.10458230972290039,0.5122416615486145
0.5148037075996399,0.5523488521575928
0.4378358721733093,0.5132871270179749
0.1518383026123047,0.4604203701019287
0.46048617362976074,0.5537997484207153
0.3784294128417969,0.5351948142051697
0.2938249707221985,0.49615418910980225
0.5705597400665283,0.5852036476135254
0.7463629245758057,0.6132115125656128
0.6171550750732422,0.5837785005569458
0.656549334526062,0.5564095377922058
0.16875243186950684,0.47749805450439453
0.6271242499351501,0.5151719450950623
0.2350536584854126,0.5073649883270264
0.5975180864334106,0.4657662808895111
2.083312511444092,0.8551170825958252
0.5819516181945801,0.5080934166908264
0.45623743534088135,0.45300745964050293
0.4459612965583801,0.5393526554107666
0.6020887494087219,0.5085218548774719
0.15980887413024902,0.5581110715866089
0.2077564001083374,0.4666758179664612
0.7696549296379089,0.5449995994567871
0.6235957145690918,0.5207850337028503
0.27802789211273193,0.7068475484848022
0.7651979327201843,0.5180758833885193
0.5194505453109741,0.7158725261688232
0.5049504041671753,0.8096823692321777
0.258817195892334,0.5682203769683838
0.25838661193847656,0.5419977903366089
0.4050055146217346,0.48426613211631775
0.3256281614303589,0.5211589932441711
0.7639867067337036,0.5362507104873657
0.89414381980896,0.5965095162391663
0.7918578386306763,0.587296187877655
0.5371768474578857,0.5998538732528687
0.7334131002426147,0.6231412887573242
1.0680372714996338,0.6302305459976196
0.642837405204773,0.6297933459281921
0.8670923709869385,0.7995673418045044
1.7799668312072754,0.6277576684951782
1.4414889812469482,0.5826280117034912
1.665632963180542,0.6372352838516235
1.8247451782226562,0.5828897356987
0.7418193817138672,0.5659980177879333
2.362788677215576,0.5853175520896912
0.6772269010543823,0.5466797947883606
1.3497631549835205,0.5564315915107727
0.4177114963531494,0.5375117659568787
0.594155490398407,0.4964447617530823
0.9794813394546509,0.555117666721344
2.114556312561035,0.527545690536499
1.7545791864395142,0.6361980438232422
1.8485513925552368,0.5503535270690918
0.9732333421707153,0.6093625426292419
0.3049391508102417,0.5969308614730835
0.2817201018333435,0.5573499202728271
2.371567487716675,0.6326849460601807
0.9854140877723694,0.5561391115188599
0.6210143566131592,0.5659826993942261
0.9864586591720581,0.6390323638916016
1.275436520576477,0.574353039264679
1.0824780464172363,0.5287622213363647
2.166191816329956,0.5630204677581787
0.9784321188926697,0.5730440020561218
2.0844156742095947,0.6247246861457825
1.0411546230316162,0.5875831842422485
1.5359447002410889,0.5427020788192749
0.3665090799331665,0.6149091720581055
0.5675541162490845,0.7395040988922119
0.27905261516571045,0.9419565200805664
0.7949165105819702,0.517046332359314
0.07583463191986084,0.5766570568084717
0.3726402521133423,0.833372950553894
0.5491042137145996,0.7057512998580933
0.24840247631072998,0.8708299398422241
1.3223323822021484,0.6489189267158508
1.2165521383285522,0.8510973453521729
0.7155225276947021,0.5944265723228455
0.7316608428955078,0.5536041259765625
0.4759533405303955,0.5212754607200623
1.0168559551239014,0.5499716997146606
0.9466297626495361,0.567666232585907
2.9588799476623535,0.6191470623016357
1.8546090126037598,0.5891678929328918
0.8287506103515625,0.6052963733673096
1.1732549667358398,0.5868266820907593
2.1654858589172363,0.5158177018165588
0.4117405116558075,0.49266955256462097
1.1750645637512207,0.6116960644721985
0.47179341316223145,0.5099434852600098
0.48078590631484985,0.48410606384277344
1.4216867685317993,0.5372498035430908
1.36228346824646,0.56819748878479
0.5118892192840576,0.4979746341705322
0.5983517169952393,0.47700366377830505
1.1542575359344482,0.6041533946990967
0.7507390975952148,0.5776593089103699
0.7076758146286011,0.5687829256057739
1.687055230140686,0.5717104077339172
0.5964440107345581,0.511313796043396
1.229934573173523,0.4485935866832733
0.4002901315689087,0.4843299984931946
0.19176530838012695,0.48832136392593384
0.8688271045684814,0.5325144529342651
0.18829727172851562,0.5533663034439087
0.4500424861907959,0.6162521243095398
1.1830990314483643,0.5983715057373047
0.5330321788787842,0.6144324541091919
0.776779055595398,0.5491858124732971
0.83907550573349,0.5676242113113403
0.7587637901306152,0.5816618204116821
0.22485899925231934,0.6275492906570435
0.1925850510597229,0.5603972673416138
0.7116932272911072,0.6399475336074829
0.32929766178131104,0.5727184414863586
0.28438323736190796,0.5241685509681702
0.490104615688324,0.5633107423782349
0.17419970035552979,0.5193971395492554
0.24114441871643066,0.5245000720024109
1.4902980327606201,0.45949557423591614
1.3667908906936646,0.5707309246063232
0.6097832918167114,0.5633012056350708
0.1983489990234375,0.45396193861961365
0.44335508346557617,0.4930785596370697
0.3753511905670166,0.4964653551578522
0.7047552466392517,0.4954194724559784
0.5260193347930908,0.5484336018562317
0.42904746532440186,0.5176630616188049
0.6266148090362549,0.487176775932312
0.41086626052856445,0.5226715803146362
0.7924115657806396,0.536474347114563
0.3595762252807617,0.5057929754257202
0.49415266513824463,0.5335299968719482
0.6559152007102966,0.5904181003570557
0.19549345970153809,0.48053044080734253
0.23636996746063232,0.5492045879364014
0.6074011325836182,0.5226868391036987
0.6955320835113525,0.5397815108299255
0.17214012145996094,0.5572210550308228
0.39865708351135254,0.5176066160202026
2.5243988037109375,0.5327888131141663
3.351562023162842,0.5880277752876282
0.23014897108078003,0.5856744050979614
0.860849142074585,0.5682482719421387
1.3517680168151855,0.6428579092025757
0.4026111364364624,0.6063428521156311
0.21210312843322754,0.6024165153503418
0.297993004322052,0.460481196641922
0.4193562865257263,0.5338250398635864
0.22825998067855835,0.4796159863471985
0.33867985010147095,0.4372802972793579
1.0021018981933594,0.49754053354263306
0.712369441986084,0.49892377853393555
0.18258357048034668,0.46471765637397766
0.8133416175842285,0.5211688876152039
0.4182615280151367,0.5053136348724365
0.09058713912963867,0.5115798711776733
0.08026576042175293,0.4914640188217163
0.40255796909332275,0.560940682888031
0.10526347160339355,0.5265735387802124
0.2723349332809448,0.49465399980545044
0.5444945096969604,0.4324951171875
0.3909149169921875,0.5252382159233093
0.41300153732299805,0.41811615228652954
0.82187819480896,0.48232266306877136
0.6380829811096191,0.5690473318099976
1.2640146017074585,0.5568457245826721
1.7436379194259644,0.5609622001647949
2.91326642036438,0.5470188856124878
1.2385705709457397,0.5950367450714111
0.6257747411727905,0.5814486742019653
0.7173860669136047,0.534109354019165
0.23113501071929932,0.5164520144462585
0.8751753568649292,0.5424168705940247
0.29595863819122314,0.44562724232673645
0.3535459041595459,0.4696148931980133
0.35880279541015625,0.4915366768836975
0.8915551900863647,0.49816423654556274
0.4306025505065918,0.5582356452941895
0.34319591522216797,0.5325117707252502
0.37514472007751465,0.537568211555481
0.952815055847168,0.6916385889053345
0.5131323337554932,0.5009351372718811
0.6988077163696289,0.4560950696468353
0.31358063220977783,0.4706362187862396
0.42513227462768555,0.46500447392463684
0.4580646753311157,0.379341185092926
0.2670174241065979,0.6197054386138916
0.9809083342552185,0.623795747756958
0.30825406312942505,0.5024541020393372
1.1089105606079102,0.552384614944458
1.606033444404602,0.4991193413734436
0.3606293201446533,0.5349949598312378
0.9522610902786255,0.5156745910644531
1.0623700618743896,0.5339571833610535
0.23331785202026367,0.505885124206543
0.7111612558364868,0.6257283687591553
0.3004484176635742,0.49340948462486267
0.33151230216026306,0.4976717233657837
0.9793320298194885,0.56529700756073
0.9868321418762207,0.46687981486320496
1.7775615453720093,0.5498895645141602
0.7371773719787598,0.45651572942733765
1.5130805969238281,0.5286461114883423
0.7092893123626709,0.4819449782371521
0.7519274950027466,0.4236695170402527
1.7808172702789307,0.5281296372413635
1.1337425708770752,0.5935893058776855
1.7332680225372314,0.493599534034729
0.7136321067810059,0.49569880962371826
1.8613252639770508,0.5807671546936035
0.8020079135894775,0.5911779999732971
1.1517000198364258,0.5455754995346069
2.65004563331604,0.6041917204856873
1.8095725774765015,0.6176223754882812
1.8061010837554932,0.5798105597496033
1.3194682598114014,0.5565243363380432
0.551511287689209,0.5576056241989136
1.0576605796813965,0.5658989548683167
1.6141549348831177,0.5066913962364197
0.9461289644241333,0.5402073264122009
0.5943371057510376,0.47381913661956787
1.279649019241333,0.5331487059593201
0.64982670545578,0.5074841976165771
0.6286170482635498,0.5595641136169434
0.8353762030601501,0.590205192565918
1.9151160717010498,0.5785577297210693
0.77857506275177,0.5421918630599976
1.1090346574783325,0.5895553231239319
1.050321102142334,0.5165282487869263
0.9393870830535889,0.5193325877189636
1.0719759464263916,0.5546064972877502
1.9800693988800049,0.5199440717697144
0.5576025247573853,0.44890618324279785
2.16904616355896,0.4098818898200989
1.668177604675293,0.4159318506717682
1.3556714057922363,0.4325377941131592
0.8509637117385864,0.4277586042881012
0.27649590373039246,0.36780300736427307
0.37143415212631226,0.3516086935997009
0.8504841923713684,0.45934930443763733
0.38942885398864746,0.4096336364746094
0.8093737363815308,0.3851214051246643
0.8334493041038513,0.42657238245010376
1.2905776500701904,0.42083606123924255
0.7956292629241943,0.4808776378631592
0.802302360534668,0.46674370765686035
1.5138156414031982,0.37079334259033203
0.5694525241851807,0.5007113218307495
1.445211410522461,0.5054744482040405
1.224449872970581,0.48571744561195374
0.9010924100875854,0.5140008330345154
0.6472984552383423,0.511766791343689
1.1171231269836426,0.5574805736541748
1.8949763774871826,0.5890582799911499
0.4432485103607178,0.4855954349040985
0.47406983375549316,0.5513437390327454
0.25786536931991577,0.43265199661254883
0.43790560960769653,0.4912596344947815
0.48017728328704834,0.5063120126724243
0.6366794109344482,0.45871680974960327
0.6858581304550171,0.5174804329872131
1.5189965963363647,0.582422137260437
1.754494071006775,0.6074076890945435
1.9869587421417236,0.5516833066940308
0.7960164546966553,0.5773195624351501
0.6153565645217896,0.5506395101547241
0.9401122331619263,0.5519027709960938
0.3473929762840271,0.48110610246658325
1.96346116065979,0.5185235738754272
1.032497525215149,0.6317999958992004
0.7252838611602783,0.6330088376998901
2.045170307159424,0.5831948518753052
0.32860565185546875,0.4645777642726898
0.968206524848938,0.4934474229812622
0.8590632677078247,0.48804977536201477
0.7748520970344543,0.4763239920139313
0.7814855575561523,0.501916766166687
1.1045830249786377,0.5064288377761841
0.7216256856918335,0.574151873588562
0.5084371566772461,0.5425426959991455
0.9342763423919678,0.555671751499176
1.637840986251831,0.5667436122894287
0.44854944944381714,0.5719192028045654
1.41012704372406,0.5814995169639587
0.6689526438713074,0.6089839339256287
0.9463735222816467,0.5328662395477295
0.5798343420028687,0.5276075601577759
0.40379583835601807,0.539732813835144
0.6536190509796143,0.5615245699882507
1.3630650043487549,0.4953785836696625
0.5921640396118164,0.5073719620704651
0.5935549736022949,0.5425592660903931
1.7111830711364746,0.6018314361572266
1.6711177825927734,0.5796865820884705
0.36366987228393555,0.573128342628479
0.340445876121521,0.6037460565567017
0.6388529539108276,0.509594202041626
0.45105817914009094,0.5710878968238831
1.4324438571929932,0.5740457773208618
0.5208334922790527,0.5542560815811157
0.9629805088043213,0.5265639424324036
0.7739615440368652,0.5540170073509216
0.9232972860336304,0.5684818029403687
0.583599328994751,0.46644219756126404
0.6357766389846802,0.5559282302856445
0.679365873336792,0.5101718306541443
0.409442663192749,0.43375319242477417
0.3933837413787842,0.4949007034301758
1.0735585689544678,0.5231153964996338
1.3914529085159302,0.49880701303482056
0.8531286716461182,0.4592689275741577
1.1108983755111694,0.45391160249710083
1.0170973539352417,0.5351186990737915
0.3925284147262573,0.46279725432395935
0.7923412919044495,0.4926155209541321
1.0181305408477783,0.5089082717895508
1.4030022621154785,0.48789528012275696
0.6025072336196899,0.46966853737831116
0.9433580636978149,0.43615421652793884
0.6815062761306763,0.37118083238601685
0.9822338819503784,0.49823904037475586
1.1536215543746948,0.4232291877269745
0.7156296968460083,0.4817084074020386
1.4574718475341797,0.4903889298439026
0.5399055480957031,0.4590023159980774
1.6355392932891846,0.46940502524375916
0.8432453274726868,0.5456423759460449
1.0238850116729736,0.47975048422813416
0.5708456039428711,0.5505722761154175
1.1900293827056885,0.5420938730239868
0.48323583602905273,0.5775193572044373
0.41351014375686646,0.5033934116363525
0.14191395044326782,0.517425537109375
0.464252233505249,0.5632413029670715
1.1340880393981934,0.5577456951141357
0.7302882671356201,0.5188735723495483
0.6717270016670227,0.5811924338340759
0.2314622402191162,0.49982941150665283
0.2537198066711426,0.449623167514801
1.4977946281433105,0.5184548497200012
1.1778860092163086,0.471493124961853
1.0231013298034668,0.4532738924026489
1.713266372680664,0.5055809020996094
1.9899919033050537,0.8573406934738159
2.0111420154571533,0.8714407682418823
1.0162135362625122,1.335938811302185
1.3434789180755615,1.0052844285964966
0.785938560962677,1.1803532838821411
0.2833770215511322,1.1847590208053589
0.4132347106933594,1.0042264461517334
2.1881189346313477,0.6137164831161499
1.0776705741882324,0.4638804495334625
1.1524200439453125,0.48627862334251404
1.2876332998275757,0.5159406065940857
2.15718412399292,0.45013952255249023
1.8077142238616943,0.5302847623825073
1.2718677520751953,0.47892510890960693
0.4743072986602783,0.4692292809486389
0.3464162349700928,0.42671000957489014
0.8792506456375122,0.4141591489315033
0.6904091835021973,0.4208963215351105
1.4030119180679321,0.5617817640304565
0.9188060760498047,0.521167516708374
1.2637948989868164,0.48916375637054443
1.1077831983566284,0.5064139366149902
0.8587835431098938,0.6445898413658142
0.8417312502861023,0.637047290802002
0.4560147523880005,0.5323797464370728
1.125840187072754,0.4776473343372345
0.5298847556114197,0.44088080525398254
1.2427831888198853,0.5075312256813049
0.7391759157180786,0.44097262620925903
0.7048664093017578,0.42574018239974976
0.7320706844329834,0.4331415295600891
0.6384069919586182,0.48257356882095337
0.7682873010635376,0.4761545956134796
0.25878632068634033,0.4896550476551056
0.629716157913208,0.4371560513973236
0.6808854341506958,0.4701613485813141
0.6102617979049683,0.4588990807533264
0.7547297477722168,0.5131268501281738
0.608872652053833,0.49024882912635803
0.6124227046966553,0.487609326839447
0.5207428932189941,0.5903615951538086
1.993851661682129,0.617560625076294
1.5051573514938354,0.6352726221084595
0.3999772071838379,0.5589193105697632
0.483722448348999,0.5331723093986511
0.4601709246635437,0.5304501056671143
0.5770955085754395,0.5395776033401489
1.1269261837005615,0.5063647031784058
1.1863279342651367,0.473746657371521
0.15188145637512207,0.4908932149410248
0.970501184463501,0.5082945227622986
0.7871922254562378,0.47291046380996704
0.35520032048225403,0.5401657223701477
0.8283270597457886,0.48146775364875793
0.8119716644287109,0.4744138717651367
0.36469781398773193,0.4601140320301056
1.0036356449127197,0.5105472803115845
0.49379992485046387,0.5084790587425232
0.6245583295822144,0.538966953754425
1.7818602323532104,0.4565862715244293
1.4518685340881348,0.562968373298645
0.2500454783439636,0.5490631461143494
1.1439495086669922,0.5288546681404114
0.27362287044525146,0.5503240823745728
0.43869948387145996,0.5303369164466858
0.9602369070053101,0.6103115677833557
1.776595950126648,0.545769453048706
0.7172643542289734,0.5658044815063477
0.5371725559234619,0.5939432382583618
0.32753419876098633,0.573764443397522
1.5347378253936768,0.7274821996688843
1.7447805404663086,0.7363102436065674
1.9751280546188354,0.6362944841384888
0.8445218801498413,0.5612940192222595
0.9433224201202393,0.5493041276931763
0.28480011224746704,0.48836052417755127
0.6754512190818787,0.5923340320587158
1.3070781230926514,0.5330544710159302
1.3793877363204956,0.6379453539848328
0.4421805143356323,0.5042454600334167
1.7414627075195312,0.5903146266937256
1.7075477838516235,0.5261886119842529
1.3258616924285889,0.5809908509254456
0.4415862560272217,0.6356029510498047
1.1787654161453247,0.5970855951309204
0.7126001715660095,0.5309035778045654
0.34843844175338745,0.521389901638031
0.6457900404930115,0.5678225755691528
0.45615267753601074,0.44505399465560913
0.5752855539321899,0.4721216559410095
0.5129176378250122,0.5446140766143799
0.35367536544799805,0.4615475535392761
0.5623182058334351,0.556047260761261
0.39649975299835205,0.52568119764328
0.9638392925262451,0.4826536476612091
0.5601086616516113,0.55536949634552
1.3138012886047363,0.5395635962486267
1.5297839641571045,0.5315824151039124
0.27810609340667725,0.5419418215751648
1.0760157108306885,0.5680920481681824
0.6587920188903809,0.5047731399536133
0.47038882970809937,0.5136492848396301
1.2767271995544434,0.5460312962532043
1.5557754039764404,0.5213230848312378
0.8216793537139893,0.5700796842575073
0.818497896194458,0.5075439810752869
0.4340190887451172,0.5504586100578308
0.9084193706512451,0.5378607511520386
0.5283779501914978,0.4533329904079437
0.26406562328338623,0.44415372610092163
0.6780656576156616,0.5304020047187805
0.5618245601654053,0.5076240301132202
2.8078644275665283,0.5068063735961914
0.7369298338890076,0.5179148316383362
1.1962116956710815,0.5706667304039001
0.7832552194595337,0.5180202126502991
2.0447962284088135,0.4951683282852173
0.5842277407646179,0.47523874044418335
1.5290606021881104,0.5577359199523926
0.8955566883087158,0.4452764391899109
0.9862735867500305,0.5314380526542664
0.8660118579864502,0.47841593623161316
0.2099626660346985,0.5446595549583435
0.7041754722595215,0.5081720352172852
0.5119953155517578,0.5083844065666199
1.171783447265625,0.5673360228538513
0.8398436307907104,0.5658718347549438
0.3024628758430481,0.5778161287307739
0.3071158528327942,0.5124902725219727
1.5210214853286743,0.6014600992202759
0.7231459617614746,0.5234115719795227
0.3696855306625366,0.5391291975975037
0.37563633918762207,0.5367097854614258
0.4968383312225342,0.6449377536773682
1.0841200351715088,0.6442810297012329
1.0037251710891724,0.5985085368156433
0.9841040372848511,0.5414206385612488
0.3677283525466919,0.47663643956184387
0.3986837863922119,0.4801638126373291
1.076862096786499,0.5177592039108276
1.9099568128585815,0.4899994730949402
0.27392470836639404,0.5114780068397522
0.5566861033439636,0.4476311206817627
0.8403034210205078,0.5233197808265686
1.707179307937622,0.4983333945274353
0.6027451157569885,0.48354560136795044
1.9583224058151245,0.5569835305213928
1.2855666875839233,0.45549625158309937
1.1815056800842285,0.4616127014160156
0.5877432823181152,0.5743865966796875
0.5248609781265259,0.5563947558403015
1.146486520767212,0.48425084352493286
1.2365182638168335,0.517375111579895
0.5052000880241394,0.46880650520324707
0.42111504077911377,0.3874475359916687
0.43078386783599854,0.44126302003860474
0.423229455947876,0.3892177939414978
0.37352943420410156,0.43485942482948303
0.943016529083252,0.456027090549469
0.5658854842185974,0.5295706987380981
0.7177667617797852,0.46618515253067017
1.8710696697235107,0.48909151554107666
0.461306095123291,0.577017605304718
0.6981275081634521,0.51137375831604
1.1324968338012695,0.4784376919269562
0.5336215496063232,0.53890061378479
0.5950086116790771,0.5194494128227234
0.5959229469299316,0.630334734916687
0.5339494943618774,0.5900383591651917
0.9706785678863525,0.6260551810264587
1.3013564348220825,0.5713162422180176
0.8047717809677124,0.5520681142807007
0.25267863273620605,0.5477972626686096
0.5019986033439636,0.5170544385910034
0.0992613434791565,0.507624089717865
0.24607914686203003,0.4940881133079529
0.3909003734588623,0.5514450073242188
0.2172633409500122,0.536522388458252
0.1362505555152893,0.5137587189674377
0.32307136058807373,0.5748071670532227
0.38209986686706543,0.5809486508369446
0.1565871238708496,0.47276997566223145
0.3640887141227722,0.5033847689628601
0.8737211227416992,0.579576849937439
0.26186662912368774,0.5350133776664734
2.4723308086395264,0.512310266494751
1.1947070360183716,0.5624083280563354
1.3845573663711548,0.5709739923477173
0.8719090819358826,0.4983164072036743
1.6717678308486938,0.47596046328544617
2.4642529487609863,0.5520924925804138
0.8160575032234192,0.6236521601676941
1.6993322372436523,0.6053192019462585
0.9780640602111816,0.5673110485076904
1.7504602670669556,0.5789408683776855
0.5364598035812378,0.5274398922920227
0.1804906129837036,0.5940730571746826
1.7642267942428589,0.5583028793334961
0.6150757074356079,0.5082520246505737
0.5291145443916321,0.5122109651565552
0.4679960012435913,0.5307540893554688
0.8275548219680786,0.5224059820175171
0.7046336531639099,0.4582059383392334
0.851374626159668,0.5022647380828857
0.23593449592590332,0.5303452014923096
0.4772930145263672,0.4808330535888672
0.08530998229980469,0.4839555621147156
0.12785100936889648,0.4754617512226105
0.25238609313964844,0.4864289462566376
0.3401215076446533,0.4109107553958893
0.12976229190826416,0.4242768883705139
0.33764076232910156,0.41371503472328186
0.14334946870803833,0.5156731009483337
0.7572579979896545,0.49747487902641296
0.23053395748138428,0.5273000001907349
0.14778488874435425,0.4956713318824768
0.5282279849052429,0.4922948479652405
0.3349260091781616,0.4929921627044678
1.3059768676757812,0.4823060631752014
1.2729521989822388,0.5515644550323486
0.4619252681732178,0.5580459833145142
1.541761875152588,0.49119997024536133
2.968522548675537,0.5675100088119507
1.5062156915664673,0.5560030937194824
1.5747214555740356,0.5721775889396667
1.3293286561965942,0.6467655897140503
1.6168378591537476,0.6598400473594666
1.2117773294448853,0.4989495873451233
1.4886736869812012,0.603983461856842
2.539156436920166,0.5546468496322632
0.9811167120933533,0.5443099141120911
0.8722630143165588,0.5285181999206543
1.2264370918273926,0.5551729798316956
0.7463400959968567,0.5463953018188477
0.9940121173858643,0.542015552520752
0.46895283460617065,0.5246688723564148
0.4182981252670288,0.49523550271987915
0.9550818204879761,0.538332462310791
1.1972523927688599,0.5221346616744995
1.6905547380447388,0.5578662753105164
1.7382838726043701,0.5458377599716187
0.39529383182525635,0.5461504459381104
1.7154912948608398,0.4555779695510864
0.7936033010482788,0.5698391199111938
0.6063231825828552,0.4003715217113495
0.7475244998931885,0.5270801186561584
0.17561572790145874,0.4507448077201843
0.609087347984314,0.5438725352287292
0.63569176197052,0.4827500581741333
0.3298446536064148,0.4765009880065918
0.21571874618530273,0.5092408657073975
0.19410371780395508,0.4141336977481842
0.18148428201675415,0.400063693523407
0.314835786819458,0.46805843710899353
0.2977549433708191,0.41823336482048035
0.14321386814117432,0.4310499131679535
0.3808586597442627,0.49133753776550293
0.43575024604797363,0.4624985158443451
0.5018117427825928,0.452678918838501
0.41899633407592773,0.4757760763168335
0.6231896877288818,0.4841017723083496
0.8432328701019287,0.4871153235435486
0.48912835121154785,0.4968210756778717
0.5105921030044556,0.5372220873832703
0.3009190559387207,0.6003947854042053
0.1803169846534729,0.6012195944786072
0.44359302520751953,0.5677365064620972
0.7042210698127747,0.512843132019043
0.46447986364364624,0.5634512901306152
0.5194231271743774,0.5912111401557922
0.23570466041564941,0.6312676668167114
0.0724790096282959,0.5508733987808228
0.3300318717956543,0.5931361317634583
0.705143928527832,0.605806827545166
0.31029850244522095,0.49580368399620056
0.13482666015625,0.5462051033973694
0.23512724041938782,0.49077874422073364
0.6430859565734863,0.4814537763595581
0.47006118297576904,0.588305652141571
0.7165673971176147,0.5747257471084595
2.552187442779541,0.47843748331069946
1.4803433418273926,0.5645217895507812
0.36514735221862793,0.4957255721092224
0.6461806297302246,0.580931544303894
1.3374134302139282,0.534533679485321
0.2501041889190674,0.5273077487945557
0.6520029306411743,0.4897107183933258
0.5066502094268799,0.4976942539215088
1.60788893699646,0.506524920463562
0.1496342420578003,0.4517055153846741
0.32566916942596436,0.4467639625072479
0.5270171165466309,0.4096556007862091
0.25138163566589355,0.46780097484588623
0.21410155296325684,0.3706911504268646
0.24968978762626648,0.41418859362602234
0.33366715908050537,0.4236447215080261
0.40416693687438965,0.44925886392593384
0.35031425952911377,0.4879299998283386
0.4559894800186157,0.4661407768726349
0.16930276155471802,0.486489862203598
0.3578130900859833,0.5028635859489441
0.5404395461082458,0.5506730079650879
0.3875701129436493,0.5006232857704163
0.3305004835128784,0.5401938557624817
0.389889121055603,0.4747370481491089
0.4567064046859741,0.5511182546615601
0.3947070837020874,0.5075860619544983
0.18081992864608765,0.5790086984634399
0.47639161348342896,0.5174995064735413
0.41510340571403503,0.6238070130348206
0.36174678802490234,0.5786122679710388
0.8306718468666077,0.5584135055541992
1.1660085916519165,0.5842912793159485
1.515607237815857,0.4434162676334381
1.1347053050994873,0.5093041062355042
1.7676990032196045,0.5310051441192627
0.5402827262878418,0.5274430513381958
0.3445568084716797,0.5368514657020569
0.8287110924720764,0.537458062171936
0.21582531929016113,0.45893919467926025
0.9758237600326538,0.5377542972564697
0.4915708303451538,0.46987876296043396
1.6039820909500122,0.5264800190925598
0.5347858667373657,0.5322363972663879
0.6699947118759155,0.5392627120018005
0.2826324701309204,0.4999443590641022
1.3243768215179443,0.4936252534389496
0.33907580375671387,0.43969088792800903
1.231256365776062,0.5256468653678894
1.2521535158157349,0.5263633728027344
1.1623164415359497,0.4653361439704895
0.6779952049255371,0.4767289459705353
0.19527411460876465,0.40428251028060913
0.7403129935264587,0.503852128982544
0.5149236917495728,0.4960971474647522
0.7455925345420837,0.530608057975769
0.28540289402008057,0.5243870615959167
0.3263413906097412,0.5047011375427246
0.15098857879638672,0.42607468366622925
0.12313723564147949,0.4981034994125366
0.9054638743400574,0.515092134475708
0.37746381759643555,0.5146464109420776
0.22459304332733154,0.5145009160041809
0.1426454782485962,0.4377761483192444
0.06478571891784668,0.48569849133491516
0.18891501426696777,0.5383769869804382
0.396176278591156,0.5454490780830383
0.11164236068725586,0.47819945216178894
0.19288915395736694,0.48545414209365845
0.15854495763778687,0.46692004799842834
0.5284957885742188,0.5018611550331116
0.6657776832580566,0.5741174817085266
0.10824072360992432,0.515466570854187
0.11377370357513428,0.4659844636917114
0.05381804704666138,0.43503496050834656
0.20427775382995605,0.5365117788314819
0.2741941213607788,0.5377070307731628
0.16875433921813965,0.4734710454940796
0.14366328716278076,0.5004916787147522
0.26603055000305176,0.5394551753997803
0.20561015605926514,0.5538944005966187
0.22761958837509155,0.6180262565612793
0.1865059733390808,0.49692410230636597
0.6541391611099243,0.4823010265827179
0.4542030096054077,0.48584485054016113
0.529118537902832,0.522390604019165
0.4255247116088867,0.4380371868610382
0.8068766593933105,0.5144665837287903
0.6574081182479858,0.45095518231391907
0.9809494018554688,0.47936105728149414
2.0867087841033936,0.5662137866020203
2.4344608783721924,0.5013662576675415
1.0937409400939941,0.5516384840011597
2.1357288360595703,0.5195560455322266
1.9692187309265137,0.5057008862495422
1.0145859718322754,0.4689489006996155
1.567922830581665,0.4915494918823242
1.4656744003295898,0.5434114336967468
0.5097482204437256,0.4467364251613617
0.3127739429473877,0.46487343311309814
1.0700273513793945,0.4515916109085083
0.7596265077590942,0.41870033740997314
0.8245651721954346,0.43422600626945496
1.0604405403137207,0.511965274810791
0.6155217289924622,0.5496177673339844
0.5887978076934814,0.4532502591609955
0.8136776089668274,0.4637746810913086
0.8296722769737244,0.5222378373146057
0.1551417112350464,0.43600699305534363
0.4423403739929199,0.4390103220939636
0.606665849685669,0.5745472311973572
0.9728179574012756,0.4831802248954773
0.5164909362792969,0.497302770614624
0.22072720527648926,0.576111376285553
0.37300026416778564,0.5221534967422485
0.40887951850891113,0.5134467482566833
0.1465725302696228,0.598321795463562
0.1756380796432495,0.5511785745620728
0.2048485279083252,0.5979114174842834
0.353753924369812,0.5612107515335083
0.497348427772522,0.5657303929328918
0.21008387207984924,0.497450590133667
0.2413843274116516,0.5322636961936951
0.1608867645263672,0.5127567648887634
0.4111397862434387,0.4990142285823822
0.11776304244995117,0.5035201907157898
0.55082106590271,0.5205949544906616
0.4033353924751282,0.5867088437080383
0.48138654232025146,0.5190283060073853
0.360256552696228,0.5840904712677002
1.5513705015182495,0.5033110976219177
0.2374248504638672,0.5117167234420776
0.9321386814117432,0.5203760266304016
0.36759185791015625,0.5710680484771729
3.240180730819702,0.494748592376709
0.38057899475097656,0.5537785291671753
0.40708112716674805,0.5517973303794861
0.5370689630508423,0.508790910243988
1.1458357572555542,0.5499380826950073
0.09093904495239258,0.501139760017395
0.2761979103088379,0.48621416091918945
1.9496442079544067,0.4160204827785492
0.9094789028167725,0.46491196751594543
0.6300709247589111,0.4489631652832031
0.26290833950042725,0.4363122284412384
0.2156534194946289,0.3932684063911438
0.8827904462814331,0.5055044889450073
0.5776135921478271,0.4416658580303192
0.41558581590652466,0.40400251746177673
0.7163748145103455,0.4172225892543793
0.49363023042678833,0.41441991925239563
0.4699684977531433,0.39900681376457214
0.7570618391036987,0.5242828130722046
0.3254324197769165,0.5316237211227417
0.4622933864593506,0.46295365691185
0.5623102188110352,0.46577826142311096
0.2822582721710205,0.46389633417129517
0.5831149816513062,0.49825388193130493
0.4510406255722046,0.5512202978134155
0.5581255555152893,0.5611445903778076
0.5937058925628662,0.5499288439750671
0.7835599184036255,0.5693498849868774
0.8218687176704407,0.5053809881210327
0.5529170632362366,0.5496494174003601
0.2696726322174072,0.5090293288230896
0.09444689750671387,0.5875970125198364
0.8162826299667358,0.5100580453872681
1.1359773874282837,0.5679818391799927
1.0040555000305176,0.5806256532669067
0.47426509857177734,0.537642776966095
0.663499653339386,0.5522990226745605
0.257474422454834,0.4981040358543396
0.451041042804718,0.4925127327442169
0.5150806903839111,0.4768478572368622
0.16909611225128174,0.4869391620159149
0.29626941680908203,0.5104789137840271
0.0363730788230896,0.49280911684036255
0.20277339220046997,0.45713409781455994
0.3287327289581299,0.47578731179237366
0.7942214608192444,0.4668709337711334
0.45466935634613037,0.49867454171180725
0.61859530210495,0.43684181571006775
0.1573665738105774,0.455180823802948
0.24170160293579102,0.547691285610199
1.1295750141143799,0.5207631587982178
0.1897517442703247,0.5222104787826538
0.7938073873519897,0.5136715173721313
0.3902968168258667,0.5014541745185852
0.2794496417045593,0.48081883788108826
0.3966151475906372,0.4371411204338074
0.40185976028442383,0.5362813472747803
1.0148526430130005,0.5297655463218689
0.1518041491508484,0.5629695653915405
0.28130316734313965,0.5898822546005249
0.24457311630249023,0.5048556327819824
0.26666951179504395,0.5380274653434753
0.1286468505859375,0.4878871440887451
0.40343809127807617,0.498757004737854
0.7557061910629272,0.5202585458755493
0.3241790533065796,0.5095624327659607
0.10171210765838623,0.5109222531318665
0.7335836291313171,0.45511549711227417
0.23199021816253662,0.49465781450271606
0.4610273838043213,0.5228713154792786
0.31777894496917725,0.4453447163105011
0.4989672899246216,0.4521929621696472
0.33318811655044556,0.5614805221557617
0.44465816020965576,0.46321892738342285
0.21895503997802734,0.42660096287727356
0.21491456031799316,0.458951473236084
0.24275702238082886,0.423334538936615
0.43609607219696045,0.4587029814720154
0.21968185901641846,0.4859315752983093
0.4365823268890381,0.5734912157058716
0.43492138385772705,0.5479514002799988
0.38242852687835693,0.5532419085502625
0.17542314529418945,0.5607370138168335
0.6607478857040405,0.5141960978507996
0.3910422921180725,0.6013553142547607
0.17301678657531738,0.4990476667881012
0.3006244897842407,0.5200024843215942
0.36088478565216064,0.5469428896903992
0.12328064441680908,0.5303933620452881
0.8736961483955383,0.5314521789550781
0.47519850730895996,0.4798453748226166
0.1358335018157959,0.4374988079071045
0.5414705276489258,0.567448079586029
0.31597423553466797,0.5909859538078308
0.6370589137077332,0.5168296098709106
0.3601205348968506,0.4337519705295563
0.6074382066726685,0.45162031054496765
0.25031137466430664,0.42325931787490845
0.25276488065719604,0.3930571377277374
0.5342996120452881,0.45667383074760437
0.42198705673217773,0.4101863503456116
0.5586390495300293,0.46829530596733093
0.31302475929260254,0.3774142861366272
0.26826488971710205,0.39380544424057007
0.15081387758255005,0.4210151731967926
0.38814401626586914,0.48791396617889404
0.20047098398208618,0.4430477023124695
1.0777478218078613,0.49384990334510803
0.3534351587295532,0.5107734799385071
0.5964546203613281,0.531890869140625
1.2069963216781616,0.5107181072235107
0.8568372130393982,0.5254990458488464
0.3880305290222168,0.4999038577079773
0.08602917194366455,0.5256413221359253
0.2539719343185425,0.5840882062911987
0.12794876098632812,0.5372206568717957
0.52008056640625,0.47239571809768677
0.4758591055870056,0.5267963409423828
0.3653719425201416,0.48253533244132996
0.3507450819015503,0.5442429780960083
0.2155386209487915,0.5359181761741638
0.32821011543273926,0.5361466407775879
0.6328420639038086,0.5418388843536377
0.3106762170791626,0.4624142050743103
0.24604034423828125,0.5790922045707703
0.08848565816879272,0.4569240212440491
0.28291571140289307,0.5709996819496155
0.5534863471984863,0.46957874298095703
0.07837069034576416,0.5424143075942993
0.13948088884353638,0.5539349317550659
0.3845258951187134,0.5421870350837708
0.3607597351074219,0.5314450860023499
0.052281975746154785,0.4622535705566406
0.333046019077301,0.48377686738967896
0.44452953338623047,0.5030505657196045
0.2244631052017212,0.5439572334289551
0.5292618274688721,0.44999930262565613
0.6015859842300415,0.4867406487464905
0.7084119319915771,0.4482877254486084
0.7556332349777222,0.5277449488639832
0.38129258155822754,0.4473174512386322
1.5598583221435547,0.5762537121772766
0.505589485168457,0.4834838807582855
0.2462325096130371,0.4131348431110382
0.7160909175872803,0.4249294400215149
0.398593544960022,0.4627405107021332
0.2978994846343994,0.5758561491966248
0.30462396144866943,0.5422840118408203
0.29660797119140625,0.48464706540107727
0.7894567251205444,0.5047885775566101
0.5765447020530701,0.4988560080528259
0.3487105369567871,0.5073573589324951
0.2176985740661621,0.551494836807251
0.6035343408584595,0.4857601821422577
0.31203484535217285,0.5062906742095947
0.4900343418121338,0.4822295308113098
0.18453997373580933,0.49723243713378906
0.3695809841156006,0.5078815221786499
0.62340247631073,0.4893403649330139
0.540785551071167,0.5042269229888916
0.442058801651001,0.47153615951538086
0.368729829788208,0.5419546365737915
0.39439868927001953,0.5049428939819336
0.72719407081604,0.4559265673160553
0.36787164211273193,0.4638979434967041
0.47451841831207275,0.527215838432312
0.29085540771484375,0.5450345873832703
0.17438864707946777,0.4541097581386566
0.23292696475982666,0.4589983820915222
0.2821354866027832,0.5078020095825195
1.4310784339904785,0.5078059434890747
0.2091541290283203,0.5219477415084839
0.24247443675994873,0.5466368794441223
0.34538590908050537,0.5364822745323181
0.20677554607391357,0.5105443000793457
0.11670887470245361,0.5343536734580994
0.3133244514465332,0.5148054361343384
0.25310277938842773,0.5706510543823242
0.2226266860961914,0.49134644865989685
0.05978798866271973,0.5203656554222107
0.16380095481872559,0.5182727575302124
0.6458852887153625,0.5048759579658508
0.07448625564575195,0.49051934480667114
0.7277870178222656,0.5039318203926086
0.5488002300262451,0.5037543177604675
0.29317808151245117,0.44080573320388794
0.14274084568023682,0.4776928126811981
0.21599483489990234,0.5024574398994446
0.15841174125671387,0.5076209306716919
0.1682443618774414,0.4863298535346985
0.2510535717010498,0.504381537437439
0.35343843698501587,0.4810348451137543
0.08672404289245605,0.5244880318641663
0.11780154705047607,0.5363891124725342
0.2776702642440796,0.4802192151546478
0.319311261177063,0.4723523259162903
0.2893431782722473,0.5680616497993469
0.9512977004051208,0.5789069533348083
0.25435304641723633,0.46138978004455566
0.24024522304534912,0.5908161401748657
0.3411433696746826,0.4925703704357147
0.24363815784454346,0.4428592324256897
0.1754826307296753,0.40039271116256714
0.2481386661529541,0.5375675559043884
0.2867382764816284,0.520429253578186
0.4428600072860718,0.5107015371322632
0.13410061597824097,0.49658462405204773
0.5087037086486816,0.4983486533164978
0.31203246116638184,0.4797265827655792
0.08302152156829834,0.48710116744041443
0.21707797050476074,0.5080409049987793
0.13257765769958496,0.4176618754863739
0.34050703048706055,0.5461448431015015
0.21822214126586914,0.5294568538665771
0.09520542621612549,0.5331025719642639
0.14659404754638672,0.5684282779693604
0.2511286735534668,0.5490834712982178
0.17645561695098877,0.4796096086502075
0.2868835926055908,0.5058454275131226
0.7198825478553772,0.5255141258239746
0.13662505149841309,0.5197561383247375
0.391437292098999,0.45203864574432373
0.08730077743530273,0.4962942600250244
1.4115290641784668,0.49173393845558167
0.4235011339187622,0.5734450817108154
0.2898275852203369,0.503032922744751
1.1512240171432495,0.6037922501564026
0.34374094009399414,0.6072927713394165
0.2271890640258789,0.7075372934341431
0.0926980972290039,0.5564842224121094
0.13754945993423462,0.591874361038208
0.23779773712158203,0.5164735317230225
0.24213624000549316,0.6332712173461914
0.5929359197616577,0.5443640947341919
0.4171767234802246,0.557003378868103
0.2613838315010071,0.5330708622932434
0.25725626945495605,0.5510174036026001
0.3982717990875244,0.5383040308952332
0.24782252311706543,0.6297405362129211
0.26887547969818115,0.5178396701812744
0.045754849910736084,0.5270296931266785
0.3910832405090332,0.5610642433166504
0.11265921592712402,0.6138937473297119
0.16805404424667358,0.4922987222671509
0.3054025173187256,0.3931833505630493
0.2886795997619629,0.4730762541294098
0.26110005378723145,0.4607889652252197
0.7284202575683594,0.42063063383102417
0.8967610001564026,0.3920973539352417
0.5969458818435669,0.38899824023246765
0.10313683748245239,0.47079116106033325
0.21146535873413086,0.46685096621513367
0.1037149429321289,0.48171424865722656
0.22566604614257812,0.4364544153213501
0.5832319855690002,0.45134031772613525
0.3905223608016968,0.5039114952087402
1.3468588590621948,0.5602810978889465
0.217240571975708,0.6109752655029297
0.24184894561767578,0.5384125113487244
0.9025081992149353,0.5289074182510376
0.3430711030960083,0.5695308446884155
0.13484835624694824,0.5550100803375244
0.5235469341278076,0.4806537330150604
0.0741262435913086,0.582719087600708
0.20159804821014404,0.5914256572723389
0.0766294002532959,0.5466736555099487
0.18280649185180664,0.5636883974075317
0.23570692539215088,0.5429278016090393
0.1606898307800293,0.5832350850105286
1.0275768041610718,0.5251078605651855
0.29192423820495605,0.5692101716995239
0.21430277824401855,0.5302040576934814
0.06680142879486084,0.5147314071655273
0.18819940090179443,0.5713421106338501
0.06766903400421143,0.5421791076660156
0.06913429498672485,0.5610517263412476
0.04384911060333252,0.5338971614837646
0.2757558822631836,0.5379002690315247
0.19214266538619995,0.48247891664505005
0.05051422119140625,0.4936011731624603
0.1995013952255249,0.4942944645881653
0.18874716758728027,0.5731300711631775
0.12678313255310059,0.5003424286842346
0.09335333108901978,0.5344218015670776
0.20032548904418945,0.5306271314620972
0.28728556632995605,0.555795431137085
0.1757901906967163,0.5536300539970398
0.11121982336044312,0.5059595704078674
0.11660146713256836,0.50125652551651
0.1856166124343872,0.5562930107116699
0.31128746271133423,0.47670885920524597
0.18086469173431396,0.49753159284591675
0.2293074131011963,0.4586727023124695
0.2473698854446411,0.5368280410766602
0.15390896797180176,0.5238113403320312
0.1833782196044922,0.5169113874435425
0.5204112529754639,0.5192169547080994
0.07387709617614746,0.5428888201713562
0.3754606246948242,0.5709373950958252
0.15034174919128418,0.544967770576477
0.09738004207611084,0.4966599643230438
0.297879695892334,0.5074722170829773
0.410020112991333,0.5091551542282104
0.4019675850868225,0.4559156000614166
0.2221815586090088,0.48730340600013733
0.2620229721069336,0.5191075801849365
0.3584752082824707,0.5529617071151733
0.21724843978881836,0.4832318425178528
0.44172990322113037,0.5074892640113831
0.16756176948547363,0.5098313689231873
1.0477261543273926,0.5549172163009644
0.33662694692611694,0.5373357534408569
0.2276160717010498,0.42482292652130127
0.14047300815582275,0.524999737739563
0.28532207012176514,0.4820656478404999
0.3554952144622803,0.5302364230155945
0.25754475593566895,0.5910049676895142
0.20518755912780762,0.6064274311065674
0.29059839248657227,0.5948163866996765
0.659689724445343,0.5791565179824829
0.18557727336883545,0.5653775930404663
0.29342472553253174,0.5962100625038147
0.44303447008132935,0.5854907631874084
0.3379037380218506,0.6294598579406738
0.2892214059829712,0.5881737470626831
0.39170533418655396,0.5437638163566589
0.232932448387146,0.4922003746032715
0.1918432116508484,0.5587536096572876
0.764756441116333,0.6007599830627441
0.07328379154205322,0.5743855237960815
0.13516545295715332,0.585379958152771
0.26321297883987427,0.5209307074546814
0.5008856058120728,0.5401280522346497
0.3138706684112549,0.5204484462738037
0.188126802444458,0.4504864811897278
1.1457597017288208,0.44248223304748535
0.15736675262451172,0.47393563389778137
0.37535643577575684,0.5441375970840454
0.3867063522338867,0.4574176073074341
0.41863298416137695,0.4782413840293884
0.44559192657470703,0.43737757205963135
0.2728215456008911,0.4962116479873657
0.4259640574455261,0.45570147037506104
0.2591280937194824,0.47684746980667114
0.1722850799560547,0.4356619119644165
0.30459439754486084,0.4920368790626526
0.4798199534416199,0.44840967655181885
0.5212516784667969,0.4425610899925232
0.06513863801956177,0.511386513710022
0.1999109983444214,0.48245665431022644
0.14515209197998047,0.4487650394439697
0.039639174938201904,0.4591040015220642
0.1007457971572876,0.4481438994407654
0.07567048072814941,0.45777958631515503
0.5246343612670898,0.5341753959655762
0.21032845973968506,0.519368052482605
0.20939910411834717,0.4805589020252228
0.29732251167297363,0.4827169179916382
0.11258721351623535,0.47084808349609375
0.3632960319519043,0.42186641693115234
0.1821579933166504,0.4599771499633789
0.24492299556732178,0.5006151795387268
0.06620979309082031,0.4740712344646454
0.3809976577758789,0.4439077377319336
0.38600003719329834,0.5159040689468384
0.13607072830200195,0.5485285520553589
0.3082648515701294,0.5496161580085754
0.2070070505142212,0.5187398195266724
0.28813111782073975,0.49856501817703247
0.8027153015136719,0.5517117977142334
0.33746135234832764,0.5568617582321167
0.9087793231010437,0.5518066883087158
0.7152448892593384,0.5598326921463013
0.6933503150939941,0.5481095910072327
0.44627267122268677,0.4484785497188568
0.21568703651428223,0.4647410213947296
0.25541794300079346,0.5192105770111084
1.3990358114242554,0.45934784412384033
0.09738397598266602,0.4361281991004944
0.4718712568283081,0.38920068740844727
0.6476185321807861,0.5178309679031372
0.9731937050819397,0.5288692712783813
0.10872006416320801,0.44940367341041565
0.2915158271789551,0.3777405917644501
0.15870130062103271,0.3721892833709717
1.0712896585464478,0.5816828012466431
0.9029858112335205,0.5271849632263184
0.8553469181060791,0.5362661480903625
0.5982698202133179,0.5616889595985413
0.9119155406951904,0.5914595127105713
0.6555917263031006,0.5187458395957947
0.8124998807907104,0.5506494045257568
0.5053672790527344,0.5006793737411499
0.7684313654899597,0.575602650642395
1.0942574739456177,0.5755022764205933
2.140007734298706,0.5808075070381165
0.5814751386642456,0.6017149686813354
1.6041303873062134,0.7241941690444946
1.7232972383499146,0.8678898215293884
1.5588642358779907,0.8867889642715454
2.197453260421753,0.7352715730667114
1.4521987438201904,0.5940463542938232
1.0245643854141235,0.45844176411628723
0.7123191356658936,0.517877995967865
0.5393199920654297,0.41069939732551575
0.5224320888519287,0.5024259686470032
0.36431312561035156,0.47475874423980713
0.20086276531219482,0.5046834349632263
0.18752598762512207,0.46948763728141785
0.09092485904693604,0.569041907787323
0.09134459495544434,0.48630738258361816
0.06571447849273682,0.4900418221950531
0.16884267330169678,0.5251818895339966
0.14902836084365845,0.46397799253463745
0.48977595567703247,0.41970351338386536
0.4498732089996338,0.44993579387664795
0.16669100522994995,0.43865329027175903
0.1573019027709961,0.395550012588501
0.46168339252471924,0.4449336528778076
0.39314067363739014,0.4365995228290558
0.20425963401794434,0.4530484080314636
0.43582987785339355,0.5253649950027466
0.17574739456176758,0.4745144546031952
1.1109360456466675,0.5473577380180359
0.253131628036499,0.5086237192153931
1.054856538772583,0.5304160714149475
0.33109116554260254,0.5800359845161438
0.33927714824676514,0.5530209541320801
0.05622982978820801,0.5229848623275757
0.17834198474884033,0.49940598011016846
0.5415481925010681,0.5071863532066345
0.794303297996521,0.4982229173183441
0.2607274055480957,0.5429856777191162
0.19526469707489014,0.5350407361984253
0.4581364393234253,0.4738464057445526
0.43440961837768555,0.41536200046539307
1.0343403816223145,0.4016520082950592
0.08299565315246582,0.40242743492126465
0.8306711912155151,0.37838566303253174
0.33387285470962524,0.443647176027298
0.4136858582496643,0.43518880009651184
0.35850977897644043,0.5211483240127563
0.13219726085662842,0.4770415425300598
0.19069290161132812,0.41619256138801575
0.3796870708465576,0.48433664441108704
0.307481050491333,0.5052536129951477
0.3808490037918091,0.475055992603302
0.09469389915466309,0.47503405809402466
0.3189530372619629,0.44605058431625366
0.3408297300338745,0.5199257135391235
0.5221627950668335,0.5053585767745972
0.4114384651184082,0.5331571698188782
0.19330036640167236,0.43008553981781006
1.323265790939331,0.5152361392974854
1.2083288431167603,0.5007196068763733
0.15510767698287964,0.49503079056739807
1.1030910015106201,0.5413322448730469
1.7207815647125244,0.6430147290229797
0.6422101259231567,0.4933628737926483
0.22857701778411865,0.46664854884147644
0.4290546178817749,0.5050286650657654
1.65420663356781,0.5489052534103394
0.31052446365356445,0.49410974979400635
0.2670259475708008,0.5075509548187256
0.253572940826416,0.5619689226150513
0.752029538154602,0.4837896227836609
0.26796597242355347,0.564772367477417
0.1640620231628418,0.582749605178833
0.6480444073677063,0.4790259003639221
0.34979724884033203,0.5382575988769531
0.40905308723449707,0.5528956055641174
0.35701972246170044,0.5553537011146545
0.6910828351974487,0.5007954835891724
0.5766172409057617,0.49404022097587585
0.4717535972595215,0.4665604829788208
0.29680532217025757,0.47321033477783203
0.3206665515899658,0.5076844692230225
0.6354272365570068,0.5672600269317627
1.368988037109375,0.5958558320999146
0.7241640686988831,0.5892718434333801
2.6714136600494385,0.6170389652252197
0.6580043435096741,0.8159078359603882
2.090688467025757,0.5601411461830139
3.007080316543579,0.5989865660667419
1.4446463584899902,0.5401202440261841
1.628355860710144,0.550896942615509
1.7677984237670898,0.5176694989204407
0.9178568720817566,0.4696025550365448
0.7086106538772583,0.508556067943573
0.5067995190620422,0.5476436018943787
1.2321088314056396,0.47618985176086426
0.8842014074325562,0.5325265526771545
1.2560243606567383,0.5314522385597229
0.29615843296051025,0.4912310838699341
0.45668935775756836,0.5106754899024963
0.39432621002197266,0.548136293888092
0.6340646743774414,0.5385565161705017
0.5940697193145752,0.6182113289833069
1.4519398212432861,0.56889808177948
0.8564141988754272,0.7116731405258179
0.848366379737854,0.5858979225158691
0.3491653800010681,0.5858473777770996
0.14267462491989136,0.5282549858093262
0.18052229285240173,0.6064269542694092
0.2724834680557251,0.5780459046363831
0.12291193008422852,0.5665223598480225
0.5378588438034058,0.6153681874275208
0.9894165396690369,0.6226384043693542
0.5505040884017944,0.5966189503669739
0.8774579763412476,0.5465315580368042
0.22107362747192383,0.5265222787857056
0.4509737491607666,0.5500094890594482
0.48949992656707764,0.615849494934082
0.2185499668121338,0.5187203288078308
0.7484197616577148,0.5113503336906433
0.2930496335029602,0.4741605222225189
0.24152088165283203,0.5789477825164795
0.12787854671478271,0.5412465333938599
0.3366830348968506,0.6106365323066711
0.44644665718078613,0.5724892616271973
1.0439730882644653,0.5888240933418274
0.2200939655303955,0.5438406467437744
0.8991191387176514,0.5438845753669739
1.1118686199188232,0.6037922501564026
0.686092734336853,0.5751451849937439
0.9682736396789551,0.5843424797058105
0.14789986610412598,0.6805276870727539
0.689516007900238,0.6513818502426147
0.7982578277587891,0.6553492546081543
0.5400469303131104,0.6002991199493408
0.5957478284835815,0.5755628347396851
0.5340150594711304,0.6051729917526245
0.4851304292678833,0.7091608643531799
0.5192220211029053,0.5808407068252563
0.42169761657714844,0.5582625865936279
2.1493306159973145,0.554634153842926
0.893662691116333,0.47648149728775024
0.8402265906333923,0.5011394619941711
1.6360013484954834,0.5428747534751892
1.4018386602401733,0.5112734436988831
0.8581106066703796,0.5213337540626526
1.2394152879714966,0.5478521585464478
0.2121868133544922,0.539511501789093
0.8750594854354858,0.5407280325889587
1.2753732204437256,0.4830896854400635
0.5103826522827148,0.5162519812583923
0.8951114416122437,0.5211337208747864
0.528782844543457,0.5648733973503113
0.5292105674743652,0.5508070588111877
0.7496433258056641,0.6656574010848999
0.47616851329803467,0.5989951491355896
0.20353412628173828,0.5564746856689453
0.3332531452178955,0.7042903304100037
0.805169939994812,0.6104887127876282
0.6072728633880615,0.7134076356887817
0.46801328659057617,0.5468462705612183
0.27128177881240845,0.5324853658676147
0.4060415029525757,0.48356184363365173
0.13117438554763794,0.5589866042137146
0.08714151382446289,0.48406925797462463
1.5830309391021729,0.6082351207733154
0.15405893325805664,0.48792964220046997
0.32704979181289673,0.5600658655166626
0.13152611255645752,0.6323387622833252
0.2948603630065918,0.5491818189620972
0.5701111555099487,0.47576478123664856
0.33306294679641724,0.46714457869529724
0.4632601737976074,0.44154590368270874
0.8501629829406738,0.5143952369689941
0.5109424591064453,0.5029656291007996
1.1116011142730713,0.6242080330848694
0.2843782901763916,0.7313302755355835
0.6021769046783447,0.6592708826065063
0.4793570041656494,0.5771068334579468
0.9375514984130859,0.6086458563804626
0.6166903376579285,0.5948359370231628
0.9884083271026611,0.7062479257583618
0.35961461067199707,0.5594465732574463
1.7878628969192505,0.552741527557373
0.8559560775756836,0.5932449102401733
1.3797976970672607,0.5835588574409485
1.4470171928405762,0.5822248458862305
0.39223533868789673,0.5025467872619629
1.7650222778320312,0.593164324760437
0.5662353038787842,0.5917782783508301
0.277854323387146,0.5595849752426147
0.46724820137023926,0.5537236928939819
1.2961318492889404,0.5846599340438843
1.1645982265472412,0.5805338621139526
0.8123239278793335,0.5789671540260315
0.8520092964172363,0.5521332621574402
0.20864051580429077,0.5542616248130798
0.666850745677948,0.5710687637329102
0.09222161769866943,0.5568762421607971
0.5808169841766357,0.5819063782691956
0.2977333068847656,0.5828712582588196
0.8860511779785156,0.6891424655914307
0.22810828685760498,0.5805187821388245
0.6821298003196716,0.5699517726898193
0.5262124538421631,0.6011418700218201
0.4740016460418701,0.6365699768066406
0.5774017572402954,0.623543381690979
1.4849787950515747,0.5998464226722717
0.8289082050323486,0.6362473964691162
1.257956624031067,0.5723572373390198
0.7697219848632812,0.5595561265945435
0.9496476650238037,0.5610319375991821
0.9205098152160645,0.5491698384284973
0.982081413269043,0.5828777551651001
1.573857069015503,0.5913851261138916
1.165259599685669,0.5387080311775208
0.48083066940307617,0.6052301526069641
0.5299733877182007,0.6097713708877563
0.2775331139564514,0.46841996908187866
0.1661761999130249,0.48381590843200684
0.433510959148407,0.5281348824501038
1.006440281867981,0.46895408630371094
0.5984466671943665,0.48574814200401306
1.5383784770965576,0.48720669746398926
1.3183283805847168,0.4806256890296936
0.9320338368415833,0.48601531982421875
0.9519950151443481,0.5704769492149353
0.5606510639190674,0.5478906035423279
1.3165279626846313,0.6044763326644897
0.7989223003387451,0.6464142799377441
0.5293287038803101,0.5572960376739502
1.2732961177825928,0.6215565204620361
0.6251447200775146,0.6252817511558533
0.8423250317573547,0.5914729237556458
0.1919034719467163,0.5167964696884155
0.48570942878723145,0.5993334650993347
0.37195706367492676,0.5300283432006836
0.46945369243621826,0.6058632135391235
0.8754000663757324,0.5706942081451416
0.5473742485046387,0.5732064247131348
0.7520618438720703,0.6844398379325867
1.1593971252441406,0.6098386645317078
0.06997555494308472,0.5689089894294739
0.1499425768852234,0.5279503464698792
0.666877031326294,0.45751702785491943
0.4142289161682129,0.46530476212501526
0.15484362840652466,0.4643324613571167
0.08314943313598633,0.428397536277771
0.3690786361694336,0.4273386597633362
1.2016098499298096,0.5139398574829102
0.8001999855041504,0.4927554130554199
0.26999616622924805,0.5807516574859619
0.426921010017395,0.5774326920509338
0.7904942035675049,0.5985603332519531
0.9576849937438965,0.5600723624229431
0.5556051731109619,0.603518009185791
1.269420862197876,0.5710625052452087
1.3217556476593018,0.6444900035858154
1.0434255599975586,0.5986886024475098
0.5933637619018555,0.5788548588752747
1.811873197555542,0.5912677645683289
1.9400508403778076,0.6128341555595398
1.1172480583190918,0.5585784316062927
2.1660330295562744,0.5510594844818115
4.786438465118408,0.5593945384025574
0.27883458137512207,0.5459115505218506
1.6010169982910156,0.5039259195327759
0.3323211669921875,0.4679582715034485
0.23111224174499512,0.5917338728904724
0.8152236938476562,0.6042389273643494
1.1922649145126343,0.6029520630836487
0.6596057415008545,0.6061886548995972
1.3055514097213745,0.9461712837219238
0.18847227096557617,0.502395510673523
0.17027747631072998,0.5171983242034912
1.1100828647613525,0.5741783976554871
0.3317239284515381,0.5638686418533325
1.310650110244751,0.628298282623291
0.22499346733093262,0.5890944004058838
1.3012707233428955,0.5886134505271912
0.21001648902893066,0.5271278619766235
0.4468507766723633,0.48684263229370117
2.5119898319244385,0.575200617313385
1.4802497625350952,0.5574645400047302
0.524848461151123,0.5856136083602905
2.3549675941467285,0.5833711624145508
0.9598569869995117,0.6184475421905518
0.23525077104568481,0.617938220500946
1.1772009134292603,0.6127227544784546
0.9445284605026245,0.6167640686035156
0.5919332504272461,0.6087391972541809
0.7996819615364075,0.6412708759307861
0.706139862537384,0.6069983243942261
0.49047088623046875,0.627312958240509
1.4676365852355957,0.5438975691795349
1.7456834316253662,0.5790724754333496
0.6492934226989746,0.5954433679580688
0.45318055152893066,0.5986799001693726
0.645628809928894,0.4727545380592346
0.4104572534561157,0.5104143619537354
0.8048489093780518,0.5625078082084656
0.9219894409179688,0.5932602286338806
0.6378491520881653,0.5220285058021545
0.7512292861938477,0.544420599937439
0.6774728298187256,0.627339780330658
0.43772292137145996,0.5139399766921997
0.21853899955749512,0.5301285982131958
0.5008723735809326,0.5974297523498535
0.1718531847000122,0.5662158131599426
0.1716911792755127,0.5463708639144897
0.25525355339050293,0.5853297710418701
0.3262519836425781,0.5926926136016846
0.41541457176208496,0.5390100479125977
0.1968022584915161,0.5025966763496399
0.5482397079467773,0.5517666339874268
0.43724143505096436,0.5878846049308777
0.13099360466003418,0.48727238178253174
0.15466028451919556,0.5463826656341553
0.3217838406562805,0.5750781893730164
0.7039833068847656,0.5223257541656494
0.9705063104629517,0.6272168159484863
0.7696709632873535,0.6111558675765991
0.24629682302474976,0.5272896885871887
0.1979312300682068,0.5395188331604004
0.4027893543243408,0.5517880916595459
0.25814831256866455,0.5824114680290222
0.9586572051048279,0.5742433667182922
0.42169857025146484,0.5978363752365112
0.5738074779510498,0.4947880506515503
0.9010555148124695,0.5139089226722717
0.6525956392288208,0.527195155620575
0.7767795324325562,0.4625084102153778
0.779442310333252,0.556265115737915
0.7949948310852051,0.507489800453186
0.5372738838195801,0.5819820761680603
0.2598515748977661,0.49661871790885925
0.17653119564056396,0.5307725071907043
0.4961256980895996,0.5916117429733276
0.5993144512176514,0.5344622135162354
0.6668183207511902,0.5164271593093872
0.6472187638282776,0.5635013580322266
0.3968285322189331,0.5724805593490601
0.7205959558486938,0.5778474807739258
0.5289236903190613,0.5697241425514221
0.17277073860168457,0.5078157782554626
0.625408411026001,0.5087615251541138
0.17781519889831543,0.5583364963531494
0.6627604961395264,0.47506290674209595
0.45639729499816895,0.5406445860862732
0.4550590515136719,0.5085649490356445
0.5273199081420898,0.44309765100479126
0.38755035400390625,0.4722551107406616
0.7408261299133301,0.4903813600540161
0.36590123176574707,0.46205154061317444
1.0650352239608765,0.5426442623138428
0.8316684365272522,0.49925997853279114
0.6398876905441284,0.5514509081840515
0.6900510787963867,0.4689706563949585
0.37362974882125854,0.4758719205856323
0.5724138021469116,0.5141856670379639
0.20401394367218018,0.5044429898262024
1.0892218351364136,0.5404778122901917
0.380229115486145,0.49365171790122986
0.20486867427825928,0.5345295667648315
0.490004301071167,0.4832322299480438
0.5585450530052185,0.484865665435791
0.5931007862091064,0.46231356263160706
0.09222495555877686,0.48550185561180115
0.4128512740135193,0.4751279950141907
0.7841203212738037,0.5561325550079346
0.31751155853271484,0.5067086219787598
0.21224379539489746,0.529548704624176
0.8046745657920837,0.4838767349720001
0.5085105895996094,0.45906123518943787
0.6486828923225403,0.47720274329185486
0.11895817518234253,0.45680052042007446
0.47756505012512207,0.4550075829029083
0.4000086784362793,0.4473244249820709
0.33979058265686035,0.45815566182136536
0.20977187156677246,0.3692690432071686
0.26271486282348633,0.42421936988830566
0.14964288473129272,0.48968613147735596
0.7101095914840698,0.44267144799232483
0.2656046152114868,0.40882858633995056
0.26544564962387085,0.4507594704627991
0.23891019821166992,0.39802712202072144
0.25770485401153564,0.36659225821495056
0.397066593170166,0.4725778102874756
0.5560055375099182,0.5745731592178345
1.1025476455688477,0.45198550820350647
0.41829872131347656,0.5159581303596497
0.21741986274719238,0.510786235332489
0.3524494767189026,0.48171567916870117
0.6200859546661377,0.6288014650344849
0.6514132022857666,0.4648914635181427
0.17779755592346191,0.5060837268829346
0.3784746527671814,0.6098712682723999
0.4039729833602905,0.7149066925048828
0.6590293645858765,0.549711287021637
0.9803276658058167,0.4410727322101593
1.3469406366348267,0.5022250413894653
0.3890842795372009,0.6290262341499329
0.786473274230957,0.5784591436386108
1.298511028289795,0.6642591953277588
0.18091225624084473,0.6569398641586304
0.32957208156585693,0.5634897351264954
1.2035667896270752,0.563326358795166
0.3366633653640747,0.569675087928772
0.21142476797103882,0.5392577648162842
0.16212701797485352,0.5290253162384033
0.4175717830657959,0.5643715858459473
0.2875710725784302,0.606748640537262
0.2655000686645508,0.5650352239608765
0.28893494606018066,0.5298482775688171
0.27174675464630127,0.54865562915802
0.38573014736175537,0.5142865777015686
0.6587848663330078,0.5440691709518433
0.5273910760879517,0.5715298056602478
0.9056823253631592,0.596269965171814
1.0942624807357788,0.563960611820221
0.37953758239746094,0.5103243589401245
0.578028678894043,0.5565017461776733
0.8164221048355103,0.5422220230102539
0.9041609764099121,0.5093218684196472
0.39714741706848145,0.4516734480857849
0.3016021251678467,0.5842996835708618
0.7253055572509766,0.4578363597393036
0.59255051612854,0.45128118991851807
1.3175045251846313,0.5677840709686279
2.3688251972198486,0.5475279688835144
0.35686206817626953,0.5744438171386719
0.6608908176422119,0.5700047612190247
0.561662495136261,0.551307201385498
0.45696377754211426,0.5657930374145508
0.5936322212219238,0.5407434105873108
0.4933132529258728,0.5264099836349487
0.2754681706428528,0.5850006341934204
0.42799806594848633,0.6131407022476196
0.5117573738098145,0.5892874002456665
0.46158528327941895,0.8131505250930786
0.5643577575683594,0.5982073545455933
0.1135110855102539,0.5404565334320068
0.36654818058013916,0.6488686203956604
0.3167440891265869,0.602944016456604
0.6116223931312561,0.5585172176361084
1.0970290899276733,0.6809978485107422
0.5966835021972656,0.6472631692886353
0.5712665915489197,0.5088253617286682
1.027024269104004,0.5519840717315674
0.6180981993675232,0.5080642700195312
0.7784627676010132,0.5228362083435059
0.9082767963409424,0.4363771378993988
0.3165426254272461,0.46409401297569275
0.6150293350219727,0.5159743428230286
1.2356932163238525,0.4758670926094055
1.6008938550949097,0.49811121821403503
0.7017843723297119,0.5025357604026794
0.31791257858276367,0.5095902681350708
1.3457469940185547,0.49229320883750916
0.3340456485748291,0.5508754253387451
1.0515002012252808,0.4604226350784302
0.25237584114074707,0.4717113673686981
0.5571296215057373,0.605392336845398
0.877593994140625,0.5540170073509216
0.28143274784088135,0.524304211139679
0.21071404218673706,0.5176126956939697
0.3604198694229126,0.513225257396698
0.3883199691772461,0.6651253700256348
0.26668453216552734,0.5652954578399658
0.09325098991394043,0.572857677936554
0.444532573223114,0.5510824918746948
0.4476436376571655,0.46585431694984436
0.11851191520690918,0.488228440284729
0.7998929023742676,0.4570467472076416
0.18557190895080566,0.5212915539741516
0.46711671352386475,0.43661248683929443
1.0787400007247925,0.6457342505455017
0.7034313678741455,0.46620967984199524
0.9661293029785156,0.5633480548858643
0.5967357158660889,0.500482439994812
0.32016265392303467,0.4572159945964813
0.5190334320068359,0.5428166389465332
0.6602530479431152,0.47310200333595276
0.4818730354309082,0.565549910068512
0.39438939094543457,0.49242526292800903
0.398817777633667,0.5609006881713867
0.48596835136413574,0.461169958114624
0.7945187091827393,0.48648780584335327
0.12467300891876221,0.47650793194770813
0.10419660806655884,0.5585808157920837
0.6191140413284302,0.5783568024635315
0.32696282863616943,0.5471388697624207
0.5273936986923218,0.6018520593643188
0.07510417699813843,0.525222659111023
0.3430659770965576,0.4826970398426056
0.8584408164024353,0.530809760093689
0.6376538872718811,0.5256630778312683
0.28294432163238525,0.4342666268348694
0.3241260051727295,0.47744765877723694
0.23761725425720215,0.43883347511291504
0.2982088327407837,0.42456188797950745
0.757209300994873,0.513534665107727
0.5173797607421875,0.5282638072967529
1.3921371698379517,0.4429081976413727
0.2869110107421875,0.5496513843536377
1.0883690118789673,0.4979786276817322
0.22774767875671387,0.5150655508041382
0.8673282861709595,0.45975083112716675
0.3177432417869568,0.4083256125450134
1.2119016647338867,0.47540518641471863
1.1631360054016113,0.6238088607788086
0.423797607421875,0.48322948813438416
0.2726607918739319,0.502163827419281
0.7223576307296753,0.5680462718009949
0.9086410999298096,0.516775906085968
0.8316437602043152,0.5139132142066956
0.4674062132835388,0.5222041606903076
0.6954336166381836,0.49896159768104553
0.14073920249938965,0.5233955383300781
0.27375102043151855,0.48637866973876953
0.17406952381134033,0.5408816933631897
0.5465387105941772,0.5339862704277039
0.7270618677139282,0.5108333826065063
0.6780904531478882,0.4657576382160187
0.19714504480361938,0.567023754119873
1.3889315128326416,0.529719889163971
0.23243045806884766,0.4395714998245239
0.32530707120895386,0.541614294052124
0.42651844024658203,0.526832640171051
0.1838369369506836,0.5447471737861633
0.5129259824752808,0.5121831893920898
0.2633051872253418,0.4871324896812439
0.39513009786605835,0.5560227036476135
0.09274005889892578,0.5309481024742126
0.40180838108062744,0.5873232483863831
0.35006237030029297,0.7847857475280762
1.7755753993988037,0.7680819034576416
0.2537515163421631,0.6050733327865601
0.1329416036605835,0.5112072229385376
0.8069212436676025,0.8061753511428833
0.4439789056777954,0.5520493984222412
0.5595592856407166,0.6479455232620239
0.6110520362854004,0.5414482951164246
0.3285391330718994,0.5726611018180847
0.4216897487640381,0.4884781539440155
0.3745652437210083,0.5128918886184692
0.30104416608810425,0.5015692710876465
0.9158166646957397,0.5485001802444458
0.38631534576416016,0.49242955446243286
0.5429211854934692,0.5141774415969849
0.3517110347747803,0.5482030510902405
0.43795180320739746,0.496437132358551
0.4094979763031006,0.5345815420150757
0.37252116203308105,0.5195971727371216
0.08669930696487427,0.5377069115638733
0.5867949724197388,0.6078751087188721
0.14987564086914062,0.5219607949256897
1.4966115951538086,0.4973323941230774
0.3627338409423828,0.5513261556625366
0.5597277283668518,0.574541449546814
0.5143135786056519,0.4948006272315979
0.5038108825683594,0.5201902389526367
0.4529151916503906,0.5833632946014404
0.43885552883148193,0.5197692513465881
0.5358786582946777,0.4596825838088989
1.3596807718276978,0.5236021876335144
0.454166054725647,0.6873519420623779
0.7714951038360596,0.4334450364112854
0.23411166667938232,0.5519254207611084
0.8940564393997192,0.5043487548828125
0.39916324615478516,0.5529401302337646
0.7030267715454102,0.4548925757408142
0.7994421720504761,0.5265966653823853
0.6668823957443237,0.5492061376571655
0.3478529453277588,0.5430409908294678
0.5165733098983765,0.49071013927459717
0.26801490783691406,0.4594496488571167
0.9044116735458374,0.5364106893539429
0.9761530756950378,0.5096529722213745
0.5240065455436707,0.547104001045227
0.40509963035583496,0.5567348003387451
0.3947252631187439,0.47774767875671387
0.39130568504333496,0.45703572034835815
0.5809016227722168,0.5789618492126465
0.44693922996520996,0.4772036671638489
0.21006810665130615,0.4665694534778595
0.3080509901046753,0.45222318172454834
0.5734346508979797,0.44688570499420166
1.0377713441848755,0.46927523612976074
0.9529211521148682,0.4364332854747772
1.0871641635894775,0.48940232396125793
0.27203935384750366,0.5357450842857361
0.8032216429710388,0.390745609998703
1.7462053298950195,0.48564448952674866
0.5099989175796509,0.4849092960357666
0.8402374982833862,0.5750733613967896
0.3080589175224304,0.6072981953620911
0.1151202917098999,0.5786623358726501
0.2765604257583618,0.5194913148880005
1.0727957487106323,0.5447897911071777
0.42399489879608154,0.6073755025863647
0.09326696395874023,0.5393311977386475
0.45696592330932617,0.5938106775283813
0.4524422883987427,0.5676173567771912
1.0530011653900146,0.5433701872825623
0.3102523684501648,0.46422094106674194
0.7395274639129639,0.5683179497718811
0.23739004135131836,0.40634992718696594
0.7346423864364624,0.5036044120788574
0.21623903512954712,0.36486193537712097
0.5211719274520874,0.5001126527786255
0.8564579486846924,0.5396279096603394
0.48808836936950684,0.6131924390792847
0.27992820739746094,0.5810945630073547
0.7422308921813965,0.8070275783538818
0.6850665807723999,1.0181553363800049
0.9485316276550293,0.7912807464599609
0.34864377975463867,0.6496151685714722
0.3831557631492615,0.5956336259841919
0.28987836837768555,0.648240327835083
0.30898910760879517,0.6145493984222412
0.30273813009262085,0.6005626320838928
0.3168371915817261,0.48097777366638184
0.7327504754066467,0.5371794104576111
0.6378483772277832,0.71875
0.14894700050354004,0.4918859601020813
1.014870285987854,0.8884471654891968
0.5816818475723267,0.6019256711006165
0.6180445551872253,0.4399876594543457
0.5171055793762207,0.45856988430023193
0.40398430824279785,0.5108640789985657
0.4917178153991699,0.5207678079605103
0.16881752014160156,0.44329872727394104
0.17034339904785156,0.4681323170661926
0.2678403854370117,0.5007143020629883
0.11494237184524536,0.40251249074935913
0.16451525688171387,0.4319903552532196
0.2109675407409668,0.4781716465950012
0.25249671936035156,0.5681719183921814
0.08629500865936279,0.5458460450172424
0.2750732898712158,0.5657311081886292
0.29413366317749023,0.4592413306236267
0.13879823684692383,0.5350174307823181
0.3690643310546875,0.5234228372573853
0.12405753135681152,0.5363211035728455
0.10472345352172852,0.6244122385978699
0.2793108820915222,0.5467864274978638
0.0530092716217041,0.569230318069458
0.14682352542877197,0.6158841848373413
0.4779577851295471,0.6363940238952637
0.5524436235427856,0.6639811396598816
0.10459029674530029,0.6438444256782532
0.07906973361968994,0.5552952289581299
0.08188056945800781,0.5808081030845642
0.2527449131011963,0.541736364364624
0.10784029960632324,0.5676196813583374
0.10301387310028076,0.5621052384376526
0.37490248680114746,0.5574114322662354
0.25418686866760254,0.5380668640136719
0.16207516193389893,0.5091686248779297
0.11475157737731934,0.5663479566574097
0.20802199840545654,0.4827873408794403
0.18570518493652344,0.5117713212966919
0.38117462396621704,0.5244210958480835
0.34899938106536865,0.5871497988700867
0.16933608055114746,0.5081694722175598
0.1728971004486084,0.5255641937255859
0.27327656745910645,0.5189038515090942
1.0437514781951904,0.5793882608413696
0.3694279193878174,0.5279977917671204
0.058380842208862305,0.49996697902679443
0.1643671989440918,0.5585200786590576
0.15328717231750488,0.5801612138748169
0.18999743461608887,0.4987521767616272
0.2742936611175537,0.576149046421051
0.14510679244995117,0.5585497617721558
0.2259044647216797,0.47783714532852173
0.18606209754943848,0.5366847515106201
0.6512930393218994,0.46706026792526245
0.12208354473114014,0.5690423846244812
0.2400599718093872,0.6042830944061279
0.21087884902954102,0.5192510485649109
0.06811511516571045,0.5316296219825745
0.24786043167114258,0.5502667427062988
0.19628500938415527,0.5295464992523193
0.20335125923156738,0.47060465812683105
0.10307872295379639,0.5198341608047485
0.12437218427658081,0.5979061126708984
0.1183938980102539,0.5877619385719299
0.22372424602508545,0.6008182168006897
0.4361411929130554,0.585066556930542
0.3867436647415161,0.615394651889801
0.21515774726867676,0.5991268754005432
0.3133522868156433,0.6432580947875977
0.41341978311538696,0.6050741672515869
0.2628668546676636,0.5743411779403687
0.3162146210670471,0.5237442255020142
0.4391186237335205,0.52862548828125
0.1511373519897461,0.5304280519485474
0.1739988923072815,0.504362940788269
0.14487266540527344,0.5763535499572754
0.1660606861114502,0.5472349524497986
0.20063579082489014,0.519306480884552
0.1693568229675293,0.47708144783973694
0.2849048972129822,0.47874993085861206
0.2648298740386963,0.5512791872024536
0.4327806234359741,0.5305914878845215
0.14515745639801025,0.48934245109558105
0.7288739681243896,0.5363336205482483
0.4902845621109009,0.5526244640350342
0.25258779525756836,0.49329257011413574
0.3893924951553345,0.5505197644233704
0.935512900352478,0.5282824635505676
0.5381492376327515,0.6066045761108398
0.21232330799102783,0.5066336989402771
0.3262054920196533,0.6234264373779297
0.21693074703216553,0.6633425951004028
0.3512580394744873,0.6029244661331177
0.30978327989578247,0.6085730791091919
0.16485273838043213,0.4988781809806824
0.26073265075683594,0.42543691396713257
0.07928061485290527,0.46549904346466064
0.06987059116363525,0.4999881088733673
0.15312409400939941,0.5108924508094788
0.13300824165344238,0.5710982084274292
0.17217183113098145,0.4427872896194458
0.42151975631713867,0.4955431818962097
0.27786338329315186,0.5453410148620605
1.3563235998153687,0.5248174667358398
0.2499982714653015,0.5319292545318604
0.20108187198638916,0.5451950430870056
0.11784720420837402,0.5577167272567749
0.20658427476882935,0.503581166267395
0.49933409690856934,0.5404072999954224
0.35221385955810547,0.5843380093574524
0.14962291717529297,0.5187902450561523
0.11432003974914551,0.5505338907241821
0.21744608879089355,0.5738276243209839
0.49977755546569824,0.4708390235900879
0.37515878677368164,0.48135578632354736
0.08344995975494385,0.4776628911495209
0.09215843677520752,0.47082847356796265
0.3550705909729004,0.5440757274627686
0.11068540811538696,0.4764544367790222
0.0803459882736206,0.4811713397502899
0.26450788974761963,0.46716243028640747
0.12077504396438599,0.5038396120071411
0.22670340538024902,0.5619630813598633
0.7254273891448975,0.4841250777244568
0.24891376495361328,0.5340548157691956
0.22559821605682373,0.47831693291664124
0.18732905387878418,0.5056772232055664
1.3558136224746704,0.5051040053367615
0.651901125907898,0.5317113995552063
0.24937957525253296,0.5920418500900269
0.4393575191497803,0.48732560873031616
0.14863574504852295,0.4564514756202698
0.20255303382873535,0.50030916929245
0.06138765811920166,0.5367354154586792
0.3861370086669922,0.5610300302505493
0.14458167552947998,0.5354832410812378
0.041406869888305664,0.5200169682502747
0.12200415134429932,0.5687719583511353
0.2688866853713989,0.5546782612800598
0.1231381893157959,0.5815016627311707
0.2469801902770996,0.5940505266189575
0.10660827159881592,0.5932549834251404
0.3179459571838379,0.5709772706031799
0.27979278564453125,0.5530109405517578
0.27153706550598145,0.5061413049697876
0.32237982749938965,0.6058378219604492
0.1339327096939087,0.5994699597358704
0.15888047218322754,0.5245623588562012
0.21161532402038574,0.42860156297683716
0.3875619173049927,0.49931198358535767
0.2616845369338989,0.5533491373062134
0.16685271263122559,0.617712676525116
0.7733941078186035,0.605323851108551
0.2879739999771118,0.5430742502212524
0.17917609214782715,0.473637193441391
0.1931285560131073,0.6010980010032654
0.3969002366065979,0.5599979162216187
0.04766559600830078,0.5000184178352356
0.03496962785720825,0.5464643239974976
0.04344749450683594,0.49899834394454956
0.11177921295166016,0.5064510107040405
0.3739278316497803,0.5893669724464417
0.11464869976043701,0.5144568085670471
0.1995537281036377,0.6214303970336914
0.13448897004127502,0.5377543568611145
0.5004289150238037,0.5299104452133179
0.25878608226776123,0.5259555578231812
0.6653897762298584,0.4592331051826477
0.11513149738311768,0.49727678298950195
0.09801769256591797,0.43998029828071594
0.526278018951416,0.49644583463668823
0.2026839256286621,0.5585328936576843
0.13723015785217285,0.49087461829185486
0.16333365440368652,0.4775985777378082
0.2052145004272461,0.5138789415359497
0.16816186904907227,0.4496849477291107
0.20561012625694275,0.47998884320259094
0.11517396569252014,0.501092255115509
0.11007726192474365,0.588539719581604
0.1765754222869873,0.42565038800239563
0.350256085395813,0.3875623643398285
0.1022789478302002,0.4281758964061737
0.21616506576538086,0.4500192105770111
0.1378847360610962,0.44905227422714233
0.13143706321716309,0.5743837356567383
0.24584388732910156,0.5721901655197144
0.03734564781188965,0.532220721244812
0.17303615808486938,0.4246431887149811
0.15565043687820435,0.4088504910469055
0.14770722389221191,0.4493613839149475
0.9643561840057373,0.48274824023246765
0.252422571182251,0.4795059263706207
0.055336952209472656,0.4799884557723999
0.09536027908325195,0.4845539927482605
0.22217965126037598,0.5327733755111694
0.20064318180084229,0.44416701793670654
0.3104820251464844,0.5081313848495483
0.11290192604064941,0.5741673707962036
0.4603862762451172,0.49353909492492676
0.386091947555542,0.519373893737793
0.11891031265258789,0.47309190034866333
0.3561955690383911,0.5168113708496094
0.10643482208251953,0.5144156813621521
0.05652564764022827,0.508674144744873
0.3691573739051819,0.5258315205574036
0.1297544240951538,0.5517439246177673
0.07376384735107422,0.536784291267395
0.26303303241729736,0.5298291444778442
0.11048483848571777,0.5218077898025513
0.11064684391021729,0.5161207914352417
0.17749440670013428,0.567085862159729
0.12266087532043457,0.5172516703605652
0.7079675197601318,0.5378509759902954
0.18280470371246338,0.519221842288971
0.3817592263221741,0.46815136075019836
0.41491591930389404,0.5206155776977539
0.5499184131622314,0.6021140217781067
1.0780165195465088,0.3819475769996643
1.2671650648117065,0.53812575340271
0.31296229362487793,0.5441129803657532
0.5394155979156494,0.36065739393234253
0.6837888956069946,0.37189698219299316
0.3253145217895508,0.46347498893737793
0.37767815589904785,0.4039318263530731
0.4362363815307617,0.37924081087112427
0.31047165393829346,0.3988760709762573
0.6973140239715576,0.4593755900859833
0.6544417142868042,0.4080592393875122
0.7377581596374512,0.37646856904029846
1.8968632221221924,0.49012601375579834
0.3071662187576294,0.4664677381515503
0.571255087852478,0.42555931210517883
0.40427160263061523,0.49170395731925964
0.637925386428833,0.5196993350982666
0.37984800338745117,0.5422325134277344
0.25415825843811035,0.5610551238059998
0.3040659427642822,0.49345868825912476
0.40675801038742065,0.5594210624694824
0.3398665189743042,0.5781141519546509
0.45283788442611694,0.6047978401184082
0.4599270820617676,0.5659011006355286
0.20605134963989258,0.534798264503479
0.25699496269226074,0.5356267094612122
0.19492113590240479,0.49319177865982056
0.4045957922935486,0.5773205757141113
0.5082169771194458,0.46995049715042114
0.08294260501861572,0.5057054162025452
0.17542141675949097,0.5573428869247437
0.174660325050354,0.5452355146408081
0.18068766593933105,0.5479649901390076
0.265362024307251,0.5000342130661011
0.09629034996032715,0.5331454277038574
0.15128278732299805,0.5108481049537659
0.1891319751739502,0.5078797936439514
0.14641845226287842,0.5587520599365234
0.865786075592041,0.5712175369262695
0.36382460594177246,0.49352318048477173
0.39768511056900024,0.4797593355178833
0.5798084735870361,0.5019161701202393
0.3238034248352051,0.49959397315979004
0.22724533081054688,0.5206319689750671
0.34818100929260254,0.4744434654712677
0.42311644554138184,0.5137567520141602
0.2456660270690918,0.5715948343276978
0.22317403554916382,0.49499380588531494
1.0556641817092896,0.5478795170783997
0.6258181929588318,0.559567928314209
0.8617157936096191,0.5742253661155701
0.18995440006256104,0.546265721321106
0.9420995712280273,0.578343391418457
1.4966731071472168,0.6281681060791016
0.7691484093666077,0.5832313299179077
1.0241786241531372,0.5538963675498962
0.7841430902481079,0.5776506662368774
0.8124006986618042,0.5730238556861877
1.289682149887085,0.5668025016784668
2.1769888401031494,0.5868532657623291
0.3282332420349121,0.5231501460075378
0.6634619235992432,0.5964739322662354
0.36380326747894287,0.5173830389976501
0.5874633193016052,0.5944442749023438
0.5233322381973267,0.5282391309738159
0.5614116191864014,0.5420200228691101
1.0050618648529053,0.545838475227356
0.3223600387573242,0.5809121131896973
0.2093825340270996,0.540838360786438
0.4671778678894043,0.5591183304786682
0.39254844188690186,0.5474696159362793
0.16942524909973145,0.5024634599685669
0.19293212890625,0.5462568402290344
0.11632430553436279,0.5218514800071716
0.5216549634933472,0.579373836517334
0.30389630794525146,0.55015629529953
0.40192991495132446,0.5200262069702148
0.14525699615478516,0.5201467275619507
0.4670753479003906,0.5381760597229004
0.21593213081359863,0.5515643358230591
0.36901068687438965,0.5036640167236328
0.23476529121398926,0.46373358368873596
0.3221006393432617,0.5959314703941345
0.20129776000976562,0.5446274876594543
0.43883079290390015,0.4604673683643341
0.1200559139251709,0.5036817789077759
0.6986919641494751,0.46300217509269714
0.355283260345459,0.5379542112350464
0.3640478253364563,0.4357980191707611
0.3781013488769531,0.4598473608493805
0.23081302642822266,0.5161876678466797
0.320406436920166,0.4235222339630127
0.1845177412033081,0.549227237701416
0.46174192428588867,0.4294596016407013
0.2933461666107178,0.4598941504955292
0.5424349308013916,0.4664517939090729
1.1323070526123047,0.5029253959655762
0.36478447914123535,0.5449913740158081
0.513718843460083,0.5743808746337891
1.792191743850708,0.6095449924468994
1.298229694366455,0.6407090425491333
0.39184367656707764,0.5312175750732422
0.39050841331481934,0.5051467418670654
0.9838429689407349,0.5779410600662231
1.1406469345092773,0.55446457862854
1.3195371627807617,0.504561185836792
1.5857995748519897,0.43322205543518066
1.0368632078170776,0.4217824339866638
0.8175135850906372,0.4606192409992218
0.3975045680999756,0.39909112453460693
0.45505714416503906,0.4524764120578766
0.4058046340942383,0.4453513026237488
0.5822534561157227,0.4727078378200531
0.210426926612854,0.5174130201339722
0.1486375331878662,0.42857658863067627
0.16465544700622559,0.501761257648468
0.56797194480896,0.4778813123703003
0.15625858306884766,0.41287147998809814
0.06319713592529297,0.45345064997673035
0.8628929853439331,0.49898189306259155
0.2779567241668701,0.4725814461708069
0.2761099338531494,0.5018755793571472
0.37003207206726074,0.4735201597213745
0.4962645173072815,0.49936217069625854
0.29912900924682617,0.5265082716941833
0.48389554023742676,0.5549365282058716
0.49944376945495605,0.551682710647583
0.8259401321411133,0.550044596195221
0.6375119686126709,0.5300169587135315
0.7208657264709473,0.5517705082893372
0.6816215515136719,0.41246193647384644
0.6846989393234253,0.6102854609489441
0.1551119089126587,0.3896399736404419
0.5339114665985107,0.4483702480792999
1.0571420192718506,0.5265745520591736
0.31356191635131836,0.5473442077636719
0.521013081073761,0.41279903054237366
0.9127154350280762,0.5170166492462158
0.15425372123718262,0.5832287669181824
0.20707976818084717,0.5026912093162537
0.23655259609222412,0.43044671416282654
0.19568395614624023,0.4794293940067291
0.4522998332977295,0.49525755643844604
0.1348419189453125,0.5043092966079712
0.24802923202514648,0.4915710985660553
0.21823769807815552,0.4078839421272278
0.35625433921813965,0.4152263402938843
0.2980560064315796,0.48879387974739075
0.48265719413757324,0.4568566083908081
0.3134036064147949,0.4598032236099243
0.7104250192642212,0.5162321925163269
0.8025975227355957,0.49126437306404114
0.5789607763290405,0.5747623443603516
0.7697478532791138,0.49514007568359375
0.5692735314369202,0.5215009450912476
0.6046745181083679,0.48288586735725403
0.24604344367980957,0.5185904502868652
0.31967055797576904,0.5486382842063904
0.15491914749145508,0.5351978540420532
0.32625365257263184,0.4454994797706604
0.842308521270752,0.5487169027328491
0.18099641799926758,0.6399891972541809
0.28483009338378906,0.5858314037322998
0.6550906300544739,0.48070529103279114
0.6378297805786133,0.5403604507446289
0.2331695556640625,0.5182574391365051
0.4033694267272949,0.4997423589229584
0.45052123069763184,0.5339295268058777
0.3059055805206299,0.5132564306259155
0.6268825531005859,0.5237319469451904
0.3500852584838867,0.4887006878852844
0.9075456857681274,0.5289742946624756
0.3080555200576782,0.5746090412139893
0.5894334316253662,0.599023699760437
0.7404303550720215,0.5902330875396729
0.9848926067352295,0.6294916868209839
1.320809006690979,0.5730035901069641
1.463533639907837,0.5993735194206238
1.578354001045227,0.7519423961639404
0.6021436452865601,0.5293843746185303
1.6198285818099976,0.45858556032180786
0.6078882217407227,0.5343782901763916
0.1886136531829834,0.608940601348877
0.24048066139221191,0.5022381544113159
0.1824967861175537,0.4755641520023346
0.6994051933288574,0.6061193943023682
0.21890461444854736,0.6137310266494751
0.24814295768737793,0.5056289434432983
0.467917799949646,0.509023129940033
0.7116246223449707,0.46837490797042847
0.6473591327667236,0.5015996098518372
0.5999255180358887,0.5686235427856445
1.002833366394043,0.5509935021400452
0.6369733214378357,0.5278195142745972
1.4794012308120728,0.5606362819671631
2.2770490646362305,0.5547181367874146
1.0913914442062378,0.5290564894676208
1.2808871269226074,0.5783097743988037
0.9279478788375854,0.5534365773200989
0.5818459987640381,0.4977242648601532
1.015487551689148,0.46738019585609436
1.3038721084594727,0.5548396110534668
0.5136795043945312,0.582889199256897
0.7257678508758545,0.539432942867279
0.2576565742492676,0.4878910779953003
0.7520682215690613,0.5208261013031006
1.558253526687622,0.5278122425079346
0.4741125702857971,0.48920756578445435
0.9430261850357056,0.47035831212997437
0.1868281364440918,0.5070921778678894
0.6758451461791992,0.5023517608642578
0.26387524604797363,0.4973589777946472
0.3845944404602051,0.5346948504447937
0.5670498609542847,0.5384151935577393
0.5313990116119385,0.5112287998199463
0.8330379128456116,0.5750395059585571
1.16255784034729,0.5664913654327393
2.0726592540740967,0.5903775095939636
0.425395131111145,0.5553363561630249
0.4457463026046753,0.5031608939170837
0.9606598615646362,0.5908341407775879
0.40225815773010254,0.5558145046234131
0.2262887954711914,0.5162689685821533
0.38587427139282227,0.5331129431724548
0.5868015885353088,0.49125683307647705
0.5911328792572021,0.5113382339477539
0.25202202796936035,0.5162351727485657
0.24296849966049194,0.599388599395752
0.3659583330154419,0.522857666015625
0.309741735458374,0.5643614530563354
0.22490257024765015,0.5285162925720215
0.04740649461746216,0.5656400918960571
0.3627723455429077,0.5297591686248779
0.7757910490036011,0.5939525961875916
0.1837930679321289,0.5560278296470642
0.1767425537109375,0.5264286994934082
0.49060869216918945,0.5076524019241333
1.1077499389648438,0.5701847076416016
0.5714498162269592,0.5698843598365784
0.2064671516418457,0.5635350942611694
0.746893048286438,0.5707167387008667
0.7022693157196045,0.580981969833374
0.25273191928863525,0.549138069152832
0.3323073387145996,0.5149491429328918
0.34981727600097656,0.5790431499481201
0.6807392835617065,0.469483882188797
0.41329336166381836,0.5147718787193298
0.4840053915977478,0.5159815549850464
0.7245954275131226,0.5377691984176636
1.0921262502670288,0.47916704416275024
0.5020994544029236,0.5694491863250732
1.1314697265625,0.624607503414154
0.5292420387268066,0.734734833240509
0.6184561252593994,0.5308562517166138
0.7065633535385132,0.5454704165458679
1.2515789270401,0.5798554420471191
0.6749906539916992,0.5124028921127319
0.6785285472869873,0.5803866982460022
0.6114229559898376,0.4605892598628998
0.3585355877876282,0.5081222653388977
0.1917858123779297,0.4353954493999481
0.3095719814300537,0.582290530204773
0.8223679065704346,0.5730644464492798
0.5276825428009033,0.5843607783317566
0.5399292707443237,0.5746709108352661
0.5576599836349487,0.4620247483253479
0.11837929487228394,0.46745362877845764
0.10321485996246338,0.47524628043174744
0.25595587491989136,0.5377736687660217
0.391650915145874,0.4621933698654175
0.49859368801116943,0.5645483732223511
0.8937609791755676,0.5253410935401917
0.2115740180015564,0.4258081614971161
0.11588704586029053,0.4955374002456665
0.21052426099777222,0.4591776132583618
0.17852210998535156,0.42427685856819153
0.4347827434539795,0.5360928773880005
0.35022878646850586,0.5774309635162354
0.38565659523010254,0.469176322221756
0.19608092308044434,0.5155172944068909
0.26098203659057617,0.6041251420974731
0.3918166160583496,0.5308871269226074
1.0936628580093384,0.5516804456710815
0.2912871837615967,0.5124526619911194
0.7146474123001099,0.5569487810134888
0.3537309765815735,0.504819929599762
0.1322801113128662,0.5087267756462097
0.48162055015563965,0.47396546602249146
0.4912288188934326,0.5291360020637512
0.5663824677467346,0.532859742641449
0.08589845895767212,0.5036431550979614
0.4547625184059143,0.6122263669967651
0.3706185817718506,0.6002824306488037
0.1411750316619873,0.5587648153305054
0.6031355857849121,0.5938816070556641
0.5903208255767822,0.5160583257675171
1.1289596557617188,0.600822389125824
0.2440776824951172,0.543806254863739
0.5080430507659912,0.5534059405326843
0.18508315086364746,0.5662648677825928
0.2415856122970581,0.4985264837741852
0.1963639259338379,0.6270326375961304
0.3787832260131836,0.5281646847724915
0.34855329990386963,0.5387127995491028
0.3246385455131531,0.5818445682525635
0.5329828262329102,0.5219855308532715
0.6797914505004883,0.5314375758171082
0.3567221164703369,0.5114877223968506
0.6109020709991455,0.4931945204734802
1.4505236148834229,0.5929654836654663
0.7967681884765625,0.5356518030166626
0.4309084415435791,0.45781874656677246
0.3106938600540161,0.4894559383392334
0.2455286979675293,0.596571683883667
0.33377695083618164,0.4840567409992218
0.5243412852287292,0.4954456090927124
0.8815574645996094,0.5260220766067505
1.3455607891082764,0.5068469047546387
0.14196419715881348,0.48163583874702454
0.4883122444152832,0.5770093202590942
0.4763939380645752,0.5254483819007874
1.0167866945266724,0.5088149905204773
0.799369752407074,0.46792858839035034
0.3833334445953369,0.5222561359405518
0.23841285705566406,0.543983519077301
0.31653839349746704,0.5145501494407654
0.3247436285018921,0.5214776992797852
0.5909638404846191,0.47862550616264343
0.6323792934417725,0.47332125902175903
0.4915790557861328,0.5480196475982666
0.3426547050476074,0.500641405582428
0.8724794387817383,0.48654377460479736
0.23462283611297607,0.4715052545070648
0.6845000982284546,0.5007529258728027
0.6867866516113281,0.46290773153305054
0.3166525363922119,0.5316951274871826
0.8878557085990906,0.5814425945281982
0.5008876323699951,0.4781169593334198
0.789207398891449,0.5779319405555725
0.5069291591644287,0.48885610699653625
0.22854727506637573,0.502873420715332
0.16291320323944092,0.45568063855171204
0.49571436643600464,0.4619569480419159
0.32912981510162354,0.46356022357940674
0.3486137390136719,0.49508070945739746
0.400144100189209,0.45373934507369995
1.4299553632736206,0.5143398642539978
0.71776282787323,0.513860821723938
0.43287914991378784,0.5502445697784424
0.30823832750320435,0.4737544655799866
0.5650206208229065,0.46058785915374756
0.2636418342590332,0.5052276849746704
0.6696299314498901,0.55512934923172
0.2149512767791748,0.5462411642074585
0.7371541857719421,0.5733675956726074
0.4632892608642578,0.5503124594688416
0.3773202896118164,0.5082446336746216
0.6028766632080078,0.5491259694099426
0.5978207588195801,0.5047803521156311
0.40605998039245605,0.5800323486328125
0.3244556188583374,0.5275065898895264
1.0367493629455566,0.5614637136459351
0.8700069785118103,0.5598936676979065
0.06844162940979004,0.6070165634155273
1.5901702642440796,0.6018390655517578
0.3114044666290283,0.5365052223205566
0.6774063110351562,0.5362648963928223
0.6145570874214172,0.5188248157501221
0.1845541000366211,0.5833005905151367
0.539778470993042,0.5507357120513916
0.26094669103622437,0.48592475056648254
0.7633769512176514,0.5674059391021729
0.25542783737182617,0.5734648704528809
0.23157274723052979,0.5457600355148315
0.6829761266708374,0.48769107460975647
1.2813667058944702,0.5531049370765686
0.4317482113838196,0.6147632598876953
0.3180920481681824,0.5306166410446167
0.6047685146331787,0.5579715967178345
0.5289883613586426,0.5287617444992065
0.3585653305053711,0.5622459053993225
0.3465535640716553,0.41104573011398315
0.2812608480453491,0.5249550938606262
0.7750574946403503,0.5464778542518616
2.042907476425171,0.4785338044166565
0.8423247337341309,0.5124810934066772
0.7246221303939819,0.5060348510742188
1.3994371891021729,0.524970531463623
0.6746063232421875,0.5349121689796448
1.797797679901123,0.4274531602859497
0.7171404361724854,0.44312718510627747
0.34922683238983154,0.4813521206378937
0.21472477912902832,0.36449602246284485
0.42678332328796387,0.37288832664489746
0.1981993317604065,0.39839544892311096
1.2514424324035645,0.3965526223182678
0.5356389880180359,0.38016846776008606
0.2903585433959961,0.5114790797233582
0.21688002347946167,0.3780963122844696
0.5968042612075806,0.5628317594528198
0.9788257479667664,0.45284074544906616
1.386228084564209,0.3719330132007599
0.2923455238342285,0.4642997086048126
0.07780683040618896,0.5759874582290649
0.6939797401428223,0.36603739857673645
0.3037782907485962,0.29624325037002563
0.42313361167907715,0.4428836703300476
0.3081388473510742,0.5152849555015564
0.9723249673843384,0.4102801978588104
0.332022488117218,0.5031691789627075
0.7855026721954346,0.46564972400665283
0.27760016918182373,0.4308450520038605
0.11674809455871582,0.44882798194885254
0.25320327281951904,0.47490859031677246
0.7298697233200073,0.5030533671379089
0.5732494592666626,0.46961525082588196
0.700210690498352,0.5323442816734314
0.680199384689331,0.5387579798698425
0.5723648071289062,0.5220538377761841
0.6937000751495361,0.5116155743598938
0.28374624252319336,0.4592461585998535
0.6143243312835693,0.41176313161849976
0.4309680461883545,0.46802955865859985
0.680964469909668,0.5082075595855713
0.38481736183166504,0.44908466935157776
0.9137172698974609,0.5106537938117981
0.3979756832122803,0.554499626159668
0.6359014511108398,0.5337586402893066
0.2894454598426819,0.4045830965042114
0.5420441627502441,0.48993775248527527
0.3785720467567444,0.4987770915031433
0.4131760597229004,0.5671331882476807
0.7376066446304321,0.5238045454025269
0.37483692169189453,0.5507215261459351
0.5083401203155518,0.510591447353363
0.5472363233566284,0.5443801879882812
0.3544696569442749,0.538561224937439
0.5222352743148804,0.5121237635612488
0.3759552836418152,0.4978107810020447
0.9307864904403687,0.5705388784408569
0.5418685674667358,0.5193732976913452
0.7734298706054688,0.5735570192337036
1.0747811794281006,0.47869953513145447
0.5316447615623474,0.44796496629714966
0.8211591243743896,0.5115399360656738
0.5607815980911255,0.5560981035232544
0.5697486400604248,0.4476713538169861
0.834198534488678,0.4595003128051758
1.4097874164581299,0.5630704164505005
0.646902322769165,0.47480347752571106
1.5002557039260864,0.449414998292923
1.4266376495361328,0.5283652544021606
0.9659247994422913,0.5071240067481995
0.3379504680633545,0.5656840205192566
0.6936988830566406,0.5897839665412903
0.3362696170806885,0.5006164908409119
0.9011778831481934,0.5727035999298096
0.16802120208740234,0.5728539228439331
0.3425406217575073,0.5372066497802734
0.3141040802001953,0.5328715443611145
0.5733743906021118,0.5733523368835449
0.22549843788146973,0.5767441987991333
0.36438822746276855,0.5671880841255188
0.47356653213500977,0.5321439504623413
0.2457868456840515,0.564363956451416
0.49187183380126953,0.5863714814186096
0.675506591796875,0.5174685716629028
0.14485692977905273,0.47941532731056213
1.0908433198928833,0.5180915594100952
0.44493162631988525,0.5804412961006165
0.19867277145385742,0.5027916431427002
0.7926762104034424,0.49751871824264526
0.32156896591186523,0.6010103821754456
1.1958366632461548,0.5871403813362122
0.33976221084594727,0.5867303013801575
1.087716817855835,0.5804120302200317
0.6478776931762695,0.5659099817276001
0.13370034098625183,0.5037480592727661
0.23717182874679565,0.5452989935874939
0.8002653121948242,0.5683080554008484
0.6056150794029236,0.46620023250579834
0.0946420431137085,0.5696673393249512
0.5179853439331055,0.5349400043487549
0.4060777425765991,0.5661583542823792
0.13285768032073975,0.5189899802207947
0.18301421403884888,0.492329478263855
0.4576106071472168,0.5310171842575073
0.31677794456481934,0.44398561120033264
0.1543847918510437,0.43662700057029724
0.32142889499664307,0.46394920349121094
0.16447436809539795,0.4792267084121704
0.36095094680786133,0.5076253414154053
0.6165106296539307,0.5830643177032471
0.754391074180603,0.4738818407058716
0.299044668674469,0.4546855390071869
0.5353856086730957,0.634790301322937
0.36655592918395996,0.5214292407035828
0.414018452167511,0.3588586449623108
0.6631225347518921,0.3710138201713562
0.4763476848602295,0.597332239151001
0.4759542942047119,0.4721183776855469
0.7266590595245361,0.6424080729484558
0.5101017951965332,0.32259249687194824
1.0064747333526611,0.4766363203525543
0.8656457662582397,0.4284224510192871
0.4436216950416565,0.36835944652557373
0.3113929033279419,0.5437271595001221
0.3359178304672241,0.5415383577346802
0.1372143030166626,0.5410633087158203
0.6794719099998474,0.4631284475326538
0.49707770347595215,0.4882007837295532
0.5649805068969727,0.5197020769119263
0.4142308831214905,0.489444762468338
0.5136289596557617,0.5832457542419434
0.1840808391571045,0.4858156442642212
1.0882091522216797,0.5211385488510132
0.8888740539550781,0.46479785442352295
1.2932976484298706,0.4714084565639496
0.4623222351074219,0.5306048393249512
0.2160179615020752,0.4624648988246918
0.26971304416656494,0.5206924676895142
0.31228184700012207,0.5213424563407898
0.7435211539268494,0.49663493037223816
0.3552056550979614,0.4546307921409607
1.0786556005477905,0.4544948935508728
0.8449710607528687,0.525485098361969
0.45392942428588867,0.5707876086235046
1.3497488498687744,0.5397341847419739
0.4730435609817505,0.5129266381263733
1.6512856483459473,0.6072932481765747
0.43427586555480957,0.5632133483886719
0.29000067710876465,0.603385329246521
0.869321346282959,0.6460347175598145
0.28690648078918457,0.5507643222808838
2.256422996520996,0.5629106760025024
0.4352986216545105,0.572866678237915
1.0196363925933838,0.5811140537261963
0.6404082179069519,0.6120166182518005
0.7717141509056091,0.5625694990158081
1.4595425128936768,0.5691101551055908
0.6707674264907837,0.6210437417030334
0.35365206003189087,0.5205271244049072
0.48677486181259155,0.5270776748657227
0.4533870220184326,0.5270079374313354
0.25452864170074463,0.5460374355316162
1.2787812948226929,0.572677493095398
0.5094616413116455,0.5432825684547424
0.5189296007156372,0.6072405576705933
0.39785194396972656,0.5564325451850891
0.22108638286590576,0.5452693700790405
0.5674532651901245,0.5575364828109741
0.27988916635513306,0.5819107294082642
0.6345024108886719,0.5999647378921509
1.282155990600586,0.5646332502365112
0.16158390045166016,0.5681583881378174
0.4016149044036865,0.5821115374565125
0.35498225688934326,0.6363012194633484
0.27598685026168823,0.5941193699836731
0.7950371503829956,0.5397191643714905
0.9215198755264282,0.5811113119125366
0.666866660118103,0.536522626876831
0.4554491639137268,0.5299625992774963
0.8691798448562622,0.5666494965553284
0.7724907398223877,0.5181608200073242
0.38616132736206055,0.5160201787948608
0.1767892837524414,0.5329170823097229
0.23425143957138062,0.5311751365661621
0.7291088104248047,0.5154053568840027
0.3590261936187744,0.5926885604858398
0.5764281749725342,0.6198136806488037
0.9081491231918335,0.5196902751922607
0.5283958911895752,0.6231974363327026
0.9734060764312744,0.5277687311172485
0.8299700021743774,0.6426333785057068
1.5520148277282715,0.6158773899078369
1.33506441116333,0.5219008326530457
0.5700781345367432,0.5993177890777588
1.5844613313674927,0.5749835968017578
0.9246641397476196,0.5581185817718506
0.3140760660171509,0.6119458675384521
0.3068463206291199,0.5750225782394409
0.6040545105934143,0.5127848386764526
0.07868754863739014,0.5263152122497559
0.43143075704574585,0.5345808267593384
0.7982578873634338,0.6129974126815796
0.189755380153656,0.56831294298172
1.3210246562957764,0.5580673813819885
0.885665774345398,0.5100767612457275
0.9958305358886719,0.5349847674369812
0.272047758102417,0.5830798149108887
0.2993896007537842,0.4972725212574005
0.16871261596679688,0.5567569732666016
0.10396242141723633,0.48665207624435425
0.7036823034286499,0.5603240132331848
0.37331318855285645,0.5351683497428894
0.40028202533721924,0.5249452590942383
0.27284300327301025,0.5133951902389526
0.5902727842330933,0.5393974781036377
0.21705377101898193,0.5249619483947754
0.18742847442626953,0.4673742651939392
0.42739295959472656,0.5426771640777588
0.3100113868713379,0.5229528546333313
0.9718081951141357,0.5163034200668335
0.1446552276611328,0.4818152189254761
0.25437402725219727,0.49784451723098755
1.653896450996399,0.5149750709533691
0.1618000864982605,0.4761961102485657
0.9027689695358276,0.5878816843032837
0.7895587682723999,0.5800460577011108
0.5066113471984863,0.5422038435935974
0.17507010698318481,0.4888728857040405
0.28641724586486816,0.49710237979888916
0.3092992901802063,0.5912761688232422
0.39869678020477295,0.5567849278450012
0.3443547487258911,0.6137916445732117
2.1742982864379883,0.6047534942626953
1.244587779045105,0.47698694467544556
0.41552305221557617,0.5613182187080383
0.28818100690841675,0.5987358093261719
0.8560466170310974,0.6086913347244263
0.23394453525543213,0.6007965803146362
0.24924883246421814,0.5369734168052673
0.9427797198295593,0.5951579809188843
0.7767584323883057,0.5229983329772949
0.1368139386177063,0.6174437999725342
0.07607591152191162,0.5613275766372681
0.2523769736289978,0.5511741042137146
0.7242079973220825,0.5252295732498169
0.4828534722328186,0.43663427233695984
1.5160549879074097,0.48841696977615356
1.1627203226089478,0.4887479245662689
1.090524673461914,0.4088919162750244
0.6697897911071777,0.5013821721076965
0.9409040212631226,0.5725641250610352
0.4384876489639282,0.5254799127578735
0.2851829528808594,0.5207439064979553
0.5462414026260376,0.49333590269088745
1.6621673107147217,0.5176159739494324
1.0508962869644165,0.4299478828907013
0.2405604124069214,0.5160422325134277
0.9361972808837891,0.5519207119941711
0.4453730583190918,0.46213003993034363
0.8811231851577759,0.5033025741577148
0.7328035831451416,0.4738300144672394
0.4712805151939392,0.549871563911438
0.9768009185791016,0.4931293725967407
0.4511059522628784,0.5473935604095459
0.48090577125549316,0.5529184341430664
0.5172321796417236,0.6120346784591675
0.32381248474121094,0.5191519260406494
0.4158989191055298,0.5919967293739319
0.21161863207817078,0.5721147060394287
0.5838636159896851,0.6442210674285889
0.38859137892723083,0.6255876421928406
0.19540327787399292,0.7829506397247314
0.39770519733428955,0.610101580619812
0.21078556776046753,0.5971274971961975
0.21275919675827026,0.5484282374382019
0.3197736144065857,0.5807658433914185
0.3905144929885864,0.585110068321228
0.3367302417755127,0.5973544120788574
0.3362078070640564,0.5611295700073242
0.6475383043289185,0.5310166478157043
0.68310546875,0.670789361000061
0.24029666185379028,0.5534968972206116
0.3947697877883911,0.5232083797454834
1.5431092977523804,0.549346387386322
0.5384001731872559,0.5776019096374512
0.4404193162918091,0.5240798592567444
0.7187763452529907,0.5464340448379517
1.0965118408203125,0.44412344694137573
0.24818933010101318,0.45294189453125
0.3066807985305786,0.4148862957954407
0.333659291267395,0.4606932997703552
0.7766671180725098,0.4974035620689392
0.6023644208908081,0.49292871356010437
0.9329239726066589,0.5664609670639038
1.781418800354004,0.5565383434295654
0.5974589586257935,0.5416271686553955
0.9777271747589111,0.5217736959457397
0.9229539632797241,0.5488306879997253
0.36853957176208496,0.5619349479675293
0.8718866109848022,0.5735236406326294
0.8958344459533691,0.5722578167915344
0.506121039390564,0.5936979651451111
0.7227864265441895,0.5499615669250488
1.202615737915039,0.7740310430526733
0.990898847579956,0.6772886514663696
0.7787050008773804,0.6523365378379822
1.1438162326812744,0.6264857649803162
1.0810983180999756,0.5818490982055664
1.6149871349334717,0.5806909203529358
0.4165341854095459,0.5657808184623718
1.623238205909729,0.5687909126281738
0.9673469662666321,0.5254444479942322
1.2130963802337646,0.569027304649353
0.8651022911071777,0.609318196773529
0.8366953134536743,0.560931921005249
1.8319629430770874,0.5883851051330566
1.1920104026794434,0.6450852155685425
1.3130793571472168,0.561126708984375
1.138392686843872,0.5135493874549866
0.21397793292999268,0.49554115533828735
0.5317904949188232,0.5223374366760254
0.3694559335708618,0.47088542580604553
0.9331768751144409,0.4695547819137573
0.5446876287460327,0.5309481024742126
0.473008394241333,0.612632155418396
1.0415898561477661,0.7067212462425232
0.8638244271278381,0.5701296329498291
0.6189284324645996,0.5842137336730957
0.6247705221176147,0.5118861794471741
0.21235716342926025,0.5563887357711792
0.7074282169342041,0.5500450730323792
0.46473169326782227,0.5756243467330933
0.665458083152771,0.5977325439453125
1.1596026420593262,0.5228714346885681
0.19168412685394287,0.567894697189331
1.223227620124817,0.5604775547981262
0.6237630844116211,0.5885673761367798
0.2611539363861084,0.5609149932861328
0.4534893035888672,0.8482115864753723
0.7037956118583679,0.5820553302764893
1.3404386043548584,0.6192915439605713
1.051748514175415,0.557789146900177
0.25325995683670044,0.565054178237915
0.29641133546829224,0.5871886014938354
0.6608534455299377,0.644602358341217
0.7946523427963257,0.6031157970428467
0.24359816312789917,0.6625064015388489
0.4329220652580261,0.5737090110778809
0.4887915849685669,0.61686110496521
0.47249048948287964,0.5951198935508728
0.44041532278060913,0.5768450498580933
0.45861268043518066,0.5645792484283447
0.6514692306518555,0.568314790725708
0.27144569158554077,0.639639139175415
0.1996445655822754,0.6148106455802917
0.7390842437744141,0.626911461353302
0.9851686954498291,0.6088271737098694
1.1329374313354492,0.5578031539916992
0.9508712291717529,0.6090109348297119
0.4253409802913666,0.5746846199035645
0.8065966367721558,0.5536391735076904
0.7504324913024902,0.5775660276412964
0.551546573638916,0.5172559022903442
0.6101215481758118,0.5302534103393555
0.29329586029052734,0.5807468891143799
0.30169373750686646,0.5631284713745117
0.44631436467170715,0.530541181564331
0.6806012392044067,0.5760300159454346
0.3962090015411377,0.6750720739364624
0.24247819185256958,0.49501585960388184
0.6707171201705933,0.5451928377151489
0.6182053685188293,0.5235575437545776
0.1873425841331482,0.4728633761405945
0.5645127296447754,0.5304844975471497
0.8412790298461914,0.536370575428009
0.26641857624053955,0.5107491612434387
0.4562145471572876,0.5520806908607483
0.2619246244430542,0.7725170850753784
0.31226521730422974,0.5721532702445984
0.33672356605529785,0.5772979259490967
0.6534754633903503,0.6075043678283691
0.6613456010818481,0.6259744167327881
1.057978868484497,0.5883989930152893
0.318337082862854,0.5867548584938049
0.2423229217529297,0.7462211847305298
0.5790159702301025,0.5448400974273682
0.16013884544372559,0.5693413019180298
0.63733971118927,0.6767803430557251
0.5343203544616699,0.5614888072013855
0.4962836503982544,0.539585292339325
0.15113770961761475,0.5299857258796692
0.2026616334915161,0.8238734006881714
0.5784698128700256,0.5774878263473511
1.6775151491165161,0.5931894779205322
0.21739012002944946,0.6562615036964417
0.6705200672149658,0.791065514087677
0.17661356925964355,0.7800843715667725
0.14257806539535522,0.7066633701324463
0.4027377963066101,0.5500028133392334
0.3953574299812317,0.58305424451828
0.42880362272262573,0.5955376029014587
0.36138343811035156,0.49765923619270325
0.4419976472854614,0.42988646030426025
0.44758570194244385,0.40894389152526855
0.5386245846748352,0.5359795689582825
0.6838628649711609,0.5319583415985107
0.6503528952598572,0.5196439027786255
0.8666013479232788,0.5408776998519897
0.6014425754547119,0.49929964542388916
0.4477328658103943,0.5043894648551941
0.5520813465118408,0.5173430442810059
1.5604991912841797,0.5089070796966553
0.6811745166778564,0.5536051988601685
0.47259044647216797,0.4935377538204193
0.7511501908302307,0.5617867112159729
0.3396437168121338,0.556574821472168
0.3603861331939697,0.5227857232093811
0.4192569851875305,0.5292603969573975
0.6262338161468506,0.5616949200630188
0.1920405626296997,0.5205228328704834
1.2877482175827026,0.5170236825942993
0.6391603946685791,0.4867080748081207
0.6170320510864258,0.5454691052436829
0.6783090829849243,0.4323071539402008
1.68747878074646,0.48387080430984497
0.4579275846481323,0.5848311185836792
0.35500776767730713,0.5079134106636047
0.36367177963256836,0.6592491269111633
1.1446787118911743,0.5342625379562378
1.2038239240646362,0.5882731676101685
0.7839787006378174,0.5883700251579285
0.8201630711555481,0.5226794481277466
0.21440094709396362,0.5774441957473755
0.5027543306350708,0.529847264289856
0.6282171010971069,0.5490679144859314
0.248712420463562,0.472181499004364
1.2307049036026,0.6083157062530518
0.7135403752326965,0.5318335294723511
0.5583539605140686,0.6632058620452881
0.4074774384498596,0.4816858470439911
0.939359724521637,0.6024124026298523
1.0612566471099854,0.49975892901420593
0.9660673141479492,0.5445950031280518
0.5801663398742676,0.561628520488739
0.3415203094482422,0.5580822825431824
0.6214954853057861,0.5350030660629272
0.4506608247756958,0.579849362373352
0.6130023002624512,0.5561829805374146
0.6641669273376465,0.5498995184898376
0.4549098014831543,0.5096490383148193
0.7176888585090637,0.5171680450439453
1.3118202686309814,0.5544575452804565
0.46976345777511597,0.5156906843185425
0.4657934308052063,0.4650894105434418
0.4407234191894531,0.5110836029052734
1.095301628112793,0.48745912313461304
0.352719783782959,0.5039286017417908
0.7086929082870483,0.5029169917106628
0.6606138944625854,0.5020948648452759
0.7700223922729492,0.4541604518890381
1.0033938884735107,0.5436064600944519
0.35418474674224854,0.5417889356613159
0.4567655920982361,0.4420754015445709
0.6788995862007141,0.49412938952445984
0.6775570511817932,0.5541975498199463
0.764069676399231,0.5739239454269409
1.3785587549209595,0.5824037194252014
2.450881004333496,0.6126697659492493
0.9644098281860352,0.6677932143211365
0.617500364780426,0.6295046806335449
0.42584455013275146,0.6083933115005493
0.28868556022644043,0.5786588788032532
0.41571033000946045,0.5600709915161133
0.6344209313392639,0.5133517384529114
0.21998631954193115,0.6242808699607849
0.3038649559020996,0.6140050292015076
0.27802813053131104,0.5000479221343994
0.17443740367889404,0.6190460920333862
0.15260255336761475,0.5281601548194885
0.33257579803466797,0.6310405731201172
0.6386853456497192,0.5853346586227417
0.4137113094329834,0.6673954725265503
0.3850705623626709,0.5435250401496887
0.3522624373435974,0.5957573652267456
0.23968052864074707,0.605364203453064
0.0976099967956543,0.6784446239471436
0.39942795038223267,0.6599999070167542
0.32921481132507324,0.6540414690971375
0.4272146224975586,0.5847040414810181
1.8818097114562988,0.5630979537963867
0.08771824836730957,0.5323718190193176
0.2865666151046753,0.5475467443466187
0.30911946296691895,0.5859254002571106
0.3514363765716553,0.5087571144104004
0.14102160930633545,0.5316346287727356
0.2405909299850464,0.5953903794288635
0.3826652765274048,0.5616190433502197
0.9763227701187134,0.5757628083229065
0.6114528179168701,0.572250485420227
0.3280773162841797,0.5603704452514648
0.4769335985183716,0.5429922342300415
0.45242226123809814,0.5194122195243835
0.4350060224533081,0.5396127700805664
0.43201398849487305,0.6101714372634888
1.0315784215927124,0.5295043587684631
0.42019855976104736,0.5939007997512817
0.2838658094406128,0.556989848613739
0.05964559316635132,0.6247614622116089
0.2500189542770386,0.6216775178909302
0.32007336616516113,0.6146488189697266
0.2543545961380005,0.5482019186019897
0.2390613555908203,0.6567535996437073
0.42434847354888916,0.5561375021934509
0.21813631057739258,0.5851718187332153
0.9568804502487183,0.5571568012237549
0.8940230011940002,0.49480530619621277
0.28922039270401,0.5724827647209167
0.2537386417388916,0.4956819713115692
0.5330952405929565,0.49887770414352417
0.2937541604042053,0.5137189030647278
0.33690357208251953,0.5815837979316711
0.45903486013412476,0.6144946217536926
0.27308350801467896,0.49253135919570923
0.15452361106872559,0.5028107166290283
0.13171625137329102,0.4874190092086792
0.23579269647598267,0.5121316909790039
0.18123137950897217,0.5779911279678345
0.21927320957183838,0.487649142742157
0.5621142387390137,0.5619553327560425
0.07389587163925171,0.5814462304115295
0.4381434917449951,0.5968633890151978
0.3604888916015625,0.6151370406150818
0.3794224262237549,0.5868297815322876
0.6761883497238159,0.5748411417007446
0.419183611869812,0.5169205665588379
0.427240252494812,0.564326286315918
0.35106873512268066,0.555748462677002
0.16518646478652954,0.4840781092643738
0.07989329099655151,0.5802403092384338
0.2299039363861084,0.6142224073410034
0.14218980073928833,0.5434387922286987
0.2454492449760437,0.5914885401725769
0.13667309284210205,0.5222389101982117
0.20652461051940918,0.6461204290390015
0.42432379722595215,0.5858737230300903
0.1447390913963318,0.5240208506584167
0.23257559537887573,0.5329635739326477
0.18745183944702148,0.5521307587623596
0.9075802564620972,0.5001340508460999
0.3389700651168823,0.5983934998512268
0.21193218231201172,0.5661982893943787
0.23107695579528809,0.546128511428833
0.712700605392456,0.5881169438362122
0.24976181983947754,0.6334632635116577
0.10544037818908691,0.575924277305603
0.31723839044570923,0.6111929416656494
0.30600816011428833,0.5845768451690674
0.21168804168701172,0.5431759357452393
0.2154085636138916,0.5617899894714355
0.31819701194763184,0.5850521922111511
0.3916289210319519,0.48940223455429077
0.11249494552612305,0.5533491373062134
0.06931477785110474,0.5508487224578857
0.28943055868148804,0.5809267163276672
0.24467432498931885,0.54488605260849
0.37835437059402466,0.5748727917671204
0.33893418312072754,0.5228256583213806
0.3008056879043579,0.5742254257202148
0.1620781421661377,0.6022980213165283
0.49461716413497925,0.5443267822265625
0.2365943193435669,0.5867693424224854
0.255471408367157,0.5843847990036011
0.29044461250305176,0.5788912177085876
0.3194272518157959,0.5627334117889404
0.17747920751571655,0.5828787088394165
0.22462540864944458,0.5752741098403931
0.2633609175682068,0.5557575225830078
0.3794107437133789,0.6275014877319336
0.46074753999710083,0.5557402968406677
0.7576501369476318,0.5952043533325195
0.19476735591888428,0.6215978264808655
0.7724131345748901,0.5651515126228333
0.5502766966819763,0.5968008041381836
3.5410773754119873,0.5676288604736328
0.4223294258117676,0.5544341802597046
1.7443197965621948,0.5620616674423218
1.4518417119979858,0.5040714144706726
1.0534602403640747,0.6165616512298584
1.2177069187164307,0.5609291791915894
0.44960689544677734,0.6310235261917114
0.5251826643943787,0.6203241944313049
1.3803493976593018,0.598312258720398
0.3861240744590759,0.5932341814041138
1.0421222448349,0.6020484566688538
1.305875301361084,0.6193316578865051
0.5333291888237,0.48251980543136597
0.7629163861274719,0.5275912284851074
0.6484388113021851,0.6004719734191895
0.8759022951126099,0.6025694608688354
1.310728907585144,0.5492191910743713
0.612159013748169,0.6206681132316589
0.6903703212738037,0.7119592428207397
0.5372904539108276,0.5563257932662964
0.5328481197357178,0.5802475214004517
0.5574849843978882,0.5107704401016235
0.47374677658081055,0.5621296167373657
0.4898488521575928,0.6259870529174805
0.20029336214065552,0.5751357674598694
0.20265090465545654,0.5748707056045532
0.06960159540176392,0.5243110060691833
0.17935913801193237,0.569865345954895
0.20370376110076904,0.5736973881721497
0.30876392126083374,0.5355919003486633
0.2189096212387085,0.563427209854126
1.3962632417678833,0.5475524663925171
0.6225004196166992,0.6156130433082581
0.1769586205482483,0.5126990675926208
0.2247028350830078,0.5490355491638184
0.3384476900100708,0.5656285285949707
0.6720538139343262,0.5904192924499512
0.21538060903549194,0.6502271890640259
0.14244157075881958,0.6031081080436707
0.12217527627944946,0.5370951890945435
0.1773076057434082,0.6548389792442322
0.6558440923690796,0.5841082334518433
0.2275102138519287,0.5805659294128418
0.9562695026397705,0.581139326095581
0.13738518953323364,0.6153518557548523
0.6625852584838867,0.47430261969566345
1.950403094291687,0.5791887044906616
0.5205513834953308,0.5572898387908936
0.795021653175354,0.5855052471160889
0.7939543724060059,0.5890361070632935
0.46195703744888306,0.585944414138794
1.1956839561462402,0.607255220413208
1.3260337114334106,0.5703603029251099
2.0422463417053223,0.5721280574798584
0.24489140510559082,0.550350546836853
0.5346604585647583,0.552112340927124
0.3259502649307251,0.5153369307518005
0.32443976402282715,0.611619234085083
0.260941743850708,0.6132303476333618
0.1274799108505249,0.5862293243408203
0.270967960357666,0.597180962562561
0.10100287199020386,0.5740037560462952
0.3062014579772949,0.5509295463562012
0.20967864990234375,0.6024168133735657
0.6839007139205933,0.5678800344467163
0.24586272239685059,0.5615921020507812
0.33553409576416016,0.5296273231506348
0.6037594079971313,0.5835186839103699
0.11097091436386108,0.5632196664810181
0.22661983966827393,0.5712454915046692
2.3034045696258545,0.6717129349708557
0.6645308136940002,0.6253402233123779
0.6308221817016602,0.6600643396377563
1.1837712526321411,0.6228876113891602
0.9897158145904541,0.825752854347229
0.9278712868690491,0.593109130859375
1.713850498199463,0.6899807453155518
0.24199169874191284,0.5535032749176025
1.0058608055114746,0.7036942839622498
0.22256720066070557,0.6460269093513489
1.392725944519043,0.6471031904220581
0.3675192594528198,0.6294012069702148
0.38614463806152344,0.5694201588630676
0.38111066818237305,0.5987551212310791
0.3135390281677246,0.5797410011291504
0.28973597288131714,0.5349953174591064
0.14371466636657715,0.5782737731933594
0.16643476486206055,0.6085264682769775
0.09033411741256714,0.5805216431617737
0.1693718433380127,0.5668298006057739
0.13381004333496094,0.5306886434555054
0.28193795680999756,0.5685068964958191
0.16284435987472534,0.5777186751365662
0.2909674644470215,0.6086463332176208
0.47385454177856445,0.5613875389099121
0.12722015380859375,0.56525057554245
0.29281163215637207,0.6062986850738525
0.8322243094444275,0.5609573125839233
0.6291522979736328,0.65780109167099
0.26839780807495117,0.4975680410861969
0.16812032461166382,0.469859778881073
0.18325579166412354,0.4912911355495453
0.6182764768600464,0.5271613597869873
0.20483863353729248,0.5130686163902283
0.2314227819442749,0.5256731510162354
0.3790856599807739,0.4318123459815979
0.30892157554626465,0.4436948597431183
0.9530229568481445,0.4484596848487854
0.8353568315505981,0.44520872831344604
0.7577205300331116,0.4055369198322296
1.293013334274292,0.4805610179901123
0.11150622367858887,0.430584579706192
0.5714148283004761,0.4394386410713196
0.6540981531143188,0.5870844125747681
0.664880096912384,0.539608895778656
1.164202094078064,0.5641273260116577
0.215057373046875,0.7070972323417664
0.45241451263427734,0.6091791391372681
0.22409772872924805,0.6446026563644409
0.624880850315094,0.5596237778663635
0.5259934663772583,0.6954731941223145
0.4504314661026001,0.5820260047912598
0.5569229125976562,0.6040513515472412
0.41719943284988403,0.5667142868041992
0.27492040395736694,0.5879478454589844
0.15163058042526245,0.5350499153137207
0.35121244192123413,0.6296701431274414
0.3921516537666321,0.6365213394165039
0.3748018741607666,0.5471869111061096
1.1669490337371826,0.5974898934364319
0.7767367362976074,0.5472570061683655
1.1726679801940918,0.5716995000839233
0.08105838298797607,0.6203400492668152
0.6164835691452026,0.574776828289032
0.5227439403533936,0.4873535931110382
0.7986077666282654,0.4890953302383423
0.23355019092559814,0.5439221858978271
0.4597768783569336,0.5513464212417603
0.39921796321868896,0.48394304513931274
0.46050989627838135,0.5096789598464966
0.49302947521209717,0.4743990898132324
1.5719852447509766,0.5510531663894653
0.8126742839813232,0.49675342440605164
0.9658247232437134,0.5913869738578796
0.5883600115776062,0.7315404415130615
0.5166757106781006,0.8483012914657593
0.6907421350479126,0.7748795747756958
0.7198176383972168,0.5890069007873535
0.5457696914672852,0.5689237713813782
0.7908710837364197,0.5051767230033875
0.21947532892227173,0.5734772682189941
0.17921406030654907,0.5388774871826172
1.142661690711975,0.5514172315597534
0.4783594608306885,0.6013602018356323
0.33675307035446167,0.5696640014648438
0.8363991379737854,0.5586692690849304
0.8258779644966125,0.48495179414749146
0.9098426699638367,0.5569910407066345
0.6893839836120605,0.47837546467781067
0.907566249370575,0.5308552980422974
0.4495917558670044,0.6195220947265625
0.32433032989501953,0.697226881980896
0.7071672081947327,0.7658687829971313
1.2451924085617065,0.785879373550415
0.2784714698791504,0.581307053565979
0.9124091267585754,0.9165083765983582
0.4866575002670288,0.5012889504432678
0.5850045680999756,0.623691201210022
0.46772319078445435,0.48321181535720825
0.5272332429885864,0.4589519202709198
0.12663137912750244,0.524299681186676
0.5988741517066956,0.5795061588287354
0.5438768863677979,0.5370921492576599
0.3660898804664612,0.5228878855705261
0.49142736196517944,0.46261078119277954
0.32322758436203003,0.5065220594406128
0.3380298614501953,0.4518737196922302
0.693366527557373,0.5099004507064819
0.5390154123306274,0.47641658782958984
0.9684750437736511,0.5092527866363525
0.3145411014556885,0.5879868268966675
0.7767775058746338,0.7242244482040405
0.4181172251701355,0.666439414024353
0.6647446155548096,0.8020589351654053
0.10492777824401855,0.5361413955688477
0.30357638001441956,0.5439261198043823
0.37989872694015503,0.5247795581817627
0.47460079193115234,0.47057241201400757
0.5493350028991699,0.6469833850860596
0.5331152677536011,0.6505224704742432
1.7355390787124634,0.5215696692466736
0.3360092043876648,0.5227094888687134
1.0820410251617432,0.4808272421360016
0.44849658012390137,0.42669710516929626
0.8634973168373108,0.4008725881576538
0.6642684936523438,0.3521086573600769
1.0857183933258057,0.4050845801830292
0.6512799859046936,0.49067237973213196
0.4222763776779175,0.42723679542541504
0.5178064107894897,0.5572741627693176
0.37117886543273926,0.5266061425209045
0.44405102729797363,0.4991745948791504
0.4452422857284546,0.5596054792404175
0.538372278213501,0.4471372663974762
0.5283834934234619,0.4334993362426758
0.5055655241012573,0.45195603370666504
0.5463161468505859,0.3639213740825653
0.6562439203262329,0.45789843797683716
0.14111429452896118,0.46180734038352966
0.5826125144958496,0.4185516834259033
0.46806931495666504,0.4708994925022125
0.7532646656036377,0.41895341873168945
0.47624850273132324,0.43973439931869507
0.3919268846511841,0.46690309047698975
0.5132585763931274,0.49284231662750244
0.3257911205291748,0.5716742873191833
0.7009451389312744,0.5683339238166809
0.5923345685005188,0.5488414168357849
0.21496355533599854,0.5754891633987427
0.947376012802124,0.5098581910133362
0.4303777813911438,0.6741396188735962
0.5998048782348633,0.4899352788925171
0.5353772640228271,0.482862651348114
1.2418431043624878,0.4483528137207031
0.4059760570526123,0.46869412064552307
0.543604850769043,0.4933118224143982
0.3310527801513672,0.4040394723415375
0.6931008696556091,0.42135071754455566
0.5735418200492859,0.396731972694397
0.31581544876098633,0.4780885577201843
0.8117569088935852,0.5357429385185242
0.8288391828536987,0.48731034994125366
0.6638870239257812,0.5807070732116699
1.8349919319152832,0.5204946398735046
1.3114991188049316,0.4560464918613434
0.5628719925880432,0.4600715637207031
1.22406005859375,0.4414507746696472
1.5509425401687622,0.4400150775909424
0.15288901329040527,0.38427984714508057
2.473134756088257,0.5362135171890259
0.5969423055648804,0.5628414154052734
0.3809993267059326,0.5274536609649658
0.11696332693099976,0.5650456547737122
0.23403525352478027,0.44771865010261536
0.4827117919921875,0.5109522938728333
0.5222436189651489,0.5215454697608948
0.06750941276550293,0.3959203362464905
0.2529706358909607,0.42779767513275146
0.9853377342224121,0.47535425424575806
0.438207745552063,0.505950391292572
0.2782388925552368,0.4191785752773285
0.19359362125396729,0.4323269724845886
0.13641220331192017,0.49567127227783203
0.29169583320617676,0.5900663733482361
0.40855908393859863,0.5436900854110718
0.385235071182251,0.45105472207069397
0.18918108940124512,0.5178991556167603
0.17196440696716309,0.6209390163421631
0.22405099868774414,0.47519633173942566
0.07267212867736816,0.49153953790664673
0.37492096424102783,0.5774311423301697
0.3064979314804077,0.5173494815826416
1.7272424697875977,0.506208062171936
0.32073163986206055,0.5029262900352478
0.6661662459373474,0.5752893686294556
0.9399111270904541,0.5473575592041016
0.16585850715637207,0.43645960092544556
0.38442516326904297,0.4554264545440674
0.2621638774871826,0.4711214005947113
0.18146562576293945,0.5025456547737122
0.11113429069519043,0.49879127740859985
0.231347918510437,0.6316744089126587
0.1053915023803711,0.6699047684669495
0.3869074583053589,0.5026053786277771
0.6277115345001221,0.4585278332233429
0.15773075819015503,0.48800626397132874
0.753171443939209,0.4285794496536255
0.12718629837036133,0.47140008211135864
0.693898618221283,0.45954474806785583
0.41499948501586914,0.440070241689682
0.39621925354003906,0.5728117227554321
0.17138099670410156,0.4761293828487396
0.6709470748901367,0.5704590082168579
0.3125983476638794,0.6213608980178833
0.17662227153778076,0.5582703948020935
0.25152459740638733,0.4907563328742981
0.11257076263427734,0.4531567096710205
0.11496973037719727,0.5082839131355286
0.15234088897705078,0.5235342383384705
0.20934545993804932,0.616300106048584
0.2219604253768921,0.5559893846511841
0.1261909008026123,0.48405617475509644
0.14113301038742065,0.455970823764801
0.23188108205795288,0.509527325630188
0.12109488248825073,0.4736293852329254
0.4723081588745117,0.5458383560180664
0.1887979507446289,0.5766746401786804
0.1663827896118164,0.5316778421401978
0.3742004632949829,0.5845798254013062
0.16825509071350098,0.5638842582702637
0.2608509063720703,0.5995855927467346
0.1111760139465332,0.6036864519119263
0.15859723091125488,0.5347501039505005
0.16828352212905884,0.6047230958938599
0.3999040126800537,0.5887514352798462
0.1664494276046753,0.6475072503089905
0.10523951053619385,0.5693897604942322
0.14142274856567383,0.6162649393081665
0.5681627988815308,0.516187846660614
0.20893406867980957,0.612082302570343
0.3589074909687042,0.534974992275238
0.533038854598999,0.5375281572341919
0.27240830659866333,0.5603899359703064
0.3201672434806824,0.5236004590988159
0.1445794701576233,0.5125964879989624
0.3708922863006592,0.5542296171188354
0.4234265089035034,0.5762414932250977
0.5514254570007324,0.5513652563095093
0.5439949035644531,0.5289318561553955
0.12994349002838135,0.5136216282844543
0.32552480697631836,0.46393007040023804
0.44568800926208496,0.5741316080093384
0.2582423686981201,0.5242201685905457
0.08064019680023193,0.48772308230400085
0.33219456672668457,0.5181494951248169
0.24842965602874756,0.5487948656082153
0.3779250979423523,0.5164544582366943
0.5554530620574951,0.5687829256057739
0.5578259229660034,0.5051943063735962
0.3627638816833496,0.4821743667125702
0.20470654964447021,0.6041533946990967
0.12558603286743164,0.5416650772094727
0.30547237396240234,0.5823560357093811
0.3621717691421509,0.5407042503356934
0.1383252739906311,0.4845202565193176
0.22400307655334473,0.8445007801055908
0.08461329340934753,0.5236695408821106
0.49366098642349243,0.42267224192619324
0.3615064024925232,0.7137093544006348
0.25986558198928833,0.41823193430900574
0.3565499782562256,0.4213521182537079
0.2941626310348511,0.6348668336868286
0.3636913299560547,0.4589468240737915
0.1689012050628662,0.4727279245853424
0.18963110446929932,0.38607972860336304
0.4631373882293701,0.5496485233306885
0.20239925384521484,0.5297138690948486
0.14043688774108887,0.6303330063819885
0.1973867416381836,0.44648033380508423
0.23962676525115967,0.5955706834793091
0.6445438861846924,0.5807391405105591
0.40281954407691956,0.500771164894104
0.12155914306640625,0.5252714157104492
0.3452249765396118,0.4911057949066162
0.312984824180603,0.49536120891571045
0.07786011695861816,0.5024942755699158
0.24439454078674316,0.6014939546585083
0.1287168264389038,0.5044652819633484
0.1478976607322693,0.5109617114067078
0.32190853357315063,0.5280090570449829
0.6106443405151367,0.5663468837738037
0.16611847281455994,0.5011528730392456
0.46450161933898926,0.512786865234375
0.344818115234375,0.5272029638290405
0.3601628541946411,0.5080219507217407
0.6581189036369324,0.5562902688980103
0.5217880606651306,0.43643245100975037
0.05463099479675293,0.43996661901474
0.3544272184371948,0.461536705493927
0.30750036239624023,0.4617677927017212
0.4982699751853943,0.42316678166389465
0.8832844495773315,0.39985910058021545
0.4506685733795166,0.4384050667285919
0.48169273138046265,0.4686678946018219
0.26435160636901855,0.4294627010822296
0.3595151901245117,0.5190989971160889
0.14119791984558105,0.5105538368225098
0.40807580947875977,0.47632476687431335
0.2106897234916687,0.4776444435119629
0.1941206455230713,0.4883734881877899
0.26056957244873047,0.4290078282356262
0.21446013450622559,0.5136152505874634
0.17340922355651855,0.5253647565841675
0.3296515941619873,0.5459180474281311
0.1484813690185547,0.56308913230896
0.3687180280685425,0.49959325790405273
0.4526221752166748,0.5471628308296204
0.6011008620262146,0.46742814779281616
1.590928316116333,0.5284191370010376
0.6341256499290466,0.5452620387077332
0.2556440830230713,0.5271127223968506
0.37790679931640625,0.5731416344642639
0.11656951904296875,0.5255061984062195
0.22060847282409668,0.5136035084724426
0.17934441566467285,0.5283976197242737
0.20659124851226807,0.532346248626709
0.23019230365753174,0.47525542974472046
0.7530373334884644,0.5590881705284119
0.7875313758850098,0.4810030460357666
0.2361997365951538,0.5852948427200317
0.2870810031890869,0.5890293717384338
0.35848546028137207,0.6189167499542236
0.6441818475723267,0.6002123951911926
0.6239759922027588,0.4766369163990021
0.21639513969421387,0.5691957473754883
0.04931163787841797,0.4736180603504181
0.25318896770477295,0.4928845167160034
0.4269857406616211,0.5273628830909729
0.29157042503356934,0.5213338732719421
0.06575584411621094,0.4350113868713379
0.2472853660583496,0.4830411970615387
0.2567110061645508,0.4271266460418701
0.27036505937576294,0.49239403009414673
0.3320220708847046,0.44738516211509705
0.188493013381958,0.4193626046180725
0.4931383728981018,0.4885854721069336
0.4223449230194092,0.5699746012687683
0.308709979057312,0.4390518069267273
0.2406761646270752,0.46352070569992065
0.3011971712112427,0.5332685112953186
0.4966980218887329,0.4894397258758545
0.475848913192749,0.4660186171531677
0.3004946708679199,0.46342629194259644
0.17622780799865723,0.5910348296165466
0.23300766944885254,0.5556679368019104
0.6545705199241638,0.5660352110862732
0.6331131458282471,0.6039260029792786
0.06643819808959961,0.4865427017211914
0.24941885471343994,0.4520305395126343
0.7332417964935303,0.48239314556121826
0.28451108932495117,0.48783254623413086
0.25667792558670044,0.5031749606132507
0.0689547061920166,0.46615076065063477
0.2350940704345703,0.5273075699806213
0.24635016918182373,0.4412924647331238
0.31380295753479004,0.4704951047897339
0.331756591796875,0.4301539957523346
0.16867756843566895,0.4274917244911194
0.4153776168823242,0.4231587052345276
1.4040477275848389,0.5167165994644165
0.5824028253555298,0.4408167898654938
0.08963754773139954,0.4303702712059021
0.9357507228851318,0.5386350750923157
0.15130972862243652,0.5226145386695862
0.21774840354919434,0.5219205617904663
0.06737160682678223,0.6106814742088318
0.5098986625671387,0.5791192054748535
0.6828302145004272,0.5079247951507568
0.2324501872062683,0.5669853687286377
0.11939418315887451,0.5591661930084229
0.33302319049835205,0.5797051787376404
0.5250711441040039,0.5850129127502441
0.14062607288360596,0.5303236246109009
0.03962987661361694,0.5971261262893677
0.2194516956806183,0.6266731023788452
0.3981879949569702,0.585989236831665
0.1091911792755127,0.5778018236160278
0.35207104682922363,0.6174207925796509
0.2609527111053467,0.6415960788726807
0.8016963601112366,0.5530294179916382
0.7604660987854004,0.5861585736274719
0.49943244457244873,0.5996798276901245
0.27717435359954834,0.5856477618217468
0.1569737195968628,0.6084263920783997
0.2727857828140259,0.6503572463989258
0.22264349460601807,0.45705050230026245
0.378137469291687,0.5875641703605652
0.2433631420135498,0.5821599960327148
0.14330780506134033,0.5269044041633606
0.14987802505493164,0.48763227462768555
0.41202712059020996,0.581160843372345
0.23842263221740723,0.49689754843711853
0.3053428530693054,0.7347460985183716
0.5115945339202881,0.649304211139679
0.23058533668518066,0.578497052192688
0.15884029865264893,0.5708123445510864
0.34083086252212524,0.5534029006958008
0.5143437385559082,0.6270004510879517
0.18616485595703125,0.5497838258743286
0.1481032371520996,0.4975231885910034
0.9432249665260315,0.4854302704334259
0.24161410331726074,0.4735721945762634
0.7396367788314819,0.43659693002700806
0.14833426475524902,0.45789584517478943
0.4821969270706177,0.5394692420959473
0.17844343185424805,0.5485895276069641
0.12375423312187195,0.4598686099052429
0.2612966299057007,0.44981804490089417
0.3308013677597046,0.5236871242523193
0.1458890438079834,0.5077242255210876
0.13984441757202148,0.4819478392601013
0.3637509346008301,0.5362754464149475
0.1354541778564453,0.5839163661003113
0.16434264183044434,0.40039101243019104
0.28876638412475586,0.43616488575935364
0.08484530448913574,0.42560917139053345
0.18433332443237305,0.39844411611557007
0.18886065483093262,0.46425265073776245
0.9703636169433594,0.42015114426612854
0.20650041103363037,0.44778335094451904
0.1535971760749817,0.4509144723415375
0.17871952056884766,0.42814481258392334
0.09325277805328369,0.43519920110702515
0.17589354515075684,0.46949222683906555
0.24447119235992432,0.4667300581932068
0.39171886444091797,0.5548023581504822
0.11743664741516113,0.4625154733657837
0.3078165054321289,0.4951469302177429
0.2375885248184204,0.4668567478656769
0.3123044967651367,0.4905197024345398
0.12788867950439453,0.48489809036254883
0.6193722486495972,0.46800732612609863
0.33139121532440186,0.541946291923523
0.3455686569213867,0.49688461422920227
0.5957885980606079,0.4661995768547058
0.08869314193725586,0.4804786145687103
0.22803807258605957,0.3827015161514282
0.5726063251495361,0.5060274004936218
0.1565558910369873,0.5295019745826721
0.2432575225830078,0.5841907858848572
0.2779425382614136,0.42196109890937805
0.3846217393875122,0.36555516719818115
0.21153390407562256,0.43198150396347046
0.5539238452911377,0.5406632423400879
0.5221014022827148,0.46840453147888184
0.20619386434555054,0.4175167679786682
0.34410691261291504,0.5373073816299438
0.6041820049285889,0.45191285014152527
0.26178979873657227,0.5509990453720093
0.37130939960479736,0.6132620573043823
0.3814007639884949,0.6115987300872803
0.6402899622917175,0.6246089935302734
0.6618711352348328,0.6239041090011597
1.142801284790039,0.6524171829223633
1.0559505224227905,0.6198515892028809
0.25519025325775146,0.49378710985183716
0.23708605766296387,0.4677377939224243
0.28184330463409424,0.49705564975738525
0.539309024810791,0.5196456909179688
0.17303550243377686,0.4271509051322937
0.9953325986862183,0.5543040633201599
0.21264755725860596,0.45543596148490906
0.33273589611053467,0.434058278799057
0.23252713680267334,0.4379301369190216
0.7886044979095459,0.4359060525894165
0.14224529266357422,0.34351879358291626
0.2422196865081787,0.35053303837776184
0.2323383092880249,0.31803494691848755
0.10629916191101074,0.29215705394744873
0.5180912613868713,0.4511566162109375
0.4172394275665283,0.4412500858306885
0.12500709295272827,0.35675716400146484
0.5250136852264404,0.5154959559440613
0.4576077461242676,0.4714391827583313
0.6117897033691406,0.34669944643974304
0.4805449843406677,0.3539475202560425
0.5813698768615723,0.4346362054347992
0.1439296007156372,0.5059967041015625
0.874630331993103,0.5646319389343262
0.5830769538879395,0.4738231897354126
1.0425426959991455,0.5481526255607605
0.3363950252532959,0.6218759417533875
0.228959321975708,0.5465326309204102
0.5259041786193848,0.5636724233627319
0.2121429443359375,0.5331740975379944
0.5372090935707092,0.5360274314880371
0.9243389368057251,0.5681403875350952
0.6651909351348877,0.5108180642127991
0.43346691131591797,0.5757129192352295
0.35391002893447876,0.5024216771125793
0.11002135276794434,0.46952271461486816
0.2919747829437256,0.5628416538238525
0.7203792333602905,0.5737436413764954
0.19173938035964966,0.5067596435546875
0.10065340995788574,0.6767992973327637
1.0242491960525513,0.5878716707229614
1.1326285600662231,0.6520299911499023
2.5306601524353027,0.6062292456626892
1.544307827949524,0.514024019241333
0.8047370910644531,0.48748791217803955
0.20838767290115356,0.44169116020202637
0.7880592346191406,0.4626592993736267
0.9083120226860046,0.4958652853965759
1.0039011240005493,0.46956032514572144
1.8206392526626587,0.4867311716079712
1.7243924140930176,0.5170742273330688
1.160960078239441,0.4753429591655731
1.6006075143814087,0.49732673168182373
1.1063858270645142,0.4816918969154358
0.5844547748565674,0.5646288394927979
0.7503831386566162,0.549319863319397
1.5170300006866455,0.41947901248931885
1.818696141242981,0.4783487617969513
1.9385628700256348,0.6142333745956421
0.6852693557739258,0.75380539894104
0.8636387586593628,0.627535343170166
0.8649026155471802,0.5643913745880127
1.0799860954284668,0.4952980875968933
0.26241111755371094,0.5220745205879211
0.9552863836288452,0.5324095487594604
0.7926018238067627,0.6006826162338257
1.5375486612319946,0.5897780656814575
1.4913049936294556,0.5932567119598389
0.4529492259025574,0.567070722579956
1.0547420978546143,0.6813408136367798
0.578697919845581,0.5626546740531921
1.4334707260131836,0.6607598662376404
0.738588809967041,0.5139303803443909
0.7964761257171631,0.5181934833526611
1.1097180843353271,0.503330647945404
1.1852917671203613,0.5832146406173706
1.229137659072876,0.5935342311859131
2.0063841342926025,0.5819104909896851
1.7190333604812622,0.5524250268936157
0.4617863893508911,0.5549485683441162
0.9248258471488953,0.45661166310310364
1.2207551002502441,0.5750548839569092
0.37529456615448,0.4264492690563202
0.6309738159179688,0.5290056467056274
0.5687849521636963,0.5663766860961914
0.9263776540756226,0.5718826055526733
0.5675885677337646,0.5624651908874512
1.3744752407073975,0.5702745914459229
0.9404315948486328,0.566226601600647
0.6638299226760864,0.5582646727561951
2.046842336654663,0.6001423597335815
1.288544774055481,0.4304615557193756
0.9679458141326904,0.6178935766220093
0.33242252469062805,0.4913681447505951
1.1627025604248047,0.5558936595916748
0.16267281770706177,0.4944440722465515
0.2517153024673462,0.5344153642654419
0.7616612911224365,0.4919218420982361
0.886803388595581,0.6243189573287964
1.3027031421661377,0.4717531204223633
2.1521365642547607,0.5916277170181274
0.9408131837844849,0.45027172565460205
0.6972827911376953,0.7675161361694336
0.7099169492721558,0.5515202283859253
0.7586596608161926,0.8082572817802429
1.9812729358673096,0.5951815247535706
0.23314762115478516,0.5076707601547241
1.1594513654708862,0.5942561626434326
0.7429274320602417,0.5943517088890076
0.16521796584129333,0.4892881512641907
0.3172621726989746,0.48827996850013733
0.921630859375,0.6208028793334961
1.021472692489624,0.5718292593955994
0.8956895470619202,0.5530692338943481
1.1858912706375122,0.5041040182113647
1.2902154922485352,0.5227884650230408
1.257973313331604,0.5666544437408447
1.0272812843322754,0.6154054403305054
1.3077106475830078,0.4866601228713989
0.4810960292816162,0.5148831605911255
0.6862369775772095,0.45586255192756653
1.8221675157546997,0.5412811636924744
1.0556479692459106,0.5651896595954895
0.46138501167297363,0.7941198348999023
0.3934441804885864,0.7638432383537292
0.8088569641113281,0.730461597442627
0.9641764163970947,0.6102150678634644
2.5031557083129883,0.5701426267623901
0.676997184753418,0.618370771408081
0.44839000701904297,0.5636753439903259
0.17072993516921997,0.5445669889450073
0.7452500462532043,0.550347626209259
1.1727187633514404,0.5787261724472046
0.1927606463432312,0.5419031977653503
0.6231828927993774,0.6150554418563843
0.392009973526001,0.5536435842514038
0.4053764343261719,0.5702888369560242
0.43886786699295044,0.6332665681838989
0.7200791835784912,0.5128998160362244
0.570704460144043,0.536571741104126
1.515228271484375,0.5356055498123169
0.7150635719299316,0.5210520029067993
1.1910316944122314,0.5691388249397278
0.2995592951774597,0.5848891139030457
0.29994267225265503,0.5699070692062378
0.929874062538147,0.5205076932907104
1.3129326105117798,0.5326764583587646
0.6030658483505249,0.5541629791259766
0.22462505102157593,0.6032416224479675
0.5612840056419373,0.6272451877593994
0.43607139587402344,0.6704736948013306
0.38556933403015137,0.6773808002471924
0.7317692041397095,0.6582514047622681
1.2722772359848022,0.5730639100074768
0.7474880218505859,0.4644436836242676
0.7328548431396484,0.5350855588912964
1.7182667255401611,0.5746299028396606
1.4282366037368774,0.544586181640625
2.4902827739715576,0.6543095111846924
0.8764213919639587,0.5572347640991211
2.3521647453308105,0.5524974465370178
1.337416172027588,0.5068569779396057
1.9286097288131714,0.5726221203804016
0.758492112159729,0.600618302822113
0.99478679895401,0.6023018956184387
1.730129361152649,0.5547378063201904
1.115480899810791,0.7555769681930542
1.6216826438903809,0.6271723508834839
1.6497399806976318,0.6322993040084839
2.174046516418457,0.507013201713562
0.9594358205795288,0.48006191849708557
1.3371257781982422,0.522193431854248
2.483828544616699,0.5498872995376587
2.703176975250244,0.5719020366668701
2.624835968017578,0.5748720169067383
0.9990619421005249,0.5747935771942139
2.1323986053466797,0.9238005876541138
1.3010648488998413,0.756920576095581
1.044893741607666,0.8478826880455017
0.793715238571167,0.834522008895874
2.112492561340332,0.8298497796058655
0.848947286605835,0.5798977017402649
1.0323470830917358,0.6752767562866211
0.20056039094924927,0.556892454624176
0.6973540782928467,0.5205898284912109
1.1101301908493042,0.5547096729278564
1.956929326057434,0.6283532381057739
2.8010611534118652,0.5898666381835938
1.6573889255523682,0.5425527095794678
0.5293039083480835,0.5069546103477478
1.409761667251587,0.44705623388290405
3.0318944454193115,0.5312192440032959
1.977545976638794,0.5014044046401978
0.3994216322898865,0.5586748123168945
0.6760287284851074,0.4672282934188843
1.9533696174621582,0.5356271862983704
1.1736605167388916,0.5529378056526184
1.5227277278900146,0.5586063861846924
1.1165955066680908,0.5958081483840942
1.6409623622894287,0.546500563621521
2.299776792526245,0.6163809299468994
0.6694092750549316,0.5590046644210815
1.3135592937469482,0.5584169030189514
2.3754825592041016,0.5590236783027649
4.254537105560303,0.5595923662185669
0.1928238868713379,0.494515061378479
0.6157643795013428,0.5123928785324097
1.1721569299697876,0.4677756428718567
0.5683771371841431,0.7015889883041382
1.1210994720458984,0.5923043489456177
0.5920925140380859,0.5957164764404297
0.9236668348312378,0.5890663862228394
1.5437471866607666,0.6226802468299866
0.5637867450714111,0.5513116121292114
0.3093949556350708,0.6549010276794434
0.5884422659873962,0.5911651849746704
0.42846614122390747,0.6100141406059265
1.023782730102539,0.6114661693572998
1.539694905281067,0.5960764288902283
0.9259572625160217,0.5703234672546387
0.7066985368728638,0.5275803804397583
0.8971774578094482,0.49136990308761597
1.2717523574829102,0.5677889585494995
0.9797816276550293,0.5370368361473083
2.2955777645111084,0.5311558842658997
1.2417398691177368,0.5250881314277649
1.853481411933899,0.5899870991706848
2.8249094486236572,0.6331029534339905
1.1653122901916504,0.546530544757843
1.145942211151123,0.6664555072784424
2.0507452487945557,0.5666210055351257
1.8870693445205688,0.5903487801551819
1.1672834157943726,0.5327361822128296
0.7925820350646973,0.5309431552886963
0.8428733348846436,0.5529138445854187
0.9212288856506348,0.5441536903381348
1.1745480298995972,0.6134800910949707
0.9475682973861694,0.4955802261829376
0.418379545211792,0.5621869564056396
0.18737894296646118,0.4471665620803833
0.5918871164321899,0.4928857684135437
0.245361328125,0.5021967887878418
0.899235725402832,0.48078909516334534
0.25275635719299316,0.48192644119262695
0.5500690340995789,0.6839702129364014
0.8931220769882202,0.8646202683448792
0.42116647958755493,0.47473403811454773
0.27489984035491943,0.5134140253067017
0.30661118030548096,0.7425106763839722
0.5620377063751221,0.5334829092025757
0.903674840927124,0.6102443933486938
0.4033184051513672,0.5468292236328125
0.6841624975204468,0.44719159603118896
1.0038034915924072,0.5212365388870239
0.5531837344169617,0.5069152116775513
0.26893067359924316,0.4583580493927002
0.6116414070129395,0.5718561410903931
0.13714569807052612,0.5161231756210327
0.26961255073547363,0.5496034622192383
0.38808274269104004,0.5460996627807617
0.24369317293167114,0.514075517654419
0.2845885157585144,0.5086459517478943
0.2644197940826416,0.5073078870773315
0.30268335342407227,0.5329858064651489
0.6345387697219849,0.5851433277130127
1.1926984786987305,0.5951042771339417
0.07565689086914062,0.5403352975845337
0.26705431938171387,0.6555578112602234
0.5427969098091125,0.5660445690155029
0.49533116817474365,0.5253600478172302
0.3129522204399109,0.5889132618904114
0.2829601764678955,0.4705229103565216
0.7045363187789917,0.5811736583709717
0.5824024081230164,0.5616784691810608
0.36647307872772217,0.4232619106769562
0.2270296812057495,0.42433345317840576
0.26654672622680664,0.45461833477020264
0.4682425260543823,0.48670533299446106
0.43535107374191284,0.492671400308609
0.5035595893859863,0.4272192418575287
0.1558455228805542,0.4359391927719116
0.11062800884246826,0.5031713247299194
0.20185935497283936,0.5501963496208191
0.16741180419921875,0.49256208539009094
0.22139644622802734,0.46973633766174316
0.401383638381958,0.4749775528907776
0.34084177017211914,0.4652286171913147
0.18324434757232666,0.47382113337516785
1.2499316930770874,0.5016545057296753
0.2659735679626465,0.5562193989753723
0.2085566520690918,0.5898866653442383
0.12505769729614258,0.5250195264816284
0.1953277587890625,0.5490462183952332
0.3711179494857788,0.5908230543136597
0.6446490287780762,0.46988940238952637
0.6910528540611267,0.5200542211532593
0.38102173805236816,0.5748257040977478
0.28089237213134766,0.4969141483306885
0.2681999206542969,0.4845747947692871
1.502023458480835,0.5509462952613831
0.29728496074676514,0.4977845549583435
0.7477239370346069,0.5569238066673279
0.5971653461456299,0.5190840363502502
0.1964484453201294,0.47214823961257935
0.21325784921646118,0.47326523065567017
0.15007281303405762,0.5059103965759277
0.1258993148803711,0.5415034294128418
0.10527849197387695,0.5251890420913696
0.16624736785888672,0.46662840247154236
0.11760973930358887,0.49014583230018616
0.26482725143432617,0.47134774923324585
0.16051983833312988,0.5520638227462769
0.4540461301803589,0.5493977069854736
0.1706632375717163,0.5230658650398254
0.28708386421203613,0.5971485376358032
0.2294609546661377,0.5746840834617615
0.27626359462738037,0.37725141644477844
0.16680419445037842,0.3511959910392761
0.18362188339233398,0.43786314129829407
0.5365073680877686,0.45339471101760864
0.17321205139160156,0.4583134055137634
0.37130093574523926,0.3997359275817871
0.3017113208770752,0.4717119038105011
0.31567084789276123,0.5005810260772705
0.07177519798278809,0.5480529069900513
0.031382620334625244,0.4647288918495178
0.06951594352722168,0.52056884765625
0.18747174739837646,0.5082771182060242
0.31938883662223816,0.551612138748169
0.29601210355758667,0.5629409551620483
0.2625437378883362,0.5161810517311096
0.9508799314498901,0.5749314427375793
0.5523739457130432,0.5980280041694641
0.3347548842430115,0.6002894639968872
0.23493528366088867,0.5921628475189209
0.2559138536453247,0.5003885626792908
0.15475869178771973,0.5393016934394836
0.23649388551712036,0.5881158709526062
0.1890791654586792,0.5633735656738281
0.5534152984619141,0.598050594329834
0.8686490058898926,0.5214568376541138
0.269466757774353,0.5862881541252136
0.04984867572784424,0.6426519155502319
0.11321020126342773,0.6213511228561401
0.0643572211265564,0.5868092179298401
0.21871793270111084,0.6332777142524719
0.16121864318847656,0.6018780469894409
0.48722147941589355,0.5904490947723389
0.2638288736343384,0.572129487991333
0.13394194841384888,0.5693947672843933
0.23697972297668457,0.6218478679656982
0.21219348907470703,0.5821566581726074
0.2506065368652344,0.5353134870529175
0.4523892402648926,0.5685437917709351
0.1963818073272705,0.5271654725074768
0.1322462558746338,0.5217443704605103
0.09627556800842285,0.5732622742652893
0.1781197190284729,0.5020909309387207
0.12294793128967285,0.47928518056869507
0.1256500482559204,0.5634816884994507
0.16516900062561035,0.5239865779876709
0.183693528175354,0.5179150700569153
0.5491350889205933,0.4319436252117157
0.4521315097808838,0.4813309907913208
0.259494423866272,0.43152478337287903
0.8748781681060791,0.4611535668373108
0.13745629787445068,0.4745069146156311
0.16904520988464355,0.42667528986930847
0.19427275657653809,0.42258143424987793
0.21883583068847656,0.4850083887577057
0.2768172025680542,0.6450895071029663
0.2322850227355957,0.5121417045593262
0.6484951972961426,0.5836098790168762
0.20838212966918945,0.5783825516700745
0.40336453914642334,0.5724123120307922
0.25322914123535156,0.516008198261261
0.11676335334777832,0.5360348224639893
0.9864135980606079,0.5168571472167969
0.11107271909713745,0.4876152575016022
0.047096967697143555,0.5540530681610107
0.28580284118652344,0.6109219789505005
0.23735928535461426,0.5409403443336487
0.16214430332183838,0.5106766819953918
0.23189163208007812,0.5121941566467285
0.2769339084625244,0.5267852544784546
0.10783874988555908,0.5289015769958496
0.542758584022522,0.5273284912109375
0.74237060546875,0.49745094776153564
0.046347618103027344,0.4730638861656189
0.22727525234222412,0.5409524440765381
0.19444411993026733,0.4728664755821228
0.3549485206604004,0.49776333570480347
0.21865320205688477,0.5059695243835449
0.09328985214233398,0.449126273393631
0.148262619972229,0.48128119111061096
0.22864270210266113,0.5363715291023254
0.18850946426391602,0.5753557682037354
0.33771800994873047,0.48098915815353394
0.6841118335723877,0.4759241044521332
0.09956902265548706,0.4799124002456665
0.10308372974395752,0.5016168355941772
0.45278501510620117,0.5861763954162598
0.3708301782608032,0.5106682181358337
0.2235705852508545,0.4940454363822937
0.42148804664611816,0.4649490416049957
0.3980787992477417,0.48091596364974976
0.47098660469055176,0.5106791257858276
0.2648371458053589,0.5029848217964172
0.20596528053283691,0.5047410726547241
0.8669955730438232,0.5774872303009033
0.2602131962776184,0.5576632022857666
0.25120311975479126,0.5122122168540955
0.23443198204040527,0.4357438385486603
0.8818573951721191,0.46690452098846436
0.09052610397338867,0.5745829343795776
0.4395864009857178,0.5325339436531067
0.5128422975540161,0.5582252740859985
0.2876957654953003,0.530012845993042
0.4742392897605896,0.5016735792160034
0.2336357831954956,0.47261348366737366
0.39802372455596924,0.49207887053489685
0.48553985357284546,0.49465084075927734
0.2362445592880249,0.46686267852783203
0.10462331771850586,0.5786097049713135
0.17778372764587402,0.5330448150634766
0.4069315791130066,0.5053197145462036
1.1510155200958252,0.5386034250259399
0.3228747844696045,0.5460867285728455
0.12684816122055054,0.45306459069252014
0.21353352069854736,0.6173720359802246
0.22084879875183105,0.6314760446548462
0.3461812734603882,0.5421327948570251
0.4414432644844055,0.6728087067604065
0.6769328117370605,0.5608774423599243
0.3724168539047241,0.5344088077545166
0.5066854953765869,0.6095764636993408
0.8238783478736877,0.4904692769050598
0.6581664085388184,0.6143063306808472
0.23116040229797363,0.5224785208702087
0.39757728576660156,0.5323094129562378
0.291038453578949,0.456243634223938
0.47713643312454224,0.5267841219902039
0.6855244636535645,0.6585935354232788
0.2799661159515381,0.4319554269313812
0.40421080589294434,0.5355381965637207
0.7006407380104065,0.49553391337394714
0.8989479541778564,0.5703099966049194
0.5780105590820312,0.523206353187561
1.0468721389770508,0.5470499992370605
0.14484715461730957,0.5888577699661255
0.2904611825942993,0.5130560398101807
0.5634706616401672,0.5278415679931641
0.24122262001037598,0.5735835433006287
0.2304571270942688,0.560016393661499
0.3324437141418457,0.47693008184432983
0.2495262622833252,0.5541043281555176
0.36514151096343994,0.5170026421546936
0.3666701316833496,0.4757001996040344
0.3215219974517822,0.529960036277771
0.2281510829925537,0.4997166395187378
0.3113933801651001,0.47408077120780945
0.22075796127319336,0.5096120238304138
0.24595296382904053,0.5231646299362183
0.6682584285736084,0.5791340470314026
0.20209234952926636,0.5416163206100464
0.4298889636993408,0.5257407426834106
0.37323057651519775,0.5840696096420288
0.1856018304824829,0.5798220634460449
0.08556270599365234,0.5384601354598999
0.10798114538192749,0.5355826020240784
0.40091466903686523,0.590890109539032
0.548478364944458,0.5443267822265625
0.2939639091491699,0.5735201835632324
0.3441411256790161,0.5822569131851196
0.7641867995262146,0.4814144968986511
0.3282410502433777,0.48970288038253784
0.39501744508743286,0.5374770760536194
0.18825984001159668,0.4767932891845703
0.4142768383026123,0.45326685905456543
0.2973288893699646,0.4816112518310547
0.43060827255249023,0.49861884117126465
0.3425483703613281,0.5071871280670166
0.5295426845550537,0.4509730339050293
0.615769624710083,0.4950449466705322
0.22332125902175903,0.5051232576370239
0.21213436126708984,0.5317191481590271
0.2589377164840698,0.49159687757492065
0.147369384765625,0.4854012131690979
0.6180654764175415,0.4357454776763916
0.5914802551269531,0.5165659785270691
0.23329925537109375,0.5010843276977539
0.44176316261291504,0.5698909163475037
0.40077340602874756,0.5019037127494812
0.3530755043029785,0.4549892544746399
0.29106462001800537,0.5733205080032349
0.24696433544158936,0.5116225481033325
0.26282715797424316,0.488092839717865
0.13145768642425537,0.5489208698272705
0.5669001936912537,0.5316247940063477
0.41305798292160034,0.505433976650238
0.3732564449310303,0.4715186059474945
0.5253188610076904,0.49242937564849854
0.42383408546447754,0.52362459897995
0.625962495803833,0.5367230176925659
0.6757802963256836,0.4684075713157654
0.4405069351196289,0.43671083450317383
0.3081030249595642,0.5131094455718994
0.18926024436950684,0.46623268723487854
0.7369076609611511,0.4926697611808777
0.30729377269744873,0.4988975524902344
0.22405362129211426,0.585839569568634
0.21946364641189575,0.4822619557380676
1.0960948467254639,0.5084902048110962
1.8597701787948608,0.47914788126945496
0.3526763916015625,0.48835480213165283
0.8880594372749329,0.532488226890564
0.2321176528930664,0.45014506578445435
0.639015793800354,0.4730532765388489
0.08009147644042969,0.45455920696258545
0.40199482440948486,0.521446704864502
0.17876052856445312,0.44929927587509155
0.18695664405822754,0.5164862275123596
0.3471066951751709,0.47347092628479004
0.5508034229278564,0.5027253031730652
0.1862502098083496,0.5090506076812744
0.323650598526001,0.5459067821502686
0.2117166519165039,0.5510755777359009
0.0960075855255127,0.5001413226127625
0.4652595520019531,0.460842490196228
0.20391523838043213,0.4370593726634979
0.24492990970611572,0.4486103951931
0.35358285903930664,0.4827420711517334
0.34264230728149414,0.571098804473877
0.23100227117538452,0.5612478852272034
0.5062227249145508,0.5112656354904175
0.6350148916244507,0.5572981834411621
0.2980375289916992,0.5162922143936157
0.21715259552001953,0.4922039806842804
0.05611729621887207,0.5134783983230591
0.1891133189201355,0.5696899890899658
0.5407769680023193,0.5593334436416626
0.2498641014099121,0.5117975473403931
0.2567312717437744,0.5718839764595032
0.23734545707702637,0.5280437469482422
0.12432920932769775,0.4701158106327057
0.33873945474624634,0.5583596229553223
0.32594770193099976,0.4546554982662201
0.23813295364379883,0.5253388285636902
0.4221830368041992,0.4557751417160034
0.1946691870689392,0.43333950638771057
0.18603181838989258,0.4934259057044983
0.2162564992904663,0.5042363405227661
0.14010000228881836,0.458064466714859
0.4945739507675171,0.5131422281265259
0.15670347213745117,0.4975741505622864
0.29614710807800293,0.5008578300476074
0.18279820680618286,0.5081362128257751
0.3684896230697632,0.5443614721298218
1.002662181854248,0.605748176574707
0.5304076671600342,0.5511500835418701
0.27035635709762573,0.5260346531867981
0.3421473503112793,0.542105495929718
0.9352318048477173,0.5470162034034729
0.1129446029663086,0.5149700045585632
0.7058365941047668,0.4490826725959778
0.2604321241378784,0.536512017250061
0.2196660041809082,0.47880658507347107
0.13935726881027222,0.5372637510299683
0.06310257315635681,0.5149157047271729
0.056905269622802734,0.5422216057777405
0.13683366775512695,0.6164736151695251
0.053115248680114746,0.6006103754043579
0.6731047630310059,0.6221610903739929
0.1983729600906372,0.632846474647522
0.1466914415359497,0.6752710938453674
0.36786842346191406,0.5478813648223877
0.6185644268989563,0.49444741010665894
0.7618340253829956,0.5213945508003235
0.5179991126060486,0.5249534249305725
0.2527371644973755,0.576626181602478
0.05121958255767822,0.6423567533493042
0.753180742263794,0.5899458527565002
0.23819184303283691,0.5112971067428589
0.07325494289398193,0.5446575284004211
0.28306472301483154,0.6190305352210999
0.2656998634338379,0.5117470026016235
0.40556764602661133,0.5272088646888733
0.12285232543945312,0.49757710099220276
0.1615910530090332,0.47813981771469116
0.1764291524887085,0.5894847512245178
0.11424213647842407,0.6139363050460815
0.1522374153137207,0.569949746131897
0.22043871879577637,0.5536348819732666
0.9624341726303101,0.575110673904419
0.5038723945617676,0.5403344631195068
0.1948378086090088,0.44599655270576477
0.47905516624450684,0.5147404074668884
0.1386348009109497,0.5743803977966309
0.24083435535430908,0.5499737858772278
0.5700492858886719,0.6827598810195923
0.1676774024963379,0.5953012704849243
0.22057408094406128,0.5989828109741211
0.273622989654541,0.5863091349601746
0.038225769996643066,0.5065421462059021
0.04007399082183838,0.5922784209251404
0.305722713470459,0.5735362768173218
0.1871059536933899,0.6132093071937561
0.36601531505584717,0.5322225689888
0.2764720916748047,0.5675107836723328
0.23359465599060059,0.5225253105163574
0.2702779769897461,0.5342851281166077
0.42524051666259766,0.5486398935317993
0.35979795455932617,0.6075543165206909
0.12388551235198975,0.7435400485992432
0.10014986991882324,0.5710015892982483
0.08178752660751343,0.5238550305366516
0.19886302947998047,0.4679766297340393
0.14456570148468018,0.5065253973007202
0.4684832692146301,0.5384548306465149
0.16218042373657227,0.510120153427124
0.30793166160583496,0.5150508880615234
0.2995734214782715,0.5476335287094116
0.6028218269348145,0.5403637886047363
0.1694623827934265,0.5048940181732178
0.2200445532798767,0.5715733766555786
0.5713755488395691,0.5105483531951904
0.2552894353866577,0.5378284454345703
0.27158182859420776,0.5122401714324951
0.23399949073791504,0.4785051941871643
0.24298059940338135,0.5231009721755981
0.2115788459777832,0.5643781423568726
0.24572265148162842,0.5321230292320251
0.267700731754303,0.5597434043884277
0.20400917530059814,0.4872109591960907
0.3021894693374634,0.5143293738365173
0.5604627132415771,0.6029635667800903
0.5148860216140747,0.556753396987915
0.16898930072784424,0.48848047852516174
0.22013306617736816,0.5850452184677124
0.25648021697998047,0.5618078708648682
0.14664721488952637,0.5031580328941345
0.10896438360214233,0.4832938611507416
0.2755376100540161,0.5031585693359375
0.20030832290649414,0.558226466178894
0.09427964687347412,0.5459417104721069
0.2703932523727417,0.5496331453323364
0.08767437934875488,0.49779462814331055
0.07847034931182861,0.462905615568161
0.09055906534194946,0.4897441864013672
1.3959574699401855,0.5923484563827515
0.08838415145874023,0.4979496896266937
0.1978299617767334,0.557417094707489
0.1250699758529663,0.5116654634475708
0.14181280136108398,0.5646076798439026
0.19176244735717773,0.4849579334259033
0.2659231424331665,0.5662851929664612
0.4769056439399719,0.5401726961135864
0.21427154541015625,0.5807703733444214
0.14690059423446655,0.4754554331302643
0.1905747652053833,0.5634009838104248
0.10729187726974487,0.5203960537910461
0.1488438844680786,0.5961734652519226
0.16637533903121948,0.5296350717544556
0.24123215675354004,0.5564524531364441
0.15339922904968262,0.6120457649230957
0.17381000518798828,0.5324124693870544
0.15340042114257812,0.5770189762115479
0.47162753343582153,0.584588885307312
0.21059012413024902,0.5663871765136719
0.47046899795532227,0.54844731092453
0.2099066972732544,0.5297883749008179
0.12358570098876953,0.5064250826835632
0.12603825330734253,0.48967689275741577
0.29976606369018555,0.5910723805427551
0.18906807899475098,0.5882461667060852
0.15246200561523438,0.5138062834739685
0.09357619285583496,0.5473645925521851
0.4164855480194092,0.5108492970466614
0.43979203701019287,0.5351450443267822
0.20727014541625977,0.5667788982391357
0.31627607345581055,0.4523700177669525
1.0817729234695435,0.5833577513694763
0.36389076709747314,0.5613561868667603
0.33157771825790405,0.638775646686554
0.20297324657440186,0.6372846364974976
0.14770060777664185,0.5393850803375244
0.09379434585571289,0.5394021272659302
0.1658388376235962,0.5858582854270935
0.17474323511123657,0.6621770262718201
0.3421974182128906,0.5982186198234558
0.5025343894958496,0.523684024810791
0.0938725471496582,0.5619380474090576
0.28183484077453613,0.538612425327301
0.0767209529876709,0.5232424736022949
0.05765271186828613,0.47412729263305664
0.030461132526397705,0.4791293144226074
0.23664748668670654,0.476275771856308
0.3936190605163574,0.4917765259742737
0.23788774013519287,0.48183029890060425
0.10121524333953857,0.5088696479797363
0.05803358554840088,0.4876527190208435
0.11109930276870728,0.5752369165420532
0.5499062538146973,0.6283750534057617
0.39885449409484863,0.5240285992622375
0.1696818470954895,0.6323204040527344
0.7588376402854919,0.6284964084625244
0.34513962268829346,0.5781550407409668
0.662299394607544,0.6094448566436768
0.5899133682250977,0.5596843957901001
0.7555637359619141,0.5647792220115662
2.115145206451416,0.5785700082778931
0.1329057216644287,0.5241341590881348
0.10890364646911621,0.6062632203102112
0.23496848344802856,0.6050988435745239
0.3855113983154297,0.625950813293457
0.35484039783477783,0.5266638398170471
0.162367582321167,0.5724414587020874
0.42546188831329346,0.5135685205459595
0.06978785991668701,0.4760896563529968
0.39718592166900635,0.5034371614456177
0.39913201332092285,0.5385282039642334
0.6102942228317261,0.5245502591133118
0.22255104780197144,0.5109803676605225
0.7377108931541443,0.4893207848072052
0.11229085922241211,0.4230402112007141
0.5913442373275757,0.4163663983345032
0.6780178546905518,0.4940124750137329
0.25036394596099854,0.5391074419021606
0.9581813812255859,0.4863530993461609
0.837648868560791,0.4444841742515564
0.059079527854919434,0.48471716046333313
0.07818341255187988,0.49591585993766785
0.15633612871170044,0.5044361352920532
0.42900824546813965,0.46378496289253235
0.46615004539489746,0.524181604385376
0.25635015964508057,0.43282216787338257
0.09487724304199219,0.5206367373466492
0.3864985704421997,0.4939778447151184
0.4372619390487671,0.4816044867038727
0.1969028115272522,0.4571240246295929
0.10041958093643188,0.4495502710342407
0.2677065134048462,0.5398314595222473
0.17791247367858887,0.5407168865203857
0.09006673097610474,0.5747407674789429
0.07275807857513428,0.4936891198158264
0.33051401376724243,0.5479644536972046
0.1702594757080078,0.5953336954116821
0.08341753482818604,0.597885251045227
0.1489105224609375,0.6527934670448303
0.3010481595993042,0.4958411455154419
0.0921429991722107,0.5099561810493469
0.48695653676986694,0.6262767314910889
0.21923422813415527,0.5618208050727844
0.7254345417022705,0.6250866055488586
0.19497013092041016,0.5832552313804626
0.49310755729675293,0.5698163509368896
0.20300614833831787,0.5352264046669006
0.4449385404586792,0.5227170586585999
0.7325573563575745,0.5678802728652954
0.3024311065673828,0.6212687492370605
0.435291051864624,0.5707489252090454
0.1766570806503296,0.5629507303237915
0.5823205709457397,0.5613924264907837
0.5232676267623901,0.5005993843078613
0.4219549894332886,0.4863671660423279
0.2760095000267029,0.4621756374835968
0.18847966194152832,0.5153682231903076
0.5521883964538574,0.5414434671401978
0.24732089042663574,0.592870831489563
0.19809216260910034,0.48170575499534607
0.16921532154083252,0.5200905799865723
0.3223198652267456,0.5547704100608826
0.3722369074821472,0.5754668712615967
0.23251557350158691,0.7032653093338013
0.16257357597351074,0.6207602620124817
0.21064817905426025,0.5921938419342041
0.4766383171081543,0.5611100196838379
0.2894887328147888,0.5125575661659241
0.7123783826828003,0.5780633091926575
0.24997591972351074,0.5364570617675781
0.6895877122879028,0.5836397409439087
0.3404885530471802,0.5366395711898804
0.12040233612060547,0.48628532886505127
0.09500771760940552,0.47771212458610535
0.6773574352264404,0.49164441227912903
0.18262887001037598,0.5669448375701904
0.10591816902160645,0.5152844786643982
0.36185288429260254,0.6066058874130249
0.3324316740036011,0.5870711803436279
0.31601667404174805,0.49376943707466125
0.16447365283966064,0.5753404498100281
0.24615001678466797,0.5653053522109985
0.264951229095459,0.49531376361846924
0.083060622215271,0.5131114721298218
0.25099462270736694,0.48983001708984375
0.10567694902420044,0.43541574478149414
0.34981369972229004,0.4755379557609558
0.15980112552642822,0.4513116180896759
0.1498277187347412,0.5602058172225952
0.6741011738777161,0.5832886695861816
0.2082974910736084,0.5076243281364441
0.23025095462799072,0.5331290364265442
0.29906243085861206,0.5420868992805481
0.2911510467529297,0.4872492551803589
0.144606351852417,0.5886349678039551
0.571813702583313,0.5440459251403809
0.13818413019180298,0.5463780164718628
0.3233295679092407,0.5446574687957764
0.7775731682777405,0.604994535446167
0.13142502307891846,0.5738553404808044
0.5922348499298096,0.5701687335968018
0.5817304849624634,0.5710890889167786
0.25345730781555176,0.5516291260719299
0.2377517819404602,0.4854453206062317
0.4345529079437256,0.5850223302841187
0.18264591693878174,0.5772310495376587
0.11929666996002197,0.5046828985214233
0.559272050857544,0.47926998138427734
0.5400993824005127,0.5145710706710815
0.44066667556762695,0.5433571338653564
0.2582549452781677,0.48308688402175903
0.4927298426628113,0.5332090258598328
0.3299703598022461,0.5700405836105347
0.17928481101989746,0.5304284691810608
0.11806535720825195,0.5445789694786072
0.2239757776260376,0.6285731792449951
1.1070067882537842,0.6511532068252563
0.2175491452217102,0.603614091873169
0.21987313032150269,0.5251889228820801
0.8684622049331665,0.5770125985145569
0.1677456498146057,0.5590010285377502
0.3229541778564453,0.6202454566955566
0.8258450031280518,0.5752282738685608
1.5195469856262207,0.7146447896957397
0.5739476680755615,0.5300175547599792
0.3194807171821594,0.5537203550338745
0.6583247184753418,0.5340961217880249
0.27251875400543213,0.5573922395706177
0.06652688980102539,0.5073841214179993
0.1830214262008667,0.5125117301940918
0.7366890907287598,0.5451950430870056
0.33012235164642334,0.47358083724975586
0.3795948028564453,0.5553998351097107
0.8142858743667603,0.5115212798118591
0.9822096824645996,0.4678305387496948
0.24981939792633057,0.49412810802459717
0.788375735282898,0.5306376814842224
0.3853961229324341,0.6247357130050659
0.6573193669319153,0.5268222093582153
0.5917269587516785,0.5896477103233337
0.23338353633880615,0.5394969582557678
0.3856484889984131,0.5297062397003174
0.2985372543334961,0.579169511795044
0.3273754119873047,0.5065363645553589
0.20060503482818604,0.5550414323806763
0.5882185697555542,0.5136889219284058
0.15196990966796875,0.4650515615940094
1.2730685472488403,0.4755996763706207
0.23519301414489746,0.552554726600647
1.1018548011779785,0.5231578350067139
0.25927555561065674,0.44427451491355896
0.39850687980651855,0.5234306454658508
0.11076188087463379,0.502537727355957
0.517905592918396,0.5116719007492065
0.13438701629638672,0.5141109824180603
0.07852733135223389,0.5038127303123474
0.16033673286437988,0.439380019903183
0.18092036247253418,0.5179323554039001
0.060450077056884766,0.4101575016975403
0.569412887096405,0.5342207551002502
0.2738773822784424,0.49662142992019653
0.240997314453125,0.4880756139755249
0.2830479145050049,0.4616766571998596
0.4156430959701538,0.5494814515113831
0.41660404205322266,0.6115262508392334
0.1821913719177246,0.5079024434089661
0.6394492387771606,0.5070663690567017
0.16256171464920044,0.5654868483543396
0.049803733825683594,0.532342255115509
0.07445669174194336,0.5024727582931519
0.2181410789489746,0.5146320462226868
0.2534726858139038,0.5178430080413818
0.20901215076446533,0.5693215727806091
0.2784925699234009,0.5158937573432922
0.11916375160217285,0.4926053285598755
0.32734405994415283,0.5810816884040833
0.12907636165618896,0.5390851497650146
0.1268073320388794,0.6469046473503113
0.12986022233963013,0.5894664525985718
0.05064213275909424,0.6800066232681274
0.09421849250793457,0.6072129011154175
0.5386818647384644,0.6395885944366455
0.13415861129760742,0.5786012411117554
0.08426600694656372,0.5675513744354248
0.18751168251037598,0.5936217308044434
0.17563199996948242,0.46279287338256836
0.09012699127197266,0.4418334364891052
0.21929025650024414,0.5103867053985596
0.22986078262329102,0.4811600148677826
0.08976483345031738,0.49073317646980286
0.0685882568359375,0.405624657869339
0.13353991508483887,0.4593880772590637
0.26261889934539795,0.440179705619812
0.07396399974822998,0.4505067467689514
0.12124532461166382,0.4006602466106415
0.5311566591262817,0.4588119387626648
0.18551743030548096,0.4549623429775238
0.1526983380317688,0.4922492504119873
0.37869542837142944,0.4609384834766388
0.5157659649848938,0.5390973687171936
0.4420878291130066,0.4934779405593872
0.35252857208251953,0.4699506163597107
0.22713583707809448,0.44506025314331055
0.2000356912612915,0.45695745944976807
0.19750499725341797,0.5191504955291748
0.6232738494873047,0.5329373478889465
0.471041738986969,0.4922650456428528
0.16293513774871826,0.5141903758049011
0.9504532814025879,0.5041761994361877
0.3056489825248718,0.4479691982269287
0.02952408790588379,0.46934008598327637
0.517430305480957,0.5216759443283081
0.7997606992721558,0.49679380655288696
0.29169774055480957,0.485595703125
0.35758697986602783,0.5419173836708069
0.41511988639831543,0.4682435691356659
0.5551451444625854,0.4823460280895233
0.2519744634628296,0.5029091835021973
0.5263513922691345,0.5209855437278748
0.07333728671073914,0.4277603328227997
0.36884307861328125,0.47392213344573975
0.11106306314468384,0.5137019157409668
0.1336919665336609,0.44259336590766907
0.20669841766357422,0.43255800008773804
0.41361451148986816,0.43715307116508484
0.5129077434539795,0.4977627396583557
0.8178550601005554,0.44068896770477295
0.44759154319763184,0.44065743684768677
0.2372509241104126,0.5654684901237488
0.7455065846443176,0.6030913591384888
0.20637881755828857,0.5749863982200623
0.07163453102111816,0.6017934083938599
0.2628129720687866,0.5194003582000732
0.9018197059631348,0.633001983165741
0.5217557549476624,0.5166873931884766
0.16567397117614746,0.6418582201004028
0.8661588430404663,0.6649736762046814
0.4198107123374939,0.7323606014251709
0.21181637048721313,0.6190478205680847
0.20471549034118652,0.6719262599945068
0.33379268646240234,0.546401858329773
0.08100157976150513,0.5653018951416016
0.284166157245636,0.5572160482406616
0.47212332487106323,0.4976104497909546
0.5057277679443359,0.5740174055099487
0.2852668762207031,0.45658454298973083
0.3841935396194458,0.4623386859893799
0.12806135416030884,0.47018319368362427
0.31259381771087646,0.5228101015090942
0.37225377559661865,0.5610135197639465
0.21532225608825684,0.5278192162513733
0.02032095193862915,0.4730065166950226
0.2660633325576782,0.5262566208839417
0.28149843215942383,0.5522644519805908
0.10599231719970703,0.47478440403938293
0.07038849592208862,0.49555397033691406
0.24712014198303223,0.5545681715011597
0.12900686264038086,0.5161172151565552
0.3525010347366333,0.5644021034240723
0.4422968029975891,0.45139002799987793
0.2465875744819641,0.5419299006462097
0.6213011741638184,0.49182745814323425
0.31976842880249023,0.6194154620170593
0.3389226198196411,0.4662669599056244
0.7479985952377319,0.5495784282684326
0.16284561157226562,0.5201953053474426
0.1678142547607422,0.4684900939464569
0.7558335661888123,0.5335174202919006
0.5806879997253418,0.5053942203521729
0.2851778268814087,0.53795325756073
0.136566162109375,0.5597015023231506
0.2049872875213623,0.5024826526641846
0.12588930130004883,0.45964813232421875
0.08472287654876709,0.5005468726158142
0.22626078128814697,0.5107496976852417
1.003774642944336,0.5133675932884216
0.4853360056877136,0.4781484305858612
0.2346816062927246,0.5683156251907349
0.6134130954742432,0.6039084196090698
1.3021503686904907,0.611459493637085
0.21523624658584595,0.4836762547492981
0.6685194969177246,0.5917425155639648
0.1828421950340271,0.5280952453613281
0.3380054235458374,0.5972305536270142
0.9511144161224365,0.5704431533813477
0.5909024477005005,0.5434592962265015
1.0593550205230713,0.4532078206539154
0.44478917121887207,0.5912721157073975
0.8673373460769653,0.5034698247909546
0.23633718490600586,0.5467542409896851
0.4950019121170044,0.48298418521881104
0.22522151470184326,0.49601155519485474
0.10333395004272461,0.483284592628479
0.5058479309082031,0.5066573619842529
0.17682892084121704,0.470411092042923
0.3500257730484009,0.4486793279647827
0.1895427703857422,0.4666987955570221
0.27249574661254883,0.48591291904449463
0.043422698974609375,0.45914265513420105
0.04915732145309448,0.46412718296051025
0.2649075984954834,0.5144591927528381
0.35836291313171387,0.4535723924636841
0.49037545919418335,0.4869398772716522
0.05957549810409546,0.5244122743606567
0.23836636543273926,0.5263198018074036
0.11558675765991211,0.5480772256851196
0.15864813327789307,0.5256057977676392
0.31168776750564575,0.5142613649368286
0.2318251132965088,0.5729150772094727
0.2510721683502197,0.4758138656616211
0.27393972873687744,0.5334872603416443
0.2162313461303711,0.4942733347415924
0.8636196851730347,0.5071012377738953
0.31119102239608765,0.5040842294692993
0.7463152408599854,0.5095556974411011
0.8271648287773132,0.5688811540603638
0.41159388422966003,0.44159412384033203
0.8143380880355835,0.5814056992530823
0.3944162130355835,0.500612735748291
0.5048508644104004,0.562549889087677
0.1165209412574768,0.4279361069202423
0.18111252784729004,0.5192708969116211
0.8165173530578613,0.4404202699661255
0.20585697889328003,0.47730040550231934
0.17531418800354004,0.5301845073699951
0.3843090534210205,0.5303417444229126
0.419323205947876,0.5073830485343933
0.4824610948562622,0.5012935996055603
0.5698045492172241,0.46378740668296814
0.218306303024292,0.5193130373954773
0.8799339532852173,0.5046546459197998
1.5611052513122559,0.5011811852455139
0.9353260397911072,0.4652875065803528
0.2344416379928589,0.49930888414382935
0.44519761204719543,0.4748087227344513
0.516074538230896,0.4599612355232239
0.9484783411026001,0.49727070331573486
0.38085412979125977,0.453164279460907
0.252275288105011,0.4493030309677124
0.14790129661560059,0.45021507143974304
0.1283951997756958,0.4929220676422119
0.27147960662841797,0.515891432762146
0.480086088180542,0.4458964467048645
0.2079775333404541,0.527606725692749
0.35557007789611816,0.482280969619751
0.8785003423690796,0.49838167428970337
0.6273784637451172,0.5038295388221741
0.2941170930862427,0.5555368065834045
0.2708660364151001,0.5296074748039246
0.10951471328735352,0.4973742663860321
0.10481762886047363,0.5027000308036804
0.36180388927459717,0.5133618712425232
0.4715322256088257,0.48531901836395264
0.08372092247009277,0.43561044335365295
0.14027798175811768,0.44528287649154663
0.2767525911331177,0.5070114135742188
0.23066163063049316,0.5498075485229492
0.13030195236206055,0.5009706020355225
0.07885265350341797,0.5557541251182556
0.35744738578796387,0.5240750908851624
0.1409856081008911,0.5727274417877197
0.424915075302124,0.5359064340591431
0.15132403373718262,0.45074620842933655
0.19643056392669678,0.5074663162231445
0.10002493858337402,0.5593928098678589
0.26089155673980713,0.5421897768974304
0.39876580238342285,0.5308046340942383
0.2505834102630615,0.5838690400123596
0.2911592721939087,0.5115594863891602
0.18077635765075684,0.467828631401062
0.44319772720336914,0.5174216032028198
0.529371440410614,0.5741369724273682
0.4033316373825073,0.5000938773155212
0.4298766851425171,0.5843347311019897
0.2883150577545166,0.5877686738967896
0.324352502822876,0.558754563331604
0.34028148651123047,0.5026160478591919
0.10592103004455566,0.4903302788734436
0.39416980743408203,0.5492384433746338
0.36463987827301025,0.5351098775863647
0.5354476571083069,0.5792238712310791
0.6949896812438965,0.540147602558136
1.004003643989563,0.5321177244186401
0.4258575439453125,0.5509074330329895
0.08492159843444824,0.6025075912475586
0.4828197956085205,0.6785372495651245
0.7029567956924438,0.6746659874916077
0.24620163440704346,0.5533002614974976
0.4442341923713684,0.6092915534973145
0.3140428066253662,0.5024806261062622
0.4089517593383789,0.5396454930305481
0.4106558561325073,0.7183630466461182
0.2770516872406006,0.583939790725708
0.39435791969299316,0.594261646270752
0.3905317783355713,0.5053560733795166
0.37774980068206787,0.5503172874450684
0.23610126972198486,0.47253501415252686
0.665715217590332,0.5582422018051147
0.05040121078491211,0.5208305716514587
0.23499691486358643,0.5403217673301697
0.33817464113235474,0.5556331276893616
0.5506049394607544,0.512066125869751
0.23222476243972778,0.4580565094947815
0.27359795570373535,0.5002301931381226
0.22551095485687256,0.4395495057106018
0.09003543853759766,0.47629112005233765
0.24723637104034424,0.5126843452453613
0.152197003364563,0.5760982036590576
0.2111436128616333,0.5750740766525269
0.1927487850189209,0.5262389183044434
1.229238510131836,0.6000711917877197
0.14589989185333252,0.5782089829444885
0.5933477878570557,0.532138466835022
1.080450177192688,0.49680382013320923
0.20165443420410156,0.5094943642616272
0.5590822696685791,0.5614945888519287
0.44707655906677246,0.5448538064956665
0.6366329789161682,0.5226706862449646
0.31358909606933594,0.5433259010314941
1.0311527252197266,0.5165959596633911
0.18187332153320312,0.47770583629608154
0.2444617748260498,0.4901876151561737
0.2221987247467041,0.5107517242431641
0.27727389335632324,0.47942686080932617
0.16164445877075195,0.48310256004333496
0.1682295799255371,0.5687025785446167
0.2970830798149109,0.5008032321929932
0.4870408773422241,0.5248897075653076
0.09437894821166992,0.5422700643539429
0.15709668397903442,0.5666848421096802
0.24659132957458496,0.5159392952919006
1.3812363147735596,0.5358778238296509
0.3059353828430176,0.46773260831832886
1.4571518898010254,0.5565558671951294
1.8513331413269043,0.5529178380966187
1.168851375579834,0.5196539163589478
1.265419840812683,0.5204909443855286
1.3570219278335571,0.6001074314117432
0.4288787245750427,0.5357406139373779
0.6617965698242188,0.4692023694515228
0.4955206513404846,0.5443456172943115
0.5665661096572876,0.5360188484191895
0.21272778511047363,0.5089934468269348
0.2973731756210327,0.5137249827384949
0.9598515033721924,0.5915502309799194
0.27437806129455566,0.5204464793205261
0.48404932022094727,0.5462900996208191
0.6631369590759277,0.51657634973526
0.23813748359680176,0.5053539276123047
0.3256800174713135,0.5534205436706543
0.1989452838897705,0.495677649974823
0.34166550636291504,0.41616785526275635
0.3007497191429138,0.40126559138298035
0.08277344703674316,0.4416930377483368
0.5220818519592285,0.5208245515823364
0.10308468341827393,0.443578839302063
0.2927107810974121,0.4536495804786682
0.7513906955718994,0.5138694643974304
0.21524178981781006,0.4657953679561615
0.4186873435974121,0.4328141212463379
0.2738243341445923,0.4490574896335602
0.8386050462722778,0.4747828245162964
0.36842674016952515,0.512288510799408
0.38530611991882324,0.4927554428577423
0.14378690719604492,0.5246995687484741
0.12890660762786865,0.5048681497573853
0.1341368556022644,0.47581008076667786
0.06491172313690186,0.4873005151748657
0.16740083694458008,0.5198315978050232
0.4614238739013672,0.5843015909194946
0.659071147441864,0.5519548654556274
0.45882558822631836,0.4999348521232605
0.8027204871177673,0.49781352281570435
0.7422957420349121,0.4898207187652588
0.277956485748291,0.4799996018409729
0.21724486351013184,0.546966016292572
0.12877368927001953,0.43920451402664185
0.5625877380371094,0.5159749984741211
0.42074793577194214,0.49992451071739197
0.30144834518432617,0.5129501819610596
0.11339616775512695,0.4967576861381531
0.23174512386322021,0.472272127866745
0.33473682403564453,0.5053826570510864
0.14780116081237793,0.5868457555770874
0.3521612882614136,0.5783709287643433
1.1378096342086792,0.5839712023735046
1.0427080392837524,0.5238288044929504
0.3224892020225525,0.5119785070419312
0.5765730142593384,0.524401843547821
0.5457574129104614,0.4372427761554718
0.5984984040260315,0.5443791151046753
0.17165374755859375,0.4636691212654114
0.2612800598144531,0.5163846611976624
0.5871410369873047,0.4959237277507782
0.29751884937286377,0.47633758187294006
0.518241286277771,0.40418145060539246
0.6418240070343018,0.4336935579776764
0.7803192138671875,0.4177352786064148
0.42320722341537476,0.3814774453639984
0.40046918392181396,0.4228544235229492
0.7412066459655762,0.3775666356086731
0.5760101079940796,0.4339553713798523
0.8170638680458069,0.4218350350856781
0.9713602066040039,0.45937275886535645
0.5592824816703796,0.45640841126441956
0.8137800097465515,0.4610469341278076
0.5243520736694336,0.42057937383651733
0.6479771137237549,0.3822111487388611
0.11067754030227661,0.470105916261673
0.540001392364502,0.42963266372680664
0.6679134368896484,0.48198986053466797
0.5521931052207947,0.4394703507423401
0.3417717218399048,0.49009716510772705
0.2786918878555298,0.5471667051315308
0.7676732540130615,0.5196681022644043
0.8577735424041748,0.4759572744369507
1.3914657831192017,0.5071723461151123
0.3491858243942261,0.5124872922897339
1.2959027290344238,0.5665140748023987
0.9186850190162659,0.5882315039634705
0.6121972799301147,0.5401324033737183
0.2079828977584839,0.5464192628860474
0.9859271049499512,0.5374345779418945
0.7068791389465332,0.6527901887893677
0.20493990182876587,0.5341574549674988
0.36067795753479004,0.6241453886032104
0.5311380624771118,0.5734509825706482
0.4523923397064209,0.5462420582771301
0.6267029643058777,0.5625731348991394
0.2421278953552246,0.5500563383102417
0.6195676326751709,0.5433759093284607
0.5036894083023071,0.533504068851471
0.7299083471298218,0.5030784606933594
0.4531385898590088,0.543231725692749
0.33815836906433105,0.515982985496521
0.18339574337005615,0.5398105978965759
0.5353971719741821,0.6014604568481445
0.305764377117157,0.4939355254173279
0.18916237354278564,0.5243313908576965
0.609473466873169,0.5829580426216125
0.8508139848709106,0.550054669380188
0.09987807273864746,0.5664414167404175
0.19098550081253052,0.5227633714675903
0.293032169342041,0.47923028469085693
0.2895233631134033,0.5178015232086182
0.20723915100097656,0.4756441116333008
0.513259768486023,0.4826453924179077
0.5158212184906006,0.4669765532016754
0.4159409999847412,0.4857674539089203
0.16823822259902954,0.4702538847923279
0.37784910202026367,0.5101874470710754
0.8494391441345215,0.5457395315170288
0.2909890413284302,0.4738164246082306
0.4654737710952759,0.5245049595832825
1.041739821434021,0.46144482493400574
0.32930129766464233,0.45788758993148804
0.24325400590896606,0.5188877582550049
0.18628394603729248,0.47206738591194153
0.28589189052581787,0.4252074956893921
0.3870840072631836,0.47812724113464355
0.22280246019363403,0.4179697036743164
0.40888702869415283,0.43741661310195923
0.7819570302963257,0.43003013730049133
0.32753753662109375,0.5136365294456482
0.35918205976486206,0.47325167059898376
0.30984336137771606,0.4794963300228119
0.25211942195892334,0.4423753321170807
0.4541582465171814,0.5069896578788757
0.5763899087905884,0.4857969880104065
0.6912220120429993,0.5082095265388489
0.4733048677444458,0.4789259433746338
0.4158363342285156,0.4852372705936432
0.6714041233062744,0.4389590620994568
0.16554796695709229,0.4556281864643097
0.5509804487228394,0.4831077456474304
1.8127703666687012,0.5159114003181458
0.6440658569335938,0.4132685363292694
0.4004943370819092,0.4063794016838074
0.3294384479522705,0.4197707772254944
0.33594846725463867,0.38044196367263794
0.2756679058074951,0.37679943442344666
0.29024720191955566,0.4260786771774292
0.38325798511505127,0.3961871564388275
0.17468327283859253,0.44935691356658936
0.47700273990631104,0.36896848678588867
0.2715895175933838,0.4820677638053894
1.1416950225830078,0.5191642045974731
0.22007274627685547,0.5178694128990173
0.5783512592315674,0.56031334400177
1.0257108211517334,0.5127456188201904
0.36901038885116577,0.4127383530139923
0.3746044635772705,0.33717262744903564
0.7503827810287476,0.424338698387146
0.7504009008407593,0.5078599452972412
0.4519873261451721,0.4346512258052826
0.2077467441558838,0.46939927339553833
0.43458664417266846,0.5172070860862732
0.1519637107849121,0.36885619163513184
0.5368924140930176,0.4043464958667755
0.5675821304321289,0.46327897906303406
0.18034672737121582,0.4514692425727844
0.21526527404785156,0.4697399437427521
0.41412484645843506,0.34462839365005493
0.4748613238334656,0.32892465591430664
0.14341676235198975,0.37679386138916016
0.2817249298095703,0.38710081577301025
0.632718563079834,0.4238843321800232
0.36075448989868164,0.3434653878211975
0.24977946281433105,0.43176642060279846
0.208160400390625,0.43881335854530334
0.5583351850509644,0.3788723349571228
0.25218629837036133,0.43021640181541443
0.8893723487854004,0.36092087626457214
0.46627378463745117,0.4079226553440094
0.22768688201904297,0.4186248481273651
0.2358127236366272,0.30600810050964355
0.4665844440460205,0.37580606341362
0.5653872489929199,0.3497602641582489
0.4306519329547882,0.27307331562042236
0.3815406560897827,0.32832568883895874
0.7589104175567627,0.3447583317756653
0.4273909628391266,0.3308933675289154
0.8205224275588989,0.3681507110595703
0.1569402813911438,0.44540637731552124
1.0100090503692627,0.4011927545070648
0.5047638416290283,0.4204765558242798
0.55849689245224,0.4947478473186493
0.25324296951293945,0.44168853759765625
1.1460307836532593,0.5100966691970825
0.8605970144271851,0.5889051556587219
0.29873454570770264,0.6510072350502014
0.48400306701660156,0.531212329864502
0.3836895227432251,0.5872071385383606
0.3640838861465454,0.4691696763038635
0.36872637271881104,0.47998619079589844
0.35664689540863037,0.473339319229126
0.24737226963043213,0.5345655679702759
0.7343292236328125,0.5250407457351685
0.3333148956298828,0.4638288617134094
0.9366198778152466,0.4448586106300354
0.968231201171875,0.5377777218818665
1.4776884317398071,0.46409857273101807
0.5363501310348511,0.4586935043334961
0.6504753828048706,0.5280666947364807
0.6054812073707581,0.5002875924110413
0.48214489221572876,0.4968825876712799
0.16156071424484253,0.44309625029563904
1.4110503196716309,0.5579274296760559
0.4418303966522217,0.4573728144168854
0.5332476496696472,0.49363434314727783
0.400424599647522,0.5225158333778381
0.4985710382461548,0.5046420097351074
1.0071951150894165,0.4833589494228363
0.37999576330184937,0.48600512742996216
0.5525375604629517,0.5148267149925232
0.4196176528930664,0.4712269902229309
0.4683934450149536,0.5584312081336975
0.4426065683364868,0.5268409252166748
0.32640814781188965,0.46637868881225586
0.16434413194656372,0.443239688873291
0.0845537781715393,0.37032556533813477
0.3494284152984619,0.4380537271499634
0.6157242059707642,0.44676122069358826
0.11881354451179504,0.40212908387184143
0.24621129035949707,0.40352413058280945
0.6797676086425781,0.5009816884994507
0.4498480558395386,0.47208988666534424
0.5451699495315552,0.5088892579078674
1.26298189163208,0.5067896246910095
1.03351628780365,0.521725594997406
1.143575668334961,0.5450844168663025
0.5919191837310791,0.5470741987228394
1.004895806312561,0.46449780464172363
0.5102490186691284,0.5759146213531494
0.5214006900787354,0.5504045486450195
0.5233399868011475,0.5779264569282532
0.7025359272956848,0.5962530374526978
0.24741685390472412,0.5185856819152832
0.4589502811431885,0.6070194840431213
0.039555907249450684,0.6371437907218933
0.4971253573894501,0.5576987266540527
0.18771213293075562,0.5554993748664856
0.2159852385520935,0.5435537695884705
0.5391243696212769,0.5810956358909607
0.666104793548584,0.5830485820770264
0.231736421585083,0.5383646488189697
0.6515012979507446,0.5503706932067871
0.3140566945075989,0.48252689838409424
0.602021336555481,0.533683717250824
0.48844242095947266,0.4962478578090668
0.0833166241645813,0.45109519362449646
0.47013652324676514,0.487962543964386
0.2329716682434082,0.5052857398986816
0.4248976707458496,0.46669459342956543
0.18913960456848145,0.4398215711116791
0.31829798221588135,0.5420436859130859
0.6456818580627441,0.5446175336837769
0.5817070007324219,0.48614752292633057
0.2945427894592285,0.4173983335494995
0.7945479154586792,0.482442170381546
0.6896852254867554,0.4260540306568146
0.5119807124137878,0.4494151771068573
0.48928576707839966,0.42194029688835144
0.38333582878112793,0.4378083348274231
0.6233684420585632,0.39539963006973267
0.4326760172843933,0.4913536310195923
0.6244659423828125,0.4616720676422119
0.8386769890785217,0.5561400055885315
0.2609122395515442,0.44949835538864136
0.6421239376068115,0.44382229447364807
0.35441315174102783,0.4792216122150421
0.7095084190368652,0.42065051198005676
0.39293909072875977,0.43852072954177856
0.8386660814285278,0.46328163146972656
0.760482907295227,0.4718424081802368
1.2393255233764648,0.5473997592926025
0.9912760853767395,0.5378928780555725
0.8946474194526672,0.6234018802642822
1.0489171743392944,0.5528454184532166
0.46836161613464355,0.5637409687042236
0.6884402632713318,0.5505748987197876
0.938184380531311,0.5569707155227661
0.3799816966056824,0.6049188375473022
0.6642897129058838,0.5432661771774292
1.3885517120361328,0.571046769618988
0.7351044416427612,0.44582393765449524
0.6706220507621765,0.489301860332489
1.5316959619522095,0.4736838936805725
0.17145979404449463,0.4352223873138428
0.6743332147598267,0.35358452796936035
0.38416218757629395,0.4333251416683197
0.3802914619445801,0.4268462359905243
1.1132334470748901,0.5008254647254944
1.0026973485946655,0.5544571876525879
2.1331191062927246,0.4995436668395996
0.3915649652481079,0.49788060784339905
1.1240869760513306,0.4984230399131775
0.7994701862335205,0.5287054777145386
1.5562576055526733,0.4998844265937805
0.6967637538909912,0.5348904132843018
1.1674878597259521,0.5278048515319824
0.8374882936477661,0.49993228912353516
1.5702557563781738,0.4637053906917572
0.5693916082382202,0.5281326770782471
0.7373754978179932,0.5328163504600525
1.2078193426132202,0.5653951168060303
0.4319266080856323,0.5154721140861511
0.689974308013916,0.5667250752449036
0.7535655498504639,0.47343021631240845
0.42665863037109375,0.5129627585411072
0.3347950577735901,0.4934209883213043
0.6034603714942932,0.4459661841392517
0.3655582666397095,0.4821891784667969
0.8156874179840088,0.4529292583465576
0.3317796587944031,0.4462217092514038
0.7486246824264526,0.44343501329421997
0.6628613471984863,0.538942813873291
0.5020662546157837,0.5156181454658508
0.12696093320846558,0.45141714811325073
0.5970162153244019,0.5101361870765686
0.2610640525817871,0.44013211131095886
0.7586374282836914,0.4439149498939514
0.45351672172546387,0.352798730134964
0.7631851434707642,0.4093471169471741
0.7326629757881165,0.5011589527130127
0.37050294876098633,0.48110222816467285
0.2843788266181946,0.4941193759441376
0.6199097633361816,0.3993607759475708
0.39562225341796875,0.4181102514266968
1.0026544332504272,0.4420456886291504
0.6282699108123779,0.5334535837173462
0.7961523532867432,0.5452061891555786
0.46498751640319824,0.4313305616378784
1.4626758098602295,0.573759138584137
0.429828941822052,0.5111129879951477
1.420202612876892,0.6208401322364807
1.067265510559082,0.5866806507110596
0.28433239459991455,0.5811138153076172
0.7369993925094604,0.6217063069343567
0.8165366053581238,0.5916057825088501
0.6303251385688782,0.590826690196991
0.6707196831703186,0.562751829624176
1.493827223777771,0.5480778813362122
0.6375390291213989,0.4520546495914459
0.7594746351242065,0.47268980741500854
0.7841854095458984,0.5616328716278076
0.3345724940299988,0.46779823303222656
0.3863638639450073,0.502500057220459
0.2462928295135498,0.4519559144973755
0.6398387551307678,0.49433431029319763
0.6520978212356567,0.4555158019065857
0.37515783309936523,0.47823628783226013
0.5611110925674438,0.5125323534011841
0.29110658168792725,0.45549243688583374
0.6156728267669678,0.3977788984775543
0.3765690326690674,0.3692660331726074
0.7114746570587158,0.5137482285499573
0.6236815452575684,0.39501115679740906
0.30356186628341675,0.3680786192417145
0.3590203523635864,0.3581047058105469
0.10919499397277832,0.43236708641052246
1.1454579830169678,0.5044846534729004
0.6899700164794922,0.5198758840560913
0.47929221391677856,0.40037333965301514
0.22717618942260742,0.44492414593696594
0.2616162896156311,0.44622617959976196
0.5631360411643982,0.46155276894569397
0.9307340383529663,0.5061317086219788
0.6611141562461853,0.5021020174026489
0.5835720896720886,0.4726848602294922
0.7131608724594116,0.4795248806476593
0.28760433197021484,0.4666985273361206
0.8351399898529053,0.4646008610725403
0.8099484443664551,0.5192670822143555
1.3989222049713135,0.5340243577957153
0.8462039828300476,0.5165382027626038
0.31648802757263184,0.5340868234634399
0.2858617305755615,0.5738369226455688
0.43456774950027466,0.5635056495666504
0.47466254234313965,0.5771994590759277
0.3098539113998413,0.5949085354804993
0.7000245451927185,0.5372481346130371
0.5454860925674438,0.5866696834564209
0.4248485565185547,0.653093695640564
0.4299778342247009,0.6348717212677002
1.3271780014038086,0.6127318143844604
0.38056236505508423,0.5081076622009277
0.24346470832824707,0.5681902170181274
0.1840296983718872,0.5462306141853333
0.9218133091926575,0.5539444088935852
0.28453296422958374,0.5134432911872864
0.8583481907844543,0.6353446841239929
0.7994210124015808,0.5594385862350464
0.8637859225273132,0.6625242233276367
0.4759359359741211,0.5959296226501465
0.5190334320068359,0.516446590423584
0.4617592692375183,0.5060838460922241
0.6369322538375854,0.6268813610076904
0.9327154159545898,0.6211357116699219
0.3346404433250427,0.5752133131027222
0.667693018913269,0.4961753189563751
0.34191274642944336,0.5695416331291199
1.9205363988876343,0.5438721179962158
0.48721909523010254,0.5776804089546204
0.22903168201446533,0.6439617872238159
0.6802535653114319,0.6470986604690552
1.0328798294067383,0.4272034764289856
0.8280364274978638,0.7194898128509521
0.24352148175239563,0.6739009022712708
0.6308913230895996,0.5344327092170715
0.6604697704315186,0.49734872579574585
0.5297659635543823,0.41073644161224365
0.7498395442962646,0.4294393062591553
0.4372515082359314,0.44399070739746094
0.37699151039123535,0.5264943242073059
0.31185591220855713,0.5038553476333618
0.2398604154586792,0.4499542713165283
0.8234462738037109,0.5472375750541687
1.1484246253967285,0.5269402861595154
0.22257715463638306,0.5611230731010437
0.3515506684780121,0.4860212802886963
1.084620714187622,0.5083547830581665
0.9831773638725281,0.5574823617935181
0.6615772247314453,0.5530465841293335
1.8691089153289795,0.637799084186554
0.5059914588928223,0.5649520754814148
0.688075602054596,0.5327199101448059
1.2457690238952637,0.5476295351982117
1.3705523014068604,0.6032377481460571
1.0214405059814453,0.5499211549758911
1.1152904033660889,0.649034857749939
0.6001428365707397,0.5831241011619568
1.5617642402648926,0.545935869216919
1.4036071300506592,0.5448701977729797
2.6042277812957764,0.5313425660133362
2.309337854385376,0.5551562309265137
1.032442569732666,0.5007079839706421
0.6291141510009766,0.4593103229999542
0.5630767941474915,0.4476139545440674
0.1497182846069336,0.4572051167488098
0.318437397480011,0.42705458402633667
1.0991895198822021,0.502385139465332
0.5529589653015137,0.44996869564056396
0.8343876600265503,0.458512544631958
0.7564153671264648,0.5114636421203613
0.7161663770675659,0.43199431896209717
0.6077128648757935,0.49812889099121094
2.6452865600585938,0.49914103746414185
0.5447494983673096,0.5208068490028381
0.5884161591529846,0.44994115829467773
0.17758595943450928,0.405319482088089
1.4230204820632935,0.5522240400314331
1.3683817386627197,0.5835009813308716
0.6863636374473572,0.42703887820243835
0.07888400554656982,0.546697199344635
0.4661538600921631,0.5314807295799255
0.530228316783905,0.6267977952957153
0.4213637113571167,0.5661723613739014
0.32774925231933594,0.5390085577964783
0.36580538749694824,0.5812572836875916
0.40755200386047363,0.5602375864982605
1.468796968460083,0.5814093351364136
0.5572714805603027,0.5369507074356079
0.2795637249946594,0.5989714860916138
0.7593767642974854,0.5423067212104797
1.2822697162628174,0.6104181408882141
2.409531593322754,0.6178678274154663
1.8491026163101196,0.5259806513786316
0.5064848065376282,0.5712281465530396
0.8669042587280273,0.5701467990875244
1.8015952110290527,0.5625101327896118
0.49580836296081543,0.5753455758094788
0.9346669912338257,0.5693970918655396
1.677503228187561,0.591229259967804
0.8818366527557373,0.6289671659469604
1.81088125705719,0.6004776954650879
0.24949324131011963,0.5850493311882019
0.24824869632720947,0.5025864839553833
2.149522066116333,0.617091953754425
0.1433064341545105,0.5711756944656372
0.375985324382782,0.5022077560424805
0.20865166187286377,0.5135176181793213
1.2049155235290527,0.5689859390258789
0.6203968524932861,0.585254430770874
0.182600736618042,0.46626681089401245
0.6324708461761475,0.47457948327064514
2.0834946632385254,0.49626418948173523
0.26075130701065063,0.4684358239173889
1.1287360191345215,0.5364013910293579
0.5033466815948486,0.5549481511116028
0.372799277305603,0.5149825811386108
0.692888617515564,0.5332959890365601
0.27789241075515747,0.5872676372528076
0.23108410835266113,0.5667340755462646
0.5928205847740173,0.5135871767997742
0.2748452425003052,0.5212103128433228
0.3996316194534302,0.5862406492233276
1.9553858041763306,0.5316054224967957
0.7979879379272461,0.6173715591430664
1.426712989807129,0.5830143094062805
1.099261999130249,0.638892412185669
1.7785329818725586,0.6600142121315002
0.5858767628669739,0.53675377368927
0.39367443323135376,0.5955685377120972
0.9115502834320068,0.6026080250740051
0.30447155237197876,0.561437726020813
0.32991015911102295,0.563261866569519
0.3697611093521118,0.5817007422447205
0.772993803024292,0.5746492743492126
0.30260157585144043,0.5722224712371826
0.231370210647583,0.6031671762466431
0.7089298963546753,0.5833937525749207
0.4465200901031494,0.544625997543335
0.2396913766860962,0.5472948551177979
0.31266796588897705,0.5337530970573425
0.20082658529281616,0.5031683444976807
0.2933828830718994,0.7028926014900208
0.2550082802772522,0.5521153807640076
2.030794620513916,0.5937665700912476
0.9843236804008484,0.5727142691612244
0.6479036808013916,0.5216319561004639
0.2645854949951172,0.6336694955825806
0.25487220287323,0.577157735824585
0.3468422293663025,0.6288978457450867
0.43782496452331543,0.5016916394233704
0.2634495496749878,0.5870528221130371
0.41112661361694336,0.6422498822212219
0.4614553451538086,0.5399394631385803
0.27572524547576904,0.6098322868347168
0.518281877040863,0.6544505953788757
0.154107928276062,0.6197695732116699
0.3868488669395447,0.6368334293365479
0.8430942296981812,0.6621840000152588
0.49025529623031616,0.6209821701049805
0.7667098045349121,0.5612083673477173
1.9835865497589111,0.6357332468032837
0.3201258182525635,0.5515825748443604
0.17372870445251465,0.5840038061141968
0.06787109375,0.6376996040344238
0.7395393252372742,0.5114361047744751
0.46754705905914307,0.5829439759254456
0.04524552822113037,0.5715017318725586
0.09751355648040771,0.604036808013916
0.5887148380279541,0.6016089916229248
0.24962729215621948,0.6204819083213806
0.9208420515060425,0.6252747178077698
0.244157075881958,0.5232793092727661
0.3865009546279907,0.5365272760391235
0.1215662956237793,0.5717406272888184
0.8156607747077942,0.5494895577430725
0.12563133239746094,0.6336618065834045
0.19269323348999023,0.560462474822998
1.4194728136062622,0.6204090118408203
0.2442023754119873,0.6199491620063782
0.8764657974243164,0.5937548875808716
0.7327673435211182,0.5772116184234619
0.20442968606948853,0.5592145919799805
0.9955508708953857,0.583021879196167
1.637399435043335,0.6368444561958313
0.39679598808288574,0.566011905670166
1.1107540130615234,0.5337003469467163
0.9811465740203857,0.7277834415435791
2.181772232055664,0.5467824339866638
0.5181048512458801,0.5824862122535706
0.4858592748641968,0.48160412907600403
1.4712915420532227,0.827540397644043
1.3295201063156128,1.0127084255218506
0.7391676306724548,0.8543680906295776
2.5234017372131348,1.3698151111602783
1.7656993865966797,1.2428483963012695
1.7423207759857178,0.539414644241333
2.4669785499572754,0.9236207008361816
2.016094923019409,0.8537018895149231
2.544037103652954,1.2967939376831055
2.4076974391937256,0.6312958002090454
2.109532356262207,0.9359736442565918
0.9336826801300049,0.6840053796768188
1.103589653968811,1.4348814487457275
1.637556552886963,0.4186694025993347
0.48211491107940674,0.4820373058319092
0.8052889704704285,0.4698796272277832
0.23270869255065918,0.4563865661621094
0.5058249235153198,0.503402590751648
0.518654465675354,0.6659680604934692
0.532140851020813,0.5701533555984497
0.3004634380340576,0.5782521963119507
0.40682458877563477,0.4923511743545532
0.1673007607460022,0.5906296968460083
0.072379469871521,0.5688726305961609
0.2898139953613281,0.5267102122306824
0.5562452077865601,0.5665258765220642
0.24486017227172852,0.5442443490028381
0.5700201392173767,0.4724157750606537
0.30019164085388184,0.4942951798439026
0.11567926406860352,0.5428058505058289
0.304953932762146,0.5270295739173889
0.4514259099960327,0.4844449758529663
0.12326526641845703,0.5127928853034973
0.058924198150634766,0.5144773125648499
0.08684945106506348,0.5325132012367249
0.08984899520874023,0.498788058757782
0.265826940536499,0.4533539116382599
1.0518519878387451,0.4216729402542114
0.5597858428955078,0.38616204261779785
0.8435237407684326,0.5120083093643188
0.2001836895942688,0.4889841377735138
1.1140084266662598,0.4410451352596283
0.571542501449585,0.5693997740745544
0.22208377718925476,0.5580639243125916
0.39365071058273315,0.5698004961013794
0.42759859561920166,0.4612223505973816
0.04885983467102051,0.48376893997192383
0.22064518928527832,0.449253112077713
0.07330656051635742,0.5109667778015137
0.053910255432128906,0.540052056312561
0.09010910987854004,0.4594418406486511
0.07488000392913818,0.5067433714866638
0.4089513421058655,0.5667706727981567
0.27071601152420044,0.5486652255058289
0.3287014961242676,0.5642212629318237
0.4020334482192993,0.4669972062110901
0.7674968242645264,0.43964919447898865
0.3844105005264282,0.41939136385917664
0.6083180904388428,0.42610806226730347
0.3748091459274292,0.3624576926231384
0.8279080390930176,0.4992256164550781
0.14978134632110596,0.4334048330783844
0.17110151052474976,0.3707786202430725
0.12095004320144653,0.39405137300491333
0.3866192102432251,0.4551589787006378
0.4420311450958252,0.48029625415802
0.12527012825012207,0.34391698241233826
0.10521411895751953,0.4074785113334656
0.22560882568359375,0.47304975986480713
0.17401796579360962,0.4615752100944519
0.15096965432167053,0.5130530595779419
0.2427196502685547,0.5307319164276123
0.32751572132110596,0.5504400134086609
0.1835341453552246,0.5127801299095154
0.12406545877456665,0.5191918611526489
0.19160884618759155,0.49179607629776
0.2712882161140442,0.3515578806400299
0.18667936325073242,0.4281977415084839
0.4133942127227783,0.3478389084339142
0.16210785508155823,0.43139153718948364
0.7074862718582153,0.43652990460395813
0.2326970100402832,0.4270114302635193
0.6706573963165283,0.4958150386810303
0.26654183864593506,0.41400590538978577
0.3517364263534546,0.4942084550857544
0.11637020111083984,0.4916413426399231
0.18019700050354004,0.40935006737709045
0.1354825496673584,0.46434909105300903
0.14570724964141846,0.4778411090373993
0.707817792892456,0.48922622203826904
0.10931515693664551,0.4784485995769501
0.2946234941482544,0.4701367914676666
0.12860876321792603,0.4033999741077423
0.27294695377349854,0.4415830969810486
0.08963620662689209,0.4346805810928345
0.3366680145263672,0.4459933936595917
0.5939674377441406,0.734532356262207
0.25443315505981445,0.4413229525089264
0.1559070348739624,0.4783973693847656
0.1408933401107788,0.4894469082355499
0.4721341133117676,0.5060216188430786
0.3762996196746826,0.4596434533596039
0.4177212715148926,0.4909038841724396
0.22961974143981934,0.4342426061630249
0.19829320907592773,0.4545721113681793
0.10672152042388916,0.42719727754592896
0.060346364974975586,0.43113183975219727
0.2703360319137573,0.5507540702819824
0.30965304374694824,0.5337803363800049
0.1218724250793457,0.49584341049194336
0.2789456248283386,0.5035710334777832
0.03942441940307617,0.45694172382354736
0.1969096064567566,0.5480205416679382
0.03350400924682617,0.4823911786079407
0.1264582872390747,0.4585624933242798
0.2405693531036377,0.44292402267456055
0.26812922954559326,0.4870438873767853
0.25183582305908203,0.5261855721473694
0.3588905334472656,0.5646318197250366
0.526308536529541,0.5594350695610046
0.3756093978881836,0.5483474731445312
0.14450454711914062,0.5037392377853394
0.31753647327423096,0.5486932396888733
0.1811361312866211,0.4538605213165283
0.3825404644012451,0.47149038314819336
0.3243122100830078,0.5437695980072021
0.320953369140625,0.49423208832740784
0.47694849967956543,0.4794948697090149
0.27038323879241943,0.5594068169593811
0.09791290760040283,0.4857475161552429
0.39579057693481445,0.4657977521419525
0.5827414393424988,0.4886424243450165
0.25606799125671387,0.4829622507095337
0.029923200607299805,0.42029517889022827
0.3323860764503479,0.44733572006225586
0.3237278461456299,0.404782772064209
0.1868152618408203,0.5170632600784302
0.47557246685028076,0.4482806622982025
0.2592334747314453,0.461824893951416
0.9584662914276123,0.40490394830703735
0.07462048530578613,0.4375135600566864
0.3849520683288574,0.5892666578292847
0.2743856906890869,0.4699617028236389
0.691913366317749,0.456125408411026
0.32288527488708496,0.48598748445510864
0.37659692764282227,0.4932541251182556
0.1860140562057495,0.5028233528137207
0.1676158905029297,0.5184445381164551
0.2932262420654297,0.5195001363754272
0.4199550747871399,0.4768766760826111
0.5274916887283325,0.5192296504974365
0.11206173896789551,0.4567369222640991
0.13931423425674438,0.4896143078804016
0.026328563690185547,0.4513305425643921
0.19134998321533203,0.4534345865249634
0.042450785636901855,0.47428563237190247
0.11237025260925293,0.5161303281784058
0.03726959228515625,0.5190598368644714
0.1935596466064453,0.5495024919509888
0.02516460418701172,0.512076199054718
0.09925079345703125,0.4850158095359802
0.22423100471496582,0.544905960559845
0.05580615997314453,0.482681006193161
0.11205339431762695,0.5190832614898682
0.1244436502456665,0.47436439990997314
0.047185420989990234,0.47815200686454773
0.09790349006652832,0.4243828058242798
0.13581371307373047,0.41839373111724854
0.1766495704650879,0.39359185099601746
0.18998205661773682,0.39091578125953674
0.023377656936645508,0.4181377589702606
0.2627795934677124,0.4348635971546173
0.07141447067260742,0.3851863741874695
0.34494733810424805,0.4055202305316925
0.33004796504974365,0.5128449201583862
0.09161150455474854,0.46144065260887146
0.14934539794921875,0.40961769223213196
0.32684803009033203,0.48875534534454346
0.2517538070678711,0.5364229083061218
0.16585397720336914,0.5631243586540222
0.23262381553649902,0.4852866530418396
0.16851776838302612,0.47435903549194336
0.1609032154083252,0.4753367006778717
0.5416014194488525,0.46908676624298096
0.3019139766693115,0.4869702458381653
0.9875857830047607,0.4706490635871887
0.0682075023651123,0.43994516134262085
0.17176854610443115,0.47807997465133667
0.1209421157836914,0.4697909355163574
0.11554932594299316,0.5277119874954224
0.30139970779418945,0.5340177416801453
0.1542050838470459,0.5375979542732239
0.4291248321533203,0.501175582408905
0.31531572341918945,0.5735350251197815
0.7309291362762451,0.5433192253112793
0.6096892356872559,0.5306451320648193
1.1464637517929077,0.5002805590629578
1.4532445669174194,0.5414512157440186
1.8316740989685059,0.5712333917617798
3.0168023109436035,0.5980755090713501
0.9507920145988464,0.574813723564148
1.2312097549438477,0.622765064239502
0.9176308512687683,0.5931115746498108
1.2320388555526733,0.5460862517356873
0.9901731014251709,0.5492507219314575
0.1424698829650879,0.5602530837059021
1.1683176755905151,0.5202387571334839
1.1894519329071045,0.5664944052696228
0.6643897891044617,0.49461570382118225
1.4177278280258179,0.5607771873474121
1.5681101083755493,0.5523530840873718
2.1672394275665283,0.5329764485359192
1.0316431522369385,0.49266988039016724
1.0624333620071411,0.5885974764823914
2.0453743934631348,0.4633234739303589
2.1351985931396484,0.532389223575592
0.4282069206237793,0.4406176209449768
1.8283655643463135,0.4943249225616455
2.27887225151062,0.4265260100364685
0.44539105892181396,0.3884170651435852
0.22496473789215088,0.35303497314453125
0.058392465114593506,0.3907105326652527
0.08797144889831543,0.3995022773742676
0.35359621047973633,0.44275638461112976
0.6797678470611572,0.3781568109989166
0.13811182975769043,0.3580648601055145
0.3616979122161865,0.38841497898101807
0.1104741096496582,0.43762117624282837
0.4008696675300598,0.3927243947982788
0.08325958251953125,0.39390864968299866
0.42212599515914917,0.5122267007827759
0.14249509572982788,0.47651582956314087
0.3260319232940674,0.5369884371757507
0.056769371032714844,0.49216872453689575
0.15323340892791748,0.4826650023460388
0.08461904525756836,0.5245037078857422
0.2049649953842163,0.468855082988739
0.12048530578613281,0.4447837471961975
0.06929254531860352,0.47141391038894653
0.21379494667053223,0.4320869743824005
0.13122868537902832,0.4323412775993347
0.27441227436065674,0.469961017370224
0.1843256950378418,0.45563268661499023
0.04299890995025635,0.4786306321620941
0.5577998161315918,0.4358449876308441
0.358428955078125,0.4659242033958435
0.14434486627578735,0.5134584307670593
0.45402348041534424,0.5732067823410034
0.2779305577278137,0.550701916217804
0.1837453842163086,0.531015157699585
0.3046112060546875,0.542436420917511
0.06518769264221191,0.4751797318458557
0.24745190143585205,0.4880673587322235
0.23602771759033203,0.4428430497646332
0.1268482208251953,0.46699878573417664
0.2072545289993286,0.48124828934669495
1.1852962970733643,0.4535314738750458
0.18305015563964844,0.5032860040664673
0.12640786170959473,0.47548991441726685
0.12299752235412598,0.5358155965805054
0.4766552448272705,0.516568660736084
0.13958442211151123,0.5337184071540833
0.35458385944366455,0.4840660095214844
0.31412410736083984,0.5288470387458801
0.7718464136123657,0.5210822224617004
0.37084007263183594,0.5157238841056824
0.27211999893188477,0.5111647248268127
0.49399638175964355,0.49260061979293823
0.4436204433441162,0.5264741778373718
1.0076467990875244,0.5530259609222412
0.6145689487457275,0.6092358827590942
1.809951901435852,0.6085913777351379
1.923712968826294,0.5619825124740601
0.6339523792266846,0.5208041667938232
1.7404998540878296,0.5941771268844604
1.6356483697891235,0.6211851239204407
0.03657519817352295,0.46403321623802185
0.6866742372512817,0.4751242995262146
0.411124587059021,0.4690091609954834
0.08387088775634766,0.4252944886684418
0.48663365840911865,0.4735984802246094
0.7989403009414673,0.5677574276924133
0.4112163782119751,0.5573034882545471
0.14222508668899536,0.4878341555595398
2.23475980758667,0.49028265476226807
1.076156497001648,0.4596775770187378
0.6991328001022339,0.42747852206230164
0.7469351291656494,0.3969498872756958
1.1165692806243896,0.4932451844215393
0.6904038190841675,0.47698649764060974
0.21824800968170166,0.4985311031341553
1.6747838258743286,0.42908790707588196
0.6099363565444946,0.49353960156440735
0.3440495729446411,0.5183160305023193
0.12033557891845703,0.5410448312759399
0.371832013130188,0.5379575490951538
0.21828937530517578,0.5319186449050903
0.08129024505615234,0.4713805913925171
0.2858457565307617,0.5477976202964783
0.20235586166381836,0.555736780166626
1.2677435874938965,0.47774338722229004
1.3323379755020142,0.5122926831245422
0.14758539199829102,0.5345159769058228
0.15961885452270508,0.533839762210846
0.280542254447937,0.511523962020874
0.3080728054046631,0.4952266812324524
0.2631847858428955,0.5338262319564819
0.17486870288848877,0.587849497795105
0.4185985326766968,0.6242315769195557
0.39154547452926636,0.5835111141204834
0.18966174125671387,0.5596429705619812
0.1841428279876709,0.44795307517051697
0.4156123399734497,0.4717582166194916
0.16584253311157227,0.4225793480873108
0.18899965286254883,0.43793928623199463
0.5995117425918579,0.5426324605941772
0.18869519233703613,0.5151872038841248
0.3839139938354492,0.5290212035179138
0.8195817470550537,0.5145887732505798
0.462995707988739,0.5529773235321045
0.24049216508865356,0.5178813338279724
0.9624472856521606,0.6028026938438416
0.4865245819091797,0.5452550649642944
0.30054593086242676,0.6180447340011597
0.21771937608718872,0.5345021486282349
0.23192524909973145,0.5589919686317444
0.345739483833313,0.590320885181427
0.2185918092727661,0.5564707517623901
0.2584953308105469,0.5516819953918457
0.4662301540374756,0.46324536204338074
0.23070508241653442,0.54677814245224
0.3851127624511719,0.5347895622253418
0.1626129150390625,0.5904473066329956
0.15869659185409546,0.5353477001190186
0.2172059416770935,0.5824301838874817
0.40024590492248535,0.5224212408065796
0.4294968843460083,0.47441744804382324
0.24531817436218262,0.5499674081802368
0.8652686476707458,0.5585290193557739
0.3491060733795166,0.46832823753356934
0.3945288062095642,0.5467283725738525
0.4683385491371155,0.6721600890159607
1.0346542596817017,0.5179277062416077
1.320127248764038,0.5788335800170898
0.23928487300872803,0.5518486499786377
0.39289700984954834,0.5877086520195007
0.6048542261123657,0.5972253084182739
0.311651349067688,0.5292391777038574
0.34224653244018555,0.6251368522644043
0.3554791212081909,0.5985282063484192
0.5436937808990479,0.5880098938941956
0.16165828704833984,0.5534206032752991
0.24083900451660156,0.5387304425239563
0.496681809425354,0.532589852809906
0.22706377506256104,0.5417567491531372
0.09946399927139282,0.4857217073440552
0.2772712707519531,0.510364830493927
0.23324763774871826,0.5190747976303101
0.2878063917160034,0.6459571123123169
0.09661471843719482,0.5984944105148315
0.33362913131713867,0.5550079345703125
0.09191489219665527,0.5554941892623901
0.14716315269470215,0.62462317943573
0.06763434410095215,0.6071173548698425
0.27479052543640137,0.5642563700675964
0.272213339805603,0.6479499340057373
0.15314573049545288,0.563859760761261
1.4779365062713623,0.5558452010154724
1.0760445594787598,0.6228575706481934
1.2811288833618164,0.5412302613258362
1.0816621780395508,0.6502967476844788
0.44994330406188965,0.5872328877449036
0.23250818252563477,0.7413467168807983
0.37945008277893066,0.5563846826553345
0.2316364049911499,0.5765544176101685
0.3024284839630127,0.6022602319717407
0.779555082321167,0.4754098951816559
1.119379997253418,0.5795574188232422
0.4438477158546448,0.5415700078010559
0.33321309089660645,0.5064780116081238
0.8809999823570251,0.5016550421714783
0.19746237993240356,0.545526921749115
0.7004603743553162,0.5497536659240723
0.279071569442749,0.4759034514427185
0.28675925731658936,0.4673396348953247
0.35675787925720215,0.4714035391807556
0.27672600746154785,0.548711895942688
0.5640928745269775,0.496435284614563
0.3906349539756775,0.4668287932872772
0.2651963233947754,0.5246583223342896
0.15755236148834229,0.4919886291027069
0.615872859954834,0.5274107456207275
0.5924149751663208,0.445472776889801
0.5832956433296204,0.4797635078430176
0.6662330031394958,0.5552315711975098
0.8668698668479919,0.5483197569847107
1.478973388671875,0.5952481031417847
0.3567085266113281,0.536684513092041
0.8224623203277588,0.5178734064102173
0.873854398727417,0.5514556169509888
0.2942267656326294,0.5154373645782471
0.8572384715080261,0.5026652216911316
0.17228364944458008,0.507797122001648
0.6414144039154053,0.4921824336051941
0.8229731321334839,0.5899238586425781
1.7118000984191895,0.5492076873779297
0.5613688826560974,0.5700962543487549
1.0855603218078613,0.6973910331726074
0.36774778366088867,0.8008472919464111
1.3784937858581543,0.47911810874938965
0.5079779624938965,0.5509995818138123
0.30845093727111816,0.5880843997001648
0.1113959550857544,0.5414121150970459
0.05502903461456299,0.5134947896003723
0.4049077033996582,0.5425009727478027
0.36300957202911377,0.5089823007583618
0.4614213705062866,0.7907768487930298
0.30018097162246704,0.5694586038589478
1.349390983581543,0.5695068836212158
0.43452179431915283,0.5693691968917847
1.1560205221176147,0.5618158578872681
0.6377745866775513,0.5866498947143555
1.4565359354019165,0.6231428384780884
0.8147341012954712,0.5728210806846619
1.297895908355713,0.5038291811943054
0.16594290733337402,0.4412696361541748
0.23269367218017578,0.45389115810394287
0.15301918983459473,0.42860618233680725
0.5463935136795044,0.534021258354187
0.2692997455596924,0.46172720193862915
0.46763795614242554,0.47046640515327454
0.3658585548400879,0.5052151679992676
0.2486889362335205,0.583328366279602
0.4108532667160034,0.5523284673690796
0.4005378484725952,0.5438868999481201
0.47512078285217285,0.4838668406009674
0.13797259330749512,0.4884393811225891
0.4980020523071289,0.5511919856071472
1.0107371807098389,0.6009892225265503
0.2913395166397095,0.5299692749977112
0.5300073623657227,0.5710150599479675
0.472819447517395,0.5012930035591125
0.32456469535827637,0.5831950306892395
0.5069022178649902,0.527635931968689
0.7509323358535767,0.5691145658493042
0.860362708568573,0.48309746384620667
0.5736589431762695,0.5401948690414429
0.34272170066833496,0.5446661114692688
0.3418116569519043,0.49429208040237427
1.278729796409607,0.5597680807113647
0.2518962621688843,0.4979618787765503
0.28137946128845215,0.5155578851699829
0.35023975372314453,0.5101093053817749
0.8060080409049988,0.5393984913825989
0.3086354732513428,0.5145749449729919
1.212699055671692,0.47294530272483826
0.23672103881835938,0.4891018271446228
0.904091477394104,0.5126019716262817
0.521033525466919,0.486137717962265
2.2858405113220215,0.5027099251747131
0.84625244140625,0.5013580918312073
2.1856894493103027,0.4905383288860321
0.6822216510772705,0.47266146540641785
1.0673407316207886,0.5843941569328308
2.4537148475646973,0.5943185091018677
0.23854422569274902,0.528245210647583
0.6063598394393921,0.5100709795951843
1.0290462970733643,0.48780861496925354
1.0681638717651367,0.5293928980827332
0.3405439853668213,0.5449535846710205
0.2713916301727295,0.5668078660964966
1.1605079174041748,0.5709613561630249
0.5406816005706787,0.4806411564350128
2.9133949279785156,0.5425705909729004
1.1159567832946777,0.48312994837760925
0.8735087513923645,0.46836334466934204
1.0849440097808838,0.5014320611953735
0.3501923084259033,0.4751504957675934
0.6220453977584839,0.46201881766319275
0.6158589720726013,0.42603808641433716
0.5354644060134888,0.5331224799156189
0.2653464078903198,0.4787777066230774
0.3576127290725708,0.5331448316574097
0.15568578243255615,0.4897840619087219
0.0809166431427002,0.43773114681243896
0.48385941982269287,0.5428646802902222
0.5924097895622253,0.4961342215538025
0.7651459574699402,0.48258376121520996
0.3506709933280945,0.4933331608772278
0.09749042987823486,0.5087202787399292
0.08809590339660645,0.48814845085144043
0.2962629795074463,0.4844840168952942
0.9832247495651245,0.5351241827011108
0.7115768194198608,0.5131727457046509
1.0931371450424194,0.5169563293457031
0.4310075640678406,0.4388928711414337
0.8010636568069458,0.4574500024318695
0.7222611904144287,0.5039309859275818
0.7218317985534668,0.46907204389572144
0.332491397857666,0.5210325121879578
1.1549057960510254,0.5257843136787415
0.18719017505645752,0.49458837509155273
1.1034603118896484,0.4704040288925171
0.3039740324020386,0.4560161232948303
1.180161476135254,0.4383578896522522
0.35745763778686523,0.5012710094451904
0.9589120745658875,0.5232082009315491
0.39217692613601685,0.5076918005943298
0.486278772354126,0.5520728230476379
0.22588491439819336,0.5366171598434448
0.32004570960998535,0.5749989748001099
0.19851815700531006,0.47268152236938477
0.4785565137863159,0.4303966760635376
0.1473536491394043,0.49187666177749634
0.7399006485939026,0.4781283438205719
0.09540271759033203,0.49276110529899597
0.32148370146751404,0.5384387373924255
0.159415602684021,0.42144516110420227
0.1173551082611084,0.47038817405700684
0.28553318977355957,0.5214175581932068
0.6546992063522339,0.49963870644569397
0.9211475849151611,0.4458267390727997
0.44881725311279297,0.45922866463661194
0.24247407913208008,0.5260997414588928
0.6160938143730164,0.5294637084007263
0.4174443483352661,0.5127403736114502
0.6045498847961426,0.4764502942562103
0.27028727531433105,0.48231831192970276
0.1922626495361328,0.48622721433639526
0.44900524616241455,0.4601965844631195
0.3770511746406555,0.500225841999054
0.41420793533325195,0.5297933220863342
0.38654494285583496,0.4429626762866974
0.22843563556671143,0.5066083073616028
0.44538891315460205,0.4839972257614136
0.25898027420043945,0.3883962631225586
0.2814505100250244,0.5179634094238281
0.18588829040527344,0.4805530607700348
0.135453462600708,0.48800554871559143
0.17195844650268555,0.47751864790916443
0.20944976806640625,0.5382693409919739
0.2091381549835205,0.4919106066226959
0.5696849226951599,0.5730330944061279
1.0068552494049072,0.5379568934440613
0.2873561382293701,0.5066275000572205
0.5194493532180786,0.4606294631958008
0.458599328994751,0.49052077531814575
0.045754432678222656,0.46610286831855774
0.3676398992538452,0.5640319585800171
0.24862539768218994,0.507744550704956
0.3196890354156494,0.49902284145355225
0.24171841144561768,0.5542615652084351
0.05840331315994263,0.5033416152000427
0.14484256505966187,0.5466279983520508
0.5715385675430298,0.5818636417388916
0.10037732124328613,0.5812255144119263
0.06815248727798462,0.5338290929794312
0.3172152042388916,0.5238825678825378
0.2361741065979004,0.5076168179512024
0.16781353950500488,0.5436739325523376
0.2520001530647278,0.544903039932251
0.4914919137954712,0.59104984998703
0.36685413122177124,0.5452876687049866
0.8106949329376221,0.5437830686569214
2.905890464782715,0.6075822710990906
0.9186152815818787,0.5519556999206543
0.3181728720664978,0.4882459044456482
0.2129688858985901,0.5106935501098633
0.6280004978179932,0.48899298906326294
0.14984130859375,0.49648767709732056
0.8399055600166321,0.47298166155815125
0.2991858124732971,0.5649365186691284
0.13712751865386963,0.483232706785202
0.1272284984588623,0.4526815414428711
0.6746199131011963,0.48979535698890686
0.20159626007080078,0.6392077803611755
0.4374716281890869,0.5558197498321533
0.7547898888587952,0.6067414879798889
0.17433857917785645,0.5576852560043335
0.46998244524002075,0.5382047891616821
0.5918283462524414,0.46254703402519226
0.18711113929748535,0.5954731702804565
1.1214864253997803,0.6063151359558105
0.7955073118209839,0.49628958106040955
0.543747067451477,0.5567423701286316
0.23805832862854004,0.5420589447021484
2.080359697341919,0.486397922039032
0.5210790038108826,0.5049535632133484
0.1572859287261963,0.5134162306785583
0.5739151239395142,0.5089107155799866
0.38575053215026855,0.4398874342441559
0.19024813175201416,0.5052783489227295
0.4311619997024536,0.42465510964393616
0.4352418780326843,0.4767879247665405
0.8107218742370605,0.4869021475315094
0.7122255563735962,0.41365525126457214
0.31000399589538574,0.5278613567352295
0.3921089172363281,0.5211633443832397
1.0226426124572754,0.4744020104408264
0.5938800573348999,0.5284138321876526
1.1746622323989868,0.5567871928215027
1.0682697296142578,0.5130761861801147
0.4923567771911621,0.5042582154273987
0.4492330551147461,0.5024266242980957
0.21375608444213867,0.47073227167129517
0.3463984727859497,0.5149710774421692
1.1825194358825684,0.5021684169769287
0.3842339515686035,0.4779510796070099
0.171423077583313,0.5255981087684631
0.37755393981933594,0.5140854716300964
0.12436890602111816,0.5738154649734497
0.2619472146034241,0.5495544672012329
0.28249821066856384,0.5777324438095093
0.3770688772201538,0.4989961087703705
0.3444417715072632,0.5389583110809326
0.301769495010376,0.5348909497261047
0.1493210792541504,0.49770092964172363
0.7833366990089417,0.5132465362548828
0.3735969662666321,0.5158417224884033
0.09737920761108398,0.5460700392723083
1.2986564636230469,0.6307098865509033
0.23385566473007202,0.5183954238891602
0.36745941638946533,0.5789989233016968
0.5644450187683105,0.4872020483016968
0.2760680913925171,0.5637674927711487
0.2200043797492981,0.530474066734314
0.2641022205352783,0.6226811408996582
0.2883625626564026,0.6079054474830627
0.3148953914642334,0.5189340114593506
0.574934720993042,0.5344952940940857
1.3684724569320679,0.4729585349559784
0.8276040554046631,0.5338131189346313
0.6284252405166626,0.4665704071521759
0.6766183376312256,0.5449206829071045
0.8688260316848755,0.5804853439331055
0.2821711301803589,0.6067213416099548
0.14058631658554077,0.5461320281028748
0.8041644096374512,0.5714595317840576
0.6415444016456604,0.5172571539878845
0.20328527688980103,0.5172819495201111
0.4634438753128052,0.4959603548049927
0.5032497048377991,0.5764968991279602
0.742673397064209,0.5592538714408875
0.43056976795196533,0.5265619158744812
0.7644836902618408,0.48910975456237793
0.26714491844177246,0.48939085006713867
0.7632489204406738,0.5427331924438477
0.49488234519958496,0.5041735172271729
0.49358534812927246,0.5107722282409668
0.2730708122253418,0.4806104898452759
0.31915974617004395,0.5179668068885803
0.40962719917297363,0.4980369806289673
1.5488442182540894,0.5674229264259338
0.7628793716430664,0.5339889526367188
0.24460411071777344,0.48460835218429565
0.668520450592041,0.53962242603302
0.1838240623474121,0.5448203086853027
0.17184162139892578,0.5305790901184082
0.34694671630859375,0.5687704682350159
0.14364516735076904,0.6091351509094238
0.6320106983184814,0.6067070960998535
0.259851336479187,0.5974048972129822
0.3472585678100586,0.6270595192909241
1.0517629384994507,0.6169710159301758
0.44268691539764404,0.5764083862304688
0.6020317077636719,0.5712993741035461
1.073348879814148,0.5455628633499146
0.6627998352050781,0.5526970624923706
1.1177306175231934,0.47953519225120544
1.069892406463623,0.585811197757721
0.5657738447189331,0.48341482877731323
1.0532686710357666,0.5413459539413452
1.5386799573898315,0.513979434967041
1.5549824237823486,0.633334755897522
0.7094094753265381,0.5268352031707764
2.216524362564087,0.5750787258148193
1.9568201303482056,0.541477382183075
0.7041933536529541,0.5940436720848083
0.6551954746246338,0.6514597535133362
0.287688672542572,0.6039918661117554
0.6702325344085693,0.6048962473869324
0.4222068786621094,0.651799201965332
0.19895029067993164,0.6707250475883484
0.133289635181427,0.6480947732925415
0.27711963653564453,0.5953928232192993
0.42324161529541016,0.6031710505485535
0.5783578157424927,0.6000325083732605
0.23813313245773315,0.5786923170089722
0.3322021961212158,0.533926248550415
0.15683281421661377,0.5085410475730896
0.6026710271835327,0.5421556830406189
0.7265428900718689,0.48288819193840027
0.16753673553466797,0.4991708993911743
0.19315099716186523,0.48963218927383423
0.11155009269714355,0.4841648042201996
0.554450511932373,0.49854958057403564
1.2047109603881836,0.5283047556877136
0.7158478498458862,0.48207512497901917
0.35003674030303955,0.4854253828525543
0.8222032785415649,0.5126854777336121
0.23457634449005127,0.5371420383453369
0.36843836307525635,0.4926847517490387
0.4044778347015381,0.4766390323638916
0.23836469650268555,0.49357157945632935
0.8571324348449707,0.5608946084976196
1.093145728111267,0.5378751754760742
0.4300971031188965,0.526202380657196
0.7480325698852539,0.5672926306724548
0.8242814540863037,0.5227051973342896
1.1779627799987793,0.5410671234130859
0.5612945556640625,0.4885358512401581
0.8720242977142334,0.5352168679237366
1.254485011100769,0.5788775682449341
0.3662841320037842,0.49918538331985474
0.2985268831253052,0.4861818552017212
1.169407606124878,0.5130120515823364
1.632185697555542,0.641615629196167
1.661618709564209,0.4971942901611328
0.234829843044281,0.48702019453048706
1.1482958793640137,0.43953657150268555
2.1282825469970703,0.42379724979400635
1.1625856161117554,0.4932515025138855
1.3082610368728638,0.5082681179046631
0.9250088930130005,0.4981365501880646
2.9820027351379395,0.513758659362793
0.9729032516479492,0.5685491561889648
0.5210514068603516,0.5108433961868286
1.662980079650879,0.524790346622467
0.33535343408584595,0.633044958114624
0.6381733417510986,0.6432511210441589
0.6615563631057739,0.5752358436584473
0.2474716305732727,0.6274461150169373
0.2836920917034149,0.6536668539047241
1.2897357940673828,0.6081383228302002
0.5995394587516785,0.5750824213027954
0.7390878200531006,0.5742926597595215
1.4427318572998047,0.49838709831237793
0.6236493587493896,0.5059386491775513
0.4650750756263733,0.46318280696868896
0.3470173478126526,0.5549315214157104
0.3237575888633728,0.5310442447662354
0.1530705690383911,0.5618565082550049
0.42668986320495605,0.5039293766021729
0.7965977191925049,0.5264003276824951
0.6797041893005371,0.43456700444221497
0.5694860219955444,0.5040372610092163
0.863309383392334,0.45155468583106995
1.6992669105529785,0.5012941956520081
0.40168893337249756,0.44837456941604614
0.2908870577812195,0.4605957269668579
0.9518048763275146,0.5875505805015564
0.8291976451873779,0.49590402841567993
0.6723929643630981,0.436564177274704
2.01389741897583,0.4959262013435364
0.570880651473999,0.4854065477848053
0.5852038860321045,0.48935675621032715
0.7055070400238037,0.5514652132987976
0.5142667293548584,0.6124606132507324
0.5675666332244873,0.5653834342956543
0.505388617515564,0.5541473031044006
1.2300902605056763,0.6022104024887085
0.2950928211212158,0.5493354797363281
0.22842061519622803,0.5039209127426147
0.8984473347663879,0.521157443523407
1.0551488399505615,0.5356475114822388
0.8575997352600098,0.5834032893180847
0.3096713721752167,0.5560939908027649
0.8362265229225159,0.5769916772842407
1.1681272983551025,0.5257802605628967
0.6308318376541138,0.5287461876869202
0.8200796842575073,0.540452241897583
0.571897029876709,0.48890814185142517
0.6078131198883057,0.54598069190979
0.29892635345458984,0.557057797908783
1.5859229564666748,0.5291246175765991
1.8963149785995483,0.5624178051948547
0.5974454879760742,0.4996742308139801
0.8716726303100586,0.44532760977745056
2.847594738006592,0.518547534942627
1.987955093383789,0.4994273781776428
0.3119385242462158,0.49728232622146606
0.8495309352874756,0.42687633633613586
1.8968924283981323,0.40009093284606934
1.4671375751495361,0.4147111773490906
0.0990757942199707,0.45601725578308105
0.3243885040283203,0.49906229972839355
0.3460654020309448,0.49667850136756897
0.9734437465667725,0.4737354516983032
0.36921900510787964,0.4268758296966553
0.19272589683532715,0.5150614976882935
0.6452403664588928,0.506392776966095
0.6275299787521362,0.3999236822128296
0.28722643852233887,0.45092999935150146
0.5592882633209229,0.48493582010269165
0.40985679626464844,0.6178333759307861
0.1610114574432373,0.48889654874801636
0.6948132514953613,0.5033044815063477
0.18464386463165283,0.6088581085205078
0.2988141179084778,0.5617926120758057
0.16750454902648926,0.4892863631248474
0.2824469804763794,0.5501886606216431
0.40030837059020996,0.5406348705291748
0.3360447883605957,0.5682947635650635
0.16800343990325928,0.5751579999923706
0.99293053150177,0.5274161100387573
0.14330673217773438,0.503649890422821
0.3477210998535156,0.5409412384033203
0.25790131092071533,0.5179559588432312
0.38607877492904663,0.4678020179271698
0.15187609195709229,0.4802631735801697
0.5412182807922363,0.5412583351135254
0.32308298349380493,0.5250734090805054
0.3274190425872803,0.515460729598999
0.7614161968231201,0.4712710678577423
0.3467903137207031,0.47813472151756287
0.33186447620391846,0.42783141136169434
0.24621009826660156,0.4962003529071808
0.23338782787322998,0.3614586293697357
0.6670162677764893,0.475103497505188
0.6800233125686646,0.4667355716228485
0.33466637134552,0.4602862596511841
0.2348308563232422,0.4825299382209778
0.19813036918640137,0.5039478540420532
0.4396064281463623,0.3937576413154602
0.37148165702819824,0.4293045401573181
0.24048620462417603,0.49948519468307495
0.433008074760437,0.48239994049072266
0.17592310905456543,0.4594840407371521
0.1734125018119812,0.5215909481048584
0.13581609725952148,0.46030187606811523
0.3577859401702881,0.4944521188735962
1.0398125648498535,0.42794907093048096
0.23262929916381836,0.5227251052856445
1.1201651096343994,0.4954604506492615
0.3804638385772705,0.4547887444496155
1.6002802848815918,0.5014934539794922
0.9592305421829224,0.5892919301986694
1.5967965126037598,0.5489850044250488
0.9128940105438232,0.6572771072387695
1.8698426485061646,0.6030884981155396
0.9197624921798706,0.5525637865066528
1.8681715726852417,0.5633078813552856
0.9398819208145142,0.6177020072937012
0.8486893177032471,0.46467089653015137
1.5545554161071777,0.5305681824684143
2.0532283782958984,0.5617958307266235
0.5005701780319214,0.547945499420166
0.4387998580932617,0.4725249707698822
0.3752625584602356,0.4795917868614197
0.7013299465179443,0.46891045570373535
0.34654659032821655,0.5068662166595459
0.1759953498840332,0.5184014439582825
0.25755345821380615,0.5234971642494202
0.7596333026885986,0.4644637405872345
0.16037309169769287,0.5808770060539246
0.29565346240997314,0.5086728930473328
0.8129624128341675,0.5563720464706421
0.1545478105545044,0.48946475982666016
0.13474535942077637,0.5285764932632446
0.46904826164245605,0.5947136878967285
0.37633174657821655,0.5366424322128296
0.42180538177490234,0.5530171394348145
0.3126804828643799,0.7964145541191101
0.17927861213684082,0.616416335105896
0.3026507496833801,0.7022839784622192
0.4029808044433594,0.6198515295982361
0.11662685871124268,0.6001003980636597
0.24300169944763184,0.5971081256866455
0.10234767198562622,0.6368000507354736
0.11415433883666992,0.5482276082038879
0.29783356189727783,0.7356276512145996
0.31600475311279297,0.43361765146255493
0.7080124616622925,0.47685128450393677
0.6421096324920654,0.5036419034004211
0.3406490087509155,0.47242963314056396
0.5604146718978882,0.38937997817993164
0.35543763637542725,0.41303306818008423
0.2786893844604492,0.3990425765514374
0.38726019859313965,0.47904670238494873
0.3993019461631775,0.42216411232948303
0.19987618923187256,0.4299827218055725
0.14640402793884277,0.4263054132461548
0.5182807445526123,0.4461614787578583
0.15770494937896729,0.47514310479164124
0.2342371940612793,0.5388298034667969
0.923945426940918,0.5264925956726074
0.3801944851875305,0.7682891488075256
0.18015336990356445,0.5703722238540649
0.20238596200942993,0.5712827444076538
0.19517403841018677,0.5376517176628113
0.4775649309158325,0.5110169649124146
0.17418831586837769,0.4594804048538208
0.1992056965827942,0.41074836254119873
0.4214287996292114,0.4230937063694
0.15299779176712036,0.372669517993927
0.20069867372512817,0.38551807403564453
0.25289273262023926,0.431386798620224
0.23320072889328003,0.3896388113498688
0.17213690280914307,0.41552889347076416
0.279315710067749,0.5273610353469849
0.3220813274383545,0.4927828013896942
0.17593592405319214,0.47722572088241577
0.4216468334197998,0.48939624428749084
0.07464790344238281,0.45883098244667053
0.2639256715774536,0.5193743705749512
0.2069096565246582,0.4815475344657898
0.3543674945831299,0.4422035813331604
0.35125911235809326,0.4815150499343872
0.2705245018005371,0.41216883063316345
0.4571371078491211,0.436597615480423
0.17668718099594116,0.38447442650794983
0.1582854986190796,0.46958863735198975
0.6211094856262207,0.45102524757385254
0.5970804691314697,0.46850836277008057
0.2775188088417053,0.41920626163482666
0.7492557168006897,0.48723074793815613
0.14497613906860352,0.45970553159713745
0.14810621738433838,0.4094354510307312
0.5441855192184448,0.47808340191841125
0.5285108089447021,0.5132260322570801
0.20548748970031738,0.5481033325195312
0.28358030319213867,0.539669930934906
0.25409597158432007,0.5266190767288208
0.20944750308990479,0.48107099533081055
0.10764503479003906,0.518030047416687
0.20393764972686768,0.5058198571205139
0.3239487409591675,0.5548468828201294
0.21662890911102295,0.5357463359832764
0.30312055349349976,0.6024253368377686
0.5523177981376648,0.707761824131012
0.4794217348098755,0.6059746146202087
0.49585211277008057,0.5410971641540527
0.17521563172340393,0.6285725235939026
0.3303403854370117,0.5198512077331543
0.10234326124191284,0.49587544798851013
0.7021840810775757,0.6359965801239014
0.5339701175689697,0.6221423149108887
0.2851639986038208,0.5450860261917114
0.4534327983856201,0.6071824431419373
0.6862768530845642,0.5577825903892517
0.7808894515037537,0.4875681400299072
0.776089608669281,0.46167832612991333
0.30298513174057007,0.5123862624168396
0.13315343856811523,0.5126177668571472
0.2458862066268921,0.5534056425094604
0.5738915801048279,0.4470288157463074
0.8656530380249023,0.42547130584716797
0.4132314920425415,0.4736894965171814
0.6330804824829102,0.49879807233810425
0.23766160011291504,0.4226439595222473
1.4891489744186401,0.41245922446250916
0.21249306201934814,0.5291271209716797
0.6221708059310913,0.5447109341621399
0.740781307220459,0.5201852321624756
1.3812533617019653,0.623450517654419
0.4861316680908203,0.5044437646865845
0.6650815010070801,0.5649785995483398
1.6352288722991943,0.6349738836288452
0.718157172203064,0.5787420272827148
1.0618669986724854,0.560580313205719
0.2950655519962311,0.5564414262771606
0.3229100704193115,0.5287060737609863
0.28260093927383423,0.525081992149353
0.3233211636543274,0.526040256023407
0.21396148204803467,0.5904992818832397
0.9651734828948975,0.5857510566711426
0.3519093990325928,0.5598150491714478
0.1403072476387024,0.5338510870933533
0.30200356245040894,0.5169810056686401
0.7342156171798706,0.5190296769142151
0.6761353611946106,0.4901590347290039
1.0763452053070068,0.4976637363433838
0.4082096815109253,0.44765812158584595
0.35068652033805847,0.5442028641700745
0.25782644748687744,0.4662715494632721
0.1618291139602661,0.5092566013336182
0.5684441328048706,0.5284940004348755
0.4224904775619507,0.5194002389907837
0.39677727222442627,0.49627235531806946
0.12173497676849365,0.46872803568840027
0.29558849334716797,0.5003109574317932
0.9865779876708984,0.6041451096534729
0.16379380226135254,0.46418851613998413
0.15916123986244202,0.48091602325439453
0.42322254180908203,0.5627295970916748
0.31860923767089844,0.5217504501342773
0.09526634216308594,0.6072303652763367
0.23743343353271484,0.43082576990127563
0.3554556369781494,0.5086461305618286
0.23142015933990479,0.6213513612747192
0.11964058876037598,0.5351433157920837
0.29287588596343994,0.5217771530151367
0.21485686302185059,0.5031995177268982
0.09447234869003296,0.5048209428787231
0.15988010168075562,0.45827972888946533
0.4920412302017212,0.41418617963790894
0.1698371171951294,0.531613290309906
0.3119466304779053,0.4694969058036804
0.13012465834617615,0.4428877532482147
0.2052401304244995,0.5421582460403442
0.17848598957061768,0.4319312274456024
0.23558712005615234,0.4783325493335724
0.191436767578125,0.5660462975502014
0.19079792499542236,0.5534726977348328
0.033928632736206055,0.49216023087501526
0.23775696754455566,0.5391201972961426
0.48345446586608887,0.5347915291786194
0.051844894886016846,0.5500603318214417
0.1835758090019226,0.5203128457069397
0.12072193622589111,0.46182262897491455
0.4981456995010376,0.6169624328613281
0.15160739421844482,0.4812765419483185
0.18526357412338257,0.47047901153564453
0.45847296714782715,0.4671862721443176
0.12996667623519897,0.40106070041656494
0.20979094505310059,0.3632109761238098
0.287265419960022,0.44387006759643555
0.18612587451934814,0.4337090849876404
0.27247941493988037,0.43334320187568665
0.34140676259994507,0.3874976634979248
0.2436872124671936,0.3631102442741394
0.12834525108337402,1.0402024984359741
0.12980222702026367,0.9088473320007324
0.4061923027038574,0.5882197022438049
0.13346195220947266,0.5847247838973999
0.22276902198791504,0.5163726210594177
0.11112892627716064,0.48892831802368164
0.22776901721954346,0.5222362875938416
0.11500018835067749,0.43230047821998596
0.04727661609649658,0.5366881489753723
0.039587974548339844,0.6773180961608887
0.2020772099494934,0.5307213068008423
0.08913016319274902,0.5735979080200195
0.11499249935150146,0.5402547121047974
0.11920720338821411,0.43239304423332214
0.10233855247497559,0.46506333351135254
0.25603556632995605,0.4327716529369354
0.12493109703063965,0.44690412282943726
0.08171707391738892,0.42013975977897644
0.3356490135192871,0.4335455894470215
0.23423385620117188,0.5098950862884521
0.22226464748382568,0.4916582405567169
0.19533276557922363,0.49159419536590576
0.14044833183288574,0.41449734568595886
0.3174865245819092,0.5125778317451477
0.09658312797546387,0.5597000122070312
0.07651817798614502,0.51540207862854
0.27010488510131836,0.5332509875297546
0.1666243076324463,0.5946099758148193
0.12477231025695801,0.4788590669631958
0.10378038883209229,0.5622580051422119
0.05928623676300049,0.5756262540817261
0.04326406121253967,0.5376299619674683
0.12915217876434326,0.6729558110237122
0.09620809555053711,0.581752359867096
0.04100191593170166,0.5136189460754395
0.042164146900177,0.6679743528366089
0.3147431015968323,0.5611716508865356
0.28742432594299316,0.5837110280990601
0.2340487241744995,0.590569794178009
0.4340379238128662,0.5311943888664246
0.09386754035949707,0.49161481857299805
0.19993269443511963,0.5512220859527588
0.1971113681793213,0.5581448078155518
0.182830810546875,0.5484934449195862
0.10938549041748047,0.5297952890396118
0.14266490936279297,0.5415248274803162
0.280620813369751,0.41721248626708984
0.1416301727294922,0.4359729588031769
0.2534884810447693,0.5164172053337097
0.25863391160964966,0.4908139705657959
0.1362757682800293,0.47494420409202576
0.8345661163330078,0.4302743375301361
0.19359517097473145,0.6143416166305542
0.11392426490783691,0.49344712495803833
0.060944318771362305,0.5334017276763916
0.12203067541122437,0.5968424081802368
0.19501173496246338,0.7724398970603943
0.2598186731338501,0.6127208471298218
0.34963446855545044,0.5349881052970886
0.0865241289138794,0.7128438949584961
0.07727313041687012,0.5547977685928345
0.14655613899230957,0.5031898617744446
0.22879016399383545,0.4692276120185852
0.12196683883666992,0.47105053067207336
0.15759038925170898,0.5330260992050171
0.04893183708190918,0.500600278377533
0.2834153175354004,0.5780364274978638
0.40232813358306885,0.589631974697113
0.39395689964294434,0.560135006904602
0.08628439903259277,0.5966769456863403
0.028919517993927002,0.5085419416427612
0.09551835060119629,0.6120587587356567
0.2729983925819397,0.514443576335907
0.27355802059173584,0.5594489574432373
0.03566873073577881,0.5126659870147705
0.1435999870300293,0.55161452293396
0.032970964908599854,0.5310865640640259
0.14707785844802856,0.5818028450012207
0.1664634346961975,0.49083277583122253
0.2933043837547302,0.5917458534240723
0.10497093200683594,0.5625276565551758
0.2675943374633789,0.5563880205154419
0.05918598175048828,0.5237312912940979
0.19520890712738037,0.5290491580963135
0.13965082168579102,0.547497034072876
0.1801915168762207,0.49349749088287354
0.03574937582015991,0.5241567492485046
0.26698756217956543,0.5481148958206177
0.18445515632629395,0.5645237565040588
0.11643046140670776,0.4643925428390503
0.07696276903152466,0.5015804171562195
0.19009828567504883,0.4477495551109314
0.20460450649261475,0.5558185577392578
0.020423829555511475,0.48174580931663513
0.05427098274230957,0.4193393290042877
0.2226724624633789,0.42208796739578247
0.08008718490600586,0.4527229070663452
0.11461406946182251,0.5332540273666382
0.29417240619659424,0.43153145909309387
0.34034717082977295,0.45944666862487793
0.11597555875778198,0.4575396180152893
0.27198123931884766,0.39521464705467224
0.2000443935394287,0.40907207131385803
0.1371471881866455,0.47427982091903687
0.24225902557373047,0.402432918548584
0.5264230966567993,0.4505317807197571
0.20105409622192383,0.4478828012943268
0.2681370973587036,0.4569118618965149
0.11747682094573975,0.45213451981544495
0.47415006160736084,0.5029877424240112
0.3180410861968994,0.5094693303108215
0.11029982566833496,0.49200594425201416
0.10497558116912842,0.5317531824111938
0.3145267963409424,0.506310224533081
0.23950105905532837,0.4778074324131012
0.31871962547302246,0.5736690759658813
0.31668102741241455,0.506567656993866
0.11695981025695801,0.4940124750137329
0.2858651876449585,0.45108744502067566
0.056707143783569336,0.4612888693809509
0.14450621604919434,0.4689441919326782
0.20684564113616943,0.490447074174881
0.22577691078186035,0.4681372344493866
0.19034206867218018,0.4621284306049347
0.12406253814697266,0.4974377751350403
0.16026067733764648,0.5135125517845154
0.3253636360168457,0.5206323266029358
0.07774722576141357,0.5400655269622803
0.10375022888183594,0.4712318778038025
0.15783703327178955,0.5919742584228516
0.0587383508682251,0.49540913105010986
0.17055320739746094,0.4886162579059601
0.06150650978088379,0.6353682279586792
0.1688401699066162,0.6989868879318237
0.2138686180114746,0.5997996926307678
0.16524618864059448,0.5086069107055664
0.01154625415802002,0.5963724851608276
0.1939229965209961,0.5388222932815552
0.047736287117004395,0.5899944305419922
0.1867048740386963,0.6303110122680664
0.12835609912872314,0.5955934524536133
0.20552092790603638,0.492816686630249
0.15305668115615845,0.5264869332313538
0.12307611107826233,0.4734623432159424
0.24105393886566162,0.4775993227958679
0.14242708683013916,0.4751324951648712
0.2671462297439575,0.5090367197990417
0.1614730954170227,0.46055734157562256
0.21921181678771973,0.41402241587638855
0.12665605545043945,0.5611222386360168
0.22473907470703125,0.5130934715270996
0.15675556659698486,0.4221612513065338
0.027491331100463867,0.428659588098526
0.18771648406982422,0.44737815856933594
0.2332097291946411,0.42566797137260437
0.06323748826980591,0.41421952843666077
0.1171332597732544,0.5247712731361389
0.19282770156860352,0.48645877838134766
0.06030380725860596,0.4366391599178314
0.17415142059326172,0.5064645409584045
0.10080540180206299,0.372547447681427
0.09344065189361572,0.41754740476608276
0.08809888362884521,0.4838311970233917
0.1099693775177002,0.45606347918510437
0.16448330879211426,0.49921661615371704
0.1476285457611084,0.49311622977256775
0.5107970237731934,0.47006988525390625
0.1445159912109375,0.5214899182319641
0.27385127544403076,0.5408405065536499
0.19106292724609375,0.49460849165916443
0.23818093538284302,0.5455654859542847
0.4769676923751831,0.579687237739563
0.30066919326782227,0.5553402900695801
0.2781158685684204,0.5745857357978821
0.03999900817871094,0.531362771987915
0.24733030796051025,0.4853664040565491
0.2091578245162964,0.541290819644928
0.046837031841278076,0.5740067958831787
0.2305896282196045,0.5853162407875061
0.14181840419769287,0.5193289518356323
0.2906888723373413,0.5962263941764832
0.5927622318267822,0.5882205963134766
0.5026500225067139,0.5578490495681763
0.09603476524353027,0.5919787883758545
0.11148691177368164,0.48229143023490906
0.0960395336151123,0.4532918930053711
0.06678277254104614,0.4902545213699341
0.3335651755332947,0.49399834871292114
0.2323889136314392,0.5339229702949524
0.16392171382904053,0.5231738686561584
0.14386749267578125,0.5510542392730713
0.14628005027770996,0.4990137219429016
0.06248819828033447,0.5145621299743652
0.10998153686523438,0.5644469261169434
0.3315010070800781,0.5406862497329712
0.3063582181930542,0.5651731491088867
0.1800544261932373,0.48622778058052063
0.18421435356140137,0.4828125536441803
0.2941547632217407,0.5455265641212463
0.31134915351867676,0.563959538936615
0.0520627498626709,0.4777224659919739
0.14433026313781738,0.45031583309173584
0.3705911636352539,0.5045052170753479
0.25758373737335205,0.523613452911377
0.046774864196777344,0.43062663078308105
0.09921669960021973,0.4425134062767029
0.07204544544219971,0.4720337688922882
0.17267346382141113,0.4604904055595398
0.07304048538208008,0.41895872354507446
0.07362079620361328,0.43162381649017334
0.11526533961296082,0.44673067331314087
0.06972360610961914,0.5095874071121216
0.15664231777191162,0.4972311854362488
0.02702784538269043,0.5266903042793274
0.08066320419311523,0.5648819804191589
0.044273972511291504,0.4920077621936798
0.13965821266174316,0.5070968270301819
0.08220481872558594,0.48590555787086487
0.3051357865333557,0.49884694814682007
0.032227277755737305,0.4708362817764282
0.22474384307861328,0.4633886516094208
0.37397682666778564,0.470684289932251
0.07215380668640137,0.3969815969467163
0.07541322708129883,0.5078045129776001
0.1622765064239502,0.4996534287929535
0.1359127163887024,0.5436592698097229
0.2104550004005432,0.5386220216751099
0.47085630893707275,0.5488636493682861
0.46231603622436523,0.545608639717102
0.12135457992553711,0.4467071294784546
0.17769312858581543,0.5331145524978638
0.2288508415222168,0.4976471960544586
0.24608099460601807,0.5128555297851562
0.24745631217956543,0.5093981623649597
0.14587616920471191,0.5303199887275696
0.31618285179138184,0.4605405330657959
0.1749354600906372,0.4827702045440674
0.055264830589294434,0.5010241866111755
0.034774184226989746,0.46311134099960327
0.15692484378814697,0.49273595213890076
0.331240177154541,0.5425450205802917
0.22635769844055176,0.5222723484039307
0.15865325927734375,0.5228538513183594
0.13927054405212402,0.4184598922729492
0.3994547128677368,0.5376855134963989
0.20092034339904785,0.4740488827228546
0.0793524980545044,0.42905473709106445
0.3152749538421631,0.5313832759857178
0.21427583694458008,0.47866275906562805
0.11022138595581055,0.44615307450294495
0.13129258155822754,0.4498266577720642
0.04808330535888672,0.45657533407211304
0.022663474082946777,0.43718385696411133
0.030627012252807617,0.4257095754146576
0.18876147270202637,0.45243313908576965
0.07423698902130127,0.4771404564380646
0.1143796443939209,0.41505637764930725
0.06615662574768066,0.4612222909927368
0.3809767961502075,0.4896518886089325
0.26471590995788574,0.4956076145172119
0.13824796676635742,0.4169885516166687
0.18711960315704346,0.42738640308380127
0.2704150676727295,0.41855940222740173
0.1425560712814331,0.41130155324935913
0.16461098194122314,0.40803617238998413
0.12711000442504883,0.45202505588531494
0.13538742065429688,0.4974905848503113
0.14496701955795288,0.3871593475341797
0.24978435039520264,0.41249001026153564
0.2797863483428955,0.5364997982978821
0.12254321575164795,0.4243069291114807
0.047931134700775146,0.5848595499992371
0.08817386627197266,0.5414475202560425
0.07568359375,0.5316513776779175
0.033811986446380615,0.5714334845542908
0.08471709489822388,0.590968668460846
0.12019288539886475,0.5267379283905029
0.3120872378349304,0.5100963711738586
0.05210345983505249,0.5532429218292236
0.09413158893585205,0.45634448528289795
0.4048229455947876,0.4853774309158325
0.18456077575683594,0.47117552161216736
0.17735958099365234,0.55660080909729
0.12853968143463135,0.6028599739074707
0.039520263671875,0.5896270275115967
0.21022403240203857,0.5904433727264404
0.19751012325286865,0.5001993179321289
0.08386707305908203,0.5545667409896851
0.19466906785964966,0.5925597548484802
0.04842883348464966,0.6264733672142029
0.14069634675979614,0.6361882090568542
0.4494997262954712,0.4638235569000244
0.8691517114639282,0.4419471025466919
0.15613186359405518,0.4543249011039734
0.23366105556488037,0.5375911593437195
0.5122362375259399,0.5560703873634338
0.6487789154052734,0.5509049892425537
0.9608961343765259,0.5454261898994446
0.47165167331695557,0.5203801393508911
0.4665526747703552,0.564692497253418
0.5431127548217773,0.48103877902030945
0.32463186979293823,0.4823266267776489
0.17906075716018677,0.5532150268554688
0.11066603660583496,0.5458707213401794
1.3393561840057373,0.5813517570495605
0.2086106538772583,0.5261646509170532
0.1312720775604248,0.4650188386440277
0.4630260467529297,0.5948620438575745
0.23759913444519043,0.48399817943573
0.12634873390197754,0.5231857299804688
0.19344604015350342,0.5271873474121094
0.24348455667495728,0.4868893623352051
0.22185611724853516,0.4858170747756958
0.2870016098022461,0.47456157207489014
0.3309485912322998,0.48724380135536194
0.17250990867614746,0.46676260232925415
0.866352915763855,0.4990347921848297
0.26067495346069336,0.4791962802410126
0.34425973892211914,0.49505722522735596
0.6428905129432678,0.5527661442756653
0.30678850412368774,0.4270552098751068
0.3103576898574829,0.5688804388046265
0.19369161128997803,0.5210503935813904
0.23224037885665894,0.5357699394226074
0.6324586272239685,0.47129395604133606
0.26033949851989746,0.5127333998680115
0.5877258777618408,0.5333753824234009
0.8316527605056763,0.5268499255180359
1.0260162353515625,0.49643510580062866
0.23475432395935059,0.5677200555801392
0.3379240036010742,0.457210510969162
1.2767348289489746,0.4938648045063019
0.556855320930481,0.5178321003913879
0.1581413745880127,0.5173894762992859
0.2629355788230896,0.5029793977737427
0.5827739238739014,0.5093133449554443
0.29534387588500977,0.5123995542526245
0.7061893939971924,0.5548865795135498
0.37079423666000366,0.5257622599601746
0.4075651168823242,0.5216723084449768
0.5132516622543335,0.5659014582633972
0.17126083374023438,0.5663396120071411
0.3941347599029541,0.5579285025596619
0.4573845863342285,0.5537669658660889
0.23462200164794922,0.5152882933616638
0.2649366855621338,0.5008869171142578
0.0474010705947876,0.500424861907959
0.3851015567779541,0.5071362853050232
0.24565213918685913,0.5966395139694214
0.24518370628356934,0.5762056112289429
0.22452187538146973,0.5426657199859619
0.2540106773376465,0.557159423828125
0.09801530838012695,0.5521959662437439
0.45099568367004395,0.49619197845458984
1.0674023628234863,0.5237832069396973
0.6620445847511292,0.5750569105148315
0.6099910736083984,0.5795957446098328
1.0718103647232056,0.5408528447151184
0.5264348387718201,0.5378446578979492
0.699623167514801,0.6100057363510132
0.25101983547210693,0.5370298624038696
0.4553069472312927,0.5924561619758606
0.28218358755111694,0.5273391008377075
0.38792622089385986,0.5217998027801514
0.492326021194458,0.5642025470733643
0.1815718412399292,0.544159471988678
0.35192805528640747,0.6124562621116638
0.5139213800430298,0.5117222666740417
0.3735882043838501,0.5165365934371948
0.442577064037323,0.5507269501686096
0.6920853853225708,0.5378798246383667
0.4539448022842407,0.5000196695327759
0.1378641128540039,0.4469159245491028
1.0075651407241821,0.4396591782569885
0.6502799391746521,0.5158998966217041
0.343768835067749,0.6578312516212463
0.4412728548049927,0.515021562576294
0.42269039154052734,0.5818691253662109
0.33451640605926514,0.5547128915786743
0.16666364669799805,0.45300573110580444
0.3017317056655884,0.46087178587913513
0.1670074462890625,0.5835707783699036
0.19673508405685425,0.4503260850906372
0.6527353525161743,0.4781948924064636
0.08022511005401611,0.5552593469619751
0.1296837329864502,0.45348790287971497
0.35949134826660156,0.4387238323688507
0.3509749174118042,0.4628855586051941
0.20925813913345337,0.46341872215270996
0.42315077781677246,0.4739285111427307
0.15426170825958252,0.46093127131462097
0.21893811225891113,0.5876254439353943
0.250016450881958,0.5327029228210449
0.1647266149520874,0.530401349067688
0.42156755924224854,0.5313115119934082
0.23868751525878906,0.5624262690544128
0.7677475810050964,0.4446139633655548
0.15630602836608887,0.5039905309677124
0.6869807243347168,0.48309072852134705
0.16357207298278809,0.5272589921951294
0.2914149761199951,0.6334184408187866
0.2296770215034485,0.627598762512207
0.4897186756134033,0.597140908241272
0.5447882413864136,0.5659306049346924
0.20991086959838867,0.5641765594482422
0.3373674154281616,0.610188901424408
0.3737969398498535,0.6692330241203308
0.2395784854888916,0.676048994064331
0.2746959924697876,0.5609885454177856
0.1444399356842041,0.5539777278900146
0.26497530937194824,0.6445960998535156
0.11364412307739258,0.5151320695877075
0.5275132656097412,0.5275808572769165
0.3789597749710083,0.577775239944458
0.1645418405532837,0.6437769532203674
0.13501930236816406,0.5291590094566345
0.3257583975791931,0.5174171328544617
0.30119234323501587,0.5162867307662964
0.17118382453918457,0.525218665599823
0.29044222831726074,0.520988404750824
0.5551807880401611,0.5826993584632874
0.17562389373779297,0.5874073505401611
0.2653440237045288,0.6707987785339355
0.24251866340637207,0.6847126483917236
0.33198630809783936,0.5406352281570435
0.4839036464691162,0.8951265811920166
0.4132572412490845,0.6090346574783325
0.0929107666015625,0.7809127569198608
0.5751135945320129,0.9542236328125
0.29729390144348145,0.7502803802490234
0.49135762453079224,0.5680952072143555
0.7455340623855591,0.5604954957962036
0.2056260108947754,0.5070704221725464
0.29416054487228394,0.4586469233036041
0.1029120683670044,0.5081275701522827
0.10164618492126465,0.5276463031768799
0.12165284156799316,0.5781317353248596
0.6222257614135742,0.5870088934898376
0.3814297914505005,0.6409822702407837
0.20127880573272705,0.6180764436721802
0.28387951850891113,0.6095945835113525
0.15679430961608887,0.5517901182174683
0.08540076017379761,0.5599594712257385
0.09536933898925781,0.5775119066238403
0.46691668033599854,0.6616743206977844
0.11870831251144409,0.6284647583961487
0.12886428833007812,0.5375281572341919
0.12091588973999023,0.5703637599945068
0.24745780229568481,0.6822258830070496
0.5959861278533936,0.5840339660644531
0.39093858003616333,0.6801204681396484
1.2293882369995117,0.5476816892623901
0.32641661167144775,0.6856335997581482
0.6061263084411621,0.7179702520370483
0.2162092924118042,0.6311649084091187
0.19889724254608154,0.7188808917999268
0.4652458429336548,0.6252010464668274
0.12464046478271484,0.59780353307724
0.3227347135543823,0.5930843353271484
0.3035508394241333,0.6136211156845093
0.16019302606582642,0.6249098777770996
0.36388278007507324,0.5447289943695068
0.10222864151000977,0.5700291991233826
0.16674160957336426,0.5079493522644043
0.15721511840820312,0.5662394762039185
0.1639813780784607,0.5852456092834473
0.1264602541923523,0.5524426102638245
0.2527332305908203,0.5810482501983643
0.2763633728027344,0.5908491611480713
0.337144136428833,0.6098905801773071
0.1924877166748047,0.5789476633071899
0.39666950702667236,0.6045418977737427
0.21351510286331177,0.5034974813461304
0.37611353397369385,0.5951312184333801
0.13315272331237793,0.5107449293136597
0.3839387893676758,0.431596964597702
0.30976808071136475,0.4487057626247406
0.27001315355300903,0.4736642837524414
0.179787278175354,0.46997779607772827
0.23656678199768066,0.49144402146339417
0.07203227281570435,0.48595643043518066
0.08455979824066162,0.4628944396972656
0.10951864719390869,0.4307834506034851
0.17662692070007324,0.5934510231018066
0.25432300567626953,0.49253910779953003
0.11665034294128418,0.5201147794723511
0.124839186668396,0.5197576880455017
0.1585071086883545,0.7302119731903076
0.48470091819763184,0.5602377653121948
0.2742636203765869,0.5172137022018433
0.22157204151153564,0.5867245197296143
0.5702427625656128,0.5574908256530762
0.11851489543914795,0.5558755993843079
0.19155752658843994,0.5604256987571716
0.2460324764251709,0.506172776222229
0.3606998920440674,0.5245720744132996
0.24191173911094666,0.4572805166244507
0.2520919442176819,0.46346190571784973
0.19350433349609375,0.5408333539962769
0.45417845249176025,0.5090579390525818
0.20963072776794434,0.43038439750671387
0.11913791298866272,0.47639361023902893
0.15216577053070068,0.43615198135375977
0.1693398356437683,0.4032003879547119
0.2404983937740326,0.4904675781726837
0.06378555297851562,0.3899175524711609
0.4080791473388672,0.4565989375114441
0.14557069540023804,0.35373371839523315
0.21255463361740112,0.4134921431541443
0.07378435134887695,0.34266695380210876
0.32769155502319336,0.421916127204895
0.06580853462219238,0.34553736448287964
0.2723478078842163,0.44390419125556946
0.2632681131362915,0.5085610151290894
0.24979400634765625,0.48240506649017334
0.17806243896484375,0.4191322922706604
0.10736191272735596,0.4995081424713135
0.4204086661338806,0.4319467842578888
0.09690642356872559,0.43474119901657104
0.101146399974823,0.40165942907333374
0.3826483488082886,0.441264271736145
0.6162328124046326,0.5136399865150452
0.4100050926208496,0.429290235042572
0.33941829204559326,0.7051571607589722
0.5156054496765137,0.7926292419433594
0.6663451194763184,0.5446733832359314
0.447020947933197,0.5395275950431824
0.7865917086601257,0.6298893094062805
0.5282102823257446,0.6387858986854553
0.49585771560668945,0.6782640218734741
0.4036800265312195,0.6932932138442993
0.5947598218917847,0.556153416633606
0.8212482929229736,0.5929855108261108
1.0713284015655518,0.6808586120605469
1.5580031871795654,0.5974517464637756
1.2364152669906616,0.6194837093353271
0.6716746091842651,0.6416345834732056
1.1269776821136475,0.660979151725769
0.4798739552497864,0.5813421607017517
0.40385568141937256,0.5623118281364441
0.5084488987922668,0.5716656446456909
0.7404682636260986,0.6359732151031494
0.09097492694854736,0.723118245601654
0.16330647468566895,0.6041380167007446
0.38404107093811035,0.5684424638748169
0.16622281074523926,0.5854367017745972
0.4757397174835205,0.810031533241272
0.20496386289596558,0.5266508460044861
0.42241573333740234,0.5371021032333374
0.4674724340438843,0.47114768624305725
0.29877859354019165,0.48093584179878235
0.11895930767059326,0.4934164881706238
0.4374176263809204,0.5512797832489014
0.5571714043617249,0.7606127262115479
1.2002850770950317,0.640316367149353
0.9327679872512817,0.6068781614303589
0.6214210987091064,0.5332404375076294
0.20222389698028564,0.5590137839317322
0.9741626977920532,0.5962362289428711
0.2105492651462555,0.5367817878723145
0.6495658159255981,0.7123209238052368
0.4536961317062378,0.6115478873252869
0.6921261548995972,0.5879085063934326
0.8069706559181213,0.5009165406227112
0.18524444103240967,0.5935642719268799
0.37705785036087036,0.5399001240730286
0.21258193254470825,0.5347027778625488
1.292038083076477,0.5743736028671265
0.38863587379455566,0.5034260749816895
0.5134820938110352,0.5353707671165466
0.2808557152748108,0.5585104823112488
0.13186025619506836,0.5804729461669922
0.3785848617553711,0.5810891389846802
0.22838354110717773,0.48652389645576477
0.11106622219085693,0.4039662480354309
0.38611459732055664,0.4920399785041809
0.23053371906280518,0.5424351692199707
0.4077843427658081,0.5070561766624451
0.1348510980606079,0.5819600224494934
0.06705260276794434,0.580085039138794
1.1162889003753662,0.5256505608558655
0.8881697654724121,0.5519164204597473
0.415982723236084,0.5485620498657227
0.32890719175338745,0.5839183330535889
1.6522332429885864,0.5816034078598022
0.5061932802200317,0.6390961408615112
0.7368876338005066,0.633560836315155
1.9557626247406006,0.5602682828903198
0.7974364757537842,0.5362445116043091
1.1626538038253784,0.5478250980377197
0.4749373197555542,0.5861026048660278
0.8515034914016724,0.6249697208404541
0.688212513923645,0.5453150868415833
0.23699522018432617,0.49204695224761963
1.0368099212646484,0.5540317296981812
0.510779619216919,0.5125832557678223
0.5984101295471191,0.4719678461551666
0.26255083084106445,0.4904399514198303
0.27839088439941406,0.43292421102523804
0.18831801414489746,0.45156022906303406
0.15274524688720703,0.5044518709182739
0.19790148735046387,0.5026777386665344
0.49603474140167236,0.42518550157546997
0.3208913207054138,0.5050315856933594
0.19217169284820557,0.4802495837211609
0.3543589115142822,0.4581010639667511
0.38610315322875977,0.4183489978313446
1.0257104635238647,0.5279029607772827
0.27209627628326416,0.5210695266723633
0.78471839427948,0.5354056358337402
0.45286086201667786,0.4096698760986328
0.23903155326843262,0.5160874724388123
0.17526769638061523,0.3973749876022339
0.20306813716888428,0.46760737895965576
0.7013583183288574,0.48686665296554565
0.6251468658447266,0.5426857471466064
0.2332780361175537,0.5476099252700806
0.21486496925354004,0.5266243815422058
0.5204540491104126,0.5399644374847412
0.6947245597839355,0.5008076429367065
0.9899029731750488,0.465957373380661
0.6941927671432495,0.5844461917877197
0.3410848379135132,0.5198278427124023
0.8299648761749268,0.6892613172531128
0.8730024695396423,0.5319763422012329
0.551415205001831,0.5654707551002502
1.068426489830017,0.5435176491737366
0.322160005569458,0.552654504776001
0.3187776803970337,0.5418611764907837
0.44200074672698975,0.6309166550636292
0.6461561918258667,0.6128907203674316
0.23861759901046753,0.5075890421867371
0.31829166412353516,0.4884909987449646
1.6229424476623535,0.5014529824256897
0.6451811790466309,0.48325446248054504
0.19016778469085693,0.5275278687477112
0.19553136825561523,0.4840603470802307
0.5616002082824707,0.4788208603858948
0.10240471363067627,0.44153231382369995
0.25536274909973145,0.4577485918998718
0.6877704858779907,0.4857529103755951
0.08269768953323364,0.4853220283985138
0.24073755741119385,0.47315141558647156
0.43802428245544434,0.41126641631126404
0.5497168302536011,0.5071989297866821
0.12915730476379395,0.4957870543003082
0.16655468940734863,0.5229424238204956
0.1285414695739746,0.4428682029247284
0.10923516750335693,0.6375322341918945
0.1441134214401245,0.5236213207244873
0.32521766424179077,0.573795735836029
0.12347710132598877,0.4761221408843994
0.17186212539672852,0.4863966107368469
0.13203787803649902,0.5800365209579468
0.7656280994415283,0.6231534481048584
0.5353565216064453,0.5634216666221619
0.11206316947937012,0.572939395904541
0.1509847640991211,0.5219956040382385
0.3471144437789917,0.5716012120246887
0.19268798828125,0.5007132291793823
0.41635918617248535,0.5086249113082886
0.242606520652771,0.578619658946991
0.7431273460388184,0.5740308165550232
0.5431044101715088,0.5208489894866943
1.0244786739349365,0.58379727602005
1.704363226890564,0.5874778032302856
2.0099644660949707,0.6134623289108276
1.2336140871047974,0.7278385162353516
0.3659852147102356,0.48461097478866577
0.6714852452278137,0.6171594262123108
1.544020414352417,0.5184147953987122
0.5927886366844177,0.5899316072463989
0.5932462215423584,0.5876837372779846
0.5299491882324219,0.6338928937911987
0.5519649982452393,0.5733151435852051
0.10068535804748535,0.5050855875015259
1.475114345550537,0.5364472270011902
0.23164308071136475,0.5221817493438721
0.1066657304763794,0.5801784992218018
0.18977689743041992,0.5073152780532837
0.2950195074081421,0.6022129058837891
0.39682304859161377,0.5759733319282532
0.4664430618286133,0.541782021522522
0.2683013677597046,0.6352213025093079
0.10096263885498047,0.7162217497825623
0.3244757652282715,0.5903884172439575
0.16912364959716797,0.6898462772369385
0.47047215700149536,0.7183066606521606
0.3449212312698364,0.6023215055465698
0.13443732261657715,0.7987614870071411
0.24935340881347656,0.6140222549438477
0.34759700298309326,0.7072676420211792
0.06654518842697144,0.5972341299057007
0.06093400716781616,0.4847065806388855
0.08445894718170166,0.47201478481292725
0.499850869178772,0.509087085723877
0.15309178829193115,0.5438011884689331
0.18766534328460693,0.4631681442260742
0.06201660633087158,0.5005421042442322
0.11895954608917236,0.4618784785270691
0.0801345705986023,0.4024886190891266
0.2928144931793213,0.42033839225769043
0.2125951051712036,0.5306182503700256
0.24866223335266113,0.533371090888977
0.05952632427215576,0.48797401785850525
0.18608832359313965,0.47312602400779724
0.15300631523132324,0.5996922254562378
0.0757099986076355,0.5354606509208679
0.18995904922485352,0.5140859484672546
0.3071712255477905,0.447457879781723
0.9965667724609375,0.5299875140190125
0.15605229139328003,0.533571183681488
0.3094301223754883,0.5459247827529907
0.13901549577713013,0.49615252017974854
0.14019346237182617,0.4791266918182373
0.4908682107925415,0.4571392238140106
0.169547438621521,0.49805739521980286
0.3339095115661621,0.5511534214019775
0.5330836772918701,0.46828633546829224
1.1446561813354492,0.5826387405395508
0.5037542581558228,0.5318480134010315
1.260555386543274,0.578812837600708
1.2296236753463745,0.5688573718070984
0.3824828863143921,0.5846331119537354
0.13271868228912354,0.5042924880981445
0.6975352764129639,0.5657966732978821
0.7187602519989014,0.5685855746269226
0.5150769948959351,0.5396272540092468
0.3318502902984619,0.44017475843429565
0.47280025482177734,0.569976806640625
1.0225239992141724,0.5511548519134521
0.5933731198310852,0.4796175956726074
0.3360341787338257,0.49298760294914246
0.29853618144989014,0.5261309146881104
0.19251805543899536,0.5053833723068237
2.1777734756469727,0.49532848596572876
0.41097795963287354,0.6542274951934814
0.5312583446502686,0.7761273384094238
0.5080338716506958,0.5393776893615723
0.28972017765045166,0.5391612648963928
0.30363720655441284,0.4874808192253113
0.8878769874572754,0.5447219610214233
1.0285764932632446,0.5355685353279114
1.092980146408081,0.5325040817260742
0.4403342008590698,0.5493893623352051
0.34833407402038574,0.5466958284378052
0.7684112191200256,0.5329803228378296
0.9663008451461792,0.5683906078338623
0.6214846968650818,0.5707852840423584
0.26846230030059814,0.5795449018478394
0.268235445022583,0.5700721144676208
0.2899937629699707,0.5354869365692139
0.5773968696594238,0.6216700077056885
1.5876061916351318,0.6044471263885498
0.7563115358352661,0.5223416090011597
1.6446453332901,0.633771538734436
0.5661729574203491,0.607496976852417
1.0017776489257812,0.6079950332641602
1.1301453113555908,0.5448701977729797
1.4071471691131592,0.8905672430992126
1.5256012678146362,0.861037015914917
1.2543652057647705,0.604928195476532
0.8184703588485718,0.4971047043800354
1.6761412620544434,0.8762534856796265
0.9649061560630798,0.6767026782035828
2.4709136486053467,0.7653658390045166
1.3678005933761597,0.9503203630447388
0.9109287858009338,0.8026149272918701
1.2529655694961548,0.7378274202346802
0.4139505624771118,0.6161484718322754
2.4208407402038574,0.6139262914657593
1.277557611465454,0.5845391750335693
1.0479736328125,0.5678279399871826
0.791710376739502,0.5912104845046997
1.6056082248687744,0.49134472012519836
1.8148235082626343,0.5329692363739014
1.7198843955993652,0.5440528988838196
2.17476749420166,0.47135865688323975
0.42924606800079346,0.6525930166244507
0.760694682598114,0.9222819805145264
1.1909022331237793,0.6506782174110413
0.7801018953323364,0.6588904857635498
0.6688467264175415,0.619123101234436
0.29444992542266846,0.4498102068901062
0.604798436164856,0.5798786282539368
0.3329179286956787,0.566425621509552
0.9679339528083801,0.508359432220459
0.3572434186935425,0.6171090602874756
1.6091468334197998,0.5189262628555298
0.3855859041213989,0.5543674826622009
0.9125460982322693,0.4522755742073059
1.044185757637024,0.5292316675186157
0.72833251953125,0.4995705783367157
0.7732553482055664,0.49022114276885986
1.884685754776001,0.5822839140892029
2.1038260459899902,0.5749938488006592
1.2034735679626465,0.5857958793640137
1.1305620670318604,0.584530234336853
1.9293460845947266,0.5707411170005798
2.162705898284912,0.5855987071990967
0.6619940400123596,0.5811742544174194
2.123685359954834,0.5695852637290955
2.4158425331115723,0.5107311010360718
1.9606547355651855,0.6913962364196777
1.552706003189087,0.48204344511032104
0.8375328183174133,0.5002403855323792
0.9594685435295105,0.5349372625350952
1.8976125717163086,0.5871300101280212
0.9101715087890625,0.5593015551567078
0.3312874436378479,0.4681670665740967
0.05931812524795532,0.48232394456863403
0.7215276956558228,0.513924241065979
0.1156160831451416,0.514155387878418
0.2887876033782959,0.514352023601532
0.26596713066101074,0.5077518820762634
0.48104000091552734,0.4627358615398407
0.29157471656799316,0.48702287673950195
0.7188992500305176,0.6052756309509277
0.2178863286972046,0.5498713254928589
0.25085967779159546,0.5298424363136292
0.16900229454040527,0.532407820224762
0.3641468286514282,0.5452722311019897
0.3819664716720581,0.544487714767456
0.23604345321655273,0.580823540687561
0.047077476978302,0.5285986065864563
0.2160501480102539,0.5991188287734985
0.6818673610687256,0.5797896981239319
0.19546175003051758,0.47469133138656616
0.30042481422424316,0.4967058300971985
0.9295053482055664,0.5802326202392578
0.6412839889526367,0.44378921389579773
0.22237080335617065,0.436951220035553
0.8414311408996582,0.49592554569244385
0.7629961371421814,0.5659192800521851
0.3920938968658447,0.5201743841171265
0.2825070023536682,0.49155524373054504
0.6457877159118652,0.5486498475074768
0.8304868936538696,0.5330651998519897
0.21246111392974854,0.5014310479164124
0.2580047845840454,0.5358976125717163
0.4778430461883545,0.5434738993644714
0.13006854057312012,0.47144827246665955
0.5424987077713013,0.4892876148223877
0.2722201347351074,0.46874693036079407
0.705838680267334,0.5013665556907654
0.5575587749481201,0.46362465620040894
0.3508402109146118,0.5711884498596191
0.6179342269897461,0.5477657318115234
0.718917965888977,0.5160021781921387
0.4799729585647583,0.5148701071739197
0.15706157684326172,0.48332998156547546
0.4516338109970093,0.4641399681568146
0.6715299487113953,0.5547958612442017
0.47471821308135986,0.4976016879081726
0.45106440782546997,0.47414863109588623
0.36462903022766113,0.4225740432739258
0.14267969131469727,0.43390870094299316
1.3875277042388916,0.48425057530403137
0.14408725500106812,0.45817580819129944
0.5277574062347412,0.579797625541687
0.4132763743400574,0.5091007351875305
0.9956705570220947,0.5698046684265137
0.3702894449234009,0.5724818706512451
1.1926804780960083,0.5927992463111877
0.48694276809692383,0.5503502488136292
1.0619624853134155,0.5785324573516846
0.9981479644775391,0.5496172904968262
1.8606518507003784,0.6272590160369873
0.7451225519180298,0.5805231928825378
1.7418863773345947,0.4601674973964691
1.8105814456939697,0.48870348930358887
1.2018498182296753,0.4900883436203003
0.9766526818275452,0.5850702524185181
1.6392033100128174,0.5193774700164795
0.6170381307601929,0.5943332314491272
0.2909069061279297,0.5465688705444336
0.7687460780143738,0.49598729610443115
0.34650754928588867,0.44918322563171387
0.5213279724121094,0.5072850584983826
0.8920354843139648,0.5030360817909241
0.723541259765625,0.5079232454299927
1.1904464960098267,0.5369119048118591
1.186448097229004,0.5108307003974915
2.4946186542510986,0.560924768447876
0.35361599922180176,0.4476507306098938
1.4295759201049805,0.5100669264793396
0.7535232305526733,0.4552014172077179
0.8042351007461548,0.4589157998561859
1.144243597984314,0.45271968841552734
1.1663340330123901,0.5231328010559082
0.9428892135620117,0.5348061919212341
0.5706346035003662,0.48180457949638367
0.27415144443511963,0.6690205335617065
0.6718580722808838,0.5145444869995117
0.10142850875854492,0.5407401919364929
0.7082974910736084,0.519201934337616
0.19642329216003418,0.7279871702194214
0.6252365112304688,0.4949573278427124
0.11685150861740112,0.4559471011161804
0.3355151414871216,0.4868767559528351
0.15024149417877197,0.4417950510978699
0.14521145820617676,0.5069377422332764
0.38919663429260254,0.575128436088562
0.1800222396850586,0.49450913071632385
0.7131352424621582,0.6848868131637573
0.5498828887939453,0.709488570690155
2.083885431289673,0.7143092155456543
0.6358720660209656,0.7673525810241699
2.360031843185425,1.0938382148742676
0.6977358460426331,1.3499019145965576
1.629617691040039,1.4238793849945068
1.9965137243270874,1.2974690198898315
0.6136071681976318,1.1975693702697754
1.7918272018432617,1.0794419050216675
1.7062709331512451,1.4185364246368408
1.4662466049194336,1.6380255222320557
0.8282572031021118,1.6412400007247925
1.4257261753082275,0.8338844776153564
0.26474475860595703,0.7503677606582642
0.24344229698181152,0.5458833575248718
0.5396482348442078,0.5547767877578735
0.5434963703155518,0.8254978656768799
1.1678128242492676,0.5848193764686584
0.6027305126190186,0.558700442314148
0.610751748085022,0.5615681409835815
0.556122899055481,0.8337914943695068
1.2529475688934326,0.54188472032547
0.9258782863616943,0.592445969581604
1.6196167469024658,0.6016747355461121
1.417380452156067,0.6968161463737488
0.8156291246414185,0.5328770279884338
0.542389452457428,0.6911271810531616
1.3833225965499878,0.5744407176971436
1.501463532447815,0.5667418241500854
0.5931662321090698,0.6329587697982788
0.727421224117279,0.6255897283554077
0.4932020902633667,0.5283779501914978
0.45415884256362915,0.5221088528633118
0.32541435956954956,0.4527406692504883
0.7047777771949768,0.49482664465904236
0.8435434103012085,0.47207337617874146
1.3734235763549805,0.5398165583610535
1.6450704336166382,0.5443542003631592
1.9433717727661133,0.5143839716911316
1.634661078453064,0.5072797536849976
2.2086219787597656,0.4981389045715332
3.203758716583252,0.5307102203369141
1.2968612909317017,0.5460245609283447
1.4053553342819214,0.5105251669883728
0.920762300491333,0.5512242913246155
2.5624449253082275,0.624192476272583
1.9407105445861816,0.5898081064224243
2.412959098815918,0.6363598704338074
0.5139105319976807,0.5853652358055115
1.029839038848877,0.5749185681343079
0.600473165512085,0.5565788745880127
0.870201826095581,0.5548126697540283
2.2873377799987793,0.6555459499359131
0.912037193775177,0.6230623126029968
0.40504997968673706,0.5534719824790955
0.4005827307701111,0.5750960111618042
1.2934695482254028,0.6211943626403809
1.2841527462005615,0.6462339758872986
2.706514596939087,0.6435931324958801
1.0316773653030396,0.7241108417510986
0.45250529050827026,0.5752954483032227
1.9797723293304443,0.6792128086090088
2.7172765731811523,0.6406650543212891
1.6805763244628906,0.701038122177124
2.077878475189209,0.6475952863693237
0.3511563539505005,0.6498686671257019
0.3164905309677124,0.6518071293830872
0.17961788177490234,0.6278714537620544
1.0094859600067139,0.6106199026107788
0.5395966172218323,0.6339612007141113
0.2034853994846344,0.5910050272941589
0.33033883571624756,0.47309610247612
1.3804469108581543,0.6602569818496704
1.465401530265808,0.5423797369003296
0.13188207149505615,0.5585634708404541
0.8472394347190857,0.5029364824295044
1.4182590246200562,0.5400015115737915
0.7897598743438721,0.42680659890174866
0.15549075603485107,0.4110907018184662
0.45206648111343384,0.42542529106140137
1.6065278053283691,0.5264294743537903
0.2956126928329468,0.5105845332145691
1.3257415294647217,0.525486409664154
0.4922909736633301,0.41799283027648926
0.573832094669342,0.4879693388938904
0.2557225823402405,0.4684918224811554
0.14777904748916626,0.5268873572349548
0.3517048954963684,0.4821053147315979
0.4387930631637573,0.49119797348976135
0.7235373258590698,0.5201029777526855
0.30036312341690063,0.49546223878860474
0.2993274927139282,0.5520638823509216
2.390200614929199,0.5177741050720215
0.38623130321502686,0.6081675291061401
1.9653863906860352,0.6239314079284668
2.5255277156829834,0.6021728515625
2.618502616882324,0.561241626739502
1.3664530515670776,0.558719277381897
1.9764516353607178,0.5174462199211121
0.9137948751449585,0.5024460554122925
0.5403285026550293,0.5372089147567749
0.8509514331817627,0.5790976285934448
1.3015574216842651,0.4798243045806885
0.40066325664520264,0.4997923672199249
0.5181469917297363,0.5389041900634766
0.5953472852706909,0.5682793259620667
0.1241726279258728,0.5105808973312378
0.35571449995040894,0.4794139266014099
0.758669376373291,0.5833754539489746
0.733426034450531,0.595172643661499
0.4438769817352295,0.6025022268295288
0.3024420738220215,0.565761923789978
0.262393593788147,0.5683090686798096
0.654731035232544,0.5316236019134521
0.996010959148407,0.5899083614349365
3.173450469970703,0.5925189852714539
1.9806691408157349,0.6035939455032349
1.3877726793289185,0.6262727975845337
0.5744853019714355,0.5973237156867981
1.625710368156433,0.6416289210319519
0.900229811668396,0.8221063613891602
0.3865039348602295,0.5424916744232178
0.8649311661720276,0.535581648349762
0.6779296398162842,0.5919675827026367
0.9597814679145813,0.5449756383895874
0.9323151111602783,0.4734823405742645
1.3965098857879639,0.550475001335144
0.10165613889694214,0.5179553031921387
0.4771045446395874,0.4708481431007385
0.5715663433074951,0.45122063159942627
0.19124877452850342,0.5018326044082642
0.3496825695037842,0.5454517602920532
2.0079445838928223,0.5364499688148499
0.9707769155502319,0.5123813152313232
0.13303446769714355,0.5087874531745911
0.226262629032135,0.5024163126945496
0.8740559816360474,0.5187669992446899
0.28479671478271484,0.5366337895393372
0.735553503036499,0.4934956431388855
0.4298112392425537,0.5588080286979675
0.40820837020874023,0.5574296712875366
0.3193618059158325,0.5761154294013977
1.5519847869873047,0.5857983827590942
0.3474852442741394,0.5485605001449585
1.503075361251831,0.6112220883369446
0.5069922208786011,0.5993489027023315
1.3794121742248535,0.526376485824585
0.9933711886405945,0.6080107092857361
1.216801643371582,0.5873715877532959
0.5983880758285522,0.5582209825515747
1.1937092542648315,0.6125173568725586
0.5191856622695923,0.5124986171722412
0.6194301843643188,0.550540566444397
0.8164920806884766,0.5589770078659058
0.5156513452529907,0.5271292924880981
0.30612659454345703,0.5551736950874329
0.35386109352111816,0.5273890495300293
0.679491400718689,0.5829759240150452
0.20091146230697632,0.5867096781730652
0.5048854351043701,0.48835137486457825
0.2657766342163086,0.6057380437850952
0.7515889406204224,0.6400748491287231
0.26004719734191895,0.5388844013214111
0.2980402708053589,0.6270939707756042
0.24889779090881348,0.8398600816726685
0.44311630725860596,0.8432663679122925
0.6799622774124146,0.5794216394424438
1.4559084177017212,0.6144013404846191
0.4324486255645752,0.655726432800293
0.22043085098266602,0.5180599093437195
0.6558973789215088,0.5116001963615417
0.7177193760871887,0.5132994651794434
0.7144089937210083,0.6135241985321045
0.3269529938697815,0.5240156054496765
1.1790897846221924,0.5892298221588135
0.7049421668052673,0.5521411299705505
0.3468862771987915,0.5636886358261108
0.3533639907836914,0.5598159432411194
0.6928611993789673,0.5646931529045105
0.13763022422790527,0.5563277006149292
0.1774580478668213,0.5482021570205688
0.4096675515174866,0.5517423748970032
1.5807116031646729,0.604296863079071
0.4507984519004822,0.5397642254829407
0.36776113510131836,0.5760485529899597
1.0869243144989014,0.572726845741272
1.231985092163086,0.5967025756835938
0.35903894901275635,0.6442442536354065
0.1512506604194641,0.5388063192367554
0.9042130708694458,0.7131285667419434
1.4096091985702515,0.5267046093940735
0.510130763053894,0.5828438401222229
1.3352947235107422,0.6296626329421997
0.5783001184463501,0.5603636503219604
0.8591678142547607,0.594951868057251
0.9589830636978149,0.5191366672515869
1.771013617515564,0.6113536953926086
0.893696129322052,0.579361081123352
0.5143320560455322,0.5757026672363281
0.38117581605911255,0.5872766375541687
0.6996790170669556,0.6050170660018921
0.4289788007736206,0.5527961254119873
0.6707887649536133,0.5566801428794861
0.8652576208114624,0.5692545175552368
1.1331325769424438,0.6070557236671448
0.5485683679580688,0.5048912167549133
0.8159594535827637,0.5272156000137329
0.3428456783294678,0.5348616242408752
0.6566576957702637,0.5650097131729126
1.4612810611724854,0.5258790254592896
0.3276614546775818,0.42126598954200745
0.7046806216239929,0.4655933976173401
0.8824465870857239,0.4564383625984192
0.7128503918647766,0.4526597261428833
0.6556010246276855,0.41930511593818665
0.7172094583511353,0.4679008424282074
0.5331814289093018,0.43332940340042114
0.26527881622314453,0.48439115285873413
0.33674705028533936,0.3996928036212921
0.9644891619682312,0.5211443305015564
0.8201231956481934,0.5372649431228638
0.3686995506286621,0.5082444548606873
0.11319512128829956,0.4893338084220886
0.34621143341064453,0.5482445359230042
0.0564044713973999,0.548647403717041
0.9435060024261475,0.5955596566200256
0.17700546979904175,0.5262677669525146
0.21445393562316895,0.5582280158996582
0.9230527877807617,0.4983128011226654
0.5254791975021362,0.5515518188476562
0.19047784805297852,0.5640989542007446
0.2685976028442383,0.5657482147216797
0.5277929306030273,0.501850962638855
1.4780912399291992,0.5218608379364014
0.5889943242073059,0.47824394702911377
0.2508106231689453,0.5443165898323059
0.17880505323410034,0.548616349697113
1.5191352367401123,0.5710983276367188
2.3004627227783203,0.5553396940231323
0.4539777636528015,0.5131227374076843
0.42465734481811523,0.4961313009262085
0.8248223066329956,0.4734577536582947
1.379530429840088,0.4541851282119751
0.5341088771820068,0.45721694827079773
0.9436469078063965,0.48079439997673035
0.44683098793029785,0.37543341517448425
0.5328787565231323,0.37979501485824585
0.7004251480102539,0.4308997094631195
0.8276989459991455,0.48418140411376953
0.2687579393386841,0.3892059326171875
0.7932620048522949,0.4748477339744568
1.6149702072143555,0.4720015227794647
0.6108471155166626,0.47721582651138306
0.5111057758331299,0.44162309169769287
1.0577343702316284,0.41498029232025146
0.20793837308883667,0.40921634435653687
0.6395692825317383,0.42974406480789185
0.9961731433868408,0.4746483862400055
0.2616920471191406,0.49323606491088867
0.23494195938110352,0.5576236248016357
0.7038706541061401,0.5808532238006592
0.4621281623840332,0.483991801738739
0.7689650058746338,0.587587833404541
0.455114483833313,0.46991491317749023
0.5488331317901611,0.5338994264602661
0.5737717151641846,0.5601462125778198
0.38130515813827515,0.5556967258453369
1.0337483882904053,0.6153038740158081
0.517242431640625,0.54023677110672
0.3579070568084717,0.6140796542167664
0.39196670055389404,0.5907965898513794
0.32809948921203613,0.5427157878875732
0.5592633485794067,0.5153170228004456
0.2502117156982422,0.5385543704032898
0.21678566932678223,0.5400741100311279
0.3363882303237915,0.6084535121917725
0.3251681327819824,0.5947378277778625
0.25491762161254883,0.536064624786377
0.6576390266418457,0.6253230571746826
0.7501976490020752,0.5748878717422485
0.5519353151321411,0.5277285575866699
0.4416239261627197,0.5172983407974243
0.05631589889526367,0.5654162168502808
0.6486773490905762,0.5498491525650024
0.477583110332489,0.5937148332595825
0.11680889129638672,0.5381475687026978
0.3067161440849304,0.553290605545044
0.2563626766204834,0.5128559470176697
1.2155647277832031,0.5667034983634949
0.7919418811798096,0.5049382448196411
1.048688292503357,0.5530849695205688
1.2542238235473633,0.48519983887672424
0.8887354135513306,0.46662014722824097
0.729081392288208,0.5225277543067932
0.40055495500564575,0.5391792058944702
0.33289873600006104,0.5817720890045166
1.3608593940734863,0.4988994002342224
0.6045405268669128,0.51987624168396
0.2207930088043213,0.5145905017852783
0.2930893898010254,0.4924291968345642
0.9769232273101807,0.5762139558792114
0.7567739486694336,0.5491610169410706
0.4090399742126465,0.5105715990066528
0.3115224838256836,0.47578999400138855
0.6609389781951904,0.5088163614273071
0.39620813727378845,0.4510524272918701
0.5872578620910645,0.49185711145401
0.4591759443283081,0.4455394744873047
0.2710319757461548,0.47357529401779175
0.8890695571899414,0.5094735622406006
1.0444371700286865,0.5096411108970642
0.5021584033966064,0.48085224628448486
0.5237956643104553,0.5218564867973328
0.5867897272109985,0.5246185064315796
0.5175952911376953,0.48067706823349
1.1642158031463623,0.5242330431938171
0.5332045555114746,0.5135301351547241
0.211669921875,0.48995620012283325
1.2399957180023193,0.48977577686309814
1.9518903493881226,0.5171791315078735
0.2583596706390381,0.5250054597854614
0.33956873416900635,0.4950748383998871
0.8387529253959656,0.5563246607780457
0.3050920367240906,0.3977411985397339
0.36040088534355164,0.5008766651153564
0.4738021492958069,0.500073254108429
0.6941043734550476,0.5317223072052002
0.47080016136169434,0.48613929748535156
1.0954546928405762,0.5207906365394592
1.18405020236969,0.4030817449092865
1.604008674621582,0.4344775974750519
0.861487865447998,0.46668246388435364
0.8384823799133301,0.5262121558189392
0.21673965454101562,0.5068677663803101
0.40259289741516113,0.5083307027816772
0.41833972930908203,0.46075332164764404
0.9332818984985352,0.5190119743347168
1.012535810470581,0.49742233753204346
0.13473033905029297,0.5319113731384277
1.7729276418685913,0.5353849530220032
0.6849430799484253,0.5271773338317871
0.1784592866897583,0.517329216003418
1.2437626123428345,0.529974102973938
0.9802306890487671,0.47740504145622253
0.3873283863067627,0.47590532898902893
0.48441675305366516,0.5029987692832947
0.540840744972229,0.5080602169036865
0.5152891874313354,0.5135448575019836
0.9989602565765381,0.4803835451602936
1.4290131330490112,0.5491179823875427
0.9989926815032959,0.5658565163612366
0.7985503673553467,0.602238118648529
0.5603321194648743,0.4957455098628998
1.0295753479003906,0.590754508972168
0.5553289651870728,0.605516791343689
0.5325490236282349,0.5348509550094604
0.38072431087493896,0.5687016248703003
0.6391416788101196,0.5745232105255127
0.1622409224510193,0.6038667559623718
1.230198621749878,0.67827308177948
0.2625947594642639,0.594369113445282
0.7745504379272461,0.6580425500869751
0.9398612976074219,0.5539507269859314
1.109541654586792,0.6034892797470093
0.7879374027252197,0.5937731862068176
0.5836923122406006,0.5580660700798035
0.30398696660995483,0.4653562605381012
1.8180551528930664,0.5433961749076843
0.7279103994369507,0.4893065094947815
0.8079516887664795,0.503950834274292
1.0291885137557983,0.5264257192611694
0.31799858808517456,0.4368489682674408
0.27452850341796875,0.4815094470977783
0.6955814361572266,0.47905880212783813
0.629441499710083,0.527963399887085
0.34041500091552734,0.5361105799674988
0.6029597520828247,0.553949236869812
0.7879184484481812,0.5042941570281982
0.5056408643722534,0.5030691623687744
0.5200290679931641,0.575751781463623
0.44917622208595276,0.4885660409927368
0.5940301418304443,0.5441770553588867
0.2875591516494751,0.47798773646354675
0.18308019638061523,0.571927011013031
0.22886765003204346,0.4972131550312042
0.4080376625061035,0.5565085411071777
0.14271879196166992,0.48953384160995483
1.1951429843902588,0.5437759757041931
1.0863597393035889,0.4820719361305237
0.4665728807449341,0.5245528221130371
0.10014629364013672,0.5248177647590637
1.619549036026001,0.5405979752540588
0.4476522207260132,0.5606687664985657
0.5691959857940674,0.4689694344997406
0.4207969903945923,0.5670187473297119
1.1399447917938232,0.5898932218551636
1.438605546951294,0.5783392190933228
0.5168352127075195,0.5288543701171875
0.20134258270263672,0.5847590565681458
0.8545205593109131,0.5011737942695618
0.26578187942504883,0.5245475172996521
0.6454591751098633,0.524234414100647
0.5097044110298157,0.5455083847045898
1.1917587518692017,0.5420754551887512
0.354738712310791,0.4803611636161804
0.11867779493331909,0.510700523853302
0.27857279777526855,0.5016880631446838
0.9807374477386475,0.509774386882782
0.15105456113815308,0.49219927191734314
0.33239972591400146,0.542475163936615
1.1680148839950562,0.44870173931121826
0.47647517919540405,0.4488404095172882
0.3306155204772949,0.48606178164482117
0.22974854707717896,0.4340575337409973
0.800246000289917,0.4950169324874878
2.0982508659362793,0.4803310036659241
0.5427852272987366,0.524751603603363
0.3538700342178345,0.47976723313331604
0.7972468733787537,0.43529605865478516
0.8482025861740112,0.46501657366752625
0.43087661266326904,0.5277400612831116
1.0461835861206055,0.4632871448993683
0.3763387203216553,0.4809606969356537
0.7361687421798706,0.5066854953765869
0.8429903984069824,0.47896304726600647
0.6375404596328735,0.42374107241630554
0.5059641599655151,0.45839723944664
0.44808638095855713,0.5648633241653442
0.5118536949157715,0.5385064482688904
0.3642273545265198,0.48575741052627563
0.8102806806564331,0.47166532278060913
0.0799403190612793,0.47818100452423096
0.08309197425842285,0.48784300684928894
0.10149061679840088,0.5748159289360046
0.4504004716873169,0.5576537847518921
0.46955037117004395,0.5317266583442688
1.1556090116500854,0.46820634603500366
0.39756834506988525,0.4940471053123474
0.3278847932815552,0.4641501307487488
0.5736545920372009,0.42785730957984924
0.5775622129440308,0.5135753154754639
0.9887365102767944,0.46164846420288086
0.30236196517944336,0.5412356853485107
0.7376549243927002,0.4607616662979126
0.6594212055206299,0.427394837141037
0.3705456256866455,0.4560772180557251
0.18117082118988037,0.48457083106040955
0.3855059742927551,0.47068172693252563
0.06121933460235596,0.5147849917411804
0.2790483832359314,0.42821991443634033
0.09028249979019165,0.4218071699142456
0.22984850406646729,0.5013840794563293
0.6281575560569763,0.49166956543922424
0.4028545022010803,0.533499538898468
0.9390794038772583,0.5862904787063599
0.5188746452331543,0.5248666405677795
0.4450420141220093,0.5200979709625244
0.3876619338989258,0.4962967038154602
0.20205771923065186,0.5104985237121582
0.8646740317344666,0.5447651147842407
0.3923262357711792,0.5153625011444092
0.1888439655303955,0.4837311804294586
0.6880007982254028,0.475431889295578
0.532361626625061,0.5004813075065613
0.2675294876098633,0.5299532413482666
0.558714747428894,0.5438110828399658
0.28325438499450684,0.548627495765686
0.6461561918258667,0.567206859588623
0.6083893775939941,0.5680979490280151
1.1214280128479004,0.6667776107788086
0.5078414082527161,0.4118371605873108
0.23451006412506104,0.43301212787628174
0.05538618564605713,0.46794721484184265
0.4341556429862976,0.5448952317237854
0.2806272506713867,0.4973520040512085
0.635415256023407,0.49440136551856995
0.6969032287597656,0.5671041011810303
0.371574342250824,0.5201398134231567
0.7300779819488525,0.6097819209098816
0.6813682913780212,0.5330877304077148
0.15913105010986328,0.5832065939903259
0.2855072021484375,0.5309526920318604
0.5206218361854553,0.590908408164978
0.4512130618095398,0.5837689638137817
0.4370460510253906,0.5687203407287598
0.7077128291130066,0.49070221185684204
0.6864751577377319,0.5201418399810791
0.28892403841018677,0.44489210844039917
1.1573455333709717,0.528435230255127
0.4479302763938904,0.4797191917896271
0.622195839881897,0.46623507142066956
0.13477098941802979,0.5230756998062134
0.22280031442642212,0.5452808737754822
0.22614669799804688,0.6091206669807434
0.37931588292121887,0.5360370874404907
0.4137154817581177,0.4958706498146057
0.27774930000305176,0.5063268542289734
0.7665978074073792,0.5220801830291748
0.27858322858810425,0.5009150505065918
0.26365482807159424,0.5235444903373718
0.33175694942474365,0.4660259485244751
0.37604737281799316,0.46905583143234253
0.41839873790740967,0.5045855641365051
0.17183971405029297,0.5060495734214783
0.26873481273651123,0.5148084163665771
0.38232851028442383,0.4845651388168335
0.8749301433563232,0.5241926312446594
0.4199293851852417,0.5740092992782593
0.9035995006561279,0.5828311443328857
0.19753271341323853,0.5717507004737854
0.4058579206466675,0.5027931928634644
0.514448881149292,0.5807003378868103
0.733363151550293,0.6179775595664978
0.7072857618331909,0.6092599034309387
0.7829914689064026,0.5875837802886963
0.7630954384803772,0.4926946461200714
0.20880287885665894,0.5524466633796692
0.4958954453468323,0.6383264064788818
0.3515395522117615,0.49199020862579346
0.3571518659591675,0.7342090606689453
0.6186264753341675,0.5301124453544617
0.33541667461395264,0.8787598013877869
1.3875296115875244,0.6371982097625732
0.9342795610427856,0.8202542662620544
0.7894071340560913,0.574593186378479
1.1528253555297852,0.7083295583724976
0.9493653774261475,0.6244102716445923
0.7629449367523193,0.5761172771453857
0.9925692677497864,0.596731424331665
1.3789739608764648,0.5907968878746033
1.8188806772232056,0.4916497468948364
0.9627209901809692,0.5532400608062744
1.4203978776931763,0.5156420469284058
1.881384015083313,0.5177181363105774
2.2518796920776367,0.5057618618011475
1.3384323120117188,0.5065950155258179
0.8524416089057922,0.46225616335868835
0.8424615859985352,0.45251715183258057
0.5202053785324097,0.47496169805526733
0.3854902386665344,0.480743408203125
0.9474783539772034,0.4961363673210144
1.466198444366455,0.4630889296531677
0.4729710817337036,0.500197172164917
2.4352266788482666,0.5262115001678467
1.0589256286621094,0.4672718346118927
0.8233528137207031,0.47270599007606506
0.2293892502784729,0.5215448141098022
1.4668965339660645,0.44361627101898193
1.5720728635787964,0.5403827428817749
1.2174227237701416,0.48721134662628174
1.0591756105422974,0.4375918507575989
1.6879569292068481,0.531627893447876
1.6973826885223389,0.5723006725311279
1.2290735244750977,0.5838530659675598
0.7064013481140137,0.5138073563575745
1.870884895324707,0.4612947702407837
0.6974413394927979,0.5217861533164978
1.6210038661956787,0.48033392429351807
0.6352378129959106,0.5333481431007385
2.058196783065796,0.6320981979370117
1.7034152746200562,0.6337095499038696
1.8529760837554932,0.7707153558731079
0.31833451986312866,0.6566749811172485
0.5659305453300476,0.6927765607833862
1.0745418071746826,0.6561998128890991
1.1061668395996094,0.6304792165756226
0.35021477937698364,0.5900726318359375
0.3948114514350891,0.5343720316886902
0.6719261407852173,0.6064277291297913
2.212515115737915,0.5636518001556396
1.1513837575912476,0.5426008105278015
0.7259407043457031,0.5145369172096252
1.4878790378570557,0.5986521244049072
1.4210546016693115,0.5725497007369995
1.1017796993255615,0.5645211935043335
1.1648362874984741,0.5078269243240356
2.45579195022583,0.5483105778694153
0.9887617826461792,0.5432547926902771
0.9436213970184326,0.5322873592376709
0.8119641542434692,0.4681367874145508
0.6186339855194092,0.5884911417961121
1.271606206893921,0.49747341871261597
0.9520161151885986,0.49001485109329224
0.6608729362487793,0.4470481872558594
1.7656608819961548,0.5211963653564453
0.6969864964485168,0.47350552678108215
1.2709224224090576,0.4952543079853058
0.15534472465515137,0.4688001275062561
0.8529088497161865,0.4497634768486023
1.4602423906326294,0.5531816482543945
0.5242392420768738,0.5510024428367615
0.7126811146736145,0.5632340908050537
1.6597565412521362,0.5544431209564209
1.1568390130996704,0.5967166423797607
0.43452465534210205,0.5951358675956726
0.43617403507232666,0.587132453918457
0.4238286018371582,0.6344325542449951
0.4848320484161377,0.5638958215713501
0.6423574090003967,0.6338646411895752
0.5787104964256287,0.6444362998008728
0.4400061368942261,0.6209239363670349
0.9030462503433228,0.5256952047348022
0.5260686278343201,0.5182813405990601
0.52066570520401,0.6530648469924927
0.19898176193237305,0.6011359691619873
0.06232643127441406,0.6220139265060425
0.41079938411712646,0.48851388692855835
0.20103669166564941,0.5937312841415405
0.14231503009796143,0.4421006739139557
0.14580607414245605,0.44853100180625916
0.2302628755569458,0.5047683715820312
0.3593842387199402,0.4612155258655548
0.14754974842071533,0.4695964753627777
0.30743539333343506,0.5579550266265869
0.1831967830657959,0.5181930065155029
0.2630176544189453,0.5969813466072083
0.2889503240585327,0.5023766160011292
0.5030624866485596,0.5468711853027344
0.20184046030044556,0.5891568660736084
0.38843464851379395,0.4864320755004883
0.383821964263916,0.6635053753852844
0.7482799291610718,0.5377566814422607
0.28587961196899414,0.6974351406097412
0.2520914077758789,0.5102753639221191
0.5635459423065186,0.5236033201217651
0.23315727710723877,0.5798518657684326
0.23415255546569824,0.5315288305282593
0.41048622131347656,0.6097173690795898
0.5074599981307983,0.5955178737640381
1.1034637689590454,0.5014358758926392
0.2659119963645935,0.4359644949436188
0.687177300453186,0.5651423931121826
0.5667479038238525,0.5128082036972046
1.4686880111694336,0.4722899794578552
0.7091771364212036,0.5399409532546997
1.025266408920288,0.5183365941047668
0.18155086040496826,0.5528579950332642
0.7961316704750061,0.5317556262016296
0.1756279468536377,0.5379512310028076
0.7050800323486328,0.6177242398262024
0.4021971821784973,0.6830811500549316
0.5387868881225586,0.5469260215759277
0.4645015001296997,0.6013811826705933
0.38863372802734375,0.5626433491706848
0.7574328780174255,0.5781639814376831
0.6507812738418579,0.6174029111862183
0.9116683006286621,0.5497071743011475
1.0491549968719482,0.49472370743751526
1.5250132083892822,0.5615617632865906
1.2310407161712646,0.6089212894439697
1.5660395622253418,0.5772460699081421
0.38735246658325195,0.5974464416503906
0.21315884590148926,0.5487217903137207
0.3822709321975708,0.5703253149986267
0.7011569142341614,0.4940418601036072
0.702690839767456,0.5516033172607422
0.2885628938674927,0.45284396409988403
0.2804216146469116,0.5039562582969666
0.1962418556213379,0.5405304431915283
0.16706395149230957,0.5855706334114075
0.6456401348114014,0.5502684712409973
0.6339149475097656,0.5851468443870544
0.47868335247039795,0.6127785444259644
0.532101571559906,0.6035522818565369
0.1895744800567627,0.6027507781982422
0.2709563970565796,0.6186815500259399
0.29795050621032715,0.49602875113487244
0.4971950054168701,0.5435931086540222
0.3851456642150879,0.47400394082069397
0.31344926357269287,0.5398758053779602
0.2383037805557251,0.513732373714447
0.44245147705078125,0.536185085773468
0.8297054767608643,0.4970674514770508
0.6283898949623108,0.49780696630477905
0.3995625972747803,0.5664357542991638
0.588325023651123,0.5980510115623474
0.13531947135925293,0.49381935596466064
0.11361926794052124,0.4790796637535095
0.16749757528305054,0.6118867993354797
0.3249856233596802,0.5633840560913086
0.5879799127578735,0.5774481892585754
0.7081027030944824,0.5814075469970703
0.47603487968444824,0.5283708572387695
0.279208779335022,0.47003820538520813
0.29325538873672485,0.465793251991272
0.2973318099975586,0.4963532090187073
0.4520299434661865,0.4750591218471527
0.1917250156402588,0.4995923936367035
0.6582504510879517,0.5187424421310425
0.2502932548522949,0.589457631111145
0.3118743896484375,0.5549054741859436
0.2526797652244568,0.5939618349075317
0.670573890209198,0.5876379013061523
0.47347015142440796,0.5532398223876953
0.6136883497238159,0.4696417450904846
0.13750487565994263,0.5770249366760254
0.5930386185646057,0.5028409957885742
0.407556414604187,0.47105398774147034
0.09292513132095337,0.5103244781494141
0.5271778106689453,0.5264556407928467
0.2511124610900879,0.51922607421875
0.40496909618377686,0.5527180433273315
0.3975849151611328,0.6089807748794556
0.2347583770751953,0.49037790298461914
0.38889193534851074,0.5607173442840576
0.47773492336273193,0.49427205324172974
0.423317015171051,0.5149368047714233
0.3554598093032837,0.4961702227592468
0.14908885955810547,0.5817404985427856
0.5229709148406982,0.5649053454399109
0.3786429166793823,0.6241005659103394
0.28579163551330566,0.5228261947631836
0.09463763236999512,0.5151259899139404
0.2713959217071533,0.5157250165939331
0.6263090372085571,0.47928184270858765
0.3228118121623993,0.49591538310050964
0.40279942750930786,0.46244725584983826
0.26902198791503906,0.5317777395248413
0.15985560417175293,0.5575692653656006
0.3420119285583496,0.4867803752422333
0.7024495601654053,0.5484467148780823
0.26027536392211914,0.5987165570259094
0.2404455542564392,0.5951941609382629
0.30666089057922363,0.6718732714653015
0.16897821426391602,0.6114033460617065
0.147932767868042,0.5460307002067566
0.2385731339454651,0.6663764715194702
0.5586201548576355,0.7378627061843872
0.8184623718261719,0.626915454864502
0.1855335831642151,0.5445309281349182
0.2210937738418579,0.6255312561988831
1.209397792816162,0.6279237270355225
0.20187914371490479,0.5390455722808838
0.6258814334869385,0.5920443534851074
0.29405760765075684,0.5070181488990784
0.6716889142990112,0.5599253177642822
0.3480490446090698,0.5545923709869385
0.6765358448028564,0.549889326095581
1.0759925842285156,0.584404706954956
0.2246561050415039,0.5040722489356995
0.16829454898834229,0.5308789610862732
0.3062124252319336,0.5750597715377808
0.42396390438079834,0.5385144948959351
0.26373082399368286,0.570641040802002
0.09834879636764526,0.5597844123840332
1.0633885860443115,0.5539029240608215
0.1780703067779541,0.5538136959075928
0.1883167028427124,0.6006166934967041
0.22667676210403442,0.6130854487419128
0.34505677223205566,0.5747625827789307
0.38360148668289185,0.6062155365943909
0.8902356624603271,0.5617055892944336
0.47969871759414673,0.5416529774665833
1.3029463291168213,0.5580598711967468
0.6946711540222168,1.004712700843811
0.6206260323524475,0.6147580742835999
0.5225788354873657,1.0517759323120117
0.7769054770469666,0.5681749582290649
0.8378000259399414,0.5873018503189087
0.26148521900177,0.6026161313056946
0.5036485195159912,0.4699367582798004
0.3001241087913513,0.5593717098236084
0.455169677734375,0.4655921757221222
0.18119072914123535,0.5585612654685974
0.15109562873840332,0.548099160194397
0.27480655908584595,0.5143568515777588
0.5337157845497131,0.512994110584259
0.5001155138015747,0.5394803285598755
1.0243947505950928,0.551642894744873
0.5448330640792847,0.5699657201766968
0.9687461853027344,0.5531331300735474
0.9601216316223145,0.5100540518760681
0.6861748695373535,0.5515730381011963
0.4246600866317749,0.5299532413482666
0.3068767189979553,0.520712673664093
0.6574921607971191,0.5117960572242737
0.4587888717651367,0.6093595027923584
0.7342004776000977,0.6592824459075928
0.8891395330429077,0.5417439341545105
1.487731695175171,0.4875950217247009
1.4074325561523438,0.49063241481781006
1.3254729509353638,0.5872251987457275
0.5934262275695801,0.5824791193008423
0.24136632680892944,0.5656126737594604
1.4649149179458618,0.5251057147979736
0.4339016079902649,0.472339391708374
0.036799609661102295,0.4984431266784668
0.14827939867973328,0.5727064609527588
0.5415884256362915,0.538475513458252
0.42672812938690186,0.5814869403839111
0.32309579849243164,0.5600788593292236
0.47969865798950195,0.5970293879508972
0.5116039514541626,0.5489967465400696
0.15074151754379272,0.5893778204917908
0.31463873386383057,0.5736610889434814
0.7977309226989746,0.5960139036178589
0.6377311944961548,0.5386545658111572
0.20802831649780273,0.6380218267440796
0.3376876711845398,0.57890385389328
0.4373171329498291,0.5635285973548889
2.1823723316192627,0.4849793314933777
0.22985315322875977,0.4625163674354553
0.2274240255355835,0.48595738410949707
0.2771413326263428,0.5610350370407104
0.09606027603149414,0.4764865040779114
0.19532513618469238,0.4514000117778778
0.2395637035369873,0.5034191608428955
0.100516676902771,0.5968846082687378
0.17901301383972168,0.492644727230072
0.4018810987472534,0.5195193886756897
0.1745455265045166,0.45152607560157776
0.2414947748184204,0.4402427673339844
0.16341423988342285,0.4823605418205261
0.10581851005554199,0.4459160268306732
0.5455670356750488,0.48177653551101685
0.12493491172790527,0.4891609847545624
0.3182412385940552,0.5014682412147522
0.16646862030029297,0.45886752009391785
0.35805803537368774,0.44714903831481934
0.2378380298614502,0.45340844988822937
0.17203038930892944,0.4682370126247406
0.2831137180328369,0.4244232773780823
0.1695878505706787,0.34079936146736145
0.2009097933769226,0.3976113200187683
0.48709094524383545,0.41682326793670654
0.07411891222000122,0.38163724541664124
0.09452462196350098,0.5242046117782593
0.2965052127838135,0.4897666573524475
0.11290645599365234,0.5621930360794067
0.04917788505554199,0.5314481258392334
0.13744372129440308,0.557079553604126
0.3365945816040039,0.6166207194328308
0.06584793329238892,0.4873407483100891
0.1715167760848999,0.4450509250164032
0.19557082653045654,0.5057559609413147
0.12920022010803223,0.37740275263786316
0.2893642485141754,0.4911048412322998
0.20630168914794922,0.5282332301139832
0.39645230770111084,0.5445883274078369
0.42249369621276855,0.5653278231620789
0.20096564292907715,0.571561872959137
0.1668388843536377,0.5033506155014038
0.18397581577301025,0.4595639109611511
0.16815519332885742,0.7629829049110413
0.16072750091552734,0.4989457130432129
0.6629756689071655,0.49393710494041443
0.23593366146087646,0.5566678047180176
0.19867277145385742,0.49397754669189453
0.126054048538208,0.49904608726501465
0.09587383270263672,0.501610279083252
0.20338082313537598,0.47920987010002136
0.2808074951171875,0.4825599789619446
0.32663607597351074,0.42441868782043457
0.15196359157562256,0.45997220277786255
0.20679259300231934,0.4523244798183441
0.2165367603302002,0.49232885241508484
0.031049013137817383,0.4566405415534973
0.05231595039367676,0.48146626353263855
0.08508181571960449,0.4888998568058014
0.044786155223846436,0.5367739200592041
0.14824461936950684,0.5421035289764404
0.07394421100616455,0.5224362015724182
0.041796863079071045,0.48322516679763794
0.046438395977020264,0.5265265703201294
0.018932700157165527,0.40387213230133057
0.1157907247543335,0.5558490753173828
0.10203862190246582,0.46748000383377075
0.18651336431503296,0.4578123986721039
0.10873246192932129,0.5178131461143494
0.11568403244018555,0.5285528898239136
0.033084332942962646,0.4441536068916321
0.04563629627227783,0.4968109130859375
0.1829209327697754,0.48992103338241577
0.2775576114654541,0.5275365114212036
0.12026786804199219,0.440434992313385
0.19124484062194824,0.467681348323822
0.15429770946502686,0.5328677892684937
0.0659029483795166,0.4770270884037018
0.15679925680160522,0.4718013405799866
0.16499114036560059,0.526021420955658
0.059616804122924805,0.4886814057826996
0.19856739044189453,0.5584689378738403
0.0544353723526001,0.48334258794784546
0.31882810592651367,0.516918420791626
0.3181077241897583,0.4566909372806549
0.13845765590667725,0.5433778762817383
0.10898685455322266,0.4719908833503723
0.14824175834655762,0.459119588136673
0.2233372926712036,0.47273701429367065
0.2194962501525879,0.4175579249858856
0.22214996814727783,0.48488783836364746
0.14238005876541138,0.4980629086494446
0.1773850917816162,0.5335943102836609
0.056513190269470215,0.6111084222793579
0.14421820640563965,0.45120248198509216
0.06940257549285889,0.471336305141449
0.2106642723083496,0.4162135720252991
0.03917872905731201,0.4873409867286682
0.03466618061065674,0.5101262927055359
0.1264495849609375,0.44660669565200806
0.3579859733581543,0.38900747895240784
0.2038125991821289,0.40234047174453735
0.22865450382232666,0.4894927144050598
0.05742442607879639,0.43943607807159424
0.09098678827285767,0.4128846526145935
0.08376842737197876,0.3720402419567108
0.05159574747085571,0.4453907012939453
0.0845174789428711,0.3650004267692566
0.08340668678283691,0.39881259202957153
0.26131629943847656,0.43485376238822937
0.04404723644256592,0.36019831895828247
0.09264063835144043,0.4009045660495758
0.21721792221069336,0.3656470775604248
0.14989519119262695,0.4325142502784729
0.0360446572303772,0.46044397354125977
0.11785507202148438,0.36881592869758606
0.23170006275177002,0.4823838472366333
0.20685946941375732,0.4136885404586792
0.1348239779472351,0.4719139337539673
0.29086464643478394,0.4310809373855591
0.05729246139526367,0.45862942934036255
0.16284358501434326,0.5211070775985718
0.22095870971679688,0.5155149698257446
0.1826080083847046,0.48536351323127747
0.1590127944946289,0.5139886736869812
0.05173516273498535,0.4506456255912781
0.3636072874069214,0.5012192130088806
0.12022316455841064,0.4918402135372162
0.20804601907730103,0.4952988028526306
0.13484346866607666,0.458202987909317
0.18037885427474976,0.5256879925727844
0.13037109375,0.5083537101745605
0.2141168713569641,0.45350006222724915
0.40854060649871826,0.39471444487571716
0.132401704788208,0.46437934041023254
0.24616050720214844,0.4489302635192871
0.23566120862960815,0.5056930184364319
0.14030718803405762,0.5191392302513123
0.12165600061416626,0.4004158675670624
0.03869056701660156,0.537035346031189
0.11441895365715027,0.551601767539978
0.08112955093383789,0.5196284055709839
0.08176910877227783,0.6007136106491089
0.0381474494934082,0.5560016632080078
0.05582070350646973,0.6108084917068481
0.05730384588241577,0.5760612487792969
0.12478074431419373,0.4852292239665985
0.03869986534118652,0.5233525037765503
0.042595624923706055,0.5526692867279053
0.05817693471908569,0.4694303870201111
0.05912983417510986,0.40071025490760803
0.11179113388061523,0.44327592849731445
0.09364175796508789,0.47952955961227417
0.03685307502746582,0.3785843551158905
0.1805458664894104,0.4333849549293518
0.11436581611633301,0.49307966232299805
0.15943783521652222,0.423692911863327
0.12112969160079956,0.36968544125556946
0.2230311632156372,0.41812852025032043
0.31488001346588135,0.45121145248413086
0.2628781795501709,0.4754548668861389
0.059272050857543945,0.5211902856826782
0.19697177410125732,0.4998767077922821
0.33020681142807007,0.4856899380683899
0.06344032287597656,0.45389795303344727
0.12716412544250488,0.6889340877532959
0.23751986026763916,0.5652572512626648
0.045483529567718506,0.5747639536857605
0.04988360404968262,0.5669557452201843
0.14873158931732178,0.5648319721221924
0.09564268589019775,0.571632444858551
0.1672285795211792,0.5994939804077148
0.17740607261657715,0.4754354953765869
0.04935884475708008,0.43362775444984436
0.2780352830886841,0.4378379285335541
0.1547079086303711,0.4214056134223938
0.15500783920288086,0.44367069005966187
0.3422595262527466,0.43459951877593994
0.21752005815505981,0.4440113306045532
0.25159549713134766,0.466976135969162
0.10622787475585938,0.49767521023750305
0.17408132553100586,0.4756782054901123
0.07718592882156372,0.49741217494010925
0.039914846420288086,0.4750031530857086
0.051291584968566895,0.492225706577301
0.15511149168014526,0.5705300569534302
0.0527992844581604,0.5428300499916077
0.04338639974594116,0.5242091417312622
0.32597434520721436,0.4860776662826538
0.0793420672416687,0.49305224418640137
0.0988008975982666,0.533964216709137
0.12198591232299805,0.44912099838256836
0.19973218441009521,0.5464826822280884
0.13758516311645508,0.5368702411651611
0.07370272278785706,0.5224955081939697
0.0679011344909668,0.5638009905815125
0.12458515167236328,0.4771946966648102
0.10542702674865723,0.535215437412262
0.051692962646484375,0.5120422840118408
0.14141130447387695,0.480696439743042
0.11516261100769043,0.45472151041030884
0.07003319263458252,0.41562721133232117
0.10092589259147644,0.5610895156860352
0.13840901851654053,0.47215548157691956
0.1510811448097229,0.4193831980228424
0.05477499961853027,0.4780360162258148
0.08678793907165527,0.44556277990341187
0.03684753179550171,0.38839250802993774
0.16447675228118896,0.469667911529541
0.18926000595092773,0.49053189158439636
0.09594464302062988,0.46121954917907715
0.2159796953201294,0.5064804553985596
0.3384053707122803,0.4366873502731323
0.06062614917755127,0.47200337052345276
0.26639777421951294,0.4489704370498657
0.22361016273498535,0.5275274515151978
0.18322885036468506,0.5652197003364563
0.13452184200286865,0.6011847257614136
0.14856457710266113,0.49496978521347046
0.24651336669921875,0.5422412753105164
0.08948516845703125,0.6192523241043091
0.46496063470840454,0.5278148055076599
0.14269590377807617,0.600993275642395
0.10241609811782837,0.5748513340950012
0.04571521282196045,0.48151451349258423
0.21035325527191162,0.5291109681129456
0.11519038677215576,0.43507301807403564
0.04917025566101074,0.536880612373352
0.17240989208221436,0.5145103335380554
0.4488973617553711,0.4979236423969269
0.16582393646240234,0.5353506803512573
0.04607301950454712,0.5048254728317261
0.5824967622756958,0.5075533390045166
0.4503082036972046,0.5547356009483337
0.08657592535018921,0.5424097776412964
0.07062292098999023,0.5226444005966187
0.14285671710968018,0.4969978630542755
0.10833966732025146,0.46962782740592957
0.10466241836547852,0.5871676206588745
0.18952155113220215,0.4847758412361145
0.24528491497039795,0.5424957275390625
0.3717195987701416,0.44255539774894714
0.0925147533416748,0.45705366134643555
0.10305249691009521,0.4962083399295807
0.08766818046569824,0.45528513193130493
0.6085777282714844,0.5051411986351013
0.2968010902404785,0.5214850902557373
0.15842360258102417,0.5119893550872803
0.09822225570678711,0.5814089775085449
0.1648273468017578,0.5774847269058228
0.1029740571975708,0.5629182457923889
0.17653107643127441,0.6594922542572021
0.178239107131958,0.5602158904075623
0.050965189933776855,0.5203106999397278
0.13655152916908264,0.4970424175262451
0.15354859828948975,0.503469705581665
0.09488683938980103,0.5060042142868042
0.2533133029937744,0.4823601543903351
0.0452733039855957,0.4818330407142639
0.11472195386886597,0.5028825402259827
0.1181328296661377,0.5103165507316589
0.05868113040924072,0.5064873099327087
0.10084700584411621,0.49484431743621826
0.1696244478225708,0.43991121649742126
0.10262972116470337,0.4585992693901062
0.48108023405075073,0.4058893024921417
0.15805256366729736,0.3556740880012512
0.08869647979736328,0.4146729111671448
0.17800378799438477,0.5985530614852905
0.11626303195953369,0.47192147374153137
0.1772862672805786,0.4519238770008087
0.05631124973297119,0.5243269205093384
0.07157564163208008,0.5554485321044922
0.18053674697875977,0.4300149381160736
0.07716408371925354,0.460377037525177
0.20966649055480957,0.5267248749732971
0.11432504653930664,0.5486046671867371
0.17216777801513672,0.6795016527175903
0.6223269701004028,0.5743477940559387
0.10948550701141357,0.5294713377952576
0.2117287516593933,0.4724021852016449
0.30478858947753906,0.5458630323410034
0.18904685974121094,0.5464903116226196
0.23949670791625977,0.4600229263305664
0.2820560932159424,0.4567720890045166
0.2568023204803467,0.45309677720069885
0.3933352828025818,0.40507742762565613
0.1185460090637207,0.42776691913604736
0.17641699314117432,0.42419561743736267
0.1733686923980713,0.4458838701248169
0.07577073574066162,0.4360145926475525
0.1375216841697693,0.3921142518520355
0.19016480445861816,0.505357027053833
0.1492922306060791,0.44174107909202576
0.11604189872741699,0.38040101528167725
0.10541844367980957,0.4023725390434265
0.06840753555297852,0.4761403799057007
0.12913012504577637,0.46615999937057495
0.12880080938339233,0.4695301055908203
0.2666562795639038,0.4945068359375
0.29509878158569336,0.46029287576675415
0.14973407983779907,0.48322272300720215
0.15513190627098083,0.4533277153968811
0.18625903129577637,0.47861674427986145
0.5165112018585205,0.5521321296691895
0.7421672344207764,0.49107685685157776
0.10042434930801392,0.43490153551101685
0.1579524278640747,0.46964526176452637
0.37012767791748047,0.4586634635925293
0.19505488872528076,0.3602790832519531
0.10860610008239746,0.4201163053512573
0.1644529104232788,0.3695545792579651
0.21917080879211426,0.3422883152961731
0.17859339714050293,0.4322091341018677
0.15518581867218018,0.40243229269981384
0.11741507053375244,0.39996686577796936
0.16546177864074707,0.4124390184879303
0.08681011199951172,0.4121325612068176
0.07335090637207031,0.5269219875335693
0.057476818561553955,0.44165000319480896
0.3568408489227295,0.5280860066413879
0.1233212947845459,0.4422133266925812
0.11543583869934082,0.41598254442214966
0.2071692943572998,0.47577694058418274
0.10803139209747314,0.4819052517414093
0.07366752624511719,0.4049917757511139
0.19655287265777588,0.4661441445350647
0.07549083232879639,0.5273932218551636
0.054741859436035156,0.499580979347229
0.0855453610420227,0.5174607634544373
0.17580914497375488,0.560661792755127
0.1378689408302307,0.5719826817512512
0.14982199668884277,0.5147796869277954
0.3172866106033325,0.4277644157409668
0.03104102611541748,0.46741342544555664
0.08468437194824219,0.7536057829856873
0.0398581326007843,0.6504737138748169
0.10994881391525269,0.6271921396255493
0.02950596809387207,0.5320836305618286
0.04486769437789917,0.719544529914856
0.13984358310699463,0.5903827548027039
0.1028282642364502,0.6071881651878357
0.10617262125015259,0.6098780632019043
0.06672132015228271,0.6293966770172119
0.015931367874145508,0.6846387386322021
0.02276092767715454,0.6099574565887451
0.18415802717208862,0.5861605405807495
0.08239996433258057,0.63352370262146
0.12701117992401123,0.6421130895614624
0.04964679479598999,0.5118545889854431
0.18956434726715088,0.545577883720398
0.06066614389419556,0.5835822820663452
0.07126462459564209,0.5257540941238403
0.08555686473846436,0.4977945387363434
0.06601536273956299,0.514538586139679
0.06682533025741577,0.4301443099975586
0.08625918626785278,0.4236961603164673
0.14145612716674805,0.6140984296798706
0.04723691940307617,0.5028942823410034
0.08569151163101196,0.6585699319839478
0.07490396499633789,0.5608607530593872
0.028028488159179688,0.5524860620498657
0.037555694580078125,0.5541565418243408
0.09353303909301758,0.5331609845161438
0.037961363792419434,0.5523871183395386
0.10953342914581299,0.6055049896240234
0.056220412254333496,0.5091424584388733
0.145763099193573,0.5929245948791504
0.05594152212142944,0.5304715633392334
0.13157427310943604,0.5165268182754517
0.05090850591659546,0.3562423884868622
0.09361839294433594,0.4671756327152252
0.04092574119567871,0.49312788248062134
0.11071300506591797,0.4303421676158905
0.10145282745361328,0.4219241440296173
0.2624506950378418,0.49900567531585693
0.16890674829483032,0.43289145827293396
0.07741844654083252,0.5185227990150452
0.5136535167694092,0.43696218729019165
0.4735311269760132,0.47683513164520264
0.08931183815002441,0.45034295320510864
0.1627335548400879,0.4206256866455078
0.11363518238067627,0.40351465344429016
0.20718228816986084,0.39953210949897766
1.0341551303863525,0.4467613101005554
2.2122535705566406,0.6502377390861511
0.9092647433280945,0.5760156512260437
1.528565764427185,0.5799107551574707
0.986794114112854,0.6206150054931641
1.2989394664764404,0.6496009230613708
0.6472935676574707,0.5820563435554504
2.0790810585021973,0.623548150062561
1.1114046573638916,0.6200186014175415
0.4525982141494751,0.6179435849189758
0.7634446620941162,0.6427781581878662
1.4242150783538818,0.597763180732727
1.7579891681671143,0.6662322282791138
1.9891606569290161,0.5573953986167908
1.1084249019622803,0.6664166450500488
1.2807905673980713,0.6609119176864624
0.6173077821731567,0.5505106449127197
1.7219820022583008,0.6205863952636719
0.9572892189025879,0.5240886807441711
0.8158085942268372,0.543441653251648
0.2572946548461914,0.5612298250198364
0.49496352672576904,0.5426055192947388
0.7935919165611267,0.5760650634765625
1.9494231939315796,0.5090319514274597
0.4323267936706543,0.5081942677497864
0.9460337162017822,0.5082403421401978
2.0125885009765625,0.5959264039993286
1.9655883312225342,0.5250680446624756
0.3064768314361572,0.5346324443817139
1.4581166505813599,0.5201687812805176
1.354911208152771,0.547457754611969
1.2646653652191162,0.5380849242210388
0.4146460294723511,0.5563501715660095
1.4143635034561157,0.541535496711731
0.6698880195617676,0.5052255392074585
0.7753835916519165,0.5409660935401917
1.698961615562439,0.4925612509250641
0.43677008152008057,0.4922431707382202
0.83567214012146,0.5015965700149536
0.6018455028533936,0.5351628065109253
1.404761552810669,0.5391932725906372
1.9880006313323975,0.5497099161148071
0.669658362865448,0.599521815776825
2.308152198791504,0.5946073532104492
0.8658101558685303,0.5267500877380371
0.7588192224502563,0.6024128198623657
0.6412703990936279,0.5685587525367737
0.2589918375015259,0.5624028444290161
0.3745322823524475,0.5294625163078308
0.7231512069702148,0.5530276298522949
1.6810513734817505,0.5907061100006104
1.5386545658111572,0.5089643001556396
1.4170262813568115,0.542198896408081
0.43791115283966064,0.5396950244903564
1.1446375846862793,0.6095228791236877
0.7209987640380859,0.6030144095420837
1.9935065507888794,0.6111199259757996
1.5230541229248047,0.6072351336479187
1.1376776695251465,0.576898992061615
2.022106170654297,0.627130389213562
0.20298713445663452,0.575127124786377
1.323801040649414,0.737035870552063
2.367544651031494,0.5800449848175049
0.34765028953552246,0.5531971454620361
0.37324196100234985,0.5315985083580017
0.7614970207214355,0.6149948239326477
1.380476713180542,0.6358937621116638
1.7354342937469482,0.7328295707702637
0.9333716630935669,0.6205224990844727
1.5165438652038574,0.6922934055328369
1.3717442750930786,0.6364098787307739
0.9455969333648682,0.7352764010429382
0.5213640928268433,0.9261132478713989
0.2432183027267456,1.2544623613357544
0.9955270290374756,1.4047045707702637
0.10526043176651001,0.9632550477981567
0.23743820190429688,0.825921893119812
0.9723584651947021,0.5711078643798828
0.8257815837860107,0.5978282690048218
0.6416914463043213,0.5190722942352295
0.9685116410255432,0.5119055509567261
1.0525082349777222,0.48346662521362305
0.24543094635009766,0.4680171012878418
1.7970565557479858,0.5544872283935547
0.8549209833145142,0.5112848877906799
1.000654697418213,0.5204601883888245
0.7343835830688477,0.6516255140304565
1.0610718727111816,0.5827860236167908
0.31637418270111084,0.513434886932373
1.3809173107147217,0.544013500213623
1.1262471675872803,0.5489332675933838
0.3025277853012085,0.5150498747825623
0.6474109888076782,0.6260887384414673
0.25103330612182617,0.5836648344993591
0.7674894332885742,0.564473569393158
2.314736843109131,0.6040613651275635
1.3450398445129395,0.504802405834198
0.6557780504226685,0.4883347153663635
0.3315995931625366,0.5499166250228882
1.2009286880493164,0.46372708678245544
1.193381428718567,0.5801360607147217
1.1002190113067627,0.5888954401016235
0.5336930751800537,0.8009835481643677
0.598313570022583,0.6095349192619324
0.2746660113334656,0.597335696220398
0.9448720216751099,0.6030570268630981
0.8328057527542114,0.6690783500671387
0.9924966096878052,0.5803431272506714
0.31502556800842285,0.5586820244789124
0.10587853193283081,0.46386492252349854
0.21685302257537842,0.5220819711685181
0.608418345451355,0.6124652028083801
0.305539608001709,0.5517027974128723
0.7502009868621826,0.5416895151138306
0.4619181454181671,0.5814782977104187
0.5258691906929016,0.4965187907218933
0.39639270305633545,0.5946947336196899
0.11314696073532104,0.5143604874610901
0.6808812618255615,0.5911104679107666
0.17465782165527344,0.4842154383659363
0.6040242910385132,0.5215041637420654
0.6414538025856018,0.5522994995117188
0.5929853916168213,0.5135027170181274
0.6882059574127197,0.5472132563591003
0.42724132537841797,0.5954417586326599
0.8608018755912781,0.47396910190582275
0.5857529640197754,0.5346956253051758
0.49811655282974243,0.5360811352729797
1.454298973083496,0.5208824872970581
0.7602669596672058,0.5185585021972656
0.2537683844566345,0.46461403369903564
0.3931255340576172,0.47272345423698425
0.27482879161834717,0.5174975395202637
0.8200363516807556,0.5757412910461426
0.6655346751213074,0.5096025466918945
1.0075985193252563,0.5815776586532593
0.902298092842102,0.5586339235305786
0.2880364656448364,0.5574964880943298
0.36065828800201416,0.6186172962188721
1.3482086658477783,0.5408300757408142
0.8433859348297119,0.48966652154922485
0.47451674938201904,0.4797355532646179
0.8249149322509766,0.5885354280471802
0.6197218894958496,0.5499160289764404
0.39167988300323486,0.5697484612464905
0.31993186473846436,0.5290471315383911
0.3898065686225891,0.5424697399139404
0.7235597968101501,0.5198540687561035
0.8022472262382507,0.5355390906333923
0.16167688369750977,0.4625972509384155
0.39040857553482056,0.5171435475349426
0.3913993835449219,0.544826328754425
0.3385108709335327,0.49192655086517334
0.544123113155365,0.5064110159873962
0.6078448295593262,0.5038727521896362
0.69731605052948,0.5194164514541626
0.2691199779510498,0.47561025619506836
0.26753997802734375,0.464573472738266
0.7312229871749878,0.5340083837509155
0.7339218258857727,0.4262646436691284
0.39906609058380127,0.46738362312316895
1.1885573863983154,0.4161109924316406
0.4040166139602661,0.4566260576248169
1.535760521888733,0.542953372001648
0.4668586254119873,0.49866899847984314
0.7737229466438293,0.5204665660858154
0.4207949638366699,0.49848321080207825
0.8148971796035767,0.5307547450065613
1.1881449222564697,0.5216893553733826
0.5339454412460327,0.5327571630477905
1.0382580757141113,0.5465389490127563
0.6112267971038818,0.5359528064727783
0.633514404296875,0.54784095287323
0.41943931579589844,0.5320581793785095
0.4658929109573364,0.5615885257720947
0.5168229341506958,0.5010273456573486
0.670447826385498,0.49103742837905884
0.22841215133666992,0.50687575340271
1.060134768486023,0.4970526397228241
0.25512027740478516,0.46044760942459106
1.1597392559051514,0.5540919899940491
0.11925077438354492,0.510521650314331
0.45749151706695557,0.5190958380699158
1.4604300260543823,0.4941996932029724
0.3031931519508362,0.5094786286354065
0.2719099521636963,0.48862987756729126
0.38801223039627075,0.48043498396873474
0.37053215503692627,0.43511152267456055
0.3559321165084839,0.4817047119140625
0.5546919107437134,0.5017609000205994
0.7007052898406982,0.47743457555770874
0.6706883907318115,0.5337032675743103
0.6371332406997681,0.3934977948665619
1.0567399263381958,0.4590233564376831
1.8346441984176636,0.6032447218894958
0.17056035995483398,0.48759180307388306
0.5399620532989502,0.5430498719215393
0.3643260598182678,0.5652039051055908
0.9943321347236633,0.5634028911590576
0.5995354652404785,0.5205816030502319
0.4122335910797119,0.5224354267120361
0.5268447399139404,0.5037456750869751
0.5356249809265137,0.6093136668205261
1.0098624229431152,0.54953533411026
0.8042817711830139,0.6321783065795898
0.5371925234794617,0.5813875794410706
0.7611424326896667,0.5801604390144348
0.3049132823944092,0.6004421710968018
0.41856539249420166,0.588261067867279
0.33762049674987793,0.5799993872642517
0.5361493825912476,0.5246456265449524
0.6351466178894043,0.5632894039154053
0.4364898204803467,0.5626727938652039
1.124925971031189,0.5479831695556641
0.5079779028892517,0.5244219303131104
0.86397784948349,0.46300747990608215
0.7912927865982056,0.5791960954666138
0.887827455997467,0.5664834976196289
0.4186224937438965,0.5641010999679565
0.3337496519088745,0.5823363065719604
0.34412217140197754,0.5876912474632263
0.3582484722137451,0.5577811598777771
0.2432958483695984,0.5316359400749207
0.961687445640564,0.6055927872657776
0.9883424639701843,0.5470683574676514
0.31837761402130127,0.590248703956604
0.34806787967681885,0.5848443508148193
0.73984295129776,0.5559145212173462
0.6006476879119873,0.5425968766212463
0.27862370014190674,0.5820561051368713
0.3764212131500244,0.6018738746643066
1.6456611156463623,0.4890633821487427
0.34703826904296875,0.5353090167045593
0.41840243339538574,0.5665844678878784
0.3799731731414795,0.570550799369812
0.7831801176071167,0.5198454856872559
0.577815055847168,0.5754135251045227
0.20110344886779785,0.5800542235374451
0.36492013931274414,0.5147613286972046
0.9621021747589111,0.5211087465286255
0.24160456657409668,0.4918507933616638
0.2739269733428955,0.5766561031341553
0.4711267948150635,0.5395379066467285
0.6320279836654663,0.5197173953056335
0.7947382926940918,0.4885963797569275
0.48882198333740234,0.4728054106235504
0.6267319917678833,0.5076487064361572
0.28504788875579834,0.5032039880752563
0.5072948932647705,0.5256786346435547
0.2985422611236572,0.5009990930557251
1.1840285062789917,0.525481641292572
0.6097255945205688,0.5514304041862488
0.9087378978729248,0.5516545176506042
0.34481966495513916,0.5434792637825012
0.4625047445297241,0.5369302034378052
0.1329757571220398,0.4864359498023987
0.4724758565425873,0.5415588021278381
0.8200597763061523,0.47739377617836
0.46669602394104004,0.5559844374656677
0.15898793935775757,0.6196181774139404
0.25005948543548584,0.5252136588096619
0.41366255283355713,0.581978440284729
0.14326751232147217,0.5097358226776123
0.07759839296340942,0.5970180034637451
0.2779567241668701,0.6147579550743103
0.10799849033355713,0.5612562894821167
0.2714078426361084,0.5231010317802429
2.037834644317627,0.5098176002502441
0.4057686924934387,0.5654489994049072
0.6334124803543091,0.5418408513069153
0.2386409044265747,0.5118933320045471
0.22748374938964844,0.5507622361183167
0.2194737195968628,0.5314486026763916
0.3736398220062256,0.45252132415771484
0.6663308143615723,0.5543069839477539
0.22465252876281738,0.4970400631427765
0.2956673502922058,0.5548949241638184
0.2512626647949219,0.5580781698226929
0.5551885962486267,0.5198079347610474
0.23734033107757568,0.4817444682121277
0.15501534938812256,0.5109890103340149
0.28683650493621826,0.5255875587463379
0.4318108558654785,0.5870455503463745
0.7083730697631836,0.5424807667732239
0.12836170196533203,0.4463618993759155
0.6051322817802429,0.4583146572113037
0.6149102449417114,0.5207257866859436
0.4345353841781616,0.5469331741333008
0.16620969772338867,0.5494518876075745
0.35935187339782715,0.5981141328811646
0.8482003211975098,0.526225745677948
0.8301228284835815,0.5186995267868042
0.49367645382881165,0.5017168521881104
0.2878446578979492,0.5206748247146606
0.4100680947303772,0.4507790207862854
0.3073957562446594,0.44314098358154297
0.46082985401153564,0.4997939169406891
0.3235574960708618,0.43824633955955505
0.3156853914260864,0.42690858244895935
0.635951817035675,0.4974134862422943
1.0926382541656494,0.49044549465179443
0.477337121963501,0.47212469577789307
0.49298906326293945,0.5873904824256897
0.40739554166793823,0.5183126330375671
1.834890365600586,0.5730501413345337
0.2971251606941223,0.5451661348342896
0.8300454020500183,0.5572472810745239
1.7895748615264893,0.5712283849716187
0.5119016170501709,0.5511198043823242
1.525272011756897,0.5264822244644165
0.8998632431030273,0.5934913158416748
0.34299761056900024,0.5508456230163574
1.1266058683395386,0.5855016708374023
0.48766016960144043,0.5097979307174683
0.806150496006012,0.5279430150985718
0.25699567794799805,0.5721834897994995
0.9439509510993958,0.5730612277984619
0.8516240119934082,0.5986213088035583
0.3552449345588684,0.5101322531700134
0.6368733048439026,0.6810681223869324
0.26343369483947754,0.7050468921661377
0.47333061695098877,0.553446888923645
0.7847933769226074,0.5416528582572937
0.7049834728240967,0.6269698143005371
0.36234188079833984,0.5706807374954224
0.12804436683654785,0.605144739151001
0.18128526210784912,0.6273627877235413
0.3050508499145508,0.4622447192668915
2.2112650871276855,0.5077431201934814
0.4526090621948242,0.5276479721069336
0.27542734146118164,0.6069492101669312
1.3025585412979126,0.5330245494842529
0.8500089049339294,0.5360941290855408
0.21025633811950684,0.4537641108036041
0.34844785928726196,0.4499247968196869
0.8681210279464722,0.46381354331970215
0.6273636817932129,0.5580090284347534
0.2928726077079773,0.5048835277557373
0.982094407081604,0.5073870420455933
0.310985803604126,0.48529067635536194
0.7038165330886841,0.5150324702262878
1.176161766052246,0.5268859267234802
0.8302057385444641,0.4880408048629761
0.8404589295387268,0.43333637714385986
0.262861967086792,0.4864014685153961
1.4606428146362305,0.47985684871673584
0.47811102867126465,0.5618284940719604
1.6407700777053833,0.5636107921600342
0.5907769203186035,0.47899842262268066
0.6500732898712158,0.5800809860229492
1.0212152004241943,0.5091389417648315
0.3031497001647949,0.5220847129821777
0.8945938348770142,0.5839371681213379
0.9763400554656982,0.6008939743041992
0.636959433555603,0.5254389643669128
0.26674020290374756,0.5134603381156921
0.3359715938568115,0.5580264329910278
0.2507573366165161,0.48082539439201355
0.15623801946640015,0.4769717752933502
0.3027174472808838,0.4963357448577881
0.35698652267456055,0.5858301520347595
0.40951108932495117,0.5790674090385437
0.310748815536499,0.5939161777496338
0.3561744689941406,0.589552640914917
0.4374314546585083,0.5728470683097839
0.4300538897514343,0.4828091263771057
0.7509497404098511,0.5775277614593506
0.9337806701660156,0.5195739269256592
0.29427993297576904,0.643001914024353
0.3240812420845032,0.5286445021629333
0.7194111943244934,0.5077464580535889
0.9099745750427246,0.6016547679901123
1.0178649425506592,0.6321340799331665
0.30490386486053467,0.5117605924606323
0.6266393065452576,0.5364020466804504
0.27959370613098145,0.5137944221496582
0.27745676040649414,0.5652594566345215
0.38777780532836914,0.6362144947052002
0.9093062281608582,0.5509464144706726
0.21513211727142334,0.5371097922325134
0.11500996351242065,0.4552716314792633
0.21052801609039307,0.5257399678230286
0.2394484281539917,0.4854588210582733
0.16947025060653687,0.6152465343475342
0.2343270182609558,0.6247736215591431
0.20343869924545288,0.47006767988204956
0.09939992427825928,1.2636888027191162
0.32059645652770996,0.7103927135467529
0.17355459928512573,1.2004878520965576
0.24331843852996826,1.3782373666763306
0.2239084243774414,0.595870852470398
0.9200971722602844,0.5701923370361328
0.6793964505195618,0.5742902755737305
1.6886353492736816,0.5106580853462219
0.4768502712249756,0.5778647661209106
1.3808540105819702,0.47575831413269043
0.46587467193603516,0.5584723949432373
1.0890899896621704,0.45558255910873413
1.0485138893127441,0.6095221042633057
1.0300021171569824,0.5328637361526489
1.0329654216766357,0.5950632691383362
1.3208742141723633,0.6243057250976562
2.1623473167419434,0.5315135717391968
1.3933650255203247,0.6256986856460571
0.7981834411621094,0.7783067226409912
2.4855380058288574,0.5309550762176514
1.3810800313949585,0.6276946663856506
1.01904296875,0.5310370326042175
0.5324348211288452,0.5523645281791687
0.7351980209350586,0.5242332816123962
0.7830299139022827,0.5509143471717834
1.2001287937164307,0.5251013040542603
0.7771506309509277,0.5871970057487488
0.7614084482192993,0.561000645160675
0.6970428824424744,0.6027939319610596
0.8146439790725708,0.6397337317466736
0.6549534201622009,0.5799314379692078
0.7425744533538818,0.5389500856399536
1.181969404220581,0.5541986227035522
0.908484697341919,0.6231446266174316
0.9871145486831665,0.5736236572265625
0.6029845476150513,0.599381148815155
0.6526659727096558,0.6076302528381348
1.2074153423309326,0.5445402264595032
1.3065418004989624,0.6280317902565002
1.9589474201202393,0.546294629573822
1.0169637203216553,0.514931857585907
1.5238678455352783,0.5459386110305786
0.5641276240348816,0.5463261604309082
0.8009063005447388,0.5867151618003845
2.31022047996521,0.5545030236244202
1.737379550933838,0.5815628170967102
0.8945626020431519,0.5433716773986816
0.38345736265182495,0.5598611831665039
0.7632859945297241,0.4868241846561432
0.6811120510101318,0.4291843771934509
0.7959587574005127,0.5843109488487244
0.6178094148635864,0.5229894518852234
2.278975009918213,0.5743130445480347
0.7418246269226074,0.7069401741027832
1.004575490951538,0.5368861556053162
0.45099127292633057,0.5206034779548645
1.2687714099884033,0.6121628284454346
1.1326658725738525,0.5560482740402222
1.2679650783538818,0.5488847494125366
1.6238726377487183,0.5412275791168213
0.7082931995391846,0.5676475763320923
0.7975940704345703,0.6022319793701172
0.9578444957733154,0.6048902869224548
1.6274912357330322,0.6326732635498047
0.16503125429153442,0.5586167573928833
0.3823661804199219,0.5180509686470032
0.46979451179504395,0.5729340314865112
0.6285455226898193,0.6136134266853333
1.6383743286132812,0.6291944980621338
1.808058500289917,0.6017603278160095
1.4359724521636963,0.6425176858901978
0.9183381795883179,0.6740390062332153
1.278041958808899,0.5653022527694702
1.0546157360076904,0.6106448769569397
0.39619576930999756,0.5579973459243774
0.6091808676719666,0.5716193914413452
0.5247585773468018,0.5787897109985352
1.752640724182129,0.5504956245422363
1.9788039922714233,0.570892870426178
1.5158252716064453,0.516127347946167
0.6286220550537109,0.5853114128112793
1.3968641757965088,0.5701485276222229
0.5188997387886047,0.5196857452392578
0.40231478214263916,0.5180923342704773
0.8332123756408691,0.49345359206199646
0.9327101707458496,0.5444068908691406
0.9575639963150024,0.538683295249939
1.3041260242462158,0.5054716467857361
0.43461060523986816,0.46755990386009216
2.379909038543701,0.5136827826499939
0.6810899972915649,0.5441938638687134
0.9251744747161865,0.5256904363632202
2.2356038093566895,0.5616897344589233
1.207302212715149,0.5921013951301575
2.2143421173095703,0.5685984492301941
0.27010294795036316,0.5866807699203491
0.7008492946624756,0.6126386523246765
0.6965633034706116,0.5503541827201843
2.3138720989227295,0.5052916407585144
0.9399820566177368,0.6162752509117126
1.0349267721176147,0.5000618100166321
0.47820520401000977,0.5762672424316406
0.5529837608337402,0.4989318549633026
0.46481335163116455,0.5613361597061157
0.5356419086456299,0.5168501138687134
1.133498191833496,0.5206210613250732
0.767335057258606,0.5223294496536255
1.5972318649291992,0.5171969532966614
0.8646540641784668,0.5688578486442566
1.0279414653778076,0.5720877051353455
1.2143099308013916,0.5526894927024841
1.4839420318603516,0.6462600231170654
2.016178607940674,0.6090501546859741
0.5394455790519714,0.6468223333358765
0.3843904435634613,0.6060744524002075
0.716995120048523,0.6466822624206543
0.41205883026123047,0.625422477722168
0.4712269902229309,0.6583809852600098
0.598453938961029,0.5973411798477173
0.9896058440208435,0.6433635354042053
0.8083789348602295,0.5277838706970215
1.399369239807129,0.5291643738746643
1.4344850778579712,0.6118847131729126
1.9586660861968994,0.6181554198265076
0.368529736995697,0.5551471710205078
0.9932641983032227,0.576820969581604
0.6028114557266235,0.5816159844398499
0.6500078439712524,0.45404213666915894
0.49895620346069336,0.5608973503112793
0.8626176118850708,0.5696201324462891
0.2389875054359436,0.6253916025161743
0.40660595893859863,0.5825863480567932
1.1010329723358154,0.6150327920913696
1.5498470067977905,0.573786735534668
0.39286839962005615,0.5230506062507629
0.7132151126861572,0.524772584438324
1.2774537801742554,0.6141412854194641
0.6404833793640137,0.4878688156604767
1.0986753702163696,0.5568480491638184
1.1776307821273804,0.4831909239292145
0.9795188903808594,0.5179835557937622
0.5570831298828125,0.5238815546035767
0.5216232538223267,0.5120381712913513
1.1829886436462402,0.5896822810173035
2.0768630504608154,0.5889068841934204
0.8960635662078857,0.5943361520767212
0.5742881894111633,0.6240870952606201
1.0748411417007446,0.5774871110916138
1.3321436643600464,0.5516579747200012
0.7603979110717773,0.5297058820724487
0.8280539512634277,0.587881326675415
1.1284958124160767,0.5220308899879456
1.6782903671264648,0.5599137544631958
1.0772130489349365,0.6038274765014648
0.5470699071884155,0.6001668572425842
0.4897083044052124,0.5800091028213501
0.4517340660095215,0.5489113330841064
0.7114141583442688,0.6144527196884155
1.269553542137146,0.6157844066619873
0.383231520652771,0.5991930961608887
1.102370023727417,0.5593593120574951
1.0921721458435059,0.553386390209198
2.8938281536102295,0.540895402431488
0.9383488893508911,0.5048245787620544
1.7419908046722412,0.5399253368377686
0.5624942779541016,0.5259661674499512
0.942166805267334,0.5666324496269226
0.39163416624069214,0.49216121435165405
0.8444816470146179,0.46321702003479004
1.3474475145339966,0.5412203073501587
1.0343807935714722,0.6103076934814453
1.938822627067566,0.52506023645401
1.6985522508621216,0.572934627532959
2.3443715572357178,0.5542294979095459
0.5039017200469971,0.6209895014762878
0.6611963510513306,0.6576608419418335
1.8970664739608765,0.6267930865287781
1.6048825979232788,0.7643320560455322
1.8309694528579712,0.6528246998786926
1.54276704788208,0.6014050245285034
2.4500324726104736,0.5617868900299072
0.9294404983520508,0.5239415168762207
0.5085799694061279,0.44162482023239136
0.6894713640213013,0.4919469654560089
0.5137858390808105,0.5185263752937317
2.5981438159942627,0.5012588500976562
1.025475263595581,0.5708456039428711
2.097168445587158,0.5494152903556824
0.862707257270813,0.5888039469718933
0.6881906986236572,0.4955044388771057
1.2168362140655518,0.5519468784332275
1.2390904426574707,0.5660892128944397
0.31834208965301514,0.4977051615715027
1.7847126722335815,0.5310325026512146
0.9313865303993225,0.5417048931121826
1.2281246185302734,0.596853494644165
0.538131594657898,0.5152197480201721
0.641115128993988,0.5469978451728821
2.101325273513794,0.5610271692276001
1.7457830905914307,0.5205826163291931
1.6008049249649048,0.4719020426273346
2.3102166652679443,0.49455511569976807
0.8617788553237915,0.5054540038108826
0.8667995929718018,0.4887310564517975
0.7234494686126709,0.4533538222312927
1.1988434791564941,0.556908130645752
0.5399109721183777,0.5226612687110901
0.3520438075065613,0.4919433891773224
1.2169936895370483,0.5451911687850952
1.4797275066375732,0.5964797139167786
0.9532799124717712,0.5844151377677917
0.823473334312439,0.5506760478019714
1.511446475982666,0.5845224857330322
0.4736204743385315,0.631183922290802
0.9685088396072388,0.5866222977638245
0.5980286598205566,0.6116577386856079
1.7363700866699219,0.6281214356422424
0.8875364065170288,0.5978630781173706
0.9733651876449585,0.6287356615066528
1.2473255395889282,0.6174890995025635
1.8740239143371582,0.6107900142669678
0.9921094179153442,0.5710569620132446
1.5700466632843018,0.6172548532485962
0.2935253381729126,0.6933497190475464
0.7259594798088074,0.5944980382919312
0.5694366693496704,0.6309647560119629
0.526448667049408,0.5873433351516724
0.2954113483428955,0.5090591907501221
0.6445035934448242,0.5302257537841797
0.3391304016113281,0.4505108594894409
0.5102705955505371,0.5265133380889893
0.4096413850784302,0.522013247013092
0.3842039108276367,0.42837393283843994
0.8095956444740295,0.5442029237747192
0.42124253511428833,0.5425164699554443
1.0752465724945068,0.5073592066764832
0.3106968402862549,0.5090358257293701
0.7349833846092224,0.4880756735801697
0.1948239803314209,0.4152339696884155
0.3294718861579895,0.5257142782211304
1.2532864809036255,0.5359166264533997
0.2383062243461609,0.527443528175354
0.2815515995025635,0.5585952401161194
0.81231689453125,0.546911358833313
0.29823899269104004,0.4926840364933014
0.09352225065231323,0.49355095624923706
0.09102010726928711,0.44417834281921387
0.1671586036682129,0.5668362379074097
0.1458590030670166,0.4899137318134308
0.08412206172943115,0.47680625319480896
0.48434364795684814,0.5159099698066711
0.35355162620544434,0.5343987941741943
0.2093726396560669,0.5001598596572876
0.12188172340393066,0.45725947618484497
0.29961705207824707,0.5845907926559448
0.14024603366851807,0.5140091776847839
0.6165363788604736,0.5552694201469421
0.2016894817352295,0.4146803021430969
0.27109622955322266,0.5454009175300598
0.08480751514434814,0.4596821963787079
0.10738599300384521,0.48441824316978455
0.2014564871788025,0.4828116297721863
0.1706688404083252,0.3991759717464447
0.2388918399810791,0.4376717805862427
0.49427956342697144,0.41050073504447937
0.5107827186584473,0.4017851650714874
0.1748027801513672,0.49912720918655396
0.09503507614135742,0.4194701015949249
0.7302234172821045,0.5194823741912842
0.49034833908081055,0.47790563106536865
1.3553459644317627,0.5391139388084412
1.697882890701294,0.5108326077461243
3.2748262882232666,0.531188428401947
0.3434112071990967,0.6088606715202332
1.1654133796691895,0.5241183042526245
0.28467857837677,0.5192550420761108
1.2565851211547852,0.6481790542602539
0.26259779930114746,0.5735465288162231
0.545966386795044,0.5038257837295532
0.21253609657287598,0.5588878393173218
0.967171311378479,0.6546401977539062
0.41242146492004395,0.5201120972633362
0.40579867362976074,0.5521026849746704
0.3459903597831726,0.4764297902584076
0.6042834520339966,0.5020359754562378
0.6530325412750244,0.5250749588012695
0.30967557430267334,0.5588387250900269
0.45947545766830444,0.500739574432373
0.22347575426101685,0.42298421263694763
0.3468356132507324,0.4456445276737213
0.9251188635826111,0.44261911511421204
0.16328668594360352,0.44834354519844055
0.2967691421508789,0.4326000213623047
1.019948124885559,0.4880642890930176
0.4495658874511719,0.4769357144832611
0.9920129776000977,0.5510777235031128
2.1746222972869873,0.5727373361587524
0.678802490234375,0.601783275604248
0.5980275273323059,0.5934027433395386
1.4240400791168213,0.5732333660125732
1.0294957160949707,0.5498507022857666
0.7190450429916382,0.5185064673423767
0.567633867263794,0.5648494958877563
0.9252870082855225,0.4903104603290558
1.619771122932434,0.5111525058746338
0.6384404897689819,0.5232127904891968
1.4029536247253418,0.5937134623527527
1.0694918632507324,0.5002379417419434
0.14993372559547424,0.5272743701934814
0.5957862138748169,0.49215415120124817
0.31351423263549805,0.5420339703559875
0.28813523054122925,0.5429106950759888
0.4480394124984741,0.5298256874084473
0.2223796844482422,0.5716539621353149
0.19426894187927246,0.569668173789978
0.5144805312156677,0.5003640651702881
0.47731220722198486,0.5548955202102661
0.3160216808319092,0.5453135967254639
0.39283835887908936,0.4962962567806244
1.610931634902954,0.5096280574798584
1.1251333951950073,0.5420553684234619
1.075461983680725,0.4854741394519806
1.5538171529769897,0.5304138660430908
0.6411738395690918,0.43949705362319946
0.2862839698791504,0.4206835925579071
1.0298635959625244,0.514320969581604
0.4978088140487671,0.5407612323760986
0.415494441986084,0.6658267974853516
0.4061574935913086,0.5005732774734497
0.15486836433410645,0.5596265196800232
0.23620903491973877,0.5736572742462158
0.2318720817565918,0.5272926092147827
0.7727557420730591,0.5613884925842285
0.21511030197143555,0.5675047636032104
0.38795602321624756,0.5726332664489746
0.18438589572906494,0.4867357909679413
0.5015807747840881,0.5864841938018799
0.1238480806350708,0.5263918042182922
0.22877240180969238,0.48306533694267273
0.32552552223205566,0.529761552810669
0.13843011856079102,0.5605000853538513
0.3179514408111572,0.6306077241897583
0.2742980718612671,0.5866582989692688
0.26713836193084717,0.5361983180046082
0.2547008991241455,0.6813991069793701
0.4761148691177368,0.48619407415390015
0.5390584468841553,0.4640931785106659
0.8134373426437378,0.5457049012184143
0.5688951015472412,0.5251328945159912
0.5685539245605469,0.5383614897727966
0.39498043060302734,0.48277145624160767
1.0697884559631348,0.5008323192596436
0.8202997446060181,0.5168424248695374
0.6680492758750916,0.46965736150741577
0.4238499402999878,0.6311190128326416
0.634631335735321,0.5956065654754639
0.7546947002410889,0.591148316860199
0.15142881870269775,0.4619383215904236
0.4877002239227295,0.4815179109573364
0.1831604242324829,0.4664348363876343
0.1063988208770752,0.48997095227241516
0.11201357841491699,0.4476138949394226
0.05988037586212158,0.47908174991607666
0.26380622386932373,0.36365726590156555
0.41357219219207764,0.5010926127433777
0.4565516710281372,0.46000421047210693
0.37076520919799805,0.43534141778945923
0.8755837678909302,0.5326931476593018
0.24576973915100098,0.5106041431427002
0.6812343597412109,0.5256662964820862
0.2385861873626709,0.4716383218765259
0.4618854522705078,0.4776204526424408
0.7471365928649902,0.4823058247566223
0.7138411998748779,0.525436520576477
0.2830483317375183,0.5079231262207031
0.4410959482192993,0.5637394785881042
0.2682589292526245,0.5271594524383545
0.12708568572998047,0.5629122257232666
0.35180479288101196,0.4941696524620056
0.540048360824585,0.5876775979995728
0.07961869239807129,0.5505096912384033
0.2724134922027588,0.5975757241249084
0.5432822704315186,0.608992338180542
0.5019239187240601,0.549386739730835
0.7117334604263306,0.5784846544265747
0.24571961164474487,0.48077288269996643
0.09900760650634766,0.5108211636543274
0.1270706057548523,0.5514237880706787
0.2376253604888916,0.5803614258766174
0.05237114429473877,0.582311749458313
0.18180394172668457,0.5432328581809998
0.24308788776397705,0.5611444711685181
0.5134082436561584,0.6220365762710571
0.5004445314407349,0.613908052444458
0.48333537578582764,0.6484688520431519
0.5681837797164917,0.5279670357704163
1.0472626686096191,0.5582401752471924
0.38816332817077637,0.7070318460464478
0.34957730770111084,0.48886483907699585
0.22939562797546387,0.5313525199890137
0.18654680252075195,0.5864456295967102
0.41297972202301025,0.500396192073822
0.22348833084106445,0.5571295022964478
0.3499486446380615,0.5686521530151367
0.6527283191680908,0.47795429825782776
0.18590819835662842,0.5541616678237915
0.18115234375,0.493927538394928
0.667905330657959,0.5158480405807495
0.7500592470169067,0.46674099564552307
0.891496479511261,0.4922863841056824
0.9310555458068848,0.4348721206188202
0.14914566278457642,0.5321272611618042
0.5578804612159729,0.5160670280456543
1.6385828256607056,0.5232794284820557
1.6445811986923218,0.5758897066116333
0.3969695568084717,0.5959790349006653
0.3234953284263611,0.48509731888771057
0.15292781591415405,0.5257843732833862
0.06815439462661743,0.5479908585548401
0.2325683832168579,0.5013003945350647
0.08359032869338989,0.5839789509773254
0.0814509391784668,0.5717966556549072
0.1688995361328125,0.6128812432289124
0.07320833206176758,0.5118814706802368
0.8748350143432617,0.5296298265457153
0.07936716079711914,0.6064819097518921
0.3459949493408203,0.5830413699150085
0.1132436990737915,0.6941134333610535
0.26282739639282227,0.5471480488777161
0.24021482467651367,0.4981589615345001
0.326305627822876,0.4957468509674072
0.4280305504798889,0.4611779451370239
0.3519197702407837,0.4320767819881439
0.4478811025619507,0.5575361251831055
0.09882879257202148,0.4661138355731964
0.4222800135612488,0.5291581749916077
0.585274875164032,0.518107533454895
0.5355203151702881,0.547968864440918
0.9215438365936279,0.4987211227416992
0.7095208764076233,0.5138828158378601
0.21393799781799316,0.453398197889328
0.3568536043167114,0.5373345017433167
0.4589974880218506,0.6014346480369568
0.43385231494903564,0.5596802830696106
0.7410188913345337,0.5992396473884583
0.5950002670288086,0.7703001499176025
0.10820376873016357,0.5479485988616943
0.593796968460083,0.5398368835449219
0.6386722922325134,0.5325015783309937
1.201218605041504,0.5565004348754883
0.7821933627128601,0.5262753367424011
0.1475907564163208,0.5140464305877686
0.5876257419586182,0.5399798154830933
0.437345027923584,0.4464034140110016
0.3585240840911865,0.45150521397590637
0.22349095344543457,0.4981726408004761
0.14874106645584106,0.5056965351104736
0.09560275077819824,0.5886813402175903
0.1980654001235962,0.472170352935791
0.4750847816467285,0.5765849351882935
0.2505117654800415,0.5469340085983276
0.15400159358978271,0.5332515835762024
0.21354961395263672,0.5455713272094727
0.5897353887557983,0.552238941192627
0.2799926996231079,0.5028431415557861
0.3916950225830078,0.5686447620391846
1.5882583856582642,0.48498785495758057
0.6499488353729248,0.46510592103004456
0.6300550103187561,0.486416220664978
0.35483717918395996,0.4743306338787079
0.622875452041626,0.4985089898109436
0.30664849281311035,0.47441190481185913
0.7725750207901001,0.46196430921554565
1.2862131595611572,0.35132336616516113
0.3065297603607178,0.6322917342185974
1.100142240524292,0.5835013389587402
0.3662390112876892,0.4536246359348297
0.4713289737701416,0.4750601351261139
0.5359618663787842,0.573917806148529
0.7509514689445496,0.4291653335094452
0.7968964576721191,0.42210152745246887
0.8780105710029602,0.4949905276298523
0.24572646617889404,0.43592342734336853
0.22252905368804932,0.3347364664077759
0.14830785989761353,0.9901983737945557
0.4651590585708618,0.5788556337356567
0.2557162046432495,0.6009588241577148
0.3676011562347412,0.8372952938079834
0.2655579447746277,0.6978335380554199
0.18919003009796143,0.6327970027923584
0.17155098915100098,0.6084005832672119
0.3917657732963562,0.5211043953895569
0.5115318894386292,0.517704427242279
0.2383684515953064,0.40299734473228455
0.11799013614654541,0.3990359306335449
0.7728058099746704,0.5291710495948792
0.0789635181427002,0.452110230922699
1.5182852745056152,0.4873388111591339
0.170729398727417,0.5095885396003723
0.24692344665527344,0.45142659544944763
0.4103071689605713,0.48525094985961914
0.14702725410461426,0.4727073907852173
0.31009340286254883,0.4852423071861267
0.23822712898254395,0.4872853755950928
0.8966572284698486,0.5071060061454773
0.13303178548812866,0.4952898323535919
0.0900888442993164,0.5453296303749084
0.3085947632789612,0.5880096554756165
0.24535220861434937,0.5092869997024536
0.9247411489486694,0.571264386177063
0.9570870399475098,0.5777739882469177
0.5727660059928894,0.5695856213569641
0.31250524520874023,0.6046339273452759
0.32345789670944214,0.5761173367500305
0.2558024227619171,0.5491311550140381
0.5175114870071411,0.5891425609588623
0.156255841255188,0.5881259441375732
0.15161526203155518,0.5675497055053711
0.32110607624053955,0.6094628572463989
0.08572298288345337,0.5326677560806274
0.01619166135787964,0.7499446868896484
0.21297121047973633,0.5483441948890686
0.45147764682769775,0.5269865989685059
0.11640661954879761,0.48408252000808716
0.24081513285636902,0.4682217538356781
0.5073703527450562,0.5697656869888306
0.18432492017745972,0.5329583883285522
0.06360757350921631,0.3849756121635437
0.14763545989990234,0.45300695300102234
0.35359013080596924,0.4220321774482727
0.16697406768798828,0.45379638671875
0.12392520904541016,0.3462951183319092
0.16204357147216797,0.44070836901664734
0.3804210424423218,0.409555047750473
0.4139976501464844,0.5424492359161377
0.289713978767395,0.42931869626045227
0.48995721340179443,0.5056362748146057
0.61737060546875,0.5098595023155212
0.33056920766830444,0.48722195625305176
0.5056974291801453,0.5045728087425232
0.32654762268066406,0.4640730023384094
0.16024112701416016,0.4965422749519348
0.36320245265960693,0.5370494723320007
0.4849264621734619,0.5743282437324524
0.38628143072128296,0.5549330115318298
0.2644067406654358,0.414585679769516
0.13753974437713623,0.38366931676864624
0.23712456226348877,0.4847593605518341
0.37992995977401733,0.50356125831604
0.33442580699920654,0.38946375250816345
0.39939606189727783,0.5291638970375061
0.7784633636474609,0.48744991421699524
0.19203096628189087,0.47297295928001404
0.2944854497909546,0.4002096951007843
0.6517146825790405,0.4555084705352783
0.7037594318389893,0.4697069227695465
0.9292910099029541,0.42912712693214417
0.40262919664382935,0.3452688455581665
0.7121163606643677,0.4045407176017761
0.9576903581619263,0.5146002769470215
0.2131139039993286,0.5011692047119141
0.3015882968902588,0.4138582944869995
0.33307957649230957,0.4782487154006958
1.0746501684188843,0.5395668148994446
0.23136425018310547,0.5371668338775635
0.8391058444976807,0.464897096157074
0.21007907390594482,0.5568531155586243
0.29160594940185547,0.5409560203552246
0.5065290927886963,0.5778021812438965
0.13213872909545898,0.5846331119537354
0.2776803970336914,0.5615746974945068
0.8065786361694336,0.543846845626831
0.8829927444458008,0.5827693939208984
0.06481194496154785,0.5513370037078857
0.2179243564605713,0.5058503746986389
0.25738805532455444,0.4760737419128418
0.42494046688079834,0.5219310522079468
1.3729894161224365,0.4870714247226715
0.8350894451141357,0.52289217710495
0.5214650630950928,0.5145851969718933
0.3002338409423828,0.5094460248947144
0.4690326452255249,0.5568508505821228
0.1473894715309143,0.5169469118118286
0.1960127353668213,0.5352922677993774
0.3921985626220703,0.47119808197021484
0.3730275630950928,0.5435090661048889
1.1846518516540527,0.5158976316452026
0.42517781257629395,0.5657402276992798
0.5651500225067139,0.47983813285827637
0.5242226123809814,0.43783003091812134
0.32243549823760986,0.363685667514801
0.6006289720535278,0.5210909843444824
0.31596875190734863,0.4553491175174713
0.23866844177246094,0.4607257843017578
0.7958681583404541,0.4767221510410309
0.3222706913948059,0.56990647315979
0.2602156400680542,0.4761470854282379
0.4551815986633301,0.47277265787124634
0.5687373876571655,0.518791675567627
0.6704568266868591,0.48077091574668884
0.2249389886856079,0.48539456725120544
0.4882526397705078,0.49744585156440735
0.4485752582550049,0.5223479270935059
0.442837119102478,0.5173728466033936
0.3087266683578491,0.5730618834495544
0.3379882574081421,0.5216028094291687
0.17087578773498535,0.5296530723571777
0.20716309547424316,0.47579020261764526
0.16367089748382568,0.606891393661499
0.3692796230316162,0.582016110420227
0.16181933879852295,0.5702680349349976
0.6654016971588135,0.5010963678359985
0.1049736738204956,0.5234552025794983
0.39604508876800537,0.5293096303939819
0.07502001523971558,0.5522139072418213
0.5691275596618652,0.5953209400177002
0.5475682616233826,0.5422546863555908
0.06107795238494873,0.6135510802268982
0.14127951860427856,0.513039231300354
0.14333045482635498,0.6777825951576233
0.1638699173927307,0.54364013671875
0.12216639518737793,0.6200870871543884
0.3872631788253784,0.5117194652557373
0.20797806978225708,0.5018448233604431
0.5712653398513794,0.4826448857784271
0.25155335664749146,0.5282219052314758
1.0532341003417969,0.44738733768463135
1.690176010131836,0.5060291290283203
2.525789260864258,0.44029998779296875
0.35480421781539917,0.440036416053772
1.749618649482727,0.5029817223548889
1.7736449241638184,0.5036018490791321
0.384110689163208,0.45670074224472046
2.3813393115997314,0.5506175756454468
1.3802496194839478,0.5001943111419678
0.8374688029289246,0.5544885396957397
1.1984432935714722,0.5470634698867798
0.9855146408081055,0.5297024250030518
1.2828911542892456,0.46524330973625183
0.4200310707092285,0.5323042273521423
1.6198883056640625,0.5329368710517883
0.4841040372848511,0.47001245617866516
1.7804656028747559,0.5439803600311279
0.9233043193817139,0.46058380603790283
0.32320523262023926,0.42720943689346313
0.730707049369812,0.5060016512870789
0.9938260912895203,0.47152259945869446
0.1357729434967041,0.38117900490760803
1.2548363208770752,0.3959065079689026
1.0483771562576294,0.4844152629375458
2.36165189743042,0.48409563302993774
1.0661429166793823,0.44147148728370667
1.0649453401565552,0.44857335090637207
1.8879340887069702,0.42290544509887695
1.5236228704452515,0.514980673789978
1.379009485244751,0.49861279129981995
0.7072339057922363,0.5225491523742676
2.3502490520477295,0.4041614234447479
1.703087568283081,0.4398987293243408
0.9414392709732056,0.4009586274623871
1.283440351486206,0.39544057846069336
1.583068609237671,0.46050432324409485
0.5749778747558594,0.43060967326164246
1.3222694396972656,0.4959837794303894
0.8179430961608887,0.44012144207954407
2.314633369445801,0.5411246418952942
0.6339253187179565,0.526578962802887
0.9468554258346558,0.44086480140686035
1.4812818765640259,0.5025807023048401
0.9258145093917847,0.42381584644317627
1.2860203981399536,0.7935940027236938
0.9157347679138184,0.4663670063018799
0.2697743773460388,0.6017280220985413
0.6483244299888611,0.7397481799125671
1.3320459127426147,0.7000429630279541
0.19439288973808289,0.7632771730422974
0.887073278427124,0.5977476835250854
1.029287576675415,0.5598334670066833
1.035044550895691,0.5035108923912048
1.7805101871490479,0.5504162311553955
0.9973869323730469,0.5010409355163574
1.0621957778930664,0.4551066756248474
1.9168217182159424,0.4715069830417633
2.0217995643615723,0.44934341311454773
1.2038288116455078,0.4497045576572418
0.861021876335144,0.47262880206108093
1.4380139112472534,0.5538504123687744
0.7229854464530945,0.5933244228363037
1.5094358921051025,0.5460495948791504
1.3041812181472778,0.5254491567611694
1.1742624044418335,0.580741822719574
1.4600319862365723,0.5068593621253967
0.46233201026916504,0.5522346496582031
0.725276529788971,0.5801818370819092
0.8279298543930054,0.6066534519195557
1.2040461301803589,0.5570739507675171
0.3054555654525757,0.49258744716644287
0.562938928604126,0.5329561233520508
1.5720479488372803,0.5713946223258972
1.3330247402191162,0.592048168182373
0.6459754109382629,0.5279629230499268
1.3171100616455078,0.5039871335029602
0.6759150624275208,0.5897763967514038
0.5601738095283508,0.5856625437736511
1.7250841856002808,0.5743891000747681
0.4299275279045105,0.5856351852416992
1.198547124862671,0.562031626701355
0.27808845043182373,0.5865033864974976
1.2140038013458252,0.5246590375900269
3.0605053901672363,0.5565624833106995
1.8515149354934692,0.568997859954834
0.5842210054397583,0.5204455256462097
0.995783805847168,0.4768489897251129
1.362399935722351,0.47209879755973816
1.3606579303741455,0.46770551800727844
0.9677940011024475,0.5212413668632507
0.31371718645095825,0.5446916818618774
1.5865700244903564,0.5240463018417358
2.0357117652893066,0.5516020655632019
1.0713279247283936,0.5286943912506104
0.5910500288009644,0.5608115196228027
1.529873251914978,0.5149297714233398
2.440049171447754,0.46012353897094727
1.4700647592544556,0.5300847887992859
1.9890563488006592,0.523317277431488
2.0457324981689453,0.5327264666557312
0.6286949515342712,0.5162032842636108
1.0416653156280518,0.48861271142959595
0.3702421188354492,0.40988796949386597
1.090468168258667,0.48388972878456116
0.5472345352172852,0.48520147800445557
0.9482172727584839,0.46657317876815796
1.0738067626953125,0.5719342827796936
1.9430482387542725,0.4918293356895447
1.461289405822754,0.481368750333786
0.21656787395477295,0.5270416140556335
0.9212515354156494,0.49943241477012634
0.5695158243179321,0.5141007900238037
0.6500000357627869,0.5803104639053345
0.2844904661178589,0.519528865814209
1.1192463636398315,0.5537428855895996
1.0792902708053589,0.49465152621269226
1.2168283462524414,0.4311907887458801
1.052830696105957,0.4607083201408386
2.0662431716918945,0.5254425406455994
0.8228207230567932,0.49912384152412415
1.74424147605896,0.4867156445980072
1.0276141166687012,0.48535454273223877
0.3188822269439697,0.4722147583961487
1.900862693786621,0.5133665204048157
1.7192277908325195,0.4880773723125458
0.7300866842269897,0.4716457426548004
0.12102282047271729,0.4921489953994751
1.352482795715332,0.5168529152870178
1.2992064952850342,0.5077841281890869
0.3091549873352051,0.33706527948379517
0.4172940254211426,0.5827945470809937
0.6362297534942627,0.535346508026123
0.3831876516342163,0.5989630222320557
0.49053871631622314,0.638218343257904
0.27087199687957764,0.6241036653518677
0.7487492561340332,0.679784893989563
0.4756333827972412,0.6764839887619019
0.6779060363769531,0.5432741045951843
0.5773839950561523,0.5839496850967407
0.35940924286842346,0.5266005992889404
0.6019324064254761,0.5932409763336182
0.4689086675643921,0.5384509563446045
0.3513195514678955,0.5375118851661682
0.2882274389266968,0.5170552134513855
0.6864705085754395,0.5124086141586304
0.2918385863304138,0.4906259775161743
0.927132785320282,0.6361132264137268
0.24460369348526,0.6789637804031372
0.9574724435806274,0.660884439945221
0.5668524503707886,0.6746444702148438
1.1450564861297607,0.6713433861732483
1.115687608718872,0.6297268867492676
0.8915104866027832,0.6586602926254272
1.1676067113876343,0.6314281225204468
0.32013729214668274,0.6055407524108887
0.793758749961853,0.6167999505996704
0.28241950273513794,0.6611881852149963
0.43409818410873413,0.7845343351364136
0.9743695855140686,0.646845281124115
1.6987946033477783,0.6704832315444946
0.8795367479324341,0.5791270732879639
1.0081464052200317,0.570479691028595
1.0140002965927124,0.6615355014801025
0.5326474905014038,0.6656582355499268
0.9992116093635559,0.5976637005805969
0.6435811519622803,0.6423091888427734
0.25259000062942505,0.663689136505127
0.3027276396751404,0.5862218141555786
0.5023764371871948,0.68915855884552
0.5348354578018188,0.6308034062385559
0.3986666798591614,0.5952173471450806
0.7698437571525574,0.581106424331665
1.0689719915390015,0.6313409805297852
0.8968363404273987,0.6537821292877197
0.6149517297744751,0.5578065514564514
0.5813072919845581,0.5767858028411865
0.5358959436416626,0.6322948932647705
1.1205273866653442,0.6055428981781006
0.7075207233428955,0.5365391969680786
0.25380027294158936,0.5416460037231445
0.80718594789505,0.6185342073440552
0.3104809522628784,0.618465781211853
0.9447314143180847,0.50750333070755
0.41517961025238037,0.5012065172195435
0.5501127243041992,0.518380880355835
0.44085049629211426,0.47129616141319275
1.5233173370361328,0.6083492040634155
1.1703370809555054,0.5086116194725037
0.47231853008270264,0.49796637892723083
1.8605058193206787,0.5226908922195435
0.28033900260925293,0.5105974078178406
0.6732577085494995,0.6146736145019531
0.6595733165740967,0.48623380064964294
0.26744115352630615,0.4529578685760498
1.1147401332855225,0.5566608309745789
0.5472495555877686,0.5935964584350586
0.751369833946228,0.5470274686813354
0.6650781631469727,0.4932990074157715
0.5498696565628052,0.4801477789878845
0.768998384475708,0.5057538747787476
1.1706526279449463,0.5064601302146912
0.2830244302749634,0.4871121644973755
1.2772080898284912,0.5468837022781372
0.5482282638549805,0.49438148736953735
0.3420565128326416,0.630378246307373
0.09263300895690918,0.5712823271751404
0.6561039686203003,0.6213550567626953
0.9147732257843018,0.7431677579879761
0.09613692760467529,0.5965781211853027
0.23293787240982056,0.5483779311180115
0.35962021350860596,0.6441214084625244
0.4530353546142578,0.6290557384490967
0.42349255084991455,0.5949841141700745
1.2276451587677002,0.6253581643104553
0.24829453229904175,0.6535007357597351
0.6595532298088074,0.5519876480102539
0.8205159902572632,0.6338931322097778
1.0549347400665283,0.6045742034912109
1.764289140701294,0.6275284290313721
0.22712290287017822,0.6076826453208923
0.5069441795349121,0.5872048139572144
0.4610438346862793,0.5685590505599976
0.5105546712875366,0.5698788166046143
0.43367981910705566,0.6066867709159851
0.5425751805305481,0.5337256193161011
0.6908271908760071,0.6556129455566406
1.169810175895691,0.7737314701080322
0.5124687552452087,0.5553577542304993
0.9764887094497681,0.5458131432533264
1.2442907094955444,0.9997003078460693
0.6199866533279419,0.8577502965927124
0.11768102645874023,0.5535563826560974
0.29855483770370483,0.552182674407959
1.8043184280395508,0.6138632297515869
1.0984582901000977,0.6534115076065063
1.7744815349578857,0.6835653781890869
0.6721420884132385,0.4519177973270416
0.8581174612045288,0.7014172673225403
1.2204035520553589,0.5396575927734375
0.47479310631752014,0.4978950023651123
0.35099339485168457,0.5865748524665833
0.41068053245544434,0.5792956352233887
0.6220076084136963,0.5576139092445374
0.24722766876220703,0.5065369009971619
0.7960851192474365,0.6266406774520874
0.25238537788391113,0.6241997480392456
0.551119863986969,0.6211185455322266
0.2691804766654968,0.5333036184310913
0.21903395652770996,0.6128761768341064
0.24752727150917053,0.613151490688324
0.3096016049385071,0.5188865661621094
0.22265225648880005,0.5094764232635498
0.5635913610458374,0.5184329748153687
0.7183382511138916,0.5229926109313965
0.3571348786354065,0.5330160856246948
0.4452049732208252,0.6071399450302124
0.611708402633667,0.6100220680236816
0.5188696980476379,0.5569556951522827
0.6933860778808594,0.5811008214950562
0.5610626935958862,0.46633240580558777
0.3207026720046997,0.5162490606307983
1.6565232276916504,0.4248998463153839
0.4696129560470581,0.4629312753677368
0.6323451995849609,0.45709314942359924
0.3646245002746582,0.5421106219291687
0.5433776378631592,0.4965333640575409
0.4435271620750427,0.5074281096458435
0.6173542141914368,0.4644029140472412
0.3832715153694153,0.5108431577682495
0.5148535370826721,0.5482503771781921
0.2917143702507019,0.5137112736701965
1.6311123371124268,0.6190158128738403
0.44827747344970703,0.5923163294792175
0.3061288595199585,0.5657904744148254
0.4997490644454956,0.5174987316131592
1.4635207653045654,0.5361409783363342
1.2212101221084595,0.5866368412971497
0.7795478701591492,0.5683544874191284
0.7626733779907227,0.6406131982803345
1.4894397258758545,0.6199871301651001
0.27603644132614136,0.5967063307762146
0.933242917060852,0.624210000038147
0.8500250577926636,0.645034670829773
1.1294856071472168,0.5668343305587769
1.0312410593032837,0.5995648503303528
1.1002696752548218,0.6154766082763672
0.34902751445770264,0.5453379154205322
0.2529221177101135,0.6514696478843689
0.7116599082946777,0.6711499094963074
0.42143720388412476,0.6689156293869019
0.3246939182281494,0.6198678016662598
0.4970278739929199,0.5482184290885925
0.6023944020271301,0.5768156051635742
0.5324219465255737,0.5430992841720581
0.3480560779571533,0.5753268003463745
0.6121981143951416,0.6230567693710327
0.6228244304656982,0.6828513145446777
0.9797435998916626,0.7923364639282227
1.587226390838623,0.6238892674446106
1.353671669960022,0.6074579358100891
0.9034799933433533,0.5760007500648499
0.14330023527145386,0.5673185586929321
0.6761566996574402,0.5736267566680908
0.6613779067993164,0.5951064825057983
0.654269814491272,0.5731387734413147
0.9029214382171631,0.5418865084648132
0.7258566617965698,0.6111218929290771
0.6863665580749512,0.5488893389701843
0.897952139377594,0.5459495782852173
0.3379635810852051,0.4940468370914459
1.3269821405410767,0.5152133107185364
0.33461248874664307,0.5245186686515808
0.4448123574256897,0.5230991244316101
0.7626546621322632,0.5503390431404114
0.3139842748641968,0.5073959827423096
1.8205838203430176,0.5483270883560181
0.7912170886993408,0.6026018857955933
1.1426323652267456,0.5640667676925659
0.5515651702880859,0.5406848788261414
1.039534330368042,0.5675877332687378
0.25257158279418945,0.5313287377357483
0.535782516002655,0.5787763595581055
1.1734126806259155,0.5885207653045654
1.3391937017440796,0.5904675126075745
0.8325810432434082,0.6216078400611877
0.6764709949493408,0.6385611295700073
0.9963220953941345,0.6373395323753357
1.2946891784667969,0.6361280679702759
0.39796948432922363,0.6593063473701477
0.24115604162216187,0.6718917489051819
0.5663000345230103,0.6420431137084961
0.3679593801498413,0.6479647159576416
0.5712956190109253,0.6293935775756836
0.20896553993225098,0.5771667957305908
0.6723660230636597,0.6647520661354065
0.25306761264801025,0.6006640195846558
0.948447585105896,0.5547988414764404
0.7961585521697998,0.593758761882782
2.362051010131836,0.5160383582115173
1.4885143041610718,0.5835830569267273
1.5069260597229004,0.5969753861427307
0.8008681535720825,0.6695470809936523
0.2976139783859253,0.5631778240203857
0.9116272330284119,0.5945966243743896
0.7614989876747131,0.5815013647079468
0.7347626686096191,0.5994484424591064
1.639784812927246,0.5336090922355652
0.18832629919052124,0.47902947664260864
0.1596965193748474,0.4729560613632202
0.6006648540496826,0.486375629901886
0.9444888234138489,0.5850422382354736
1.0241434574127197,0.6251851916313171
0.6922035217285156,0.5461509227752686
0.5934845209121704,0.557645320892334
1.8544541597366333,0.5770703554153442
0.9442477226257324,0.5131890177726746
0.704458475112915,0.5278072357177734
1.9782536029815674,0.5103772878646851
0.36646175384521484,0.5876523852348328
0.6510670781135559,0.5045456886291504
0.5856976509094238,0.48001667857170105
0.6935538649559021,0.5108013153076172
1.3918311595916748,0.4720914363861084
1.1261290311813354,0.4852784276008606
1.2044715881347656,0.4793873131275177
1.1961265802383423,0.5240135788917542
1.002971887588501,0.5571823716163635
0.7127063274383545,0.5498520135879517
0.5512341260910034,0.5749983787536621
0.6280207633972168,0.5266347527503967
0.31723523139953613,0.6054760813713074
0.3722243905067444,0.5486087799072266
0.4893747568130493,0.5798885822296143
0.13970673084259033,0.57912677526474
0.6451725959777832,0.5588799118995667
0.26278460025787354,0.5284891128540039
0.6753106117248535,0.568246066570282
0.1626121997833252,0.5873665809631348
1.2893447875976562,0.5737842917442322
0.18923258781433105,0.5129967331886292
0.9815791845321655,0.5294789671897888
0.7566266655921936,0.5350550413131714
1.4463715553283691,0.53422611951828
1.2151472568511963,0.6161379814147949
0.5231662392616272,0.61275315284729
0.8292292356491089,0.5161184072494507
0.3127046227455139,0.5079760551452637
0.31627559661865234,0.4965093731880188
0.1928638219833374,0.6271110773086548
0.19532811641693115,0.5704604387283325
1.6125397682189941,0.5957980751991272
0.14175963401794434,0.5003962516784668
0.5834296941757202,0.616195023059845
0.7668405771255493,0.6206557750701904
0.5863430500030518,0.6073108911514282
0.6844576597213745,0.6240215301513672
0.6631081104278564,0.6158589124679565
0.5054162740707397,0.5127854943275452
0.7368661761283875,0.5974680185317993
1.2495607137680054,0.5694141983985901
0.5804897546768188,0.5431474447250366
0.33478641510009766,0.5238270163536072
0.34293586015701294,0.5040729641914368
0.5082030296325684,0.5543785095214844
0.4641152024269104,0.5484620332717896
0.8274510502815247,0.49176260828971863
0.442049503326416,0.5433101654052734
0.3273851275444031,0.4925631284713745
0.6507759690284729,0.5003992319107056
0.6452913880348206,0.5878931879997253
0.5841915607452393,0.5740732550621033
0.22105777263641357,0.5132181644439697
0.3387235403060913,0.593875527381897
0.4425264596939087,0.5786042213439941
0.6034818887710571,0.5569208860397339
0.1189538836479187,0.5464306473731995
0.18408513069152832,0.58220374584198
0.4328439235687256,0.5221818685531616
0.31488049030303955,0.4484415352344513
0.24671339988708496,0.42906108498573303
0.7172055244445801,0.5720941424369812
0.5562167167663574,0.5552605390548706
0.49126553535461426,0.5358790159225464
0.4645986557006836,0.5890284180641174
0.31710636615753174,0.5928562879562378
0.6952782869338989,0.5353329181671143
0.6551110744476318,0.5863645076751709
0.6327285766601562,0.5644062757492065
0.779737114906311,0.5360214114189148
1.2998406887054443,0.6255466938018799
0.7354376316070557,0.5411350727081299
1.8766984939575195,0.629412055015564
0.7278380393981934,0.5792526006698608
1.1593799591064453,0.698517918586731
0.3431384563446045,0.5623964667320251
0.16018164157867432,0.5330210328102112
1.146630048751831,0.6493309736251831
1.2824797630310059,0.5334256291389465
0.2219454050064087,0.5132244825363159
0.7209365367889404,0.5216125249862671
1.2325183153152466,0.45734331011772156
0.9778280854225159,0.48203757405281067
0.17326146364212036,0.5148847103118896
1.3635625839233398,0.5577824115753174
0.17046022415161133,0.5772013664245605
0.7694541811943054,0.599392294883728
0.8200621604919434,0.6642177104949951
0.2007160186767578,0.6204637289047241
0.6483180522918701,0.6760586500167847
0.7111428380012512,0.5015196800231934
0.6681334972381592,0.814052939414978
0.7687817215919495,0.6069403886795044
1.0479048490524292,0.6103914380073547
1.4256508350372314,0.6006275415420532
0.5077706575393677,0.5717369914054871
0.6711287498474121,0.5698304176330566
0.4561058282852173,0.5365266799926758
0.5579632520675659,0.6028079390525818
0.13054490089416504,0.5813758969306946
0.9269371032714844,0.5696308612823486
0.3574870824813843,0.5199729204177856
0.5962119102478027,0.5190325379371643
0.3728322982788086,0.5239431858062744
0.46353936195373535,0.6179882287979126
0.6661334037780762,0.5363324284553528
1.1477609872817993,0.5009396076202393
0.5154983997344971,0.5736366510391235
0.8863654136657715,0.5484640598297119
1.2562576532363892,0.5434557795524597
0.51141357421875,0.5803925395011902
0.8120875358581543,0.48841795325279236
0.31175386905670166,0.431106835603714
1.337119698524475,0.5046732425689697
0.42643123865127563,0.509666919708252
0.4035201072692871,0.5155453085899353
0.7162010669708252,0.5112241506576538
0.42467641830444336,0.5714247822761536
0.1981092095375061,0.5337411761283875
0.3082590699195862,0.6237900257110596
0.2018744945526123,0.5712430477142334
0.13591444492340088,0.5126985311508179
0.32035839557647705,0.5857894420623779
0.6792023181915283,0.5745565891265869
0.506252646446228,0.5126001238822937
0.2255556583404541,0.5341114401817322
0.4117543697357178,0.49868690967559814
0.60211181640625,0.4078563451766968
1.1561393737792969,0.46782350540161133
0.8123666644096375,0.4859047532081604
0.3685896396636963,0.4440386891365051
0.6316423416137695,0.5310560464859009
0.7574465274810791,0.5339250564575195
1.088248372077942,0.6489131450653076
0.6577284932136536,0.590259313583374
1.5646623373031616,0.60129714012146
0.8321583867073059,0.6507014036178589
0.2347976267337799,0.5794726610183716
0.952261209487915,0.6394878625869751
0.35597217082977295,0.5786247253417969
0.7391375303268433,0.6197138428688049
0.37669193744659424,0.6278319358825684
0.7295207977294922,0.5948575735092163
0.7095954418182373,0.5324625372886658
0.6620893478393555,0.525713324546814
0.3535493016242981,0.5009199976921082
0.2836071252822876,0.5393076539039612
0.43586641550064087,0.5385864973068237
0.31792783737182617,0.5898586511611938
0.3017714023590088,0.5892938375473022
0.5669643878936768,0.5221054553985596
0.8089466094970703,0.5820497870445251
2.029970169067383,0.5595724582672119
0.4877661466598511,0.6160907745361328
0.6287256479263306,0.6291490793228149
0.35040611028671265,0.5482377409934998
0.48613619804382324,0.622780978679657
1.5545917749404907,0.6201716661453247
1.5648107528686523,0.5715547800064087
0.7621082067489624,0.5317463874816895
0.5162283778190613,0.4427436292171478
1.0214353799819946,0.5225139856338501
0.5274655818939209,0.5408099293708801
0.8360997438430786,0.5520607233047485
0.3860631585121155,0.5155372619628906
0.17949658632278442,0.6354985237121582
0.3670903444290161,0.617097020149231
0.29367750883102417,0.6149827241897583
0.5856682658195496,0.6239778995513916
0.45039039850234985,0.6221838593482971
0.315157949924469,0.48080313205718994
0.3267773985862732,0.48777395486831665
0.16117310523986816,0.4364030957221985
0.7095671892166138,0.5138177871704102
1.2549386024475098,0.47481057047843933
1.11138916015625,0.5376520156860352
0.5207744836807251,0.5297557711601257
0.481645792722702,0.5742571353912354
0.6133499145507812,0.5322793126106262
1.1526665687561035,0.5934044122695923
0.9848994016647339,0.49257010221481323
1.162204384803772,0.46973469853401184
0.6556167602539062,0.4765540659427643
1.058383822441101,0.5078102350234985
0.6617029905319214,0.519929826259613
0.8042000532150269,0.5158963203430176
0.3960869312286377,0.4614821672439575
0.5286171436309814,0.5431548953056335
1.2482980489730835,0.5395668148994446
2.3942809104919434,0.5098154544830322
0.38025760650634766,0.5530555844306946
0.8396070003509521,0.5022397637367249
1.7175246477127075,0.5990910530090332
0.956764817237854,0.6042981743812561
1.0556724071502686,0.5669918656349182
0.5613396763801575,0.5517066121101379
0.3711097240447998,0.5214790105819702
0.46129244565963745,0.519313633441925
0.34733814001083374,0.5828297138214111
0.5161131620407104,0.5795388221740723
0.26692652702331543,0.6005465388298035
0.34114915132522583,0.5265114307403564
0.6779019832611084,0.5111387968063354
0.5035027265548706,0.6198299527168274
0.44415509700775146,0.4953669011592865
0.3695758581161499,0.5414317846298218
0.6116995215415955,0.513375997543335
0.10071808099746704,0.6064690351486206
0.3952476978302002,0.6322845220565796
0.11648201942443848,0.8858745098114014
0.5693350434303284,0.5629787445068359
1.3241981267929077,0.599179744720459
0.48883938789367676,0.4701961278915405
0.14124572277069092,0.4354083836078644
0.2648122310638428,0.5015780329704285
0.20771551132202148,0.5246226191520691
0.45893776416778564,0.40146470069885254
0.5342597961425781,0.5242711901664734
1.4036873579025269,0.4709518253803253
0.3281834125518799,0.4421819746494293
0.6737692356109619,0.47477754950523376
0.4321258068084717,0.5647932887077332
1.2905193567276,0.40132004022598267
0.1728191375732422,0.4631221890449524
0.5077159404754639,0.5501959323883057
0.4746793508529663,0.530791163444519
0.3979051113128662,0.543779730796814
0.8482876420021057,0.43374231457710266
0.1999441385269165,0.4091982841491699
0.2868618965148926,0.5697038173675537
1.5485494136810303,0.6208432912826538
0.2556800842285156,0.4901888370513916
0.8596580028533936,0.5171201825141907
0.16703492403030396,0.42967724800109863
0.48870420455932617,0.4501521587371826
0.12959694862365723,0.4439285397529602
0.8735809326171875,0.4161146879196167
0.9226460456848145,0.4314052164554596
0.6004855632781982,0.4646400213241577
0.9275339841842651,0.46686822175979614
1.0751889944076538,0.43301525712013245
0.8241941928863525,0.43499141931533813
0.6916182637214661,0.45446285605430603
0.9284505248069763,0.46372222900390625
1.220455288887024,0.4486958980560303
2.1725525856018066,0.4892319440841675
1.6951783895492554,0.45645421743392944
0.6506187915802002,0.4980933666229248
0.23506295680999756,0.5015102624893188
0.44664573669433594,0.6042416095733643
0.13166886568069458,0.5623252391815186
0.5831477642059326,0.5555471777915955
0.4209727644920349,0.5905421376228333
0.5162453055381775,0.5232589244842529
0.24243447184562683,0.6440032720565796
0.3665958642959595,0.5248683094978333
0.15172040462493896,0.7236687541007996
0.41941046714782715,0.5338908433914185
0.15653181076049805,0.4923500716686249
1.099351406097412,0.5646405816078186
0.29995059967041016,0.5878863334655762
1.4025177955627441,0.547401487827301
0.8905045986175537,0.6257930397987366
0.5686156749725342,0.5716912746429443
0.4453754425048828,0.5229253768920898
2.2077383995056152,0.5708595514297485
0.9313825368881226,0.5186803340911865
0.47680723667144775,0.5301840901374817
0.7604243755340576,0.4918297827243805
0.886691689491272,0.5743544101715088
0.8814327716827393,0.552385687828064
0.3363361358642578,0.4455980062484741
0.45111799240112305,0.5127365589141846
0.5180909633636475,0.5757360458374023
0.706706702709198,0.49872690439224243
0.3329808712005615,0.5160642266273499
0.3025130033493042,0.48462483286857605
0.6933358907699585,0.4973129630088806
1.2259562015533447,0.5403127670288086
0.18065065145492554,0.44475874304771423
0.2470681071281433,0.4248560965061188
0.4929186701774597,0.48134922981262207
1.7720898389816284,0.4581116735935211
0.5793760418891907,0.45960280299186707
0.3593185544013977,0.5335748791694641
0.451416015625,0.5950577259063721
0.2553340196609497,0.4603330194950104
0.6294378042221069,0.5271379947662354
0.3247915506362915,0.5027771592140198
0.50544273853302,0.5713164806365967
0.7182586193084717,0.5787868499755859
0.4507935047149658,0.5453419089317322
0.7835166454315186,0.6143046617507935
0.2811088562011719,0.6136637926101685
0.5102267861366272,0.5883346796035767
0.2878519594669342,0.5794086456298828
0.4137684106826782,0.5509006977081299
0.2822932004928589,0.5292656421661377
0.5103195309638977,0.6387423872947693
0.8268492817878723,0.5786817073822021
0.7108502388000488,0.5884461402893066
1.0139796733856201,0.6130555868148804
0.11033499240875244,0.5336349010467529
1.274113416671753,0.5868286490440369
0.8111966848373413,0.5710734724998474
0.2921043634414673,0.555279016494751
1.2304251194000244,0.576726496219635
0.5920524597167969,0.5711064338684082
1.498192310333252,0.664604902267456
2.1154778003692627,0.5930221080780029
1.2378599643707275,0.5476347804069519
2.1481411457061768,0.6139106750488281
0.9721624255180359,0.5705568790435791
1.3890154361724854,0.6189305782318115
1.452776312828064,0.65157151222229
0.9540205001831055,0.4475131928920746
1.987351417541504,0.53483647108078
2.1388602256774902,0.47410672903060913
0.9446808695793152,0.50270015001297
1.6715950965881348,0.431713342666626
0.3430987596511841,0.4607360064983368
0.3479875922203064,0.49666374921798706
0.5648993253707886,0.4023805856704712
1.18435800075531,0.46573877334594727
0.6291637420654297,0.48152342438697815
0.6242172718048096,0.44993120431900024
0.14477837085723877,0.47786498069763184
0.14937877655029297,0.46374210715293884
0.2613756060600281,0.41385984420776367
0.41434788703918457,0.5018310546875
0.5143747925758362,0.4291785955429077
0.19885563850402832,0.5421425104141235
0.5136072635650635,0.4659419357776642
0.45841944217681885,0.44362062215805054
0.1361371874809265,0.5660378932952881
0.310222864151001,0.5210370421409607
0.16736137866973877,0.528685450553894
0.08619284629821777,0.5723793506622314
0.10743957757949829,0.6397483348846436
0.8979201316833496,0.5777431726455688
0.35225749015808105,0.5619628429412842
0.15719306468963623,0.5085441470146179
0.30405092239379883,0.4604954421520233
0.8641295433044434,0.5238163471221924
0.3274569511413574,0.6141685247421265
0.15703880786895752,0.5276530385017395
0.2472623586654663,0.4790170192718506
0.23081159591674805,0.4731485843658447
0.17345142364501953,0.4852147698402405
0.42652589082717896,0.5386328101158142
0.614284873008728,0.5370880365371704
0.4437487721443176,0.5153401494026184
0.17605525255203247,0.4582262337207794
0.24442219734191895,0.5055484175682068
0.2450234293937683,0.5627886652946472
0.3337439298629761,0.5928903818130493
0.23371821641921997,0.5068262219429016
0.2667783498764038,0.5315406918525696
0.3365682363510132,0.5706855058670044
0.4100415110588074,0.4937405288219452
0.21881765127182007,0.5355322957038879
0.9708103537559509,0.5363391637802124
1.4255051612854004,0.5695000290870667
0.6546058654785156,0.508842945098877
0.3847203254699707,0.5209407806396484
0.46714091300964355,0.519568920135498
0.20401597023010254,0.5222302079200745
0.3643752932548523,0.49273329973220825
1.1257998943328857,0.4282096028327942
0.4300565719604492,0.41345250606536865
0.2893540859222412,0.410935640335083
0.5621740818023682,0.415556937456131
0.6133710741996765,0.4430004954338074
0.6833174824714661,0.49972206354141235
0.05676037073135376,0.45982831716537476
0.4033321142196655,0.48117581009864807
0.1045079231262207,0.4305283725261688
0.41687703132629395,0.4785443842411041
0.14841246604919434,0.44227874279022217
0.4154561758041382,0.40342435240745544
0.3740774989128113,0.48242056369781494
0.4979414939880371,0.5047000646591187
1.6195424795150757,0.42233723402023315
0.16985011100769043,0.4563874900341034
0.4233623743057251,0.44720205664634705
0.22701358795166016,0.4936399459838867
0.286693811416626,0.4991118311882019
0.264215350151062,0.520807683467865
0.6390553712844849,0.494651734828949
0.39103376865386963,0.45850667357444763
0.34862542152404785,0.4864284098148346
0.17272114753723145,0.46919459104537964
0.11799728870391846,0.5262415409088135
0.3111163377761841,0.4692634046077728
0.2692033052444458,0.4924796223640442
0.42307186126708984,0.528982400894165
0.30326414108276367,0.5073679685592651
0.2788887619972229,0.47223159670829773
0.6560322046279907,0.5878292322158813
0.5699068307876587,0.4872652292251587
0.2594994306564331,0.5021283030509949
0.47782695293426514,0.5026769638061523
0.30608832836151123,0.5528002381324768
0.9754576683044434,0.5806550979614258
0.21739602088928223,0.5308532118797302
0.5883102416992188,0.5877586603164673
0.10848736763000488,0.5941122770309448
0.09691441059112549,0.5268790125846863
0.24406862258911133,0.48505762219429016
0.20599937438964844,0.5432340502738953
0.20581531524658203,0.5423786640167236
0.41412073373794556,0.5031734108924866
0.23461776971817017,0.5471570491790771
0.12045669555664062,0.5339327454566956
0.18035542964935303,0.5460597276687622
0.27287721633911133,0.5137652158737183
0.5961744785308838,0.539411723613739
0.9424358010292053,0.5035406947135925
0.4121823310852051,0.4695919156074524
0.541533350944519,0.41941022872924805
0.669857382774353,0.4398372769355774
0.28176116943359375,0.42560622096061707
0.3202909231185913,0.42425286769866943
0.4676847457885742,0.5386446714401245
0.6672029495239258,0.5056317448616028
0.21767938137054443,0.4774748384952545
0.314711332321167,0.49584513902664185
0.4875243902206421,0.46908363699913025
0.38573890924453735,0.47829240560531616
0.9981323480606079,0.5569052696228027
0.3166443109512329,0.5274773836135864
0.2895081043243408,0.5568908452987671
0.6089836359024048,0.5386288166046143
0.10440957546234131,0.38860735297203064
0.7582454681396484,0.4851309359073639
0.37365901470184326,0.5881246328353882
0.6067192554473877,0.556053876876831
0.30860352516174316,0.5610249638557434
0.40280675888061523,0.5704072713851929
0.6591525077819824,0.5548374652862549
0.7391411662101746,0.5305458903312683
0.5886641144752502,0.55613774061203
0.4064309000968933,0.4835568964481354
0.26880037784576416,0.4901488423347473
0.2892242670059204,0.507354736328125
0.42162108421325684,0.5302371978759766
0.1501084566116333,0.6487932205200195
0.5677494406700134,0.570052981376648
0.7025558352470398,0.5260596871376038
0.25797396898269653,0.4416622519493103
0.2811053991317749,0.4706050455570221
0.22051620483398438,0.5167104601860046
0.6895716190338135,0.5206118822097778
0.5142478942871094,0.4520838260650635
0.9147164821624756,0.4123329520225525
0.5729820728302002,0.47228583693504333
0.880388617515564,0.588476300239563
2.3004937171936035,0.5538679361343384
0.36443620920181274,0.6143088936805725
0.30796921253204346,0.47183293104171753
2.0855624675750732,0.5587359666824341
0.5806598663330078,0.6249258518218994
0.21074223518371582,0.4716058075428009
0.7330009341239929,0.4763408601284027
0.4281986951828003,0.6028962731361389
0.3598731756210327,0.7208631038665771
0.21126151084899902,0.5542635321617126
0.3172353506088257,0.4919932782649994
0.5540770292282104,0.5118591785430908
0.37423545122146606,0.6528701782226562
0.1913158893585205,0.5312989950180054
0.24543142318725586,0.5443924069404602
0.6938071250915527,0.5175997614860535
0.15892672538757324,0.5499668121337891
0.5840214490890503,0.5870735049247742
0.14767670631408691,0.5105493664741516
0.3642927408218384,0.5424576997756958
1.1770737171173096,0.5466489195823669
0.23465174436569214,0.45505988597869873
0.26350855827331543,0.41565170884132385
1.3728649616241455,0.4515211284160614
0.3817206621170044,0.5467498898506165
1.1084275245666504,0.5284087061882019
0.25135302543640137,0.5174641013145447
0.23473942279815674,0.5223478674888611
0.19150328636169434,0.5335960984230042
0.48956602811813354,0.4683259129524231
0.2509181499481201,0.44475099444389343
0.22018980979919434,0.5096651911735535
0.3345673084259033,0.4996834099292755
0.3491708040237427,0.532244086265564
0.29057979583740234,0.5247820019721985
0.4762009382247925,0.46033066511154175
0.3427152633666992,0.44261643290519714
0.7980365753173828,0.512119710445404
0.13790535926818848,0.4389040470123291
0.16397273540496826,0.5234665274620056
1.0235514640808105,0.5469282865524292
0.13290655612945557,0.5035344362258911
0.5139861106872559,0.5158959031105042
0.4374169111251831,0.4969143867492676
0.39430558681488037,0.48521220684051514
0.5485131740570068,0.5713019967079163
0.21117877960205078,0.4795463979244232
0.17677021026611328,0.44084739685058594
0.12869220972061157,0.4681088924407959
0.31566286087036133,0.5300522446632385
0.32907426357269287,0.49706366658210754
0.18519246578216553,0.46208715438842773
0.32202285528182983,0.5378184914588928
0.3061385154724121,0.5152434706687927
0.16013801097869873,0.5014805197715759
0.17349755764007568,0.46928665041923523
0.3359096050262451,0.5114259123802185
0.6902885437011719,0.49330294132232666
0.19905483722686768,0.4671071469783783
0.7914392352104187,0.5352875590324402
0.39245128631591797,0.537929117679596
0.4639577865600586,0.4711235463619232
0.14391028881072998,0.5854851007461548
0.5941160917282104,0.5021675825119019
0.6245048642158508,0.5009289979934692
1.1968622207641602,0.4993443191051483
0.539016842842102,0.3599659204483032
0.3625747561454773,0.4033288061618805
0.5895394086837769,0.45567649602890015
0.21915173530578613,0.48550453782081604
0.40239080786705017,0.5024653673171997
0.6514286994934082,0.528602123260498
0.8802285194396973,0.48039400577545166
1.3165353536605835,0.46229520440101624
0.20150315761566162,0.4870957136154175
0.518039345741272,0.5665777921676636
0.3036544919013977,0.44990074634552
0.13234853744506836,0.5021696090698242
0.3249914050102234,0.4644005298614502
0.11107254028320312,0.5284450650215149
0.4211137294769287,0.5043105483055115
0.23000407218933105,0.5006387233734131
0.36986875534057617,0.5291858315467834
0.23941993713378906,0.5436277389526367
0.3944302797317505,0.5152332782745361
0.6356709003448486,0.5205087065696716
0.439642071723938,0.46489110589027405
0.050812602043151855,0.4531124532222748
0.8754101395606995,0.456302285194397
0.6019366979598999,0.5780476331710815
0.7790529727935791,0.5222954750061035
0.3927379846572876,0.4929439127445221
0.5548114776611328,0.5089729428291321
0.3608248233795166,0.5504410266876221
0.11778450012207031,0.500016450881958
0.2464216947555542,0.4432467222213745
0.4388465881347656,0.510978639125824
0.44926226139068604,0.4910911023616791
0.18676847219467163,0.4363245666027069
0.33206045627593994,0.42086315155029297
0.25765323638916016,0.38091203570365906
0.09086668491363525,0.38777655363082886
0.21106839179992676,0.46074602007865906
0.4323251247406006,0.48146167397499084
0.14998269081115723,0.5091766119003296
0.7789568305015564,0.4109070301055908
0.4248431921005249,0.45712852478027344
0.8253703117370605,0.5330634713172913
0.055726051330566406,0.4586099684238434
0.404410719871521,0.53815758228302
0.4079294204711914,0.5546180009841919
0.5560884475708008,0.5730724334716797
0.14442211389541626,0.5972369909286499
0.5854065418243408,0.5877218842506409
0.3527485132217407,0.5262803435325623
0.8536498546600342,0.6465979814529419
0.1824139654636383,0.5690622329711914
0.16916248202323914,0.49384579062461853
0.24062097072601318,0.6161791086196899
