resid_num,wildtype,atom,x,y,z
1,P,N,-50.351,23.505,-11.865
1,P,CA,-50.667,22.127,-12.33
1,P,C,-49.461,21.163,-12.284
1,P,O,-48.412,21.481,-12.828
1,P,CB,-51.145,22.322,-13.772
1,P,CG,-50.279,23.466,-14.261
1,P,CD,-50.039,24.341,-13.042
2,E,N,-49.637,20.022,-11.618
2,E,CA,-48.54,19.093,-11.231
2,E,C,-48.117,18.241,-12.42
2,E,O,-48.935,17.757,-13.19
2,E,CB,-48.98,18.199,-10.068
2,E,CG,-49.149,18.962,-8.764
2,E,CD,-47.983,19.877,-8.455
2,E,OE1,-46.838,19.355,-8.333
2,E,OE2,-48.188,21.123,-8.44
3,P,N,-46.804,18.018,-12.633
3,P,CA,-46.386,17.193,-13.757
3,P,C,-46.603,15.704,-13.478
3,P,O,-46.542,15.305,-12.322
3,P,CB,-44.896,17.579,-13.915
3,P,CG,-44.466,17.914,-12.515
3,P,CD,-45.676,18.584,-11.88
4,D,N,-46.842,14.963,-14.559
4,D,CA,-46.928,13.473,-14.603
4,D,C,-45.593,12.866,-15.054
4,D,O,-45.411,11.654,-14.904
4,D,CB,-48.024,13.011,-15.575
4,D,CG,-49.377,13.577,-15.18
4,D,OD1,-49.642,13.645,-13.938
4,D,OD2,-50.125,14.003,-16.094
5,M,N,-44.726,13.698,-15.611
5,M,CA,-43.416,13.261,-16.143
5,M,C,-42.465,14.41,-15.917
5,M,O,-42.878,15.607,-16.062
5,M,CB,-43.489,12.963,-17.649
5,M,CG,-43.646,11.473,-17.977
5,M,SD,-43.769,11.195,-19.771
5,M,CE,-45.138,10.032,-19.791
6,I,N,-41.226,14.084,-15.578
6,I,CA,-40.126,15.07,-15.603
6,I,C,-38.989,14.547,-16.457
6,I,O,-38.911,13.306,-16.714
6,I,CB,-39.648,15.344,-14.185
6,I,CG1,-39.169,14.065,-13.466
6,I,CG2,-40.737,16.109,-13.425
6,I,CD1,-38.511,14.295,-12.119
7,T,N,-38.089,15.442,-16.825
7,T,CA,-36.837,15.035,-17.481
7,T,C,-35.661,15.226,-16.537
7,T,O,-35.585,16.174,-15.75
7,T,CB,-36.593,15.705,-18.829
7,T,OG1,-36.178,17.048,-18.667
7,T,CG2,-37.797,15.617,-19.751
8,I,N,-34.797,14.207,-16.541
8,I,CA,-33.621,14.1,-15.635
8,I,C,-32.355,13.96,-16.469
8,I,O,-32.327,13.102,-17.363
8,I,CB,-33.76,12.921,-14.666
8,I,CG1,-35.062,12.994,-13.864
8,I,CG2,-32.546,12.846,-13.796
8,I,CD1,-35.366,11.786,-12.976
9,F,N,-31.402,14.866,-16.28
9,F,CA,-30.035,14.769,-16.814
9,F,C,-29.156,14.059,-15.793
9,F,O,-29.082,14.482,-14.664
9,F,CB,-29.561,16.18,-17.18
9,F,CG,-28.131,16.202,-17.66
9,F,CD1,-27.062,16.185,-16.784
9,F,CD2,-27.84,16.153,-19.027
9,F,CE1,-25.745,16.117,-17.255
9,F,CE2,-26.532,16.105,-19.5
9,F,CZ,-25.507,16.091,-18.6
10,I,N,-28.398,13.053,-16.26
10,I,CA,-27.339,12.37,-15.486
10,I,C,-26.032,12.64,-16.224
10,I,O,-25.866,12.288,-17.417
10,I,CB,-27.586,10.859,-15.347
10,I,CG1,-28.964,10.53,-14.79
10,I,CG2,-26.437,10.274,-14.527
10,I,CD1,-29.166,10.987,-13.404
11,G,N,-25.04,13.196,-15.555
11,G,CA,-23.686,13.346,-16.102
11,G,C,-22.684,12.628,-15.23
11,G,O,-22.819,12.647,-13.992
12,T,N,-21.739,11.949,-15.822
12,T,CA,-20.6,11.352,-15.117
12,T,C,-19.323,11.794,-15.808
12,T,O,-19.206,11.617,-17.025
12,T,CB,-20.753,9.84,-14.91
12,T,OG1,-19.7,9.34,-14.097
12,T,CG2,-20.791,9.022,-16.183
13,W,N,-18.354,12.281,-15.056
13,W,CA,-17.061,12.676,-15.63
13,W,C,-15.949,12.386,-14.617
13,W,O,-15.969,12.974,-13.51
13,W,CB,-17.092,14.146,-15.979
13,W,CG,-15.858,14.614,-16.665
13,W,CD1,-15.002,13.866,-17.419
13,W,CD2,-15.422,15.979,-16.78
13,W,NE1,-14.029,14.655,-17.963
13,W,CE2,-14.296,15.955,-17.622
13,W,CE3,-15.92,17.192,-16.306
13,W,CZ2,-13.577,17.114,-17.901
13,W,CZ3,-15.231,18.353,-16.596
13,W,CH2,-14.056,18.29,-17.358
14,N,N,-14.974,11.602,-15.001
14,N,CA,-13.715,11.448,-14.264
14,N,C,-12.81,12.561,-14.781
14,N,O,-12.403,12.524,-15.943
14,N,CB,-13.125,10.059,-14.413
14,N,CG,-11.843,9.902,-13.626
14,N,OD1,-11.036,10.86,-13.611
14,N,ND2,-11.598,8.706,-13.116
15,M,N,-12.597,13.558,-13.941
15,M,CA,-11.93,14.814,-14.328
15,M,C,-10.391,14.642,-14.371
15,M,O,-9.691,15.605,-14.772
15,M,CB,-12.31,15.921,-13.352
15,M,CG,-13.786,16.197,-13.363
15,M,SD,-14.287,17.45,-12.173
15,M,CE,-13.628,18.939,-12.881
16,G,N,-9.852,13.527,-13.95
16,G,CA,-8.396,13.288,-14.036
16,G,C,-7.6,14.318,-13.263
16,G,O,-6.483,14.628,-13.654
17,N,N,-8.138,14.77,-12.139
17,N,CA,-7.465,15.702,-11.187
17,N,C,-7.086,17.027,-11.853
17,N,O,-6.204,17.706,-11.304
17,N,CB,-6.249,15.032,-10.555
17,N,CG,-6.659,13.808,-9.78
17,N,OD1,-7.487,13.908,-8.881
17,N,ND2,-6.159,12.644,-10.178
18,A,N,-7.719,17.402,-12.952
18,A,CA,-7.418,18.645,-13.684
18,A,C,-8.616,19.546,-13.616
18,A,O,-9.748,19.099,-13.712
18,A,CB,-7.06,18.337,-15.118
19,P,N,-8.466,20.879,-13.609
19,P,CA,-9.622,21.724,-13.715
19,P,C,-10.27,21.647,-15.09
19,P,O,-9.598,21.368,-16.096
19,P,CB,-9.094,23.155,-13.473
19,P,CG,-7.635,23.048,-13.69
19,P,CD,-7.181,21.606,-13.533
20,P,N,-11.581,21.958,-15.176
20,P,CA,-12.282,21.878,-16.445
20,P,C,-11.906,23.024,-17.365
20,P,O,-11.355,24.042,-16.898
20,P,CB,-13.745,21.949,-16.034
20,P,CG,-13.714,22.852,-14.783
20,P,CD,-12.46,22.423,-14.078
21,P,N,-12.214,22.911,-18.676
21,P,CA,-12.025,24.031,-19.571
21,P,C,-13.118,25.07,-19.294
21,P,O,-14.109,24.825,-18.535
21,P,CB,-12.164,23.38,-20.94
21,P,CG,-13.195,22.277,-20.725
21,P,CD,-12.89,21.78,-19.336
22,K,N,-13.004,26.219,-19.954
22,K,CA,-13.929,27.358,-19.764
22,K,C,-15.373,27.017,-20.167
22,K,O,-16.286,27.533,-19.489
22,K,CB,-13.426,28.559,-20.567
22,K,CG,-14.304,29.8,-20.441
22,K,CD,-13.591,31.154,-20.256
22,K,CE,-12.139,31.212,-20.701
22,K,NZ,-11.954,30.797,-22.112
23,K,N,-15.588,26.208,-21.212
23,K,CA,-16.953,25.907,-21.711
23,K,C,-17.197,24.391,-21.611
23,K,O,-16.478,23.611,-22.24
23,K,CB,-17.164,26.404,-23.142
23,K,CG,-18.603,26.436,-23.611
23,K,CD,-18.774,26.819,-25.114
23,K,CE,-18.764,25.6,-26.026
23,K,NZ,-17.703,25.655,-27.069
24,I,N,-18.196,24.027,-20.827
24,I,CA,-18.615,22.597,-20.708
24,I,C,-20.073,22.451,-21.138
24,I,O,-20.667,21.402,-20.853
24,I,CB,-18.346,22.072,-19.287
24,I,CG1,-19.083,22.867,-18.211
24,I,CG2,-16.84,21.962,-19.045
24,I,CD1,-18.978,22.23,-16.833
25,T,N,-20.685,23.417,-21.804
25,T,CA,-22.116,23.384,-22.144
25,T,C,-22.469,22.148,-22.981
25,T,O,-23.631,21.7,-22.885
25,T,CB,-22.543,24.668,-22.868
25,T,OG1,-21.747,24.76,-24.039
25,T,CG2,-22.309,25.92,-22.047
26,S,N,-21.539,21.615,-23.787
26,S,CA,-21.843,20.475,-24.682
26,S,C,-22.288,19.283,-23.841
26,S,O,-23.104,18.471,-24.306
26,S,CB,-20.646,20.099,-25.53
26,S,OG,-19.523,19.759,-24.726
27,W,N,-21.746,19.168,-22.638
27,W,CA,-22.106,18.034,-21.744
27,W,C,-23.598,18.125,-21.431
27,W,O,-24.354,17.132,-21.565
27,W,CB,-21.23,18.126,-20.48
27,W,CG,-21.261,16.953,-19.546
27,W,CD1,-21.697,15.679,-19.771
27,W,CD2,-20.782,16.985,-18.208
27,W,NE1,-21.54,14.942,-18.63
27,W,CE2,-20.948,15.706,-17.658
27,W,CE3,-20.197,17.994,-17.42
27,W,CZ2,-20.547,15.388,-16.381
27,W,CZ3,-19.841,17.691,-16.127
27,W,CH2,-20.005,16.401,-15.63
28,F,N,-24.05,19.291,-20.981
28,F,CA,-25.436,19.486,-20.489
28,F,C,-26.434,19.561,-21.633
28,F,O,-27.604,19.301,-21.373
28,F,CB,-25.529,20.734,-19.595
28,F,CG,-24.539,20.705,-18.485
28,F,CD1,-24.424,19.604,-17.655
28,F,CD2,-23.621,21.719,-18.335
28,F,CE1,-23.41,19.528,-16.721
28,F,CE2,-22.629,21.639,-17.381
28,F,CZ,-22.519,20.539,-16.587
29,L,N,-25.972,19.791,-22.852
29,L,CA,-26.815,19.751,-24.057
29,L,C,-26.843,18.352,-24.669
29,L,O,-27.492,18.179,-25.7
29,L,CB,-26.284,20.757,-25.069
29,L,CG,-26.445,22.211,-24.659
29,L,CD1,-25.797,23.084,-25.665
29,L,CD2,-27.899,22.566,-24.496
30,S,N,-26.111,17.378,-24.114
30,S,CA,-26.08,16.022,-24.732
30,S,C,-25.616,16.073,-26.191
30,S,O,-26.266,15.466,-27.044
30,S,CB,-27.404,15.276,-24.608
30,S,OG,-27.738,15.017,-23.258
31,K,N,-24.504,16.751,-26.432
31,K,CA,-23.921,16.859,-27.79
31,K,C,-22.557,16.179,-27.838
31,K,O,-21.755,16.323,-26.91
31,K,CB,-23.792,18.311,-28.221
31,K,CG,-25.079,19.108,-28.209
31,K,CD,-26.12,18.677,-29.238
31,K,CE,-27.423,19.479,-29.175
31,K,NZ,-27.263,20.818,-29.774
32,G,N,-22.309,15.482,-28.95
32,G,CA,-21.027,14.815,-29.184
32,G,C,-21.236,13.561,-29.96
32,G,O,-21.736,13.632,-31.1
33,Q,N,-20.919,12.42,-29.367
33,Q,CA,-21.057,11.111,-30.012
33,Q,C,-22.086,10.286,-29.278
33,Q,O,-22.274,10.51,-28.065
33,Q,CB,-19.774,10.31,-29.892
33,Q,CG,-18.601,10.77,-30.724
33,Q,CD,-17.5,9.769,-30.405
33,Q,OE1,-17.688,8.549,-30.573
33,Q,NE2,-16.423,10.265,-29.819
34,G,N,-22.734,9.364,-29.959
34,G,CA,-23.7,8.421,-29.404
34,G,C,-25.119,8.868,-29.659
34,G,O,-25.377,9.364,-30.78
35,K,N,-26.018,8.604,-28.728
35,K,CA,-27.43,8.999,-28.859
35,K,C,-27.54,10.411,-28.294
35,K,O,-27.443,10.604,-27.089
35,K,CB,-28.318,8.004,-28.146
35,K,CG,-28.31,6.616,-28.753
35,K,CD,-29.218,5.861,-27.873
35,K,CE,-29.585,4.508,-28.365
35,K,NZ,-28.41,3.677,-28.303
36,T,N,-27.584,11.384,-29.188
36,T,CA,-27.474,12.799,-28.81
36,T,C,-28.853,13.474,-28.881
36,T,O,-29.799,12.951,-29.439
36,T,CB,-26.424,13.496,-29.672
36,T,OG1,-26.88,13.435,-31.033
36,T,CG2,-25.042,12.879,-29.586
37,R,N,-28.929,14.618,-28.238
37,R,CA,-30.173,15.406,-28.123
37,R,C,-30.34,16.338,-29.34
37,R,O,-29.361,16.93,-29.835
37,R,CB,-30.135,16.161,-26.803
37,R,CG,-31.419,16.909,-26.456
37,R,CD,-31.453,17.194,-24.976
37,R,NE,-32.61,17.907,-24.473
37,R,CZ,-32.587,19.092,-23.941
37,R,NH1,-33.694,19.535,-23.406
37,R,NH2,-31.522,19.877,-24.007
38,D,N,-31.579,16.516,-29.781
38,D,CA,-31.903,17.38,-30.953
38,D,C,-31.615,18.854,-30.638
38,D,O,-31.928,19.309,-29.521
38,D,CB,-33.363,17.194,-31.352
38,D,CG,-33.602,17.674,-32.773
38,D,OD1,-33.842,18.864,-32.939
38,D,OD2,-33.489,16.856,-33.688
39,D,N,-31.01,19.541,-31.615
39,D,CA,-30.686,20.997,-31.518
39,D,C,-31.939,21.769,-31.11
39,D,O,-31.796,22.777,-30.38
39,D,CB,-30.205,21.555,-32.865
39,D,CG,-28.889,20.965,-33.32
39,D,OD1,-28.063,20.588,-32.434
39,D,OD2,-28.695,20.851,-34.535
40,S,N,-33.104,21.369,-31.577
40,S,CA,-34.367,22.127,-31.304
40,S,C,-34.726,22.117,-29.806
40,S,O,-35.587,22.901,-29.369
40,S,CB,-35.492,21.579,-32.129
40,S,OG,-35.83,20.267,-31.712
41,A,N,-34.094,21.278,-28.961
41,A,CA,-34.389,21.203,-27.512
41,A,C,-33.362,21.989,-26.7
41,A,O,-33.477,22.058,-25.484
41,A,CB,-34.384,19.759,-27.071
42,D,N,-32.353,22.586,-27.326
42,D,CA,-31.233,23.206,-26.574
42,D,C,-31.654,24.153,-25.463
42,D,O,-30.963,24.232,-24.472
42,D,CB,-30.26,23.919,-27.5
42,D,CG,-29.397,23.019,-28.37
42,D,OD1,-29.46,21.76,-28.245
42,D,OD2,-28.671,23.578,-29.203
43,Y,N,-32.694,24.951,-25.656
43,Y,CA,-33.035,25.979,-24.654
43,Y,C,-34.026,25.476,-23.632
43,Y,O,-34.438,26.244,-22.711
43,Y,CB,-33.669,27.195,-25.339
43,Y,CG,-32.827,27.772,-26.436
43,Y,CD1,-31.446,27.723,-26.414
43,Y,CD2,-33.451,28.392,-27.498
43,Y,CE1,-30.692,28.246,-27.462
43,Y,CE2,-32.723,28.957,-28.533
43,Y,CZ,-31.345,28.844,-28.526
43,Y,OH,-30.66,29.406,-29.564
44,I,N,-34.501,24.25,-23.814
44,I,CA,-35.485,23.654,-22.878
44,I,C,-34.741,23.026,-21.712
44,I,O,-33.935,22.101,-21.877
44,I,CB,-36.373,22.645,-23.587
44,I,CG1,-37.052,23.279,-24.81
44,I,CG2,-37.354,22.048,-22.583
44,I,CD1,-37.713,22.297,-25.74
45,P,N,-34.956,23.521,-20.496
45,P,CA,-34.245,22.995,-19.348
45,P,C,-34.784,21.603,-19.005
45,P,O,-35.964,21.361,-19.071
45,P,CB,-34.478,23.991,-18.213
45,P,CG,-35.715,24.756,-18.651
45,P,CD,-35.804,24.677,-20.145
46,H,N,-33.873,20.756,-18.524
46,H,CA,-34.298,19.552,-17.8
46,H,C,-34.825,19.949,-16.417
46,H,O,-34.48,21.05,-15.907
46,H,CB,-33.126,18.555,-17.675
46,H,CG,-32.691,18.022,-19.003
46,H,ND1,-33.502,17.202,-19.813
46,H,CD2,-31.527,18.2,-19.702
46,H,CE1,-32.836,16.938,-20.924
46,H,NE2,-31.626,17.515,-20.877
47,D,N,-35.69,19.136,-15.824
47,D,CA,-36.232,19.421,-14.485
47,D,C,-35.155,19.322,-13.41
47,D,O,-35.168,20.099,-12.415
47,D,CB,-37.412,18.496,-14.202
47,D,CG,-38.572,18.808,-15.121
47,D,OD1,-39.148,19.941,-14.886
47,D,OD2,-38.829,18.083,-16.129
48,I,N,-34.312,18.274,-13.5
48,I,CA,-33.294,17.908,-12.484
48,I,C,-32.003,17.555,-13.225
48,I,O,-32.086,16.897,-14.263
48,I,CB,-33.751,16.709,-11.642
48,I,CG1,-35.119,16.969,-10.999
48,I,CG2,-32.683,16.338,-10.645
48,I,CD1,-35.646,15.84,-10.148
49,Y,N,-30.905,18.138,-12.787
49,Y,CA,-29.546,17.816,-13.26
49,Y,C,-28.808,17.152,-12.131
49,Y,O,-28.69,17.698,-11.025
49,Y,CB,-28.746,19.023,-13.766
49,Y,CG,-29.335,19.692,-14.981
49,Y,CD1,-30.481,20.474,-14.925
49,Y,CD2,-28.746,19.524,-16.216
49,Y,CE1,-31.011,21.056,-16.057
49,Y,CE2,-29.272,20.073,-17.372
49,Y,CZ,-30.409,20.856,-17.28
49,Y,OH,-30.915,21.373,-18.441
50,V,N,-28.264,15.955,-12.382
50,V,CA,-27.457,15.183,-11.427
50,V,C,-26.074,15.015,-11.997
50,V,O,-25.913,14.423,-13.074
50,V,CB,-28.113,13.838,-11.098
50,V,CG1,-27.294,13.168,-10.021
50,V,CG2,-29.54,14.05,-10.658
51,I,N,-25.072,15.565,-11.363
51,I,CA,-23.681,15.619,-11.893
51,I,C,-22.749,14.854,-10.969
51,I,O,-22.591,15.25,-9.783
51,I,CB,-23.152,17.043,-12.078
51,I,CG1,-24.08,17.893,-12.938
51,I,CG2,-21.735,16.93,-12.625
51,I,CD1,-25.078,18.727,-12.16
52,G,N,-22.194,13.748,-11.462
52,G,CA,-21.261,12.895,-10.743
52,G,C,-19.875,13.153,-11.271
52,G,O,-19.689,13.091,-12.517
53,T,N,-18.933,13.424,-10.405
53,T,CA,-17.515,13.564,-10.776
53,T,C,-16.678,12.587,-9.996
53,T,O,-17.036,12.15,-8.886
53,T,CB,-17.024,15.014,-10.676
53,T,OG1,-17.304,15.484,-9.36
53,T,CG2,-17.625,15.881,-11.733
54,Q,N,-15.57,12.207,-10.576
54,Q,CA,-14.498,11.396,-9.959
54,Q,C,-13.18,12.137,-10.242
54,Q,O,-13.097,12.919,-11.225
54,Q,CB,-14.465,9.957,-10.447
54,Q,CG,-15.853,9.317,-10.458
54,Q,CD,-16.654,9.641,-11.703
54,Q,OE1,-16.05,9.761,-12.781
54,Q,NE2,-17.971,9.746,-11.607
55,E,N,-12.208,11.917,-9.367
55,E,CA,-10.883,12.604,-9.483
55,E,C,-11.154,14.112,-9.617
55,E,O,-10.485,14.792,-10.462
55,E,CB,-10.073,11.994,-10.638
55,E,CG,-9.759,10.508,-10.488
55,E,CD,-8.795,9.911,-11.514
55,E,OE1,-7.903,10.667,-11.975
55,E,OE2,-8.896,8.691,-11.87
56,D,N,-12.087,14.65,-8.846
56,D,CA,-12.509,16.057,-8.951
56,D,C,-11.569,16.896,-8.083
56,D,O,-11.528,16.682,-6.868
56,D,CB,-13.952,16.153,-8.474
56,D,CG,-14.599,17.508,-8.567
56,D,OD1,-13.835,18.524,-8.505
56,D,OD2,-15.853,17.591,-8.598
57,P,N,-10.83,17.853,-8.699
57,P,CA,-9.842,18.661,-7.953
57,P,C,-10.418,19.943,-7.349
57,P,O,-9.674,20.673,-6.677
57,P,CB,-8.849,18.957,-9.055
57,P,CG,-9.691,19.197,-10.249
57,P,CD,-10.762,18.103,-10.148
58,L,N,-11.653,20.284,-7.646
58,L,CA,-12.246,21.582,-7.277
58,L,C,-12.877,21.497,-5.892
58,L,O,-13.296,20.441,-5.384
58,L,CB,-13.281,22.004,-8.298
58,L,CG,-12.798,22.126,-9.736
58,L,CD1,-13.997,22.469,-10.617
58,L,CD2,-11.72,23.16,-9.831
59,S,N,-13.042,22.661,-5.297
59,S,CA,-13.892,22.767,-4.102
59,S,C,-15.358,22.674,-4.532
59,S,O,-15.675,22.957,-5.706
59,S,CB,-13.624,24.052,-3.351
59,S,OG,-14.157,25.166,-4.082
60,E,N,-16.244,22.366,-3.605
60,E,CA,-17.704,22.362,-3.823
60,E,C,-18.121,23.73,-4.341
60,E,O,-18.889,23.834,-5.281
60,E,CB,-18.465,21.923,-2.574
60,E,CG,-18.356,20.456,-2.33
60,E,CD,-19.145,19.952,-1.155
60,E,OE1,-19.703,20.823,-0.453
60,E,OE2,-19.198,18.693,-0.921
61,K,N,-17.594,24.81,-3.728
61,K,CA,-18.019,26.173,-4.114
61,K,C,-17.617,26.429,-5.571
61,K,O,-18.425,26.961,-6.285
61,K,CB,-17.404,27.176,-3.119
61,K,CG,-17.567,28.642,-3.473
61,K,CD,-16.983,29.59,-2.409
61,K,CE,-16.735,30.991,-2.935
61,K,NZ,-16.462,31.963,-1.846
62,E,N,-16.382,26.085,-5.917
62,E,CA,-15.835,26.332,-7.264
62,E,C,-16.68,25.557,-8.288
62,E,O,-17.003,26.1,-9.354
62,E,CB,-14.383,25.903,-7.347
62,E,CG,-13.446,26.845,-6.633
62,E,CD,-12.021,26.294,-6.527
62,E,OE1,-11.119,27.158,-6.296
62,E,OE2,-11.763,25.021,-6.532
63,W,N,-16.959,24.28,-8.036
63,W,CA,-17.65,23.46,-9.044
63,W,C,-19.114,23.888,-9.178
63,W,O,-19.592,24.006,-10.301
63,W,CB,-17.491,21.995,-8.656
63,W,CG,-18.098,21.004,-9.595
63,W,CD1,-18.759,19.89,-9.188
63,W,CD2,-17.896,20.875,-11.012
63,W,NE1,-19.053,19.115,-10.272
63,W,CE2,-18.49,19.658,-11.392
63,W,CE3,-17.203,21.618,-11.978
63,W,CZ2,-18.477,19.239,-12.723
63,W,CZ3,-17.196,21.207,-13.289
63,W,CH2,-17.871,20.059,-13.653
64,L,N,-19.791,24.178,-8.069
64,L,CA,-21.183,24.678,-8.074
64,L,C,-21.287,25.966,-8.894
64,L,O,-22.201,26.105,-9.716
64,L,CB,-21.661,24.892,-6.642
64,L,CG,-23.157,25.069,-6.508
64,L,CD1,-23.854,23.775,-6.956
64,L,CD2,-23.542,25.406,-5.076
65,E,N,-20.318,26.868,-8.749
65,E,CA,-20.359,28.122,-9.526
65,E,C,-20.271,27.798,-11.011
65,E,O,-21.035,28.376,-11.801
65,E,CB,-19.219,29.025,-9.086
65,E,CG,-19.282,30.408,-9.718
65,E,CD,-18.092,31.282,-9.341
65,E,OE1,-17.643,31.209,-8.159
65,E,OE2,-17.595,31.989,-10.236
66,I,N,-19.385,26.872,-11.395
66,I,CA,-19.238,26.531,-12.834
66,I,C,-20.536,25.909,-13.328
66,I,O,-20.992,26.234,-14.43
66,I,CB,-18.025,25.605,-12.998
66,I,CG1,-16.713,26.388,-12.853
66,I,CG2,-18.105,24.88,-14.331
66,I,CD1,-15.5,25.57,-12.564
67,L,N,-21.073,24.961,-12.566
67,L,CA,-22.28,24.28,-13.054
67,L,C,-23.458,25.256,-13.199
67,L,O,-24.152,25.236,-14.197
67,L,CB,-22.618,23.173,-12.071
67,L,CG,-21.659,22.005,-11.971
67,L,CD1,-22.089,21.067,-10.865
67,L,CD2,-21.57,21.274,-13.308
68,K,N,-23.708,26.096,-12.19
68,K,CA,-24.846,27.03,-12.251
68,K,C,-24.647,28.03,-13.394
68,K,O,-25.622,28.337,-14.093
68,K,CB,-25.038,27.759,-10.918
68,K,CG,-25.519,26.852,-9.813
68,K,CD,-26.031,27.588,-8.637
68,K,CE,-26.72,26.637,-7.687
68,K,NZ,-27.325,27.36,-6.549
69,H,N,-23.418,28.445,-13.648
69,H,CA,-23.109,29.387,-14.757
69,H,C,-23.398,28.714,-16.095
69,H,O,-24.026,29.346,-17.006
69,H,CB,-21.659,29.879,-14.69
69,H,CG,-21.253,30.65,-15.907
69,H,ND1,-20.682,30.039,-17.041
69,H,CD2,-21.408,31.961,-16.214
69,H,CE1,-20.436,30.969,-17.957
69,H,NE2,-20.894,32.151,-17.482
70,S,N,-22.997,27.446,-16.246
70,S,CA,-23.181,26.701,-17.511
70,S,C,-24.683,26.612,-17.773
70,S,O,-25.135,26.887,-18.886
70,S,CB,-22.53,25.336,-17.463
70,S,OG,-22.433,24.788,-18.788
71,L,N,-25.457,26.237,-16.776
71,L,CA,-26.892,25.989,-16.994
71,L,C,-27.587,27.335,-17.22
71,L,O,-28.521,27.383,-17.976
71,L,CB,-27.506,25.252,-15.803
71,L,CG,-27.054,23.797,-15.633
71,L,CD1,-27.814,23.166,-14.495
71,L,CD2,-27.23,23.015,-16.913
72,Q,N,-27.172,28.357,-16.506
72,Q,CA,-27.772,29.707,-16.709
72,Q,C,-27.562,30.148,-18.153
72,Q,O,-28.473,30.708,-18.772
72,Q,CB,-27.073,30.72,-15.808
72,Q,CG,-27.584,32.148,-16.015
72,Q,CD,-28.794,32.366,-15.155
72,Q,OE1,-28.793,32.001,-13.977
72,Q,NE2,-29.841,32.938,-15.737
73,E,N,-26.369,29.947,-18.668
73,E,CA,-26.021,30.285,-20.064
73,E,C,-26.932,29.536,-21.03
73,E,O,-27.413,30.177,-21.998
73,E,CB,-24.579,29.939,-20.359
73,E,CG,-24.137,30.38,-21.734
73,E,CD,-22.658,30.135,-21.94
73,E,OE1,-22.257,29.998,-23.116
73,E,OE2,-21.912,30.083,-20.911
74,I,N,-27.163,28.239,-20.808
74,I,CA,-27.991,27.413,-21.741
74,I,C,-29.472,27.829,-21.654
74,I,O,-30.103,27.966,-22.7
74,I,CB,-27.833,25.904,-21.426
74,I,CG1,-26.424,25.403,-21.709
74,I,CG2,-28.833,25.082,-22.194
74,I,CD1,-26.075,24.122,-20.981
75,T,N,-30.029,27.945,-20.456
75,T,CA,-31.491,27.906,-20.191
75,T,C,-32.057,29.255,-19.753
75,T,O,-33.301,29.369,-19.74
75,T,CB,-31.787,26.858,-19.107
75,T,OG1,-31.281,27.304,-17.849
75,T,CG2,-31.242,25.503,-19.51
76,S,N,-31.197,30.204,-19.395
76,S,CA,-31.583,31.496,-18.754
76,S,C,-32.353,31.229,-17.455
76,S,O,-33.113,32.113,-17.015
76,S,CB,-32.382,32.358,-19.706
76,S,OG,-31.647,32.543,-20.902
77,V,N,-32.138,30.067,-16.828
77,V,CA,-32.741,29.701,-15.514
77,V,C,-31.622,29.612,-14.475
77,V,O,-30.55,29.087,-14.77
77,V,CB,-33.544,28.381,-15.574
77,V,CG1,-34.041,27.966,-14.193
77,V,CG2,-34.701,28.454,-16.554
78,T,N,-31.877,30.175,-13.297
78,T,CA,-31.01,30.048,-12.114
78,T,C,-31.455,28.801,-11.357
78,T,O,-32.511,28.837,-10.709
78,T,CB,-31.043,31.245,-11.168
78,T,OG1,-30.786,32.37,-12.01
78,T,CG2,-30.02,31.098,-10.058
79,F,N,-30.711,27.713,-11.524
79,F,CA,-31.021,26.429,-10.849
79,F,C,-30.743,26.494,-9.346
79,F,O,-29.791,27.143,-8.873
79,F,CB,-30.249,25.291,-11.531
79,F,CG,-30.974,24.799,-12.758
79,F,CD1,-30.98,25.511,-13.948
79,F,CD2,-31.753,23.657,-12.688
79,F,CE1,-31.734,25.096,-15.041
79,F,CE2,-32.492,23.252,-13.773
79,F,CZ,-32.492,23.971,-14.937
80,K,N,-31.547,25.768,-8.578
80,K,CA,-31.39,25.646,-7.108
80,K,C,-30.597,24.405,-6.739
80,K,O,-30.837,23.341,-7.348
80,K,CB,-32.738,25.592,-6.401
80,K,CG,-33.596,26.845,-6.563
80,K,CD,-32.905,28.139,-6.161
80,K,CE,-33.839,29.306,-5.931
80,K,NZ,-35.06,28.894,-5.202
81,T,N,-29.758,24.504,-5.736
81,T,CA,-28.981,23.366,-5.216
81,T,C,-29.893,22.516,-4.355
81,T,O,-30.332,22.953,-3.289
81,T,CB,-27.787,23.821,-4.392
81,T,OG1,-27.015,24.71,-5.222
81,T,CG2,-26.956,22.628,-3.986
82,V,N,-30.137,21.288,-4.757
82,V,CA,-30.858,20.311,-3.914
82,V,C,-29.942,19.664,-2.9
82,V,O,-30.268,19.56,-1.693
82,V,CB,-31.505,19.267,-4.834
82,V,CG1,-32.2,18.204,-4.025
82,V,CG2,-32.438,19.929,-5.806
83,A,N,-28.808,19.176,-3.361
83,A,CA,-27.845,18.502,-2.485
83,A,C,-26.473,18.493,-3.134
83,A,O,-26.356,18.561,-4.392
83,A,CB,-28.282,17.087,-2.225
84,I,N,-25.459,18.442,-2.319
84,I,CA,-24.065,18.218,-2.775
84,I,C,-23.383,17.324,-1.731
84,I,O,-23.543,17.569,-0.499
84,I,CB,-23.381,19.559,-3.111
84,I,CG1,-21.899,19.397,-3.479
84,I,CG2,-23.587,20.591,-2.017
84,I,CD1,-21.337,20.639,-4.14
85,H,N,-22.659,16.329,-2.162
85,H,CA,-21.947,15.469,-1.218
85,H,C,-20.648,14.979,-1.818
85,H,O,-20.658,14.531,-3.011
85,H,CB,-22.806,14.279,-0.776
85,H,CG,-22.24,13.477,0.346
85,H,ND1,-22.202,14.0,1.642
85,H,CD2,-21.722,12.248,0.432
85,H,CE1,-21.691,13.077,2.461
85,H,NE2,-21.369,11.998,1.752
86,T,N,-19.554,15.057,-1.081
86,T,CA,-18.219,14.663,-1.558
86,T,C,-17.599,13.645,-0.602
86,T,O,-17.7,13.837,0.664
86,T,CB,-17.275,15.861,-1.725
86,T,OG1,-17.95,16.879,-2.455
86,T,CG2,-15.963,15.524,-2.403
87,L,N,-16.988,12.604,-1.128
87,L,CA,-16.135,11.619,-0.43
87,L,C,-14.816,11.668,-1.164
87,L,O,-14.783,11.273,-2.33
87,L,CB,-16.753,10.202,-0.457
87,L,CG,-15.802,9.089,-0.026
87,L,CD1,-15.425,9.224,1.44
87,L,CD2,-16.368,7.707,-0.296
88,W,N,-13.735,12.11,-0.501
88,W,CA,-12.417,12.222,-1.128
88,W,C,-12.568,13.094,-2.376
88,W,O,-12.87,14.299,-2.244
88,W,CB,-11.805,10.845,-1.336
88,W,CG,-11.583,10.131,-0.043
88,W,CD1,-11.07,10.67,1.11
88,W,CD2,-11.935,8.781,0.273
88,W,NE1,-11.047,9.726,2.087
88,W,CE2,-11.492,8.544,1.591
88,W,CE3,-12.457,7.709,-0.457
88,W,CZ2,-11.648,7.318,2.219
88,W,CZ3,-12.585,6.482,0.15
88,W,CH2,-12.189,6.292,1.471
89,N,N,-12.373,12.527,-3.573
89,N,CA,-12.492,13.28,-4.842
89,N,C,-13.675,12.769,-5.677
89,N,O,-13.661,13.005,-6.897
89,N,CB,-11.176,13.253,-5.605
89,N,CG,-10.087,13.922,-4.801
89,N,OD1,-9.346,13.23,-4.104
89,N,ND2,-10.061,15.236,-4.848
90,I,N,-14.65,12.112,-5.042
90,I,CA,-15.882,11.585,-5.651
90,I,C,-17.023,12.497,-5.23
90,I,O,-17.246,12.661,-3.997
90,I,CB,-16.133,10.143,-5.178
90,I,CG1,-14.939,9.214,-5.389
90,I,CG2,-17.353,9.598,-5.922
90,I,CD1,-15.087,7.858,-4.767
91,R,N,-17.769,13.069,-6.135
91,R,CA,-18.734,14.114,-5.798
91,R,C,-20.026,13.924,-6.557
91,R,O,-20.008,13.592,-7.76
91,R,CB,-18.112,15.483,-6.079
91,R,CG,-19.055,16.643,-5.838
91,R,CD,-18.325,17.983,-6.027
91,R,NE,-17.323,18.165,-4.979
91,R,CZ,-16.188,18.869,-5.112
91,R,NH1,-15.86,19.37,-6.295
91,R,NH2,-15.379,19.034,-4.054
92,I,N,-21.127,14.296,-5.931
92,I,CA,-22.458,14.355,-6.546
92,I,C,-23.099,15.702,-6.26
92,I,O,-23.037,16.145,-5.105
92,I,CB,-23.347,13.17,-6.16
92,I,CG1,-24.641,13.161,-6.952
92,I,CG2,-23.521,13.114,-4.664
92,I,CD1,-25.387,11.847,-6.802
93,V,N,-23.576,16.355,-7.304
93,V,CA,-24.366,17.602,-7.231
93,V,C,-25.737,17.347,-7.812
93,V,O,-25.829,16.862,-8.956
93,V,CB,-23.67,18.745,-7.963
93,V,CG1,-24.507,20.011,-7.898
93,V,CG2,-22.247,18.96,-7.472
94,V,N,-26.796,17.75,-7.128
94,V,CA,-28.16,17.709,-7.674
94,V,C,-28.697,19.142,-7.725
94,V,O,-28.69,19.812,-6.655
94,V,CB,-29.081,16.803,-6.848
94,V,CG1,-30.486,16.808,-7.438
94,V,CG2,-28.553,15.372,-6.806
95,L,N,-29.088,19.571,-8.915
95,L,CA,-29.703,20.901,-9.188
95,L,C,-31.099,20.712,-9.737
95,L,O,-31.381,19.717,-10.433
95,L,CB,-28.891,21.67,-10.213
95,L,CG,-27.404,21.758,-9.876
95,L,CD1,-26.605,22.428,-10.98
95,L,CD2,-27.149,22.436,-8.536
96,A,N,-32.02,21.617,-9.42
96,A,CA,-33.411,21.502,-9.879
96,A,C,-33.942,22.876,-10.27
96,A,O,-33.492,23.89,-9.724
96,A,CB,-34.296,20.903,-8.83
97,K,N,-34.866,22.89,-11.211
97,K,CA,-35.587,24.143,-11.564
97,K,C,-36.184,24.75,-10.307
97,K,O,-36.611,24.047,-9.372
97,K,CB,-36.754,23.922,-12.499
97,K,CG,-36.416,23.444,-13.876
97,K,CD,-37.699,23.274,-14.607
97,K,CE,-37.583,22.768,-15.999
97,K,NZ,-38.908,22.34,-16.521
98,P,N,-36.16,26.099,-10.186
98,P,CA,-36.718,26.732,-8.993
98,P,C,-38.206,26.413,-8.721
98,P,O,-38.582,26.334,-7.566
98,P,CB,-36.505,28.249,-9.23
98,P,CG,-35.868,28.422,-10.593
98,P,CD,-35.513,27.034,-11.106
99,E,N,-39.014,26.21,-9.749
99,E,CA,-40.447,25.884,-9.577
99,E,C,-40.611,24.564,-8.808
99,E,O,-41.751,24.269,-8.358
99,E,CB,-41.122,25.813,-10.943
99,E,CG,-40.699,24.625,-11.759
99,E,CD,-41.082,24.741,-13.22
99,E,OE1,-41.875,23.893,-13.68
99,E,OE2,-40.577,25.679,-13.885
100,H,N,-39.549,23.75,-8.669
100,H,CA,-39.651,22.436,-7.99
100,H,C,-39.267,22.51,-6.513
100,H,O,-39.289,21.468,-5.827
100,H,CB,-38.789,21.399,-8.745
100,H,CG,-39.245,21.135,-10.125
100,H,ND1,-40.574,21.131,-10.492
100,H,CD2,-38.544,20.82,-11.238
100,H,CE1,-40.667,20.881,-11.766
100,H,NE2,-39.433,20.627,-12.245
101,E,N,-38.925,23.686,-5.987
101,E,CA,-38.34,23.759,-4.628
101,E,C,-39.394,23.229,-3.637
101,E,O,-39.05,22.502,-2.713
101,E,CB,-37.858,25.178,-4.334
101,E,CG,-37.062,25.256,-3.052
101,E,CD,-36.557,26.645,-2.699
101,E,OE1,-35.81,26.751,-1.703
101,E,OE2,-36.929,27.62,-3.398
102,N,N,-40.666,23.491,-3.89
102,N,CA,-41.713,23.025,-2.935
102,N,C,-42.206,21.617,-3.312
102,N,O,-43.011,21.093,-2.569
102,N,CB,-42.841,24.052,-2.722
102,N,CG,-42.822,24.651,-1.328
102,N,OD1,-41.769,25.106,-0.865
102,N,ND2,-43.962,24.621,-0.641
103,R,N,-41.65,20.986,-4.356
103,R,CA,-42.016,19.594,-4.752
103,R,C,-40.994,18.59,-4.214
103,R,O,-41.319,17.401,-4.138
103,R,CB,-42.078,19.457,-6.264
103,R,CG,-43.235,20.237,-6.877
103,R,CD,-43.407,19.97,-8.361
103,R,NE,-44.542,20.737,-8.885
103,R,CZ,-44.486,21.748,-9.732
103,R,NH1,-43.356,22.137,-10.282
103,R,NH2,-45.618,22.368,-10.072
104,I,N,-39.873,19.069,-3.73
104,I,CA,-38.717,18.219,-3.37
104,I,C,-38.626,18.192,-1.868
104,I,O,-38.621,19.289,-1.267
104,I,CB,-37.453,18.71,-4.081
104,I,CG1,-37.591,18.422,-5.574
104,I,CG2,-36.208,18.067,-3.467
104,I,CD1,-36.485,18.968,-6.453
105,S,N,-38.631,17.011,-1.276
105,S,CA,-38.579,16.845,0.188
105,S,C,-37.725,15.634,0.572
105,S,O,-37.313,14.88,-0.368
105,S,CB,-40.024,16.692,0.734
105,S,OG,-40.615,15.475,0.31
106,H,N,-37.506,15.414,1.869
106,H,CA,-36.831,14.203,2.366
106,H,C,-35.475,14.054,1.655
106,H,O,-35.228,12.951,1.19
106,H,CB,-37.775,13.018,2.129
106,H,CG,-39.008,13.056,2.975
106,H,ND1,-40.13,13.788,2.621
106,H,CD2,-39.266,12.515,4.183
106,H,CE1,-41.058,13.619,3.551
106,H,NE2,-40.542,12.853,4.512
107,I,N,-34.66,15.089,1.601
107,I,CA,-33.336,15.02,0.933
107,I,C,-32.391,14.283,1.856
107,I,O,-32.276,14.584,3.052
107,I,CB,-32.841,16.413,0.563
107,I,CG1,-33.814,17.102,-0.409
107,I,CG2,-31.421,16.295,-0.006
107,I,CD1,-33.651,18.622,-0.501
108,C,N,-31.708,13.281,1.329
108,C,CA,-30.716,12.48,2.087
108,C,C,-29.433,12.357,1.261
108,C,O,-29.516,12.286,0.036
108,C,CB,-31.148,11.043,2.366
108,C,SG,-32.675,10.852,3.328
109,T,N,-28.309,12.279,1.942
109,T,CA,-26.982,12.024,1.341
109,T,C,-26.263,10.968,2.135
109,T,O,-26.488,10.822,3.342
109,T,CB,-26.133,13.289,1.213
109,T,OG1,-25.789,13.767,2.507
109,T,CG2,-26.869,14.416,0.547
110,D,N,-25.368,10.221,1.502
110,D,CA,-24.563,9.203,2.184
110,D,C,-23.37,8.844,1.309
110,D,O,-23.3,9.237,0.081
110,D,CB,-25.331,7.952,2.574
110,D,CG,-24.648,7.1,3.651
110,D,OD1,-23.804,7.647,4.441
110,D,OD2,-24.891,5.838,3.634
111,N,N,-22.419,8.171,1.902
111,N,CA,-21.28,7.614,1.15
111,N,C,-20.931,6.245,1.708
111,N,O,-21.287,5.9,2.839
111,N,CB,-20.092,8.58,1.148
111,N,CG,-19.479,8.695,2.532
111,N,OD1,-18.799,7.786,3.01
111,N,ND2,-19.711,9.831,3.149
112,V,N,-20.255,5.472,0.889
112,V,CA,-19.607,4.208,1.261
112,V,C,-18.153,4.228,0.818
112,V,O,-17.85,4.508,-0.341
112,V,CB,-20.335,3.016,0.629
112,V,CG1,-19.567,1.701,0.773
112,V,CG2,-21.738,2.85,1.195
113,K,N,-17.265,3.807,1.693
113,K,CA,-15.838,3.616,1.401
113,K,C,-15.611,2.152,1.119
113,K,O,-15.983,1.356,1.978
113,K,CB,-14.992,4.053,2.596
113,K,CG,-15.215,5.504,2.98
113,K,CD,-14.51,5.896,4.3
113,K,CE,-14.899,7.293,4.719
113,K,NZ,-16.371,7.43,4.947
114,T,N,-15.094,1.782,-0.057
114,T,CA,-14.936,0.337,-0.368
114,T,C,-13.551,-0.142,0.064
114,T,O,-12.693,0.681,0.321
114,T,CB,-15.348,0.046,-1.825
114,T,OG1,-14.586,0.943,-2.625
114,T,CG2,-16.827,0.26,-2.058
115,G,N,-13.34,-1.463,0.064
115,G,CA,-12.016,-2.069,0.336
115,G,C,-11.661,-2.052,1.817
115,G,O,-12.499,-1.637,2.653
116,I,N,-10.453,-2.512,2.143
116,I,CA,-9.967,-2.617,3.549
116,I,C,-8.437,-2.495,3.535
116,I,O,-7.82,-2.978,2.548
116,I,CB,-10.495,-3.919,4.203
116,I,CG1,-10.507,-3.824,5.735
116,I,CG2,-9.751,-5.152,3.688
116,I,CD1,-11.269,-2.613,6.285
117,A,N,-7.875,-1.835,4.555
117,A,CA,-6.427,-1.558,4.725
117,A,C,-5.937,-0.674,3.563
117,A,O,-6.391,0.49,3.497
117,A,CB,-5.66,-2.86,4.857
118,N,N,-5.084,-1.202,2.667
118,N,CA,-4.391,-0.439,1.586
118,N,C,-5.312,-0.222,0.362
118,N,O,-4.933,0.619,-0.488
118,N,CB,-3.045,-1.081,1.211
118,N,CG,-3.105,-2.084,0.073
118,N,OD1,-3.846,-3.067,0.131
118,N,ND2,-2.299,-1.863,-0.957
119,T,N,-6.463,-0.918,0.264
119,T,CA,-7.513,-0.688,-0.782
119,T,C,-8.58,0.293,-0.252
119,T,O,-9.428,0.732,-1.071
119,T,CB,-8.127,-2.004,-1.292
119,T,OG1,-8.895,-2.628,-0.26
119,T,CG2,-7.099,-2.991,-1.806
120,L,N,-8.542,0.627,1.052
120,L,CA,-9.387,1.669,1.71
120,L,C,-8.68,3.021,1.56
120,L,O,-7.581,3.166,2.15
120,L,CB,-9.57,1.288,3.193
120,L,CG,-10.621,2.055,4.008
120,L,CD1,-10.424,3.571,3.97
120,L,CD2,-12.029,1.699,3.563
121,G,N,-9.256,3.972,0.809
121,G,CA,-8.84,5.384,0.905
121,G,C,-9.02,6.211,-0.348
121,G,O,-8.715,7.464,-0.289
122,N,N,-9.487,5.65,-1.469
122,N,CA,-9.882,6.602,-2.522
122,N,C,-11.083,6.106,-3.338
122,N,O,-11.64,6.946,-3.991
122,N,CB,-8.69,6.968,-3.404
122,N,CG,-8.367,5.832,-4.342
122,N,OD1,-8.696,5.902,-5.525
122,N,ND2,-7.833,4.756,-3.794
123,K,N,-11.467,4.839,-3.283
123,K,CA,-12.598,4.292,-4.088
123,K,C,-13.854,4.191,-3.205
123,K,O,-13.773,4.003,-1.949
123,K,CB,-12.26,2.953,-4.765
123,K,CG,-11.172,2.979,-5.822
123,K,CD,-11.332,4.009,-6.923
123,K,CE,-10.341,3.877,-8.074
123,K,NZ,-8.968,4.207,-7.612
124,G,N,-15.03,4.344,-3.788
124,G,CA,-16.295,4.155,-3.089
124,G,C,-17.385,4.896,-3.797
124,G,O,-17.325,4.991,-5.025
125,A,N,-18.385,5.368,-3.096
125,A,CA,-19.577,5.941,-3.745
125,A,C,-20.16,7.044,-2.898
125,A,O,-20.067,6.965,-1.661
125,A,CB,-20.606,4.85,-4.03
126,V,N,-20.821,7.955,-3.555
126,V,CA,-21.676,8.981,-2.915
126,V,C,-23.067,8.843,-3.473
126,V,O,-23.224,8.405,-4.629
126,V,CB,-21.115,10.395,-3.084
126,V,CG1,-19.777,10.53,-2.407
126,V,CG2,-20.979,10.766,-4.542
127,G,N,-24.046,9.242,-2.707
127,G,CA,-25.434,9.126,-3.128
127,G,C,-26.307,10.229,-2.611
127,G,O,-26.011,10.813,-1.545
128,V,N,-27.376,10.502,-3.32
128,V,CA,-28.417,11.468,-2.915
128,V,C,-29.754,10.763,-3.13
128,V,O,-29.918,10.13,-4.223
128,V,CB,-28.34,12.761,-3.724
128,V,CG1,-29.526,13.7,-3.454
128,V,CG2,-27.029,13.496,-3.527
129,S,N,-30.726,10.988,-2.245
129,S,CA,-32.129,10.623,-2.5
129,S,C,-33.053,11.763,-2.099
129,S,O,-32.642,12.594,-1.267
129,S,CB,-32.494,9.349,-1.854
129,S,OG,-32.481,9.442,-0.438
130,F,N,-34.228,11.78,-2.712
130,F,CA,-35.27,12.709,-2.254
130,F,C,-36.589,12.231,-2.815
130,F,O,-36.662,11.332,-3.682
130,F,CB,-34.939,14.145,-2.679
130,F,CG,-34.653,14.355,-4.131
130,F,CD1,-35.635,14.688,-5.037
130,F,CD2,-33.339,14.27,-4.568
130,F,CE1,-35.347,14.913,-6.371
130,F,CE2,-33.047,14.482,-5.901
130,F,CZ,-34.031,14.81,-6.806
131,M,N,-37.657,12.894,-2.389
131,M,CA,-39.021,12.69,-2.935
131,M,C,-39.319,13.836,-3.891
131,M,O,-38.981,14.992,-3.53
131,M,CB,-40.067,12.736,-1.813
131,M,CG,-39.917,11.69,-0.75
131,M,SD,-40.405,10.084,-1.414
131,M,CE,-42.143,10.313,-1.795
132,F,N,-39.872,13.564,-5.045
132,F,CA,-40.427,14.588,-5.943
132,F,C,-41.931,14.346,-5.931
132,F,O,-42.377,13.311,-6.457
132,F,CB,-39.851,14.427,-7.351
132,F,CG,-40.275,15.496,-8.307
132,F,CD1,-41.528,15.46,-8.886
132,F,CD2,-39.469,16.615,-8.476
132,F,CE1,-41.929,16.486,-9.72
132,F,CE2,-39.891,17.631,-9.315
132,F,CZ,-41.093,17.543,-9.95
133,N,N,-42.709,15.217,-5.286
133,N,CA,-44.155,14.917,-5.018
133,N,C,-44.23,13.507,-4.387
133,N,O,-43.586,13.297,-3.377
133,N,CB,-44.963,15.165,-6.287
133,N,CG,-45.164,16.638,-6.585
133,N,OD1,-44.976,17.461,-5.693
133,N,ND2,-45.546,16.94,-7.805
134,G,N,-44.967,12.559,-4.953
134,G,CA,-45.099,11.222,-4.334
134,G,C,-44.076,10.227,-4.83
134,G,O,-44.191,9.044,-4.45
135,T,N,-43.092,10.676,-5.594
135,T,CA,-42.175,9.743,-6.263
135,T,C,-40.811,9.797,-5.569
135,T,O,-40.257,10.864,-5.374
135,T,CB,-42.05,10.049,-7.742
135,T,OG1,-43.338,9.939,-8.363
135,T,CG2,-41.089,9.073,-8.389
136,S,N,-40.239,8.644,-5.233
136,S,CA,-38.901,8.594,-4.598
136,S,C,-37.822,8.401,-5.687
136,S,O,-38.027,7.584,-6.596
136,S,CB,-38.824,7.536,-3.583
136,S,OG,-39.235,6.302,-4.171
137,L,N,-36.73,9.16,-5.605
137,L,CA,-35.642,9.153,-6.601
137,L,C,-34.341,8.921,-5.848
137,L,O,-34.073,9.626,-4.813
137,L,CB,-35.594,10.482,-7.328
137,L,CG,-36.86,10.891,-8.064
137,L,CD1,-36.753,12.298,-8.648
137,L,CD2,-37.152,9.895,-9.156
138,G,N,-33.511,8.023,-6.337
138,G,CA,-32.176,7.777,-5.773
138,G,C,-31.089,7.877,-6.82
138,G,O,-31.321,7.538,-8.032
139,F,N,-29.93,8.406,-6.429
139,F,CA,-28.829,8.662,-7.372
139,F,C,-27.538,8.231,-6.736
139,F,O,-27.259,8.664,-5.59
139,F,CB,-28.751,10.137,-7.757
139,F,CG,-30.017,10.669,-8.348
139,F,CD1,-30.283,10.543,-9.699
139,F,CD2,-30.971,11.276,-7.539
139,F,CE1,-31.47,11.043,-10.225
139,F,CE2,-32.177,11.719,-8.067
139,F,CZ,-32.427,11.596,-9.406
140,V,N,-26.743,7.397,-7.406
140,V,CA,-25.475,6.861,-6.89
140,V,C,-24.364,7.166,-7.878
140,V,O,-24.485,6.794,-9.054
140,V,CB,-25.543,5.34,-6.639
140,V,CG1,-24.192,4.828,-6.166
140,V,CG2,-26.649,4.995,-5.676
141,N,N,-23.289,7.815,-7.442
141,N,CA,-22.052,8.045,-8.204
141,N,C,-20.975,7.19,-7.586
141,N,O,-20.599,7.444,-6.424
141,N,CB,-21.651,9.517,-8.142
141,N,CG,-20.312,9.764,-8.779
141,N,OD1,-19.833,8.946,-9.544
141,N,ND2,-19.637,10.849,-8.445
142,S,N,-20.503,6.151,-8.241
142,S,CA,-19.448,5.271,-7.714
142,S,C,-18.197,5.391,-8.564
142,S,O,-18.257,5.416,-9.808
142,S,CB,-19.938,3.885,-7.538
142,S,OG,-20.214,3.29,-8.781
143,H,N,-17.046,5.3,-7.935
143,H,CA,-15.721,5.141,-8.544
143,H,C,-15.195,3.795,-8.084
143,H,O,-14.914,3.629,-6.882
143,H,CB,-14.798,6.274,-8.113
143,H,CG,-13.57,6.371,-8.921
143,H,ND1,-12.56,7.28,-8.662
143,H,CD2,-13.18,5.678,-10.004
143,H,CE1,-11.618,7.157,-9.547
143,H,NE2,-11.961,6.189,-10.426
144,L,N,-15.265,2.803,-8.928
144,L,CA,-14.893,1.421,-8.558
144,L,C,-13.406,1.153,-8.819
144,L,O,-12.703,1.963,-9.438
144,L,CB,-15.781,0.427,-9.304
144,L,CG,-17.291,0.624,-9.252
144,L,CD1,-18.007,-0.526,-9.943
144,L,CD2,-17.768,0.753,-7.813
145,T,N,-12.937,0.019,-8.295
145,T,CA,-11.52,-0.408,-8.404
145,T,C,-11.049,-0.361,-9.852
145,T,O,-11.734,-0.849,-10.743
145,T,CB,-11.401,-1.815,-7.823
145,T,OG1,-11.687,-1.731,-6.432
145,T,CG2,-10.015,-2.405,-7.959
146,S,N,-9.842,0.149,-10.069
146,S,CA,-9.26,0.256,-11.43
146,S,C,-8.524,-1.019,-11.826
146,S,O,-8.229,-1.854,-10.982
146,S,CB,-8.335,1.451,-11.581
146,S,OG,-7.219,1.215,-10.786
147,G,N,-8.244,-1.147,-13.112
147,G,CA,-7.35,-2.176,-13.643
147,G,C,-8.097,-3.27,-14.343
147,G,O,-9.064,-3.767,-13.838
148,S,N,-7.642,-3.648,-15.531
148,S,CA,-8.343,-4.656,-16.326
148,S,C,-8.454,-5.981,-15.615
148,S,O,-9.455,-6.67,-15.859
148,S,CB,-7.693,-4.839,-17.628
148,S,OG,-6.382,-5.396,-17.487
149,E,N,-7.547,-6.314,-14.703
149,E,CA,-7.464,-7.634,-14.051
149,E,C,-8.368,-7.693,-12.82
149,E,O,-8.502,-8.779,-12.224
149,E,CB,-5.982,-7.883,-13.704
149,E,CG,-5.319,-6.775,-12.896
149,E,CD,-5.121,-5.336,-13.411
149,E,OE1,-4.873,-5.105,-14.619
149,E,OE2,-5.114,-4.434,-12.572
150,K,N,-9.043,-6.601,-12.472
150,K,CA,-9.747,-6.518,-11.159
150,K,C,-11.279,-6.5,-11.303
150,K,O,-11.98,-5.918,-10.456
150,K,CB,-9.245,-5.287,-10.408
150,K,CG,-7.761,-5.425,-10.053
150,K,CD,-7.285,-4.565,-8.951
150,K,CE,-5.863,-4.915,-8.566
150,K,NZ,-5.163,-3.73,-8.041
151,K,N,-11.843,-7.139,-12.301
151,K,CA,-13.321,-7.121,-12.474
151,K,C,-14.026,-7.719,-11.251
151,K,O,-15.131,-7.275,-10.859
151,K,CB,-13.756,-7.776,-13.788
151,K,CG,-14.003,-9.257,-13.794
151,K,CD,-14.465,-9.719,-15.175
151,K,CE,-14.459,-11.223,-15.146
151,K,NZ,-14.677,-11.75,-16.507
152,L,N,-13.454,-8.764,-10.629
152,L,CA,-14.177,-9.372,-9.486
152,L,C,-14.165,-8.41,-8.292
152,L,O,-15.176,-8.378,-7.576
152,L,CB,-13.552,-10.735,-9.136
152,L,CG,-13.697,-11.826,-10.205
152,L,CD1,-13.033,-13.119,-9.753
152,L,CD2,-15.138,-12.07,-10.649
153,R,N,-13.118,-7.6,-8.147
153,R,CA,-13.094,-6.607,-7.067
153,R,C,-14.122,-5.523,-7.35
153,R,O,-14.763,-5.053,-6.435
153,R,CB,-11.679,-6.084,-6.836
153,R,CG,-10.98,-6.867,-5.718
153,R,CD,-9.673,-6.263,-5.206
153,R,NE,-9.883,-4.876,-4.798
153,R,CZ,-8.948,-3.932,-4.773
153,R,NH1,-7.709,-4.213,-5.157
153,R,NH2,-9.266,-2.697,-4.402
154,R,N,-14.307,-5.14,-8.608
154,R,CA,-15.361,-4.16,-8.934
154,R,C,-16.729,-4.735,-8.548
154,R,O,-17.602,-4.004,-8.05
154,R,CB,-15.318,-3.828,-10.425
154,R,CG,-14.168,-2.927,-10.819
154,R,CD,-14.208,-2.496,-12.287
154,R,NE,-13.652,-3.497,-13.196
154,R,CZ,-12.349,-3.605,-13.436
154,R,NH1,-11.474,-2.942,-12.711
154,R,NH2,-11.917,-4.48,-14.334
155,N,N,-16.946,-6.002,-8.833
155,N,CA,-18.25,-6.615,-8.517
155,N,C,-18.451,-6.621,-7.005
155,N,O,-19.556,-6.303,-6.543
155,N,CB,-18.379,-8.034,-9.055
155,N,CG,-18.305,-8.193,-10.546
155,N,OD1,-18.383,-7.237,-11.329
155,N,ND2,-18.173,-9.447,-10.979
156,Q,N,-17.404,-6.895,-6.257
156,Q,CA,-17.439,-6.823,-4.763
156,Q,C,-17.712,-5.373,-4.333
156,Q,O,-18.459,-5.158,-3.37
156,Q,CB,-16.142,-7.362,-4.169
156,Q,CG,-15.93,-8.866,-4.345
156,Q,CD,-14.529,-9.359,-3.991
156,Q,OE1,-13.545,-8.62,-3.945
156,Q,NE2,-14.431,-10.657,-3.717
157,N,N,-17.082,-4.378,-4.967
157,N,CA,-17.336,-2.959,-4.593
157,N,C,-18.841,-2.648,-4.792
157,N,O,-19.455,-1.993,-3.945
157,N,CB,-16.527,-2.004,-5.46
157,N,CG,-15.019,-2.125,-5.363
157,N,OD1,-14.291,-1.701,-6.267
157,N,ND2,-14.491,-2.633,-4.251
158,Y,N,-19.408,-3.067,-5.931
158,Y,CA,-20.827,-2.897,-6.221
158,Y,C,-21.689,-3.462,-5.082
158,Y,O,-22.578,-2.805,-4.599
158,Y,CB,-21.142,-3.512,-7.582
158,Y,CG,-22.605,-3.683,-7.814
158,Y,CD1,-23.4,-2.644,-8.286
158,Y,CD2,-23.254,-4.88,-7.536
158,Y,CE1,-24.748,-2.789,-8.475
158,Y,CE2,-24.609,-5.04,-7.755
158,Y,CZ,-25.375,-3.979,-8.202
158,Y,OH,-26.737,-4.091,-8.381
159,M,N,-21.395,-4.705,-4.693
159,M,CA,-22.168,-5.398,-3.638
159,M,C,-22.067,-4.658,-2.296
159,M,O,-23.102,-4.498,-1.629
159,M,CB,-21.709,-6.851,-3.468
159,M,CG,-21.869,-7.635,-4.719
159,M,SD,-23.62,-7.924,-5.126
159,M,CE,-23.495,-8.722,-6.731
160,N,N,-20.892,-4.132,-1.981
160,N,CA,-20.705,-3.347,-0.736
160,N,C,-21.491,-2.044,-0.809
160,N,O,-22.142,-1.68,0.165
160,N,CB,-19.226,-3.168,-0.39
160,N,CG,-18.697,-4.463,0.214
160,N,OD1,-19.397,-5.098,1.018
160,N,ND2,-17.524,-4.91,-0.205
161,I,N,-21.465,-1.333,-1.934
161,I,CA,-22.175,-0.049,-2.049
161,I,C,-23.671,-0.319,-1.908
161,I,O,-24.342,0.374,-1.176
161,I,CB,-21.788,0.659,-3.37
161,I,CG1,-20.318,1.084,-3.369
161,I,CG2,-22.708,1.813,-3.621
161,I,CD1,-19.773,1.289,-4.778
162,L,N,-24.187,-1.302,-2.626
162,L,CA,-25.62,-1.635,-2.624
162,L,C,-26.069,-1.961,-1.184
162,L,O,-27.144,-1.532,-0.766
162,L,CB,-25.687,-2.885,-3.531
162,L,CG,-26.986,-3.606,-3.662
162,L,CD1,-27.003,-4.362,-5.011
162,L,CD2,-27.224,-4.527,-2.506
163,R,N,-25.233,-2.664,-0.436
163,R,CA,-25.597,-3.147,0.922
163,R,C,-25.53,-1.988,1.926
163,R,O,-26.393,-1.939,2.818
163,R,CB,-24.668,-4.276,1.305
163,R,CG,-24.995,-4.951,2.623
163,R,CD,-24.166,-6.196,2.655
163,R,NE,-24.317,-6.796,3.951
163,R,CZ,-23.549,-7.754,4.429
163,R,NH1,-23.796,-8.226,5.64
163,R,NH2,-22.553,-8.228,3.704
164,F,N,-24.535,-1.109,1.836
164,F,CA,-24.203,-0.193,2.957
164,F,C,-24.595,1.251,2.679
164,F,O,-24.521,2.098,3.581
164,F,CB,-22.723,-0.339,3.298
164,F,CG,-22.412,-1.705,3.84
164,F,CD1,-23.1,-2.165,4.962
164,F,CD2,-21.533,-2.559,3.222
164,F,CE1,-22.871,-3.438,5.45
164,F,CE2,-21.315,-3.836,3.71
164,F,CZ,-21.956,-4.254,4.854
165,L,N,-25.002,1.596,1.47
165,L,CA,-25.348,2.999,1.231
165,L,C,-26.735,3.244,1.814
165,L,O,-27.692,2.51,1.483
165,L,CB,-25.186,3.3,-0.278
165,L,CG,-25.308,4.753,-0.693
165,L,CD1,-24.152,5.573,-0.262
165,L,CD2,-25.457,4.838,-2.199
166,A,N,-26.83,4.164,2.756
166,A,CA,-28.051,4.418,3.556
166,A,C,-28.784,5.635,2.972
166,A,O,-28.5,6.816,3.308
166,A,CB,-27.716,4.602,5.038
167,L,N,-29.693,5.39,2.039
167,L,CA,-30.511,6.45,1.415
167,L,C,-31.98,6.108,1.524
167,L,O,-32.32,4.901,1.729
167,L,CB,-30.14,6.581,-0.057
167,L,CG,-28.772,7.113,-0.402
167,L,CD1,-28.599,7.009,-1.909
167,L,CD2,-28.555,8.537,0.093
168,G,N,-32.881,7.06,1.271
168,G,CA,-34.303,6.729,1.172
168,G,C,-34.899,6.499,2.547
168,G,O,-34.26,6.868,3.589
169,D,N,-36.093,5.922,2.554
169,D,CA,-36.945,5.815,3.767
169,D,C,-36.363,4.76,4.711
169,D,O,-36.367,3.571,4.381
169,D,CB,-38.395,5.666,3.324
169,D,CG,-39.389,5.461,4.454
169,D,OD1,-38.977,5.547,5.657
169,D,OD2,-40.538,5.187,4.092
170,K,N,-35.916,5.181,5.902
170,K,CA,-35.297,4.284,6.905
170,K,C,-36.321,3.281,7.458
170,K,O,-35.889,2.182,7.961
170,K,CB,-34.672,5.123,8.023
170,K,CG,-33.587,6.089,7.565
170,K,CD,-32.318,5.406,7.115
170,K,CE,-31.363,6.354,6.411
170,K,NZ,-31.702,6.537,4.974
171,K,N,-37.62,3.546,7.312
171,K,CA,-38.66,2.541,7.682
171,K,C,-38.622,1.317,6.762
171,K,O,-39.21,0.258,7.135
171,K,CB,-40.081,3.112,7.641
171,K,CG,-40.377,4.123,8.748
171,K,CD,-41.801,4.64,8.678
171,K,CE,-41.892,6.143,8.676
171,K,NZ,-41.591,6.697,10.018
172,L,N,-38.02,1.433,5.573
172,L,CA,-37.935,0.273,4.65
172,L,C,-36.782,-0.623,5.081
172,L,O,-35.852,-0.861,4.274
172,L,CB,-37.772,0.806,3.226
172,L,CG,-38.965,1.591,2.701
172,L,CD1,-38.728,2.109,1.291
172,L,CD2,-40.236,0.774,2.69
173,S,N,-36.772,-1.078,6.339
173,S,CA,-35.553,-1.676,6.933
173,S,C,-35.123,-2.954,6.246
173,S,O,-33.929,-3.237,6.206
173,S,CB,-35.665,-1.866,8.429
173,S,OG,-36.714,-2.746,8.697
174,P,N,-36.017,-3.814,5.707
174,P,CA,-35.57,-4.982,4.97
174,P,C,-34.897,-4.683,3.628
174,P,O,-34.371,-5.627,3.04
174,P,CB,-36.889,-5.742,4.659
174,P,CG,-37.884,-5.18,5.578
174,P,CD,-37.466,-3.74,5.786
175,F,N,-35.051,-3.468,3.132
175,F,CA,-34.761,-3.172,1.71
175,F,C,-33.482,-2.354,1.572
175,F,O,-33.234,-1.449,2.36
175,F,CB,-35.909,-2.413,1.055
175,F,CG,-37.193,-3.205,1.119
175,F,CD1,-37.455,-4.217,0.225
175,F,CD2,-38.117,-2.956,2.118
175,F,CE1,-38.617,-4.969,0.358
175,F,CE2,-39.27,-3.715,2.25
175,F,CZ,-39.516,-4.712,1.362
176,N,N,-32.673,-2.712,0.589
176,N,CA,-31.497,-1.91,0.176
176,N,C,-31.91,-0.879,-0.876
176,N,O,-33.063,-0.826,-1.333
176,N,CB,-30.361,-2.853,-0.204
176,N,CG,-30.613,-3.658,-1.448
176,N,OD1,-30.945,-3.106,-2.492
176,N,ND2,-30.486,-4.977,-1.341
177,I,N,-30.939,-0.094,-1.319
177,I,CA,-31.249,0.977,-2.31
177,I,C,-31.873,0.43,-3.595
177,I,O,-32.497,1.234,-4.304
177,I,CB,-30.017,1.815,-2.671
177,I,CG1,-28.862,0.954,-3.153
177,I,CG2,-29.625,2.703,-1.521
177,I,CD1,-27.785,1.792,-3.826
178,T,N,-31.679,-0.854,-3.92
178,T,CA,-32.228,-1.398,-5.177
178,T,C,-33.751,-1.573,-5.087
178,T,O,-34.34,-1.947,-6.133
178,T,CB,-31.546,-2.678,-5.691
178,T,OG1,-31.878,-3.792,-4.872
178,T,CG2,-30.052,-2.554,-5.837
179,H,N,-34.374,-1.347,-3.92
179,H,CA,-35.839,-1.398,-3.797
179,H,C,-36.439,-0.176,-3.139
179,H,O,-37.653,-0.121,-3.107
179,H,CB,-36.306,-2.633,-3.031
179,H,CG,-36.17,-3.878,-3.821
179,H,ND1,-35.27,-4.833,-3.491
179,H,CD2,-36.82,-4.297,-4.927
179,H,CE1,-35.373,-5.818,-4.372
179,H,NE2,-36.291,-5.532,-5.263
180,R,N,-35.643,0.807,-2.744
180,R,CA,-36.222,1.928,-1.966
180,R,C,-36.779,3.033,-2.859
180,R,O,-37.385,3.966,-2.271
180,R,CB,-35.195,2.5,-0.982
180,R,CG,-34.907,1.594,0.195
180,R,CD,-34.083,2.274,1.261
180,R,NE,-33.924,1.4,2.402
180,R,CZ,-33.475,1.749,3.588
180,R,NH1,-33.04,2.983,3.807
180,R,NH2,-33.411,0.845,4.554
181,F,N,-36.525,3.034,-4.172
181,F,CA,-36.868,4.2,-5.025
181,F,C,-37.713,3.8,-6.215
181,F,O,-37.461,2.792,-6.874
181,F,CB,-35.584,4.872,-5.561
181,F,CG,-34.647,5.224,-4.424
181,F,CD1,-34.971,6.223,-3.528
181,F,CD2,-33.53,4.453,-4.17
181,F,CE1,-34.201,6.446,-2.412
181,F,CE2,-32.733,4.717,-3.062
181,F,CZ,-33.073,5.735,-2.197
182,T,N,-38.682,4.641,-6.571
182,T,CA,-39.411,4.519,-7.842
182,T,C,-38.39,4.425,-8.994
182,T,O,-38.557,3.642,-9.921
182,T,CB,-40.369,5.675,-8.09
182,T,OG1,-41.087,5.922,-6.879
182,T,CG2,-41.325,5.388,-9.216
183,H,N,-37.405,5.296,-8.961
183,H,CA,-36.356,5.349,-9.987
183,H,C,-35.022,5.456,-9.256
183,H,O,-34.817,6.4,-8.434
183,H,CB,-36.502,6.563,-10.883
183,H,CG,-37.82,6.695,-11.555
183,H,ND1,-38.101,5.951,-12.677
183,H,CD2,-38.86,7.561,-11.375
183,H,CE1,-39.309,6.335,-13.11
183,H,NE2,-39.775,7.313,-12.344
184,L,N,-34.088,4.564,-9.566
184,L,CA,-32.702,4.597,-9.065
184,L,C,-31.758,4.735,-10.241
184,L,O,-31.828,3.906,-11.169
184,L,CB,-32.396,3.317,-8.285
184,L,CG,-30.938,3.109,-7.897
184,L,CD1,-30.446,4.146,-6.923
184,L,CD2,-30.754,1.733,-7.296
185,F,N,-30.869,5.725,-10.251
185,F,CA,-29.839,5.919,-11.286
185,F,C,-28.495,5.637,-10.636
185,F,O,-28.202,6.172,-9.577
185,F,CB,-29.946,7.331,-11.824
185,F,CG,-31.273,7.557,-12.512
185,F,CD1,-31.424,7.277,-13.875
185,F,CD2,-32.343,8.077,-11.801
185,F,CE1,-32.673,7.435,-14.477
185,F,CE2,-33.575,8.287,-12.432
185,F,CZ,-33.726,7.926,-13.751
186,W,N,-27.702,4.78,-11.263
186,W,CA,-26.369,4.422,-10.751
186,W,C,-25.367,4.681,-11.861
186,W,O,-25.511,4.14,-12.955
186,W,CB,-26.335,2.973,-10.287
186,W,CG,-25.108,2.579,-9.515
186,W,CD1,-23.801,2.918,-9.742
186,W,CD2,-25.068,1.664,-8.41
186,W,NE1,-22.984,2.306,-8.825
186,W,CE2,-23.733,1.51,-8.021
186,W,CE3,-26.064,0.946,-7.758
186,W,CZ2,-23.344,0.692,-6.953
186,W,CZ3,-25.699,0.172,-6.682
186,W,CH2,-24.351,0.045,-6.311
187,F,N,-24.401,5.529,-11.615
187,F,CA,-23.48,6.019,-12.643
187,F,C,-22.106,6.165,-12.027
187,F,O,-21.935,6.018,-10.785
187,F,CB,-24.006,7.309,-13.301
187,F,CG,-24.485,8.322,-12.289
187,F,CD1,-25.756,8.232,-11.763
187,F,CD2,-23.677,9.354,-11.869
187,F,CE1,-26.204,9.101,-10.775
187,F,CE2,-24.141,10.254,-10.916
187,F,CZ,-25.388,10.121,-10.375
188,G,N,-21.118,6.446,-12.847
188,G,CA,-19.765,6.757,-12.384
188,G,C,-18.687,6.229,-13.296
188,G,O,-18.953,5.743,-14.425
189,D,N,-17.456,6.318,-12.791
189,D,CA,-16.309,5.588,-13.366
189,D,C,-16.319,4.211,-12.758
189,D,O,-15.752,3.942,-11.667
189,D,CB,-15.009,6.359,-13.131
189,D,CG,-13.825,5.612,-13.718
189,D,OD1,-14.049,4.528,-14.329
189,D,OD2,-12.663,6.125,-13.616
190,L,N,-17.096,3.34,-13.362
190,L,CA,-17.261,1.966,-12.926
190,L,C,-16.032,1.133,-13.299
190,L,O,-15.868,0.062,-12.711
190,L,CB,-18.552,1.389,-13.521
190,L,CG,-19.826,2.204,-13.316
190,L,CD1,-21.034,1.383,-13.76
190,L,CD2,-19.978,2.653,-11.886
191,N,N,-15.195,1.583,-14.231
191,N,CA,-13.828,1.084,-14.425
191,N,C,-13.823,-0.296,-15.071
191,N,O,-12.734,-0.907,-15.096
191,N,CB,-13.026,1.106,-13.115
191,N,CG,-11.865,2.06,-13.147
191,N,OD1,-11.172,2.165,-14.151
191,N,ND2,-11.643,2.802,-12.069
192,Y,N,-14.944,-0.774,-15.606
192,Y,CA,-14.897,-2.032,-16.368
192,Y,C,-14.258,-1.765,-17.736
192,Y,O,-14.478,-0.748,-18.371
192,Y,CB,-16.287,-2.611,-16.494
192,Y,CG,-16.862,-3.152,-15.202
192,Y,CD1,-16.611,-4.463,-14.79
192,Y,CD2,-17.663,-2.378,-14.366
192,Y,CE1,-17.177,-4.956,-13.607
192,Y,CE2,-18.19,-2.848,-13.178
192,Y,CZ,-17.963,-4.156,-12.796
192,Y,OH,-18.473,-4.634,-11.618
193,R,N,-13.486,-2.73,-18.185
193,R,CA,-12.601,-2.568,-19.356
193,R,C,-13.024,-3.519,-20.473
193,R,O,-13.809,-4.471,-20.298
193,R,CB,-11.157,-2.881,-18.952
193,R,CG,-10.645,-2.106,-17.749
193,R,CD,-10.843,-0.609,-17.807
193,R,NE,-10.383,0.085,-16.638
193,R,CZ,-9.138,0.501,-16.452
193,R,NH1,-8.227,0.318,-17.393
193,R,NH2,-8.844,1.104,-15.313
194,V,N,-12.482,-3.231,-21.642
194,V,CA,-12.601,-4.111,-22.819
194,V,C,-11.52,-5.179,-22.67
194,V,O,-10.35,-4.832,-22.713
194,V,CB,-12.477,-3.298,-24.111
194,V,CG1,-12.316,-4.228,-25.283
194,V,CG2,-13.674,-2.376,-24.3
195,D,N,-11.927,-6.42,-22.52
195,D,CA,-11.029,-7.548,-22.21
195,D,C,-10.611,-8.234,-23.514
195,D,O,-11.203,-9.243,-23.958
195,D,CB,-11.69,-8.487,-21.222
195,D,CG,-10.74,-9.605,-20.807
195,D,OD1,-9.514,-9.402,-20.903
195,D,OD2,-11.245,-10.685,-20.471
196,L,N,-9.61,-7.632,-24.095
196,L,CA,-8.926,-8.176,-25.294
196,L,C,-7.443,-8.237,-24.944
196,L,O,-6.943,-7.561,-24.037
196,L,CB,-9.234,-7.271,-26.484
196,L,CG,-10.606,-7.514,-27.099
196,L,CD1,-10.951,-6.412,-28.05
196,L,CD2,-10.678,-8.847,-27.83
197,P,N,-6.655,-9.069,-25.669
197,P,CA,-5.229,-9.111,-25.382
197,P,C,-4.538,-7.764,-25.626
197,P,O,-4.93,-7.014,-26.521
197,P,CB,-4.695,-10.163,-26.354
197,P,CG,-5.891,-11.006,-26.729
197,P,CD,-7.09,-10.07,-26.663
198,T,N,-3.477,-7.491,-24.866
198,T,CA,-2.777,-6.182,-24.893
198,T,C,-2.126,-5.996,-26.265
198,T,O,-1.986,-4.856,-26.681
198,T,CB,-1.85,-6.023,-23.674
198,T,OG1,-0.843,-7.028,-23.735
198,T,CG2,-2.547,-6.175,-22.339
199,W,N,-1.715,-7.076,-26.951
199,W,CA,-1.097,-6.959,-28.299
199,W,C,-2.119,-6.575,-29.383
199,W,O,-1.692,-6.284,-30.477
199,W,CB,-0.346,-8.248,-28.652
199,W,CG,-1.192,-9.48,-28.734
199,W,CD1,-1.945,-9.899,-29.788
199,W,CD2,-1.333,-10.493,-27.718
199,W,NE1,-2.552,-11.097,-29.499
199,W,CE2,-2.197,-11.484,-28.233
199,W,CE3,-0.834,-10.646,-26.413
199,W,CZ2,-2.551,-12.616,-27.498
199,W,CZ3,-1.177,-11.776,-25.693
199,W,CH2,-2.024,-12.743,-26.233
200,E,N,-3.413,-6.532,-29.087
200,E,CA,-4.46,-6.126,-30.05
200,E,C,-4.732,-4.626,-29.941
200,E,O,-5.664,-4.169,-30.578
200,E,CB,-5.768,-6.855,-29.774
200,E,CG,-5.671,-8.353,-29.925
200,E,CD,-5.987,-8.821,-31.322
200,E,OE1,-6.969,-9.591,-31.456
200,E,OE2,-5.261,-8.397,-32.268
201,A,N,-3.98,-3.882,-29.131
201,A,CA,-4.233,-2.452,-28.931
201,A,C,-4.413,-1.719,-30.26
201,A,O,-5.371,-0.968,-30.395
201,A,CB,-3.149,-1.82,-28.117
202,E,N,-3.475,-1.872,-31.207
202,E,CA,-3.535,-1.08,-32.45
202,E,C,-4.766,-1.505,-33.246
202,E,O,-5.388,-0.617,-33.84
202,E,CB,-2.225,-1.14,-33.245
202,E,CG,-1.145,-0.321,-32.606
202,E,CD,-1.389,1.181,-32.466
202,E,OE1,-0.788,1.79,-31.551
202,E,OE2,-2.124,1.759,-33.279
203,T,N,-5.11,-2.795,-33.243
203,T,CA,-6.344,-3.282,-33.883
203,T,C,-7.591,-2.635,-33.254
203,T,O,-8.522,-2.215,-33.981
203,T,CB,-6.451,-4.805,-33.783
203,T,OG1,-5.233,-5.353,-34.268
203,T,CG2,-7.593,-5.373,-34.576
204,I,N,-7.621,-2.495,-31.925
204,I,CA,-8.761,-1.829,-31.241
204,I,C,-8.856,-0.38,-31.7
204,I,O,-9.934,0.092,-32.012
204,I,CB,-8.579,-1.953,-29.71
204,I,CG1,-8.72,-3.413,-29.303
204,I,CG2,-9.535,-1.049,-28.965
204,I,CD1,-8.191,-3.714,-27.898
205,I,N,-7.743,0.311,-31.726
205,I,CA,-7.709,1.724,-32.149
205,I,C,-8.224,1.847,-33.601
205,I,O,-8.999,2.78,-33.891
205,I,CB,-6.3,2.28,-31.927
205,I,CG1,-6.024,2.422,-30.416
205,I,CG2,-6.132,3.544,-32.692
205,I,CD1,-4.674,2.974,-30.165
206,Q,N,-7.862,0.906,-34.475
206,Q,CA,-8.334,1.031,-35.869
206,Q,C,-9.856,0.765,-35.921
206,Q,O,-10.545,1.463,-36.693
206,Q,CB,-7.434,0.184,-36.782
206,Q,CG,-5.961,0.607,-36.821
206,Q,CD,-5.671,1.695,-37.815
206,Q,OE1,-5.789,2.872,-37.501
206,Q,NE2,-5.224,1.298,-38.999
207,K,N,-10.401,-0.15,-35.112
207,K,CA,-11.851,-0.406,-35.04
207,K,C,-12.565,0.867,-34.576
207,K,O,-13.601,1.228,-35.141
207,K,CB,-12.164,-1.571,-34.095
207,K,CG,-11.554,-2.899,-34.493
207,K,CD,-12.092,-3.451,-35.783
207,K,CE,-11.569,-4.847,-36.006
207,K,NZ,-11.932,-5.352,-37.344
208,I,N,-12.034,1.528,-33.552
208,I,CA,-12.658,2.781,-33.062
208,I,C,-12.661,3.827,-34.175
208,I,O,-13.696,4.461,-34.349
208,I,CB,-11.958,3.286,-31.783
208,I,CG1,-12.06,2.253,-30.669
208,I,CG2,-12.487,4.675,-31.366
208,I,CD1,-11.137,2.578,-29.509
209,K,N,-11.562,3.983,-34.896
209,K,CA,-11.485,4.962,-36.016
209,K,C,-12.491,4.659,-37.113
209,K,O,-12.954,5.633,-37.721
209,K,CB,-10.086,4.991,-36.629
209,K,CG,-9.04,5.544,-35.687
209,K,CD,-7.68,5.722,-36.301
209,K,CE,-6.749,6.491,-35.393
209,K,NZ,-5.35,6.365,-35.857
210,Q,N,-12.827,3.375,-37.322
210,Q,CA,-13.849,2.945,-38.287
210,Q,C,-15.258,3.046,-37.708
210,Q,O,-16.25,2.685,-38.369
210,Q,CB,-13.575,1.515,-38.751
210,Q,CG,-12.27,1.381,-39.535
210,Q,CD,-11.89,-0.048,-39.791
210,Q,OE1,-12.255,-0.614,-40.818
210,Q,NE2,-11.191,-0.678,-38.861
211,Q,N,-15.381,3.459,-36.433
211,Q,CA,-16.679,3.482,-35.722
211,Q,C,-17.34,2.108,-35.73
211,Q,O,-18.584,2.034,-35.819
211,Q,CB,-17.565,4.606,-36.266
211,Q,CG,-16.834,5.929,-36.235
211,Q,CD,-17.703,7.065,-36.718
211,Q,OE1,-18.693,7.416,-36.087
211,Q,NE2,-17.344,7.623,-37.865
212,Q,N,-16.547,1.044,-35.607
212,Q,CA,-17.012,-0.352,-35.587
212,Q,C,-16.86,-0.844,-34.152
212,Q,O,-15.797,-1.372,-33.843
212,Q,CB,-16.258,-1.149,-36.664
212,Q,CG,-16.73,-0.808,-38.063
212,Q,CD,-15.933,-1.484,-39.181
212,Q,OE1,-15.265,-2.486,-38.99
212,Q,NE2,-16.117,-0.959,-40.385
213,Y,N,-17.885,-0.67,-33.334
213,Y,CA,-17.743,-0.944,-31.881
213,Y,C,-18.198,-2.352,-31.533
213,Y,O,-17.943,-2.76,-30.399
213,Y,CB,-18.514,0.079,-31.044
213,Y,CG,-18.184,1.516,-31.368
213,Y,CD1,-16.875,1.948,-31.526
213,Y,CD2,-19.177,2.468,-31.521
213,Y,CE1,-16.557,3.255,-31.83
213,Y,CE2,-18.869,3.778,-31.847
213,Y,CZ,-17.568,4.194,-31.979
213,Y,OH,-17.345,5.506,-32.319
214,A,N,-18.831,-3.112,-32.433
214,A,CA,-19.512,-4.368,-32.022
214,A,C,-18.534,-5.386,-31.447
214,A,O,-18.864,-5.959,-30.409
214,A,CB,-20.292,-4.957,-33.192
215,D,N,-17.389,-5.614,-32.067
215,D,CA,-16.392,-6.606,-31.582
215,D,C,-15.684,-6.081,-30.325
215,D,O,-14.97,-6.881,-29.652
215,D,CB,-15.38,-6.965,-32.674
215,D,CG,-15.988,-7.545,-33.945
215,D,OD1,-17.085,-8.154,-33.87
215,D,OD2,-15.347,-7.383,-34.996
216,L,N,-15.739,-4.776,-30.019
216,L,CA,-15.23,-4.306,-28.714
216,L,C,-16.306,-4.49,-27.637
216,L,O,-15.968,-4.968,-26.552
216,L,CB,-14.843,-2.834,-28.875
216,L,CG,-13.887,-2.546,-30.036
216,L,CD1,-13.54,-1.084,-30.104
216,L,CD2,-12.618,-3.394,-29.944
217,L,N,-17.561,-4.084,-27.934
217,L,CA,-18.617,-4.2,-26.896
217,L,C,-18.834,-5.658,-26.486
217,L,O,-19.239,-5.923,-25.355
217,L,CB,-19.92,-3.585,-27.381
217,L,CG,-19.908,-2.068,-27.429
217,L,CD1,-21.014,-1.538,-28.321
217,L,CD2,-19.964,-1.465,-26.025
218,S,N,-18.596,-6.618,-27.377
218,S,CA,-18.756,-8.044,-27.043
218,S,C,-17.724,-8.493,-26.011
218,S,O,-17.957,-9.561,-25.395
218,S,CB,-18.728,-8.879,-28.309
218,S,OG,-17.449,-8.829,-28.858
219,H,N,-16.693,-7.701,-25.74
219,H,CA,-15.672,-8.001,-24.711
219,H,C,-15.709,-6.982,-23.582
219,H,O,-14.833,-7.03,-22.697
219,H,CB,-14.312,-8.022,-25.387
219,H,CG,-14.16,-9.163,-26.336
219,H,ND1,-14.544,-9.096,-27.672
219,H,CD2,-13.763,-10.421,-26.092
219,H,CE1,-14.338,-10.285,-28.228
219,H,NE2,-13.857,-11.109,-27.295
220,D,N,-16.708,-6.103,-23.549
220,D,CA,-16.851,-5.168,-22.408
220,D,C,-17.199,-5.926,-21.144
220,D,O,-18.165,-6.677,-21.142
220,D,CB,-17.951,-4.16,-22.699
220,D,CG,-18.262,-3.245,-21.522
220,D,OD1,-17.464,-2.332,-21.333
220,D,OD2,-19.297,-3.428,-20.883
221,Q,N,-16.38,-5.734,-20.116
221,Q,CA,-16.55,-6.527,-18.893
221,Q,C,-17.901,-6.254,-18.214
221,Q,O,-18.464,-7.16,-17.587
221,Q,CB,-15.441,-6.319,-17.871
221,Q,CG,-14.074,-6.856,-18.326
221,Q,CD,-12.952,-6.381,-17.445
221,Q,OE1,-13.073,-5.323,-16.79
221,Q,NE2,-11.841,-7.13,-17.424
222,L,N,-18.426,-5.03,-18.233
222,L,CA,-19.703,-4.768,-17.561
222,L,C,-20.83,-5.503,-18.286
222,L,O,-21.654,-6.127,-17.625
222,L,CB,-19.952,-3.251,-17.455
222,L,CG,-21.236,-2.85,-16.743
222,L,CD1,-21.406,-3.554,-15.409
222,L,CD2,-21.301,-1.333,-16.645
223,L,N,-20.885,-5.429,-19.611
223,L,CA,-21.918,-6.144,-20.37
223,L,C,-21.769,-7.641,-20.095
223,L,O,-22.807,-8.251,-19.942
223,L,CB,-21.843,-5.82,-21.857
223,L,CG,-22.16,-4.371,-22.226
223,L,CD1,-21.947,-4.103,-23.709
223,L,CD2,-23.538,-4.026,-21.816
224,T,N,-20.575,-8.209,-20.126
224,T,CA,-20.465,-9.679,-19.95
224,T,C,-20.799,-10.044,-18.506
224,T,O,-21.536,-10.982,-18.309
224,T,CB,-19.116,-10.177,-20.49
224,T,OG1,-18.064,-9.722,-19.658
224,T,CG2,-18.828,-9.791,-21.917
225,E,N,-20.365,-9.271,-17.534
225,E,CA,-20.694,-9.604,-16.121
225,E,C,-22.204,-9.474,-15.864
225,E,O,-22.745,-10.278,-15.082
225,E,CB,-19.913,-8.754,-15.129
225,E,CG,-18.441,-9.106,-15.067
225,E,CD,-18.116,-10.541,-14.656
225,E,OE1,-17.982,-10.777,-13.448
225,E,OE2,-18.035,-11.477,-15.534
226,R,N,-22.884,-8.501,-16.458
226,R,CA,-24.347,-8.33,-16.326
226,R,C,-25.01,-9.54,-16.998
226,R,O,-25.952,-10.042,-16.393
226,R,CB,-24.809,-7.009,-16.93
226,R,CG,-24.488,-5.848,-15.996
226,R,CD,-24.704,-4.525,-16.672
226,R,NE,-25.962,-4.367,-17.374
226,R,CZ,-26.13,-3.676,-18.517
226,R,NH1,-25.114,-3.002,-19.061
226,R,NH2,-27.324,-3.636,-19.042
227,R,N,-24.548,-9.952,-18.185
227,R,CA,-25.189,-11.103,-18.907
227,R,C,-25.1,-12.344,-18.024
227,R,O,-26.049,-13.153,-18.072
227,R,CB,-24.506,-11.345,-20.258
227,R,CG,-25.251,-12.31,-21.178
227,R,CD,-24.634,-12.407,-22.56
227,R,NE,-24.741,-11.125,-23.259
227,R,CZ,-23.702,-10.289,-23.503
227,R,NH1,-22.46,-10.625,-23.181
227,R,NH2,-23.916,-9.113,-24.079
228,E,N,-23.995,-12.541,-17.31
228,E,CA,-23.764,-13.713,-16.423
228,E,C,-24.398,-13.481,-15.051
228,E,O,-24.169,-14.3,-14.144
228,E,CB,-22.273,-14.074,-16.411
228,E,CG,-21.855,-14.612,-17.767
228,E,CD,-20.37,-14.786,-18.023
228,E,OE1,-19.674,-15.271,-17.115
228,E,OE2,-19.938,-14.436,-19.156
229,Q,N,-25.125,-12.375,-14.795
229,Q,CA,-25.815,-12.111,-13.509
229,Q,C,-24.812,-12.048,-12.355
229,Q,O,-25.094,-12.496,-11.228
229,Q,CB,-26.957,-13.121,-13.284
229,Q,CG,-28.031,-12.948,-14.328
229,Q,CD,-29.178,-13.921,-14.052
229,Q,OE1,-29.637,-14.075,-12.938
229,Q,NE2,-29.681,-14.546,-15.104
230,K,N,-23.661,-11.419,-12.592
230,K,CA,-22.61,-11.271,-11.569
230,K,C,-22.684,-9.888,-10.946
230,K,O,-22.108,-9.724,-9.876
230,K,CB,-21.219,-11.466,-12.181
230,K,CG,-21.018,-12.784,-12.906
230,K,CD,-21.254,-13.945,-11.975
230,K,CE,-20.868,-15.268,-12.606
230,K,NZ,-19.4,-15.414,-12.623
231,V,N,-23.402,-8.931,-11.565
231,V,CA,-23.418,-7.532,-11.066
231,V,C,-24.621,-6.828,-11.703
231,V,O,-25.071,-7.243,-12.777
231,V,CB,-22.086,-6.857,-11.426
231,V,CG1,-21.951,-6.482,-12.874
231,V,CG2,-21.784,-5.691,-10.545
232,F,N,-25.13,-5.798,-11.088
232,F,CA,-26.198,-4.916,-11.624
232,F,C,-27.392,-5.77,-12.046
232,F,O,-28.0,-5.459,-13.056
232,F,CB,-25.616,-4.048,-12.748
232,F,CG,-24.866,-2.823,-12.243
232,F,CD1,-25.542,-1.72,-11.734
232,F,CD2,-23.485,-2.781,-12.282
232,F,CE1,-24.837,-0.605,-11.307
232,F,CE2,-22.793,-1.691,-11.791
232,F,CZ,-23.468,-0.586,-11.353
233,L,N,-27.781,-6.735,-11.224
233,L,CA,-28.949,-7.577,-11.556
233,L,C,-30.2,-6.679,-11.603
233,L,O,-30.465,-5.883,-10.61
233,L,CB,-29.058,-8.731,-10.553
233,L,CG,-30.179,-9.704,-10.866
233,L,CD1,-29.905,-10.469,-12.134
233,L,CD2,-30.347,-10.626,-9.663
234,H,N,-30.954,-6.777,-12.695
234,H,CA,-32.244,-6.098,-12.9
234,H,C,-32.069,-4.607,-13.132
234,H,O,-33.068,-3.898,-13.051
234,H,CB,-33.219,-6.324,-11.744
234,H,CG,-33.443,-7.765,-11.457
234,H,ND1,-33.547,-8.269,-10.167
234,H,CD2,-33.62,-8.793,-12.272
234,H,CE1,-33.771,-9.554,-10.23
234,H,NE2,-33.78,-9.928,-11.512
235,F,N,-30.875,-4.16,-13.493
235,F,CA,-30.658,-2.782,-13.995
235,F,C,-30.715,-2.765,-15.511
235,F,O,-30.429,-3.789,-16.169
235,F,CB,-29.309,-2.232,-13.549
235,F,CG,-29.23,-1.736,-12.14
235,F,CD1,-29.308,-2.625,-11.115
235,F,CD2,-29.181,-0.37,-11.838
235,F,CE1,-29.235,-2.204,-9.798
235,F,CE2,-29.164,0.052,-10.517
235,F,CZ,-29.15,-0.869,-9.507
236,E,N,-31.005,-1.61,-16.084
236,E,CA,-31.039,-1.321,-17.533
236,E,C,-29.861,-0.403,-17.873
236,E,O,-29.361,0.385,-17.026
236,E,CB,-32.335,-0.609,-17.905
236,E,CG,-33.594,-1.337,-17.472
236,E,CD,-33.83,-2.692,-18.093
236,E,OE1,-33.279,-2.98,-19.216
236,E,OE2,-34.567,-3.497,-17.428
237,E,N,-29.404,-0.466,-19.12
237,E,CA,-28.439,0.488,-19.702
237,E,C,-28.889,0.688,-21.148
237,E,O,-29.156,-0.327,-21.856
237,E,CB,-26.994,-0.003,-19.625
237,E,CG,-25.991,1.047,-20.008
237,E,CD,-24.528,0.662,-20.15
237,E,OE1,-24.253,-0.585,-20.313
237,E,OE2,-23.652,1.521,-20.041
238,E,N,-28.829,1.894,-21.644
238,E,CA,-29.029,2.193,-23.079
238,E,C,-27.862,1.598,-23.896
238,E,O,-26.739,1.444,-23.392
238,E,CB,-29.17,3.705,-23.269
238,E,CG,-29.414,4.136,-24.738
238,E,CD,-30.698,3.55,-25.278
238,E,OE1,-31.76,4.04,-24.878
238,E,OE2,-30.645,2.45,-25.947
239,E,N,-28.142,1.241,-25.173
239,E,CA,-27.096,0.749,-26.07
239,E,C,-26.032,1.811,-26.246
239,E,O,-26.366,3.002,-26.365
239,E,CB,-27.704,0.33,-27.418
239,E,CG,-26.691,-0.197,-28.412
239,E,CD,-27.185,-0.43,-29.847
239,E,OE1,-26.346,-0.851,-30.682
239,E,OE2,-28.355,-0.129,-30.143
240,I,N,-24.783,1.394,-26.2
240,I,CA,-23.601,2.253,-26.398
240,I,C,-23.28,2.411,-27.872
240,I,O,-23.043,1.392,-28.568
240,I,CB,-22.376,1.665,-25.659
240,I,CG1,-22.632,1.69,-24.154
240,I,CG2,-21.115,2.43,-26.002
240,I,CD1,-21.669,0.849,-23.349
241,T,N,-23.308,3.65,-28.352
241,T,CA,-23.041,3.966,-29.765
241,T,C,-22.005,5.082,-29.856
241,T,O,-21.885,5.731,-30.914
241,T,CB,-24.34,4.331,-30.485
241,T,OG1,-24.866,5.557,-29.954
241,T,CG2,-25.365,3.236,-30.386
242,F,N,-21.177,5.261,-28.83
242,F,CA,-20.101,6.271,-28.735
242,F,C,-18.796,5.51,-28.564
242,F,O,-18.799,4.379,-28.016
242,F,CB,-20.349,7.321,-27.655
242,F,CG,-20.758,6.785,-26.302
242,F,CD1,-22.071,6.44,-26.009
242,F,CD2,-19.808,6.613,-25.305
242,F,CE1,-22.398,5.926,-24.764
242,F,CE2,-20.133,6.165,-24.042
242,F,CZ,-21.437,5.822,-23.764
243,A,N,-17.68,6.14,-28.924
243,A,CA,-16.334,5.553,-28.754
243,A,C,-16.021,5.369,-27.277
243,A,O,-16.492,6.15,-26.458
243,A,CB,-15.271,6.434,-29.338
244,P,N,-15.121,4.448,-26.952
244,P,CA,-14.578,4.356,-25.599
244,P,C,-14.147,5.714,-25.046
244,P,O,-13.59,6.538,-25.758
244,P,CB,-13.408,3.388,-25.752
244,P,CG,-13.839,2.505,-26.908
244,P,CD,-14.534,3.434,-27.845
245,T,N,-14.482,5.95,-23.767
245,T,CA,-14.29,7.267,-23.136
245,T,C,-12.984,7.382,-22.361
245,T,O,-12.729,8.44,-21.782
245,T,CB,-15.478,7.572,-22.211
245,T,OG1,-15.595,6.536,-21.242
245,T,CG2,-16.768,7.718,-22.996
246,Y,N,-12.179,6.327,-22.341
246,Y,CA,-10.906,6.181,-21.605
246,Y,C,-10.008,5.319,-22.504
246,Y,O,-10.518,4.399,-23.139
246,Y,CB,-11.206,5.544,-20.261
246,Y,CG,-10.028,5.359,-19.339
246,Y,CD1,-9.475,6.486,-18.763
246,Y,CD2,-9.436,4.134,-19.075
246,Y,CE1,-8.417,6.397,-17.886
246,Y,CE2,-8.38,4.027,-18.163
246,Y,CZ,-7.83,5.178,-17.635
246,Y,OH,-6.768,5.112,-16.726
247,R,N,-8.679,5.502,-22.5
247,R,CA,-7.927,6.535,-21.836
247,R,C,-7.334,7.41,-22.947
247,R,O,-6.591,6.884,-23.794
247,R,CB,-6.801,5.899,-21.001
247,R,CG,-5.939,6.946,-20.295
247,R,CD,-4.795,6.372,-19.478
247,R,NE,-4.245,7.511,-18.724
247,R,CZ,-2.959,7.682,-18.421
247,R,NH1,-2.084,6.783,-18.785
247,R,NH2,-2.568,8.745,-17.736
248,F,N,-7.656,8.696,-22.942
248,F,CA,-7.219,9.699,-23.93
248,F,C,-5.937,10.403,-23.491
248,F,O,-5.779,10.691,-22.307
248,F,CB,-8.277,10.762,-24.162
248,F,CG,-9.48,10.264,-24.909
248,F,CD1,-9.431,10.047,-26.274
248,F,CD2,-10.665,9.983,-24.238
248,F,CE1,-10.541,9.616,-26.974
248,F,CE2,-11.783,9.556,-24.938
248,F,CZ,-11.714,9.342,-26.303
249,E,N,-5.107,10.743,-24.462
249,E,CA,-4.127,11.84,-24.31
249,E,C,-4.918,13.109,-23.993
249,E,O,-5.964,13.363,-24.624
249,E,CB,-3.25,11.903,-25.577
249,E,CG,-2.164,12.954,-25.537
249,E,CD,-1.293,12.972,-26.798
249,E,OE1,-1.034,14.088,-27.325
249,E,OE2,-0.886,11.879,-27.26
250,R,N,-4.438,13.927,-23.058
250,R,CA,-5.106,15.212,-22.733
250,R,C,-4.91,16.229,-23.864
250,R,O,-3.877,16.105,-24.604
250,R,CB,-4.577,15.673,-21.374
250,R,CG,-5.117,14.767,-20.278
250,R,CD,-4.659,15.211,-18.936
250,R,NE,-4.638,14.132,-17.99
250,R,CZ,-5.25,14.211,-16.817
250,R,NH1,-6.05,15.235,-16.554
250,R,NH2,-5.121,13.231,-15.961
251,L,N,-5.851,17.172,-23.985
251,L,CA,-5.885,18.397,-24.837
251,L,C,-6.28,18.084,-26.287
251,L,O,-6.464,19.033,-27.055
251,L,CB,-4.541,19.136,-24.769
251,L,CG,-4.065,19.522,-23.374
251,L,CD1,-2.807,20.385,-23.468
251,L,CD2,-5.135,20.251,-22.58
252,T,N,-6.501,16.81,-26.626
252,T,CA,-7.05,16.374,-27.924
252,T,C,-7.924,15.151,-27.654
252,T,O,-7.853,14.706,-26.457
252,T,CB,-5.892,16.026,-28.869
252,T,OG1,-6.509,15.638,-30.085
252,T,CG2,-4.992,14.932,-28.388
253,R,N,-8.698,14.622,-28.622
253,R,CA,-9.284,13.258,-28.475
253,R,C,-8.73,12.379,-29.612
253,R,O,-9.273,11.253,-29.898
253,R,CB,-10.826,13.241,-28.53
253,R,CG,-11.587,14.051,-27.487
253,R,CD,-11.544,13.5,-26.066
253,R,NE,-10.281,13.734,-25.397
253,R,CZ,-10.086,13.71,-24.069
253,R,NH1,-11.056,13.346,-23.234
253,R,NH2,-8.898,14.055,-23.602
254,D,N,-7.656,12.808,-30.231
254,D,CA,-7.158,12.079,-31.43
254,D,C,-6.396,10.812,-31.04
254,D,O,-6.244,9.919,-31.937
254,D,CB,-6.275,12.993,-32.287
254,D,CG,-7.044,14.119,-32.958
254,D,OD1,-8.303,14.04,-33.003
254,D,OD2,-6.394,15.081,-33.413
255,K,N,-5.91,10.703,-29.809
255,K,CA,-5.022,9.581,-29.436
255,K,C,-5.477,8.946,-28.132
255,K,O,-5.728,9.683,-27.167
255,K,CB,-3.547,10.006,-29.37
255,K,CG,-2.862,10.06,-30.738
255,K,CD,-1.332,10.213,-30.695
255,K,CE,-0.884,11.655,-30.633
255,K,NZ,0.43,11.782,-29.953
256,Y,N,-5.525,7.627,-28.119
256,Y,CA,-5.713,6.799,-26.92
256,Y,C,-4.332,6.481,-26.339
256,Y,O,-3.453,6.014,-27.093
256,Y,CB,-6.455,5.505,-27.211
256,Y,CG,-7.934,5.706,-27.439
256,Y,CD1,-8.804,5.783,-26.369
256,Y,CD2,-8.473,5.879,-28.705
256,Y,CE1,-10.154,6.009,-26.539
256,Y,CE2,-9.822,6.107,-28.889
256,Y,CZ,-10.685,6.158,-27.799
256,Y,OH,-12.014,6.376,-28.002
257,A,N,-4.132,6.749,-25.053
257,A,CA,-2.888,6.472,-24.305
257,A,C,-3.029,5.143,-23.581
257,A,O,-3.668,5.09,-22.492
257,A,CB,-2.6,7.59,-23.335
258,Y,N,-2.621,4.056,-24.198
258,Y,CA,-2.892,2.697,-23.669
258,Y,C,-1.649,2.013,-23.095
258,Y,O,-1.795,1.039,-22.395
258,Y,CB,-3.526,1.789,-24.741
258,Y,CG,-2.636,1.532,-25.934
258,Y,CD1,-1.708,0.507,-25.876
258,Y,CD2,-2.677,2.332,-27.059
258,Y,CE1,-0.836,0.264,-26.931
258,Y,CE2,-1.835,2.076,-28.142
258,Y,CZ,-0.923,1.041,-28.066
258,Y,OH,-0.07,0.791,-29.13
259,T,N,-0.447,2.423,-23.472
259,T,CA,0.744,1.581,-23.203
259,T,C,1.103,1.652,-21.719
259,T,O,0.721,2.636,-21.07
259,T,CB,1.925,1.963,-24.104
259,T,OG1,2.718,0.776,-24.166
259,T,CG2,2.699,3.148,-23.575
260,K,N,1.782,0.613,-21.232
260,K,CA,2.181,0.535,-19.809
260,K,C,3.325,1.533,-19.565
260,K,O,4.229,1.636,-20.437
260,K,CB,2.506,-0.895,-19.389
260,K,CG,3.747,-1.486,-20.004
260,K,CD,3.942,-2.932,-19.577
260,K,CE,5.319,-3.401,-20.0
260,K,NZ,5.567,-4.814,-19.644
261,Q,N,3.243,2.26,-18.453
261,Q,CA,4.212,3.324,-18.068
261,Q,C,4.434,3.244,-16.558
261,Q,O,3.57,2.702,-15.841
261,Q,CB,3.726,4.726,-18.44
261,Q,CG,3.465,4.934,-19.925
261,Q,CD,4.683,4.934,-20.823
261,Q,OE1,4.568,4.856,-22.049
261,Q,NE2,5.872,5.02,-20.243
262,K,N,5.539,3.805,-16.034
262,K,CA,5.726,3.853,-14.561
262,K,C,4.502,4.509,-13.923
262,K,O,3.996,3.983,-12.911
262,K,CB,6.986,4.634,-14.183
262,K,CG,8.273,3.852,-14.342
262,K,CD,9.473,4.603,-13.773
262,K,CE,10.171,5.43,-14.826
262,K,NZ,11.606,5.612,-14.5
263,A,N,3.981,5.555,-14.575
263,A,CA,2.823,6.328,-14.077
263,A,C,1.547,5.473,-14.0
263,A,O,0.696,5.861,-13.199
263,A,CB,2.627,7.569,-14.917
264,T,N,1.429,4.357,-14.736
264,T,CA,0.233,3.462,-14.664
264,T,C,0.517,2.22,-13.836
264,T,O,-0.274,1.259,-13.884
264,T,CB,-0.237,3.019,-16.053
264,T,OG1,0.736,2.198,-16.694
264,T,CG2,-0.584,4.181,-16.95
265,G,N,1.624,2.213,-13.081
265,G,CA,2.05,1.005,-12.37
265,G,C,2.35,-0.118,-13.328
265,G,O,2.085,-1.306,-12.965
266,M,N,2.863,0.216,-14.514
266,M,CA,3.161,-0.747,-15.609
266,M,C,1.924,-1.567,-15.96
266,M,O,2.047,-2.789,-16.174
266,M,CB,4.233,-1.762,-15.191
266,M,CG,5.531,-1.17,-14.742
266,M,SD,6.156,0.073,-15.862
266,M,CE,6.673,-0.824,-17.317
267,K,N,0.773,-0.916,-15.977
267,K,CA,-0.485,-1.533,-16.47
267,K,C,-0.83,-0.94,-17.841
267,K,O,-0.635,0.273,-18.046
267,K,CB,-1.591,-1.3,-15.447
267,K,CG,-1.427,-2.141,-14.186
267,K,CD,-2.384,-1.755,-13.103
267,K,CE,-2.046,-2.327,-11.737
267,K,NZ,-1.288,-3.596,-11.823
268,Y,N,-1.363,-1.792,-18.699
268,Y,CA,-1.996,-1.377,-19.968
268,Y,C,-3.385,-0.804,-19.654
268,Y,O,-4.064,-1.338,-18.758
268,Y,CB,-2.125,-2.55,-20.949
268,Y,CG,-0.835,-2.962,-21.616
268,Y,CD1,-0.428,-2.35,-22.783
268,Y,CD2,-0.011,-3.917,-21.03
268,Y,CE1,0.767,-2.702,-23.391
268,Y,CE2,1.197,-4.272,-21.616
268,Y,CZ,1.579,-3.664,-22.804
268,Y,OH,2.762,-3.998,-23.412
269,N,N,-3.761,0.257,-20.353
269,N,CA,-5.148,0.801,-20.333
269,N,C,-5.693,0.736,-21.752
269,N,O,-5.761,1.758,-22.409
269,N,CB,-5.224,2.187,-19.698
269,N,CG,-4.915,2.203,-18.22
269,N,OD1,-5.648,1.633,-17.392
269,N,ND2,-3.805,2.881,-17.906
270,L,N,-6.102,-0.443,-22.185
270,L,CA,-6.742,-0.541,-23.531
270,L,C,-8.006,0.317,-23.508
270,L,O,-8.688,0.409,-22.48
270,L,CB,-7.098,-1.974,-23.861
270,L,CG,-5.918,-2.918,-24.026
270,L,CD1,-6.459,-4.293,-24.309
270,L,CD2,-4.992,-2.435,-25.097
271,P,N,-8.387,0.91,-24.638
271,P,CA,-9.587,1.753,-24.712
271,P,C,-10.789,1.03,-24.129
271,P,O,-11.052,-0.113,-24.481
271,P,CB,-9.704,2.036,-26.203
271,P,CG,-8.267,2.057,-26.704
271,P,CD,-7.654,0.923,-25.927
272,S,N,-11.54,1.71,-23.258
272,S,CA,-12.637,1.1,-22.519
272,S,C,-13.771,2.076,-22.297
272,S,O,-13.554,3.308,-22.266
272,S,CB,-12.115,0.657,-21.202
272,S,OG,-11.235,-0.466,-21.333
273,W,N,-14.935,1.505,-22.035
273,W,CA,-16.116,2.285,-21.622
273,W,C,-16.189,2.277,-20.091
273,W,O,-16.988,1.589,-19.493
273,W,CB,-17.369,1.728,-22.291
273,W,CG,-17.491,2.035,-23.752
273,W,CD1,-17.923,3.212,-24.312
273,W,CD2,-17.181,1.155,-24.839
273,W,NE1,-17.924,3.11,-25.684
273,W,CE2,-17.458,1.873,-26.036
273,W,CE3,-16.626,-0.124,-24.931
273,W,CZ2,-17.278,1.331,-27.305
273,W,CZ3,-16.49,-0.698,-26.193
273,W,CH2,-16.754,0.056,-27.344
274,C,N,-15.298,3.033,-19.471
274,C,CA,-15.256,3.075,-17.997
274,C,C,-16.469,3.816,-17.417
274,C,O,-16.838,3.551,-16.255
274,C,CB,-14.004,3.772,-17.533
274,C,SG,-12.549,2.726,-17.832
275,D,N,-17.043,4.745,-18.143
275,D,CA,-17.918,5.815,-17.624
275,D,C,-19.354,5.529,-18.072
275,D,O,-19.584,5.519,-19.307
275,D,CB,-17.373,7.111,-18.136
275,D,CG,-15.882,7.225,-17.795
275,D,OD1,-15.577,7.223,-16.553
275,D,OD2,-15.028,7.232,-18.706
276,R,N,-20.251,5.198,-17.161
276,R,CA,-21.517,4.502,-17.477
276,R,C,-22.651,5.091,-16.689
276,R,O,-22.437,5.636,-15.575
276,R,CB,-21.341,3.021,-17.186
276,R,CG,-20.18,2.329,-17.89
276,R,CD,-20.28,2.245,-19.409
276,R,NE,-20.987,1.013,-19.785
276,R,CZ,-20.424,-0.188,-19.997
276,R,NH1,-19.125,-0.338,-19.913
276,R,NH2,-21.208,-1.194,-20.332
277,V,N,-23.863,4.908,-17.228
277,V,CA,-25.128,5.261,-16.577
277,V,C,-26.083,4.097,-16.694
277,V,O,-26.365,3.697,-17.813
277,V,CB,-25.761,6.537,-17.114
277,V,CG1,-27.003,6.813,-16.32
277,V,CG2,-24.814,7.741,-17.092
278,L,N,-26.525,3.581,-15.557
278,L,CA,-27.515,2.486,-15.495
278,L,C,-28.693,2.948,-14.643
278,L,O,-28.586,3.903,-13.862
278,L,CB,-26.92,1.195,-14.938
278,L,CG,-25.762,0.637,-15.77
278,L,CD1,-24.407,1.114,-15.266
278,L,CD2,-25.782,-0.902,-15.751
279,W,N,-29.831,2.281,-14.755
279,W,CA,-31.014,2.602,-13.94
279,W,C,-31.833,1.376,-13.623
279,W,O,-31.754,0.386,-14.324
279,W,CB,-31.874,3.694,-14.576
279,W,CG,-32.693,3.257,-15.756
279,W,CD1,-34.008,2.905,-15.74
279,W,CD2,-32.265,3.177,-17.111
279,W,NE1,-34.41,2.601,-17.018
279,W,CE2,-33.38,2.792,-17.883
279,W,CE3,-31.048,3.482,-17.737
279,W,CZ2,-33.278,2.596,-19.268
279,W,CZ3,-30.957,3.273,-19.092
279,W,CH2,-32.054,2.86,-19.831
280,K,N,-32.63,1.526,-12.584
280,K,CA,-33.589,0.501,-12.159
280,K,C,-34.828,1.236,-11.666
280,K,O,-34.719,1.983,-10.653
280,K,CB,-33.011,-0.393,-11.088
280,K,CG,-33.962,-1.522,-10.704
280,K,CD,-33.486,-2.392,-9.612
280,K,CE,-34.501,-3.501,-9.35
280,K,NZ,-34.149,-4.211,-8.122
281,S,N,-35.966,0.976,-12.288
281,S,CA,-37.232,1.624,-11.915
281,S,C,-38.229,0.537,-11.519
281,S,O,-38.074,-0.604,-11.918
281,S,CB,-37.738,2.49,-12.994
281,S,OG,-36.812,3.521,-13.316
282,Y,N,-39.184,0.89,-10.675
282,Y,CA,-40.268,-0.054,-10.312
282,Y,C,-40.953,-0.55,-11.579
282,Y,O,-41.036,0.169,-12.578
282,Y,CB,-41.238,0.597,-9.335
282,Y,CG,-40.779,0.826,-7.927
282,Y,CD1,-39.707,0.178,-7.358
282,Y,CD2,-41.47,1.69,-7.11
282,Y,CE1,-39.334,0.338,-6.031
282,Y,CE2,-41.149,1.826,-5.772
282,Y,CZ,-40.055,1.195,-5.215
282,Y,OH,-39.752,1.389,-3.903
283,P,N,-41.501,-1.788,-11.547
283,P,CA,-42.162,-2.347,-12.715
283,P,C,-43.304,-1.452,-13.223
283,P,O,-44.116,-0.93,-12.459
283,P,CB,-42.614,-3.747,-12.292
283,P,CG,-42.481,-3.775,-10.812
283,P,CD,-41.455,-2.702,-10.412
284,L,N,-43.341,-1.316,-14.544
284,L,CA,-44.392,-0.634,-15.342
284,L,C,-44.397,0.872,-15.121
284,L,O,-45.225,1.508,-15.749
284,L,CB,-45.771,-1.25,-15.079
284,L,CG,-45.844,-2.71,-15.521
284,L,CD1,-47.253,-3.265,-15.31
284,L,CD2,-45.403,-2.93,-16.962
285,V,N,-43.443,1.476,-14.405
285,V,CA,-43.389,2.953,-14.373
285,V,C,-42.681,3.432,-15.636
285,V,O,-41.657,2.823,-16.082
285,V,CB,-42.627,3.44,-13.135
285,V,CG1,-42.543,4.945,-13.097
285,V,CG2,-43.223,2.854,-11.858
286,H,N,-43.21,4.503,-16.21
286,H,CA,-42.626,5.179,-17.395
286,H,C,-41.186,5.649,-17.109
286,H,O,-40.96,6.442,-16.18
286,H,CB,-43.489,6.361,-17.844
286,H,CG,-43.007,6.999,-19.083
286,H,ND1,-43.324,6.525,-20.331
286,H,CD2,-42.177,8.049,-19.282
286,H,CE1,-42.742,7.285,-21.245
286,H,NE2,-42.051,8.226,-20.624
287,V,N,-40.235,5.149,-17.883
287,V,CA,-38.828,5.644,-17.916
287,V,C,-38.267,5.358,-19.302
287,V,O,-38.289,4.233,-19.779
287,V,CB,-37.979,5.073,-16.754
287,V,CG1,-37.955,3.561,-16.744
287,V,CG2,-36.567,5.676,-16.801
288,V,N,-37.868,6.409,-19.981
288,V,CA,-37.351,6.325,-21.355
288,V,C,-36.035,7.089,-21.398
288,V,O,-36.0,8.28,-21.0
288,V,CB,-38.361,6.931,-22.338
288,V,CG1,-37.796,7.109,-23.748
288,V,CG2,-39.646,6.086,-22.344
289,C,N,-34.993,6.451,-21.861
289,C,CA,-33.694,7.106,-22.124
289,C,C,-33.787,7.911,-23.411
289,C,O,-34.066,7.297,-24.504
289,C,CB,-32.579,6.083,-22.195
289,C,SG,-30.976,6.854,-22.436
290,Q,N,-33.531,9.204,-23.319
290,Q,CA,-33.64,10.128,-24.468
290,Q,C,-32.26,10.473,-25.047
290,Q,O,-32.179,10.947,-26.198
290,Q,CB,-34.232,11.474,-24.055
290,Q,CG,-35.618,11.399,-23.425
290,Q,CD,-36.254,12.768,-23.265
290,Q,OE1,-37.463,12.949,-23.408
290,Q,NE2,-35.438,13.761,-22.986
291,S,N,-31.167,10.23,-24.329
291,S,CA,-29.792,10.466,-24.832
291,S,C,-28.831,9.619,-23.987
291,S,O,-29.126,9.325,-22.831
291,S,CB,-29.309,11.916,-24.848
291,S,OG,-29.155,12.423,-23.529
292,Y,N,-27.771,9.178,-24.604
292,Y,CA,-26.659,8.448,-23.947
292,Y,C,-25.437,8.573,-24.834
292,Y,O,-25.424,8.0,-25.951
292,Y,CB,-26.991,6.992,-23.66
292,Y,CG,-26.012,6.239,-22.819
292,Y,CD1,-25.445,6.828,-21.687
292,Y,CD2,-25.752,4.884,-23.019
292,Y,CE1,-24.602,6.13,-20.837
292,Y,CE2,-24.962,4.163,-22.128
292,Y,CZ,-24.388,4.78,-21.028
292,Y,OH,-23.612,4.097,-20.109
293,G,N,-24.455,9.361,-24.416
293,G,CA,-23.298,9.629,-25.253
293,G,C,-22.173,10.281,-24.533
293,G,O,-22.246,10.438,-23.28
294,S,N,-21.203,10.707,-25.286
294,S,CA,-20.007,11.332,-24.724
294,S,C,-19.748,12.631,-25.438
294,S,O,-20.089,12.713,-26.638
294,S,CB,-18.837,10.427,-24.784
294,S,OG,-18.499,10.106,-26.133
295,T,N,-19.15,13.582,-24.758
295,T,CA,-18.72,14.819,-25.438
295,T,C,-17.417,14.561,-26.205
295,T,O,-16.621,13.658,-25.869
295,T,CB,-18.625,15.98,-24.435
295,T,OG1,-17.598,15.652,-23.478
295,T,CG2,-19.941,16.278,-23.756
296,S,N,-17.173,15.438,-27.193
296,S,CA,-15.996,15.382,-28.089
296,S,C,-15.063,16.579,-27.875
296,S,O,-13.896,16.524,-28.329
296,S,CB,-16.424,15.28,-29.547
296,S,OG,-17.355,14.213,-29.755
297,D,N,-15.524,17.616,-27.191
297,D,CA,-14.828,18.933,-27.14
297,D,C,-14.329,19.282,-25.738
297,D,O,-13.895,20.439,-25.513
297,D,CB,-15.758,20.004,-27.672
297,D,CG,-17.071,20.215,-26.925
297,D,OD1,-17.509,19.284,-26.183
297,D,OD2,-17.702,21.262,-27.156
298,I,N,-14.44,18.37,-24.776
298,I,CA,-13.969,18.621,-23.389
298,I,C,-12.777,17.706,-23.18
298,I,O,-12.962,16.478,-23.127
298,I,CB,-15.092,18.432,-22.367
298,I,CG1,-16.232,19.425,-22.611
298,I,CG2,-14.528,18.508,-20.941
298,I,CD1,-17.499,19.137,-21.852
299,M,N,-11.563,18.25,-23.099
299,M,CA,-10.328,17.452,-23.307
299,M,C,-9.29,17.642,-22.193
299,M,O,-8.159,17.221,-22.361
299,M,CB,-9.713,17.79,-24.691
299,M,CG,-10.719,17.639,-25.792
299,M,SD,-10.116,18.027,-27.44
299,M,CE,-10.258,19.811,-27.411
300,T,N,-9.69,18.167,-21.021
300,T,CA,-8.759,18.4,-19.895
300,T,C,-8.462,17.098,-19.163
300,T,O,-7.456,17.012,-18.491
300,T,CB,-9.371,19.447,-18.964
300,T,OG1,-10.723,19.086,-18.638
300,T,CG2,-9.405,20.823,-19.589
301,S,N,-9.321,16.084,-19.254
301,S,CA,-9.111,14.792,-18.617
301,S,C,-8.688,13.715,-19.599
301,S,O,-8.935,13.863,-20.805
301,S,CB,-10.407,14.401,-17.922
301,S,OG,-10.261,13.205,-17.248
302,D,N,-8.193,12.624,-19.047
302,D,CA,-7.943,11.388,-19.817
302,D,C,-9.242,10.598,-20.033
302,D,O,-9.22,9.603,-20.722
302,D,CB,-6.853,10.52,-19.181
302,D,CG,-6.954,10.145,-17.713
302,D,OD1,-7.864,10.651,-17.041
302,D,OD2,-6.068,9.383,-17.258
303,H,N,-10.362,11.047,-19.463
303,H,CA,-11.723,10.541,-19.783
303,H,C,-12.531,11.636,-20.467
303,H,O,-12.335,12.853,-20.171
303,H,CB,-12.513,10.186,-18.513
303,H,CG,-11.967,9.099,-17.693
303,H,ND1,-12.619,7.9,-17.546
303,H,CD2,-10.914,9.064,-16.853
303,H,CE1,-11.948,7.16,-16.692
303,H,NE2,-10.897,7.863,-16.249
304,S,N,-13.444,11.282,-21.36
304,S,CA,-14.496,12.219,-21.824
304,S,C,-15.715,12.108,-20.929
304,S,O,-16.082,11.012,-20.468
304,S,CB,-14.877,11.936,-23.259
304,S,OG,-13.799,12.39,-24.1
305,P,N,-16.37,13.231,-20.633
305,P,CA,-17.686,13.222,-19.986
305,P,C,-18.701,12.357,-20.716
305,P,O,-18.729,12.326,-21.953
305,P,CB,-18.143,14.669,-20.032
305,P,CG,-16.857,15.475,-20.11
305,P,CD,-15.926,14.6,-20.943
306,V,N,-19.58,11.749,-19.953
306,V,CA,-20.738,10.978,-20.404
306,V,C,-22.023,11.648,-19.941
306,V,O,-22.105,12.082,-18.786
306,V,CB,-20.641,9.485,-20.037
306,V,CG1,-21.926,8.715,-20.203
306,V,CG2,-19.53,8.811,-20.792
307,F,N,-23.0,11.723,-20.797
307,F,CA,-24.346,12.216,-20.497
307,F,C,-25.394,11.129,-20.718
307,F,O,-25.263,10.323,-21.664
307,F,CB,-24.717,13.44,-21.331
307,F,CG,-24.413,13.343,-22.811
307,F,CD1,-25.254,12.68,-23.683
307,F,CD2,-23.253,13.892,-23.317
307,F,CE1,-24.951,12.574,-25.033
307,F,CE2,-22.97,13.845,-24.689
307,F,CZ,-23.812,13.158,-25.527
308,A,N,-26.467,11.185,-19.958
308,A,CA,-27.667,10.404,-20.255
308,A,C,-28.844,11.253,-19.818
308,A,O,-28.762,11.958,-18.791
308,A,CB,-27.655,9.06,-19.589
309,T,N,-29.932,11.224,-20.553
309,T,CA,-31.144,11.934,-20.118
309,T,C,-32.337,10.997,-20.179
309,T,O,-32.358,10.013,-20.965
309,T,CB,-31.413,13.188,-20.954
309,T,OG1,-31.607,12.807,-22.321
309,T,CG2,-30.326,14.203,-20.87
310,F,N,-33.307,11.249,-19.324
310,F,CA,-34.472,10.358,-19.115
310,F,C,-35.753,11.186,-19.024
310,F,O,-35.754,12.269,-18.405
310,F,CB,-34.294,9.54,-17.831
310,F,CG,-33.083,8.661,-17.85
310,F,CD1,-31.843,9.141,-17.477
310,F,CD2,-33.182,7.387,-18.372
310,F,CE1,-30.717,8.35,-17.602
310,F,CE2,-32.061,6.581,-18.447
310,F,CZ,-30.836,7.057,-18.09
311,E,N,-36.829,10.595,-19.518
311,E,CA,-38.203,10.993,-19.154
311,E,C,-38.62,10.03,-18.086
311,E,O,-38.466,8.814,-18.342
311,E,CB,-39.247,10.738,-20.228
311,E,CG,-38.968,11.493,-21.467
311,E,CD,-40.036,11.299,-22.528
311,E,OE1,-40.905,10.411,-22.38
311,E,OE2,-39.979,12.056,-23.487
312,A,N,-39.078,10.508,-16.952
312,A,CA,-39.41,9.654,-15.808
312,A,C,-40.804,9.97,-15.269
312,A,O,-41.085,11.141,-14.993
312,A,CB,-38.395,9.802,-14.713
313,G,N,-41.62,8.939,-15.121
313,G,CA,-42.982,9.089,-14.56
313,G,C,-42.936,9.516,-13.11
313,G,O,-42.186,8.887,-12.32
314,V,N,-43.777,10.479,-12.698
314,V,CA,-43.93,10.878,-11.282
314,V,C,-45.423,10.971,-10.953
314,V,O,-46.239,11.061,-11.897
314,V,CB,-43.204,12.202,-11.0
314,V,CG1,-41.687,12.016,-11.091
314,V,CG2,-43.668,13.296,-11.958
315,T,N,-45.708,10.868,-9.669
315,T,CA,-47.091,10.876,-9.133
315,T,C,-47.239,11.948,-8.07
315,T,O,-46.226,12.461,-7.519
315,T,CB,-47.448,9.492,-8.61
315,T,OG1,-46.584,9.145,-7.533
315,T,CG2,-47.402,8.449,-9.704
316,S,N,-48.507,12.252,-7.8
316,S,CA,-48.926,13.122,-6.671
316,S,C,-49.394,12.24,-5.497
316,S,O,-49.662,11.026,-5.707
316,S,CB,-50.001,14.088,-7.14
316,S,OG,-49.582,14.823,-8.292
317,Q,N,-49.48,12.813,-4.294
317,Q,CA,-49.839,12.038,-3.068
317,Q,C,-51.368,12.039,-2.856
317,Q,O,-51.838,11.284,-1.977
317,Q,CB,-49.035,12.557,-1.867
317,Q,CG,-47.72,11.79,-1.652
317,Q,CD,-46.717,12.5,-0.767
317,Q,OE1,-46.666,13.73,-0.691
317,Q,NE2,-45.881,11.728,-0.097
318,F,N,-52.126,12.82,-3.622
318,F,CA,-53.618,12.828,-3.579
318,F,C,-54.109,13.207,-2.174
318,F,O,-55.169,12.717,-1.731
318,F,CB,-54.204,11.462,-3.975
318,F,CG,-54.304,11.189,-5.456
318,F,CD1,-53.165,11.045,-6.245
318,F,CD2,-55.55,10.989,-6.049
318,F,CE1,-53.28,10.724,-7.594
318,F,CE2,-55.656,10.676,-7.398
318,F,CZ,-54.526,10.58,-8.176
319,V,N,-53.392,14.095,-1.492
319,V,CA,-53.817,14.582,-0.144
319,V,C,-54.997,15.554,-0.355
319,V,O,-55.775,15.744,0.615
319,V,CB,-52.655,15.209,0.667
319,V,CG1,-53.002,15.229,2.147
319,V,CG2,-51.317,14.501,0.477
320,Q,N,-62.436,1.867,1.924
320,Q,CA,-63.055,1.735,0.573
320,Q,C,-62.277,0.72,-0.288
320,Q,O,-62.91,-0.216,-0.808
320,Q,CB,-63.099,3.089,-0.141
320,Q,CG,-64.119,4.068,0.429
320,Q,CD,-64.393,5.235,-0.492
320,Q,OE1,-64.411,6.391,-0.069
320,Q,NE2,-64.607,4.943,-1.767
321,G,N,-60.959,0.926,-0.451
321,G,CA,-60.054,0.115,-1.296
321,G,C,-59.357,-1.009,-0.531
321,G,O,-59.247,-0.964,0.709
322,Q,N,-58.841,-1.987,-1.264
322,Q,CA,-58.334,-3.237,-0.674
322,Q,C,-57.383,-3.92,-1.654
322,Q,O,-57.671,-3.971,-2.885
322,Q,CB,-59.533,-4.12,-0.338
322,Q,CG,-59.228,-5.25,0.622
322,Q,CD,-60.444,-6.128,0.837
322,Q,OE1,-60.584,-6.791,1.869
322,Q,NE2,-61.338,-6.133,-0.147
323,I,N,-56.318,-4.517,-1.114
323,I,CA,-55.38,-5.36,-1.903
323,I,C,-55.37,-6.734,-1.263
323,I,O,-54.993,-6.802,-0.063
323,I,CB,-53.971,-4.757,-1.917
323,I,CG1,-54.006,-3.256,-2.212
323,I,CG2,-53.129,-5.531,-2.908
323,I,CD1,-52.711,-2.539,-1.872
324,E,N,-55.757,-7.735,-2.034
324,E,CA,-55.756,-9.145,-1.582
324,E,C,-54.729,-9.944,-2.377
324,E,O,-54.858,-10.015,-3.609
324,E,CB,-57.126,-9.788,-1.793
324,E,CG,-58.199,-9.204,-0.899
324,E,CD,-59.574,-9.812,-1.106
324,E,OE1,-59.899,-10.793,-0.383
324,E,OE2,-60.312,-9.306,-1.987
325,F,N,-53.808,-10.597,-1.66
325,F,CA,-52.799,-11.573,-2.181
325,F,C,-53.325,-12.992,-1.951
325,F,O,-53.485,-13.341,-0.763
325,F,CB,-51.456,-11.339,-1.484
325,F,CG,-50.729,-10.109,-1.968
325,F,CD1,-50.034,-10.145,-3.158
325,F,CD2,-50.774,-8.919,-1.255
325,F,CE1,-49.387,-9.019,-3.648
325,F,CE2,-50.109,-7.8,-1.737
325,F,CZ,-49.42,-7.851,-2.926
326,L,N,-53.592,-13.759,-3.015
326,L,CA,-54.239,-15.104,-2.975
326,L,C,-53.318,-16.183,-3.557
326,L,O,-52.761,-15.948,-4.661
326,L,CB,-55.509,-15.102,-3.835
326,L,CG,-56.339,-13.822,-3.86
326,L,CD1,-57.414,-13.935,-4.939
326,L,CD2,-56.949,-13.55,-2.494
327,R,N,-53.289,-17.371,-2.93
327,R,CA,-52.568,-18.554,-3.468
327,R,C,-51.129,-18.127,-3.816
327,R,O,-50.67,-18.383,-4.917
327,R,CB,-53.248,-19.102,-4.721
327,R,CG,-54.534,-19.861,-4.428
327,R,CD,-55.277,-20.191,-5.718
327,R,NE,-55.987,-19.024,-6.24
327,R,CZ,-57.079,-18.46,-5.693
327,R,NH1,-57.63,-17.399,-6.266
327,R,NH2,-57.618,-18.942,-4.582
328,C,N,-50.511,-17.424,-2.899
328,C,CA,-49.114,-16.983,-3.09
328,C,C,-48.135,-18.023,-2.535
328,C,O,-48.404,-18.636,-1.507
328,C,CB,-48.911,-15.635,-2.448
328,C,SG,-49.7,-14.345,-3.436
329,Y,N,-46.97,-18.115,-3.16
329,Y,CA,-45.866,-18.902,-2.586
329,Y,C,-44.528,-18.336,-3.046
329,Y,O,-44.421,-17.762,-4.169
329,Y,CB,-45.987,-20.354,-2.999
329,Y,CG,-46.016,-20.554,-4.481
329,Y,CD1,-47.215,-20.446,-5.161
329,Y,CD2,-44.895,-20.957,-5.191
329,Y,CE1,-47.286,-20.635,-6.526
329,Y,CE2,-44.952,-21.182,-6.557
329,Y,CZ,-46.152,-21.017,-7.225
329,Y,OH,-46.228,-21.21,-8.574
330,A,N,-43.554,-18.497,-2.154
330,A,CA,-42.163,-18.068,-2.388
330,A,C,-41.36,-19.322,-2.689
330,A,O,-41.621,-20.369,-2.043
330,A,CB,-41.67,-17.263,-1.229
331,T,N,-40.511,-19.272,-3.704
331,T,CA,-39.552,-20.369,-3.973
331,T,C,-38.169,-19.839,-3.621
331,T,O,-37.813,-18.8,-4.188
331,T,CB,-39.633,-20.785,-5.437
331,T,OG1,-40.997,-21.15,-5.661
331,T,CG2,-38.742,-21.962,-5.732
332,L,N,-37.505,-20.405,-2.605
332,L,CA,-36.225,-19.861,-2.105
332,L,C,-35.067,-20.801,-2.401
332,L,O,-35.271,-22.027,-2.293
332,L,CB,-36.263,-19.633,-0.597
332,L,CG,-37.398,-18.779,-0.069
332,L,CD1,-37.193,-18.542,1.417
332,L,CD2,-37.506,-17.472,-0.835
333,K,N,-33.898,-20.232,-2.705
333,K,CA,-32.652,-20.991,-2.968
333,K,C,-31.987,-21.424,-1.642
333,K,O,-31.193,-22.376,-1.685
333,K,CB,-31.758,-20.131,-3.865
333,K,CG,-32.319,-19.971,-5.272
333,K,CD,-31.435,-19.177,-6.211
333,K,CE,-32.189,-18.675,-7.435
333,K,NZ,-32.553,-19.787,-8.346
334,T,N,-32.364,-20.844,-0.506
334,T,CA,-31.833,-21.169,0.863
334,T,C,-31.905,-22.653,1.242
334,T,O,-32.902,-23.322,0.926
334,T,CB,-32.6,-20.462,1.988
334,T,OG1,-31.818,-20.643,3.171
334,T,CG2,-33.995,-20.993,2.255
335,K,N,-30.929,-23.114,2.038
335,K,CA,-30.907,-24.492,2.62
335,K,C,-31.485,-24.467,4.042
335,K,O,-31.744,-25.564,4.587
335,K,CB,-29.489,-25.072,2.574
335,K,CG,-28.683,-24.614,1.364
335,K,CD,-28.19,-25.706,0.445
335,K,CE,-27.224,-25.17,-0.595
335,K,NZ,-25.865,-24.986,-0.026
336,S,N,-31.706,-23.273,4.604
336,S,CA,-32.396,-23.029,5.897
336,S,C,-33.725,-23.8,5.963
336,S,O,-34.31,-24.092,4.893
336,S,CB,-32.62,-21.562,6.107
336,S,OG,-32.762,-21.279,7.481
337,Q,N,-34.172,-24.123,7.183
337,Q,CA,-35.485,-24.767,7.463
337,Q,C,-36.242,-24.024,8.579
337,Q,O,-37.177,-24.601,9.117
337,Q,CB,-35.27,-26.243,7.815
337,Q,CG,-35.062,-27.105,6.579
337,Q,CD,-34.458,-28.456,6.869
337,Q,OE1,-33.792,-28.666,7.885
337,Q,NE2,-34.681,-29.387,5.953
338,T,N,-35.866,-22.791,8.926
338,T,CA,-36.719,-21.876,9.729
338,T,C,-38.092,-21.798,9.036
338,T,O,-38.194,-22.051,7.83
338,T,CB,-36.073,-20.486,9.886
338,T,OG1,-36.911,-19.57,10.611
338,T,CG2,-35.749,-19.852,8.55
339,K,N,-39.092,-21.339,9.766
339,K,CA,-40.326,-20.772,9.21
339,K,C,-40.016,-19.338,8.74
339,K,O,-39.066,-18.705,9.217
339,K,CB,-41.417,-20.812,10.267
339,K,CG,-41.719,-22.214,10.793
339,K,CD,-42.082,-22.234,12.273
339,K,CE,-42.702,-23.545,12.725
339,K,NZ,-44.187,-23.484,12.731
340,F,N,-40.878,-18.879,7.864
340,F,CA,-40.79,-17.541,7.219
340,F,C,-42.15,-16.854,7.302
340,F,O,-43.207,-17.499,7.218
340,F,CB,-40.416,-17.715,5.75
340,F,CG,-39.012,-18.193,5.523
340,F,CD1,-37.924,-17.336,5.557
340,F,CD2,-38.762,-19.557,5.393
340,F,CE1,-36.64,-17.825,5.39
340,F,CE2,-37.473,-20.031,5.203
340,F,CZ,-36.412,-19.177,5.222
341,Y,N,-42.098,-15.529,7.312
341,Y,CA,-43.271,-14.665,7.191
341,Y,C,-42.944,-13.566,6.193
341,Y,O,-41.786,-13.461,5.8
341,Y,CB,-43.661,-14.058,8.531
341,Y,CG,-42.628,-13.193,9.208
341,Y,CD1,-41.648,-13.718,10.029
341,Y,CD2,-42.596,-11.816,9.006
341,Y,CE1,-40.743,-12.915,10.718
341,Y,CE2,-41.675,-11.006,9.647
341,Y,CZ,-40.739,-11.548,10.507
341,Y,OH,-39.83,-10.766,11.147
342,L,N,-43.972,-12.855,5.779
342,L,CA,-43.787,-11.704,4.854
342,L,C,-44.002,-10.406,5.586
342,L,O,-44.836,-10.33,6.489
342,L,CB,-44.785,-11.754,3.711
342,L,CG,-44.795,-13.042,2.924
342,L,CD1,-45.948,-13.052,1.976
342,L,CD2,-43.466,-13.247,2.196
343,E,N,-43.345,-9.386,5.082
343,E,CA,-43.749,-7.984,5.321
343,E,C,-44.106,-7.316,3.995
343,E,O,-43.387,-7.518,3.002
343,E,CB,-42.634,-7.208,5.998
343,E,CG,-42.35,-7.643,7.433
343,E,CD,-41.307,-6.809,8.159
343,E,OE1,-40.757,-5.825,7.574
343,E,OE2,-40.981,-7.18,9.311
344,F,N,-45.191,-6.551,4.014
344,F,CA,-45.678,-5.739,2.88
344,F,C,-45.434,-4.287,3.259
344,F,O,-45.912,-3.846,4.309
344,F,CB,-47.161,-5.983,2.641
344,F,CG,-47.501,-7.417,2.351
344,F,CD1,-47.499,-7.877,1.06
344,F,CD2,-47.861,-8.268,3.374
344,F,CE1,-47.772,-9.205,0.782
344,F,CE2,-48.203,-9.58,3.08
344,F,CZ,-48.159,-10.031,1.799
345,H,N,-44.655,-3.59,2.453
345,H,CA,-44.364,-2.163,2.661
345,H,C,-44.828,-1.398,1.422
345,H,O,-44.608,-1.823,0.275
345,H,CB,-42.858,-1.946,2.868
345,H,CG,-42.285,-2.553,4.09
345,H,ND1,-41.695,-1.808,5.062
345,H,CD2,-42.148,-3.851,4.451
345,H,CE1,-41.223,-2.608,6.009
345,H,NE2,-41.483,-3.881,5.637
346,S,N,-45.35,-0.22,1.624
346,S,CA,-45.727,0.639,0.48
346,S,C,-45.973,2.054,0.981
346,S,O,-46.529,2.175,2.09
346,S,CB,-46.962,0.136,-0.223
346,S,OG,-47.286,0.928,-1.341
347,S,N,-45.706,3.037,0.134
347,S,CA,-46.083,4.438,0.425
347,S,C,-47.613,4.549,0.459
347,S,O,-48.1,5.526,1.092
347,S,CB,-45.371,5.394,-0.504
347,S,OG,-45.698,5.11,-1.841
348,C,N,-48.366,3.57,-0.037
348,C,CA,-49.854,3.671,-0.007
348,C,C,-50.428,3.071,1.284
348,C,O,-51.679,3.11,1.436
348,C,CB,-50.556,3.053,-1.204
348,C,SG,-50.603,1.244,-1.264
349,L,N,-49.595,2.498,2.147
349,L,CA,-50.031,1.938,3.447
349,L,C,-49.66,2.893,4.578
349,L,O,-48.651,3.595,4.488
349,L,CB,-49.395,0.574,3.672
349,L,CG,-49.712,-0.471,2.616
349,L,CD1,-48.916,-1.717,2.847
349,L,CD2,-51.202,-0.79,2.576
350,E,N,-50.41,2.853,5.674
350,E,CA,-50.099,3.732,6.833
350,E,C,-48.806,3.264,7.5
350,E,O,-48.004,4.089,7.926
350,E,CB,-51.223,3.707,7.869
350,E,CG,-50.951,4.65,9.033
350,E,CD,-52.171,5.461,9.461
350,E,OE1,-53.254,4.842,9.61
350,E,OE2,-52.054,6.712,9.602
351,S,N,-48.648,1.955,7.607
351,S,CA,-47.438,1.278,8.104
351,S,C,-47.392,-0.114,7.472
351,S,O,-48.398,-0.582,6.942
351,S,CB,-47.413,1.175,9.601
351,S,OG,-48.615,0.588,9.997
352,F,N,-46.233,-0.759,7.548
352,F,CA,-46.041,-2.077,6.916
352,F,C,-46.904,-3.106,7.638
352,F,O,-47.312,-2.891,8.801
352,F,CB,-44.563,-2.469,6.893
352,F,CG,-44.027,-2.975,8.204
352,F,CD1,-44.136,-4.317,8.513
352,F,CD2,-43.352,-2.147,9.078
352,F,CE1,-43.658,-4.8,9.718
352,F,CE2,-42.842,-2.644,10.275
352,F,CZ,-42.975,-3.975,10.578
353,V,N,-47.173,-4.191,6.934
353,V,CA,-48.07,-5.272,7.421
353,V,C,-47.264,-6.558,7.442
353,V,O,-46.684,-6.901,6.394
353,V,CB,-49.314,-5.355,6.532
353,V,CG1,-50.24,-6.519,6.921
353,V,CG2,-50.065,-4.031,6.584
354,K,N,-47.305,-7.265,8.567
354,K,CA,-46.627,-8.549,8.777
354,K,C,-47.643,-9.67,8.611
354,K,O,-48.756,-9.567,9.189
354,K,CB,-45.997,-8.591,10.165
354,K,CG,-45.306,-9.894,10.482
354,K,CD,-44.726,-9.875,11.868
354,K,CE,-44.163,-11.22,12.262
354,K,NZ,-43.46,-11.122,13.555
355,S,N,-47.284,-10.694,7.85
355,S,CA,-48.107,-11.908,7.612
355,S,C,-47.833,-12.904,8.748
355,S,O,-46.872,-12.738,9.533
355,S,CB,-47.882,-12.529,6.248
355,S,OG,-46.77,-13.428,6.244
356,Q,N,-48.71,-13.892,8.852
356,Q,CA,-48.433,-15.112,9.643
356,Q,C,-47.38,-15.933,8.894
356,Q,O,-47.103,-15.684,7.658
356,Q,CB,-49.711,-15.944,9.85
356,Q,CG,-50.338,-16.428,8.551
356,Q,CD,-51.192,-15.377,7.873
356,Q,OE1,-50.704,-14.421,7.25
356,Q,NE2,-52.501,-15.539,8.001
357,E,N,-46.863,-16.94,9.581
357,E,CA,-45.849,-17.832,8.989
357,E,C,-46.496,-18.621,7.853
357,E,O,-47.663,-19.017,7.957
357,E,CB,-45.19,-18.705,10.059
357,E,CG,-44.236,-17.94,10.974
357,E,CD,-43.904,-18.663,12.277
357,E,OE1,-42.72,-18.643,12.713
357,E,OE2,-44.832,-19.288,12.834
358,G,N,-45.733,-18.895,6.807
358,G,CA,-46.122,-19.788,5.722
358,G,C,-45.876,-21.255,6.085
358,G,O,-45.338,-21.538,7.175
359,E,N,-46.27,-22.128,5.18
359,E,CA,-46.093,-23.6,5.319
359,E,C,-44.985,-24.04,4.366
359,E,O,-45.159,-23.959,3.108
359,E,CB,-47.407,-24.338,5.054
359,E,CG,-48.522,-23.961,6.025
359,E,CD,-49.776,-24.827,5.956
359,E,OE1,-49.727,-25.929,5.341
359,E,OE2,-50.818,-24.399,6.505
360,N,N,-43.895,-24.529,4.928
360,N,CA,-42.736,-24.98,4.127
360,N,C,-43.067,-26.319,3.492
360,N,O,-43.536,-27.238,4.243
360,N,CB,-41.459,-25.119,4.959
360,N,CG,-40.984,-23.809,5.538
360,N,OD1,-41.525,-22.739,5.207
360,N,ND2,-40.014,-23.876,6.429
361,E,N,-42.842,-26.477,2.197
361,E,CA,-42.736,-27.84,1.618
361,E,C,-41.446,-27.939,0.802
361,E,O,-40.902,-26.882,0.399
361,E,CB,-43.983,-28.154,0.802
361,E,CG,-44.211,-27.187,-0.328
361,E,CD,-45.494,-27.446,-1.094
361,E,OE1,-45.409,-27.793,-2.309
361,E,OE2,-46.571,-27.281,-0.478
362,E,N,-40.995,-29.159,0.554
362,E,CA,-39.833,-29.459,-0.316
362,E,C,-40.28,-29.393,-1.782
362,E,O,-41.219,-30.141,-2.132
362,E,CB,-39.256,-30.833,0.031
362,E,CG,-38.086,-31.217,-0.858
362,E,CD,-36.94,-31.921,-0.16
362,E,OE1,-36.944,-31.973,1.091
362,E,OE2,-36.038,-32.397,-0.873
363,G,N,-39.631,-28.529,-2.583
363,G,CA,-39.804,-28.397,-4.048
363,G,C,-39.079,-29.498,-4.818
363,G,O,-38.552,-30.43,-4.168
364,S,N,-39.052,-29.409,-6.155
364,S,CA,-38.621,-30.505,-7.072
364,S,C,-37.139,-30.847,-6.846
364,S,O,-36.826,-32.053,-6.715
364,S,CB,-38.908,-30.177,-8.528
364,S,OG,-38.204,-29.018,-8.959
365,E,N,-36.273,-29.827,-6.764
365,E,CA,-34.793,-29.966,-6.666
365,E,C,-34.372,-30.185,-5.207
365,E,O,-33.161,-30.27,-4.952
365,E,CB,-34.118,-28.717,-7.237
365,E,CG,-32.69,-28.949,-7.701
365,E,CD,-32.181,-27.942,-8.721
365,E,OE1,-32.436,-26.732,-8.534
365,E,OE2,-31.538,-28.369,-9.707
366,G,N,-35.332,-30.277,-4.287
366,G,CA,-35.086,-30.257,-2.834
366,G,C,-35.133,-28.844,-2.26
366,G,O,-35.004,-28.706,-1.017
367,E,N,-35.339,-27.82,-3.099
367,E,CA,-35.308,-26.406,-2.636
367,E,C,-36.624,-26.074,-1.92
367,E,O,-37.528,-26.931,-1.821
367,E,CB,-34.995,-25.444,-3.778
367,E,CG,-36.122,-25.252,-4.767
367,E,CD,-35.749,-24.288,-5.881
367,E,OE1,-34.969,-23.335,-5.616
367,E,OE2,-36.222,-24.494,-7.016
368,L,N,-36.732,-24.866,-1.397
368,L,CA,-37.806,-24.57,-0.419
368,L,C,-38.953,-23.817,-1.091
368,L,O,-38.693,-22.798,-1.723
368,L,CB,-37.181,-23.776,0.717
368,L,CG,-38.119,-23.345,1.826
368,L,CD1,-38.742,-24.549,2.505
368,L,CD2,-37.362,-22.501,2.826
369,V,N,-40.173,-24.344,-0.978
369,V,CA,-41.424,-23.644,-1.373
369,V,C,-42.126,-23.266,-0.07
369,V,O,-42.321,-24.125,0.82
369,V,CB,-42.306,-24.465,-2.328
369,V,CG1,-43.593,-23.731,-2.669
369,V,CG2,-41.556,-24.832,-3.593
370,V,N,-42.403,-21.989,0.114
370,V,CA,-43.125,-21.479,1.29
370,V,C,-44.506,-21.088,0.779
370,V,O,-44.581,-20.269,-0.176
370,V,CB,-42.421,-20.32,1.998
370,V,CG1,-43.184,-19.885,3.223
370,V,CG2,-40.974,-20.641,2.32
371,K,N,-45.545,-21.758,1.297
371,K,CA,-46.95,-21.594,0.83
371,K,C,-47.698,-20.684,1.789
371,K,O,-47.564,-20.857,3.019
371,K,CB,-47.644,-22.955,0.709
371,K,CG,-47.192,-23.763,-0.494
371,K,CD,-48.314,-24.411,-1.296
371,K,CE,-47.937,-24.634,-2.748
371,K,NZ,-48.27,-26.009,-3.194
372,F,N,-48.394,-19.675,1.269
372,F,CA,-49.166,-18.725,2.09
372,F,C,-50.69,-18.914,1.954
372,F,O,-51.428,-18.363,2.806
372,F,CB,-48.684,-17.321,1.74
372,F,CG,-47.3,-17.09,2.273
372,F,CD1,-47.105,-16.859,3.621
372,F,CD2,-46.198,-17.131,1.428
372,F,CE1,-45.826,-16.64,4.109
372,F,CE2,-44.926,-16.934,1.927
372,F,CZ,-44.751,-16.7,3.266
373,G,N,-51.15,-19.657,0.967
373,G,CA,-52.575,-20.035,0.846
373,G,C,-53.465,-18.813,0.645
373,G,O,-53.127,-17.972,-0.217
374,E,N,-54.572,-18.737,1.392
374,E,CA,-55.533,-17.603,1.394
374,E,C,-55.484,-16.983,2.794
374,E,O,-56.503,-16.41,3.227
374,E,CB,-56.909,-18.104,0.932
374,E,CG,-56.87,-18.605,-0.506
374,E,CD,-58.195,-18.932,-1.186
374,E,OE1,-59.193,-18.172,-1.014
374,E,OE2,-58.222,-19.952,-1.911
375,T,N,-54.309,-17.083,3.435
375,T,CA,-54.013,-16.715,4.846
375,T,C,-53.545,-15.241,4.923
375,T,O,-53.613,-14.674,6.039
375,T,CB,-52.986,-17.69,5.472
375,T,OG1,-51.675,-17.513,4.911
375,T,CG2,-53.337,-19.16,5.33
376,L,N,-53.118,-14.62,3.817
376,L,CA,-52.395,-13.308,3.86
376,L,C,-53.35,-12.184,4.27
376,L,O,-54.523,-12.179,3.904
376,L,CB,-51.715,-13.028,2.513
376,L,CG,-50.559,-13.962,2.143
376,L,CD1,-50.099,-13.781,0.713
376,L,CD2,-49.394,-13.804,3.107
377,P,N,-52.904,-11.211,5.099
377,P,CA,-53.764,-10.109,5.534
377,P,C,-54.191,-9.252,4.334
377,P,O,-53.385,-9.028,3.466
377,P,CB,-52.914,-9.27,6.5
377,P,CG,-51.735,-10.17,6.843
377,P,CD,-51.55,-11.103,5.662
378,K,N,-55.454,-8.819,4.305
378,K,CA,-55.989,-7.843,3.312
378,K,C,-55.368,-6.485,3.61
378,K,O,-55.516,-6.037,4.745
378,K,CB,-57.52,-7.741,3.407
378,K,CG,-58.272,-9.053,3.195
378,K,CD,-59.66,-9.124,3.84
378,K,CE,-59.706,-10.044,5.046
378,K,NZ,-60.935,-9.843,5.849
379,L,N,-54.684,-5.864,2.637
379,L,CA,-54.005,-4.553,2.828
379,L,C,-55.022,-3.435,2.564
379,L,O,-55.796,-3.569,1.6
379,L,CB,-52.804,-4.417,1.875
379,L,CG,-51.773,-5.547,1.903
379,L,CD1,-50.694,-5.263,0.867
379,L,CD2,-51.171,-5.699,3.288
380,K,N,-54.962,-2.379,3.366
380,K,CA,-55.934,-1.251,3.345
380,K,C,-55.216,0.038,3.022
380,K,O,-54.657,0.717,3.894
380,K,CB,-56.648,-1.087,4.686
380,K,CG,-57.353,-2.345,5.162
380,K,CD,-58.483,-2.794,4.263
380,K,CE,-59.296,-3.905,4.903
380,K,NZ,-60.481,-4.262,4.087
381,P,N,-55.201,0.417,1.745
381,P,CA,-54.561,1.659,1.372
381,P,C,-55.393,2.842,1.855
381,P,O,-56.593,2.767,1.948
381,P,CB,-54.51,1.615,-0.148
381,P,CG,-55.655,0.703,-0.524
381,P,CD,-55.729,-0.307,0.598
382,I,N,-54.663,3.921,2.032
382,I,CA,-55.078,5.172,2.697
382,I,C,-55.977,5.923,1.712
382,I,O,-56.828,6.658,2.175
382,I,CB,-53.8,5.911,3.152
382,I,CG1,-52.917,6.361,1.978
382,I,CG2,-53.023,5.003,4.109
382,I,CD1,-51.753,7.272,2.371
383,I,N,-55.813,5.671,0.411
383,I,CA,-56.588,6.309,-0.69
383,I,C,-57.083,5.212,-1.63
383,I,O,-56.282,4.301,-1.894
383,I,CB,-55.694,7.361,-1.366
383,I,CG1,-55.517,8.563,-0.432
383,I,CG2,-56.223,7.753,-2.742
383,I,CD1,-54.251,9.334,-0.657
384,S,N,-58.365,5.223,-2.022
384,S,CA,-58.973,4.149,-2.85
384,S,C,-59.121,4.578,-4.32
384,S,O,-59.451,3.713,-5.153
384,S,CB,-60.293,3.709,-2.254
384,S,OG,-61.274,4.75,-2.311
385,D,N,-58.864,5.848,-4.648
385,D,CA,-58.986,6.406,-6.018
385,D,C,-58.133,5.562,-6.948
385,D,O,-56.946,5.379,-6.694
385,D,CB,-58.543,7.871,-6.071
385,D,CG,-58.812,8.611,-7.367
385,D,OD1,-58.855,7.973,-8.451
385,D,OD2,-58.969,9.866,-7.289
386,P,N,-58.691,4.998,-8.034
386,P,CA,-57.907,4.156,-8.932
386,P,C,-56.803,4.959,-9.624
386,P,O,-55.745,4.348,-9.929
386,P,CB,-58.943,3.606,-9.905
386,P,CG,-60.058,4.638,-9.864
386,P,CD,-60.116,5.093,-8.432
387,E,N,-56.973,6.273,-9.826
387,E,CA,-55.924,7.135,-10.449
387,E,C,-54.688,7.202,-9.54
387,E,O,-53.577,7.5,-10.054
387,E,CB,-56.49,8.505,-10.777
387,E,CG,-57.546,8.372,-11.869
387,E,CD,-58.007,9.642,-12.542
387,E,OE1,-59.109,10.122,-12.171
387,E,OE2,-57.304,10.108,-13.468
388,Y,N,-54.863,6.924,-8.246
388,Y,CA,-53.739,6.85,-7.274
388,Y,C,-53.29,5.392,-7.19
388,Y,O,-52.1,5.117,-7.403
388,Y,CB,-54.21,7.27,-5.885
388,Y,CG,-53.246,7.01,-4.759
388,Y,CD1,-52.215,7.898,-4.528
388,Y,CD2,-53.407,5.94,-3.898
388,Y,CE1,-51.304,7.697,-3.501
388,Y,CE2,-52.523,5.731,-2.848
388,Y,CZ,-51.481,6.622,-2.648
388,Y,OH,-50.599,6.44,-1.624
389,L,N,-54.214,4.465,-6.908
389,L,CA,-53.815,3.088,-6.51
389,L,C,-53.115,2.358,-7.656
389,L,O,-52.199,1.528,-7.388
389,L,CB,-55.015,2.275,-6.035
389,L,CG,-55.318,2.345,-4.547
389,L,CD1,-56.533,1.474,-4.22
389,L,CD2,-54.107,1.905,-3.719
390,L,N,-53.541,2.553,-8.889
390,L,CA,-53.007,1.735,-9.984
390,L,C,-51.554,2.169,-10.252
390,L,O,-50.889,1.504,-11.052
390,L,CB,-53.931,1.9,-11.193
390,L,CG,-55.251,1.164,-11.048
390,L,CD1,-56.227,1.712,-12.071
390,L,CD2,-55.078,-0.35,-11.202
391,D,N,-51.119,3.298,-9.687
391,D,CA,-49.743,3.805,-9.885
391,D,C,-48.84,3.37,-8.727
391,D,O,-47.652,3.76,-8.741
391,D,CB,-49.731,5.318,-10.039
391,D,CG,-50.134,5.759,-11.433
391,D,OD1,-50.244,4.896,-12.33
391,D,OD2,-50.205,6.978,-11.643
392,Q,N,-49.345,2.596,-7.78
392,Q,CA,-48.596,2.237,-6.553
392,Q,C,-47.881,0.891,-6.725
392,Q,O,-48.111,0.176,-7.711
392,Q,CB,-49.477,2.223,-5.313
392,Q,CG,-50.215,3.525,-5.024
392,Q,CD,-49.296,4.711,-4.94
392,Q,OE1,-48.339,4.68,-4.171
392,Q,NE2,-49.595,5.776,-5.693
393,H,N,-46.983,0.626,-5.778
393,H,CA,-46.176,-0.604,-5.743
393,H,C,-46.177,-1.14,-4.327
393,H,O,-46.115,-0.343,-3.38
393,H,CB,-44.742,-0.314,-6.21
393,H,CG,-44.682,-0.058,-7.671
393,H,ND1,-44.915,1.2,-8.181
393,H,CD2,-44.486,-0.89,-8.71
393,H,CE1,-44.872,1.099,-9.489
393,H,NE2,-44.576,-0.158,-9.834
394,I,N,-46.208,-2.472,-4.193
394,I,CA,-46.033,-3.155,-2.889
394,I,C,-44.663,-3.796,-2.866
394,I,O,-44.392,-4.654,-3.737
394,I,CB,-47.124,-4.207,-2.649
394,I,CG1,-48.507,-3.578,-2.86
394,I,CG2,-46.934,-4.838,-1.28
394,I,CD1,-48.807,-2.443,-1.952
395,L,N,-43.84,-3.392,-1.911
395,L,CA,-42.546,-4.053,-1.633
395,L,C,-42.797,-5.231,-0.715
395,L,O,-43.544,-5.083,0.275
395,L,CB,-41.566,-3.082,-1.016
395,L,CG,-41.267,-1.861,-1.873
395,L,CD1,-40.399,-0.898,-1.088
395,L,CD2,-40.6,-2.273,-3.188
396,I,N,-42.192,-6.367,-1.032
396,I,CA,-42.347,-7.613,-0.231
396,I,C,-40.975,-8.031,0.277
396,I,O,-40.018,-8.049,-0.53
396,I,CB,-43.02,-8.675,-1.11
396,I,CG1,-44.408,-8.165,-1.519
396,I,CG2,-43.134,-10.032,-0.418
396,I,CD1,-45.197,-9.114,-2.382
397,S,N,-40.908,-8.39,1.555
397,S,CA,-39.717,-9.041,2.168
397,S,C,-40.161,-10.366,2.768
397,S,O,-41.246,-10.407,3.382
397,S,CB,-39.036,-8.177,3.18
397,S,OG,-38.074,-8.903,3.925
398,I,N,-39.408,-11.431,2.49
398,I,CA,-39.609,-12.736,3.179
398,I,C,-38.545,-12.856,4.254
398,I,O,-37.349,-12.78,3.956
398,I,CB,-39.688,-13.893,2.186
398,I,CG1,-40.023,-15.187,2.939
398,I,CG2,-38.471,-14.069,1.333
398,I,CD1,-40.601,-16.264,2.039
399,K,N,-38.981,-13.003,5.505
399,K,CA,-38.087,-12.963,6.677
399,K,C,-38.163,-14.269,7.461
399,K,O,-39.235,-14.842,7.53
399,K,CB,-38.464,-11.828,7.599
399,K,CG,-38.12,-10.449,7.042
399,K,CD,-38.621,-9.404,7.976
399,K,CE,-37.737,-8.204,8.133
399,K,NZ,-38.098,-7.491,9.386
400,S,N,-37.026,-14.615,8.039
400,S,CA,-36.866,-15.793,8.928
400,S,C,-37.572,-15.494,10.264
400,S,O,-37.303,-14.444,10.87
400,S,CB,-35.398,-16.087,9.098
400,S,OG,-35.183,-16.972,10.199
401,S,N,-38.461,-16.377,10.715
401,S,CA,-39.018,-16.289,12.103
401,S,C,-37.914,-16.422,13.162
401,S,O,-37.978,-15.705,14.171
401,S,CB,-40.101,-17.315,12.328
401,S,OG,-41.167,-17.152,11.404
402,D,N,-36.875,-17.214,12.911
402,D,CA,-35.802,-17.461,13.913
402,D,C,-34.952,-16.205,14.077
402,D,O,-34.599,-15.897,15.222
402,D,CB,-34.904,-18.643,13.548
402,D,CG,-35.626,-19.973,13.544
402,D,OD1,-36.751,-20.023,14.083
402,D,OD2,-35.064,-20.939,12.978
403,S,N,-34.649,-15.49,12.991
403,S,CA,-33.641,-14.407,13.044
403,S,C,-34.238,-13.033,12.74
403,S,O,-33.527,-12.065,13.017
403,S,CB,-32.492,-14.705,12.15
403,S,OG,-32.843,-14.528,10.799
404,D,N,-35.448,-12.967,12.163
404,D,CA,-36.082,-11.715,11.66
404,D,C,-35.212,-11.054,10.583
404,D,O,-35.33,-9.84,10.418
404,D,CB,-36.369,-10.746,12.805
404,D,CG,-37.492,-11.229,13.697
404,D,OD1,-38.482,-11.765,13.166
404,D,OD2,-37.348,-11.095,14.934
405,E,N,-34.359,-11.794,9.901
405,E,CA,-33.498,-11.242,8.815
405,E,C,-34.216,-11.532,7.489
405,E,O,-34.842,-12.562,7.383
405,E,CB,-32.096,-11.849,8.89
405,E,CG,-31.975,-13.23,8.238
405,E,CD,-30.795,-14.142,8.6
405,E,OE1,-31.007,-15.193,9.292
405,E,OE2,-29.677,-13.86,8.13
406,S,N,-34.18,-10.612,6.523
406,S,CA,-34.75,-10.832,5.168
406,S,C,-33.898,-11.844,4.434
406,S,O,-32.664,-11.767,4.503
406,S,CB,-34.91,-9.521,4.425
406,S,OG,-35.521,-9.781,3.157
407,Y,N,-34.564,-12.774,3.769
407,Y,CA,-33.978,-13.762,2.851
407,Y,C,-34.216,-13.326,1.408
407,Y,O,-33.584,-13.897,0.534
407,Y,CB,-34.539,-15.14,3.163
407,Y,CG,-33.78,-15.869,4.25
407,Y,CD1,-33.698,-15.35,5.529
407,Y,CD2,-33.128,-17.056,3.97
407,Y,CE1,-32.969,-15.992,6.525
407,Y,CE2,-32.414,-17.718,4.957
407,Y,CZ,-32.319,-17.175,6.223
407,Y,OH,-31.618,-17.805,7.215
408,G,N,-35.08,-12.343,1.159
408,G,CA,-35.396,-11.927,-0.212
408,G,C,-36.342,-10.768,-0.22
408,G,O,-37.254,-10.733,0.616
409,E,N,-36.169,-9.911,-1.218
409,E,CA,-36.995,-8.709,-1.38
409,E,C,-37.401,-8.607,-2.85
409,E,O,-36.629,-8.91,-3.755
409,E,CB,-36.172,-7.484,-1.003
409,E,CG,-35.643,-7.506,0.437
409,E,CD,-34.184,-7.907,0.584
409,E,OE1,-33.303,-7.294,-0.086
409,E,OE2,-33.884,-8.894,1.321
410,G,N,-38.611,-8.096,-3.098
410,G,CA,-39.116,-7.858,-4.445
410,G,C,-40.167,-6.761,-4.473
410,G,O,-40.444,-6.152,-3.411
411,C,N,-40.781,-6.533,-5.627
411,C,CA,-41.742,-5.444,-5.786
411,C,C,-42.836,-5.901,-6.72
411,C,O,-42.49,-6.456,-7.812
411,C,CB,-40.985,-4.274,-6.369
411,C,SG,-42.055,-2.84,-6.633
412,I,N,-44.075,-5.596,-6.358
412,I,CA,-45.284,-5.877,-7.181
412,I,C,-45.973,-4.575,-7.602
412,I,O,-46.345,-3.801,-6.702
412,I,CB,-46.231,-6.78,-6.383
412,I,CG1,-45.537,-8.107,-6.051
412,I,CG2,-47.524,-6.977,-7.149
412,I,CD1,-45.126,-8.871,-7.278
413,A,N,-46.141,-4.371,-8.895
413,A,CA,-46.894,-3.232,-9.469
413,A,C,-48.397,-3.451,-9.238
413,A,O,-48.877,-4.547,-9.501
413,A,CB,-46.604,-3.056,-10.909
414,L,N,-49.124,-2.4,-8.856
414,L,CA,-50.621,-2.408,-8.858
414,L,C,-51.149,-1.878,-10.198
414,L,O,-52.372,-1.693,-10.31
414,L,CB,-51.099,-1.596,-7.656
414,L,CG,-50.698,-2.129,-6.29
414,L,CD1,-51.375,-1.322,-5.187
414,L,CD2,-50.999,-3.627,-6.111
415,R,N,-50.327,-1.707,-11.212
415,R,CA,-50.748,-1.321,-12.577
415,R,C,-51.342,-2.542,-13.276
415,R,O,-50.725,-3.073,-14.231
415,R,CB,-49.586,-0.721,-13.372
415,R,CG,-49.999,-0.115,-14.705
415,R,CD,-50.73,1.179,-14.469
415,R,NE,-49.859,2.227,-13.974
415,R,CZ,-48.937,2.85,-14.692
415,R,NH1,-48.732,2.512,-15.955
415,R,NH2,-48.18,3.769,-14.124
416,L,N,-52.545,-2.915,-12.866
416,L,CA,-53.199,-4.185,-13.287
416,L,C,-54.047,-3.953,-14.534
416,L,O,-54.431,-2.807,-14.764
416,L,CB,-54.069,-4.668,-12.122
416,L,CG,-53.394,-4.837,-10.761
416,L,CD1,-54.328,-5.526,-9.789
416,L,CD2,-52.126,-5.61,-10.906
417,E,N,-54.323,-5.015,-15.281
417,E,CA,-55.17,-4.98,-16.501
417,E,C,-56.646,-4.828,-16.102
417,E,O,-57.404,-4.364,-16.944
417,E,CB,-54.964,-6.249,-17.33
417,E,CG,-53.592,-6.337,-17.98
417,E,CD,-53.256,-5.224,-18.967
417,E,OE1,-52.115,-5.23,-19.481
417,E,OE2,-54.127,-4.349,-19.228
418,A,N,-56.982,-5.152,-14.862
418,A,CA,-58.364,-5.207,-14.317
418,A,C,-58.374,-4.991,-12.806
418,A,O,-57.395,-5.383,-12.102
418,A,CB,-58.946,-6.554,-14.702
419,T,N,-59.483,-4.473,-12.269
419,T,CA,-59.771,-4.418,-10.826
419,T,C,-60.877,-5.434,-10.518
419,T,O,-61.489,-5.967,-11.466
419,T,CB,-60.09,-3.004,-10.349
419,T,OG1,-61.268,-2.502,-10.986
419,T,CG2,-58.965,-2.02,-10.613
420,E,N,-60.989,-5.776,-9.249
420,E,CA,-62.012,-6.706,-8.704
420,E,C,-61.907,-8.077,-9.38
420,E,O,-62.901,-8.835,-9.332
420,E,CB,-63.397,-6.07,-8.872
420,E,CG,-63.646,-4.892,-7.942
420,E,CD,-64.865,-4.035,-8.277
420,E,OE1,-65.308,-4.059,-9.431
420,E,OE2,-65.375,-3.348,-7.372
421,T,N,-60.755,-8.417,-9.97
421,T,CA,-60.491,-9.6,-10.83
421,T,C,-59.189,-10.27,-10.342
421,T,O,-58.217,-9.533,-10.037
421,T,CB,-60.319,-9.182,-12.296
421,T,OG1,-61.52,-8.54,-12.73
421,T,CG2,-59.985,-10.311,-13.247
422,Q,N,-59.134,-11.597,-10.22
422,Q,CA,-57.889,-12.25,-9.733
422,Q,C,-56.927,-12.323,-10.926
422,Q,O,-57.328,-12.749,-12.009
422,Q,CB,-58.169,-13.572,-9.008
422,Q,CG,-58.644,-14.694,-9.91
422,Q,CD,-59.31,-15.791,-9.114
422,Q,OE1,-59.603,-15.632,-7.931
422,Q,NE2,-59.556,-16.919,-9.767
423,L,N,-55.694,-11.818,-10.752
423,L,CA,-54.698,-11.714,-11.836
423,L,C,-53.351,-12.22,-11.316
423,L,O,-53.064,-12.141,-10.119
423,L,CB,-54.564,-10.255,-12.299
423,L,CG,-55.706,-9.699,-13.168
423,L,CD1,-55.583,-8.189,-13.284
423,L,CD2,-55.699,-10.326,-14.56
424,P,N,-52.544,-12.797,-12.201
424,P,CA,-51.25,-13.325,-11.795
424,P,C,-50.271,-12.197,-11.432
424,P,O,-50.254,-11.173,-12.108
424,P,CB,-50.738,-14.137,-12.987
424,P,CG,-51.722,-13.896,-14.131
424,P,CD,-52.83,-12.998,-13.625
425,I,N,-49.488,-12.418,-10.389
425,I,CA,-48.387,-11.499,-9.975
425,I,C,-47.103,-12.303,-9.802
425,I,O,-47.167,-13.537,-9.608
425,I,CB,-48.692,-10.763,-8.675
425,I,CG1,-48.898,-11.763,-7.543
425,I,CG2,-49.862,-9.807,-8.837
425,I,CD1,-48.997,-11.132,-6.218
426,Y,N,-45.981,-11.609,-9.936
426,Y,CA,-44.655,-12.254,-9.959
426,Y,C,-43.607,-11.18,-9.656
426,Y,O,-43.656,-10.058,-10.253
426,Y,CB,-44.313,-12.944,-11.293
426,Y,CG,-42.859,-13.367,-11.363
426,Y,CD1,-42.428,-14.431,-10.589
426,Y,CD2,-41.907,-12.611,-12.032
426,Y,CE1,-41.084,-14.753,-10.498
426,Y,CE2,-40.562,-12.951,-11.982
426,Y,CZ,-40.153,-14.03,-11.229
426,Y,OH,-38.826,-14.339,-11.105
427,T,N,-42.688,-11.503,-8.765
427,T,CA,-41.4,-10.75,-8.681
427,T,C,-40.282,-11.737,-8.41
427,T,O,-40.408,-12.637,-7.588
427,T,CB,-41.458,-9.701,-7.568
427,T,OG1,-40.253,-8.924,-7.516
427,T,CG2,-41.827,-10.265,-6.228
428,P,N,-39.089,-11.465,-8.952
428,P,CA,-37.883,-12.094,-8.429
428,P,C,-37.653,-11.602,-6.993
428,P,O,-38.083,-10.506,-6.646
428,P,CB,-36.735,-11.612,-9.279
428,P,CG,-37.293,-10.614,-10.229
428,P,CD,-38.798,-10.501,-10.034
429,L,N,-36.966,-12.385,-6.19
429,L,CA,-36.515,-11.959,-4.833
429,L,C,-35.007,-11.895,-4.852
429,L,O,-34.354,-12.825,-5.31
429,L,CB,-36.983,-12.982,-3.791
429,L,CG,-38.488,-13.068,-3.605
429,L,CD1,-38.835,-14.276,-2.697
429,L,CD2,-39.106,-11.78,-3.061
430,T,N,-34.458,-10.795,-4.333
430,T,CA,-32.997,-10.653,-4.211
430,T,C,-32.653,-10.313,-2.773
430,T,O,-33.519,-9.854,-2.035
430,T,CB,-32.446,-9.584,-5.149
430,T,OG1,-33.128,-8.379,-4.759
430,T,CG2,-32.682,-9.859,-6.612
431,H,N,-31.411,-10.572,-2.4
431,H,CA,-30.896,-10.161,-1.081
431,H,C,-29.438,-9.82,-1.261
431,H,O,-28.711,-10.567,-1.966
431,H,CB,-31.065,-11.307,-0.075
431,H,CG,-30.684,-10.89,1.318
431,H,ND1,-31.398,-9.89,1.996
431,H,CD2,-29.662,-11.271,2.135
431,H,CE1,-30.815,-9.711,3.183
431,H,NE2,-29.75,-10.536,3.294
432,H,N,-29.054,-8.672,-0.732
432,H,CA,-27.712,-8.1,-1.002
432,H,C,-27.479,-8.051,-2.523
432,H,O,-26.325,-8.086,-2.938
432,H,CB,-26.635,-8.879,-0.221
432,H,CG,-26.779,-8.811,1.26
432,H,ND1,-26.224,-9.778,2.086
432,H,CD2,-27.429,-7.956,2.072
432,H,CE1,-26.548,-9.522,3.33
432,H,NE2,-27.216,-8.392,3.365
433,G,N,-28.543,-7.828,-3.288
433,G,CA,-28.466,-7.544,-4.738
433,G,C,-28.313,-8.799,-5.585
433,G,O,-28.138,-8.628,-6.802
434,E,N,-28.333,-10.015,-4.994
434,E,CA,-28.239,-11.28,-5.753
434,E,C,-29.529,-12.089,-5.629
434,E,O,-30.222,-11.992,-4.599
434,E,CB,-27.115,-12.121,-5.22
434,E,CG,-25.745,-11.49,-5.464
434,E,CD,-24.599,-12.175,-4.735
434,E,OE1,-24.834,-13.212,-4.082
434,E,OE2,-23.477,-11.646,-4.797
435,L,N,-29.807,-12.881,-6.685
435,L,CA,-31.086,-13.626,-6.745
435,L,C,-31.129,-14.701,-5.641
435,L,O,-30.218,-15.556,-5.549
435,L,CB,-31.224,-14.258,-8.129
435,L,CG,-32.603,-14.83,-8.445
435,L,CD1,-33.653,-13.737,-8.655
435,L,CD2,-32.508,-15.662,-9.714
436,T,N,-32.185,-14.688,-4.84
436,T,CA,-32.403,-15.669,-3.768
436,T,C,-33.681,-16.473,-3.965
436,T,O,-33.897,-17.355,-3.142
436,T,CB,-32.381,-15.005,-2.388
436,T,OG1,-33.425,-14.022,-2.306
436,T,CG2,-31.002,-14.447,-2.095
437,G,N,-34.509,-16.145,-4.955
437,G,CA,-35.808,-16.849,-5.063
437,G,C,-36.793,-16.081,-5.897
437,G,O,-36.397,-15.201,-6.694
438,H,N,-38.058,-16.449,-5.77
438,H,CA,-39.153,-15.88,-6.582
438,H,C,-40.402,-15.839,-5.746
438,H,O,-40.529,-16.641,-4.818
438,H,CB,-39.414,-16.796,-7.789
438,H,CG,-38.212,-17.074,-8.626
438,H,ND1,-37.788,-16.18,-9.588
438,H,CD2,-37.315,-18.075,-8.596
438,H,CE1,-36.659,-16.634,-10.122
438,H,NE2,-36.329,-17.778,-9.489
439,F,N,-41.285,-14.894,-6.053
439,F,CA,-42.594,-14.813,-5.368
439,F,C,-43.637,-14.731,-6.463
439,F,O,-43.524,-13.907,-7.351
439,F,CB,-42.656,-13.604,-4.453
439,F,CG,-43.933,-13.473,-3.672
439,F,CD1,-44.131,-14.205,-2.511
439,F,CD2,-44.943,-12.645,-4.108
439,F,CE1,-45.314,-14.078,-1.791
439,F,CE2,-46.146,-12.56,-3.41
439,F,CZ,-46.302,-13.241,-2.228
440,Q,N,-44.645,-15.598,-6.374
440,Q,CA,-45.673,-15.694,-7.435
440,Q,C,-47.017,-15.979,-6.764
440,Q,O,-47.043,-16.56,-5.698
440,Q,CB,-45.29,-16.794,-8.43
440,Q,CG,-44.779,-18.077,-7.785
440,Q,CD,-43.263,-18.245,-7.641
440,Q,OE1,-42.514,-18.101,-8.624
440,Q,NE2,-42.781,-18.659,-6.45
441,G,N,-48.091,-15.55,-7.392
441,G,CA,-49.446,-15.926,-6.966
441,G,C,-50.435,-15.069,-7.715
441,G,O,-50.239,-14.826,-8.885
442,E,N,-51.511,-14.712,-7.041
442,E,CA,-52.573,-13.882,-7.64
442,E,C,-52.887,-12.722,-6.716
442,E,O,-52.635,-12.763,-5.505
442,E,CB,-53.805,-14.731,-7.956
442,E,CG,-53.511,-15.887,-8.9
442,E,CD,-54.715,-16.77,-9.177
442,E,OE1,-54.981,-17.68,-8.346
442,E,OE2,-55.402,-16.523,-10.195
443,I,N,-53.358,-11.647,-7.341
443,I,CA,-53.783,-10.407,-6.659
443,I,C,-55.226,-10.084,-7.081
443,I,O,-55.61,-10.423,-8.204
443,I,CB,-52.799,-9.276,-7.007
443,I,CG1,-52.867,-8.162,-5.976
443,I,CG2,-52.971,-8.776,-8.445
443,I,CD1,-51.772,-7.103,-6.17
444,K,N,-55.902,-9.371,-6.201
444,K,CA,-57.247,-8.777,-6.431
444,K,C,-57.232,-7.383,-5.821
444,K,O,-57.058,-7.284,-4.592
444,K,CB,-58.315,-9.665,-5.792
444,K,CG,-59.713,-9.485,-6.364
444,K,CD,-60.642,-10.653,-6.032
444,K,CE,-62.09,-10.248,-5.855
444,K,NZ,-62.648,-10.853,-4.625
445,L,N,-57.388,-6.36,-6.666
445,L,CA,-57.384,-4.945,-6.251
445,L,C,-58.814,-4.377,-6.321
445,L,O,-59.394,-4.377,-7.424
445,L,CB,-56.436,-4.193,-7.198
445,L,CG,-56.329,-2.692,-6.964
445,L,CD1,-55.761,-2.369,-5.607
445,L,CD2,-55.509,-2.026,-8.054
446,Q,N,-59.259,-3.85,-5.203
446,Q,CA,-60.52,-3.077,-5.03
446,Q,C,-60.143,-1.598,-5.043
446,Q,O,-59.404,-1.166,-4.152
446,Q,CB,-61.181,-3.482,-3.709
446,Q,CG,-62.567,-2.879,-3.504
446,Q,CD,-63.474,-3.391,-4.591
446,Q,OE1,-63.857,-4.561,-4.589
446,Q,NE2,-63.798,-2.524,-5.542
447,T,N,-60.658,-0.836,-5.996
447,T,CA,-60.588,0.643,-5.958
447,T,C,-62.018,1.17,-5.784
447,T,O,-62.964,0.372,-5.822
447,T,CB,-59.952,1.193,-7.231
447,T,OG1,-60.895,0.971,-8.285
447,T,CG2,-58.607,0.552,-7.548
