resid_num,wildtype,atom,x,y,z
1,A,N,41.668,31.378,30.155
1,A,CA,40.246,30.949,29.985
1,A,C,40.123,29.432,29.781
1,A,O,41.028,28.793,29.238
1,A,CB,39.623,31.687,28.805
2,A,N,38.998,28.868,30.218
2,A,CA,38.745,27.431,30.098
2,A,C,38.336,27.028,28.678
2,A,O,37.758,27.822,27.935
2,A,CB,37.665,27.013,31.089
3,L,N,38.635,25.786,28.31
3,L,CA,38.305,25.282,26.979
3,L,C,36.798,25.323,26.741
3,L,O,36.016,24.888,27.586
3,L,CB,38.82,23.847,26.823
3,L,CG,38.629,23.15,25.472
3,L,CD1,39.308,23.945,24.362
3,L,CD2,39.208,21.746,25.553
4,G,N,36.396,25.85,25.587
4,G,CA,34.981,25.938,25.266
4,G,C,34.703,26.011,23.774
4,G,O,35.586,26.361,22.989
5,V,N,33.47,25.686,23.389
5,V,CA,33.048,25.702,21.992
5,V,C,32.53,27.067,21.561
5,V,O,31.662,27.629,22.218
5,V,CB,31.917,24.677,21.744
5,V,CG1,31.393,24.805,20.322
5,V,CG2,32.427,23.276,21.983
6,Q,N,33.053,27.593,20.455
6,Q,CA,32.604,28.886,19.939
6,Q,C,31.488,28.711,18.909
6,Q,O,30.575,29.536,18.817
6,Q,CB,33.744,29.646,19.262
6,Q,CG,34.857,30.119,20.169
6,Q,CD,35.593,31.315,19.574
6,Q,OE1,35.739,31.425,18.349
6,Q,NE2,36.064,32.214,20.44
7,S,N,31.581,27.645,18.119
7,S,CA,30.586,27.365,17.09
7,S,C,30.794,25.979,16.493
7,S,O,31.898,25.429,16.525
7,S,CB,30.657,28.413,15.977
7,S,OG,31.876,28.316,15.268
8,I,N,29.723,25.428,15.959
8,I,CA,29.735,24.115,15.331
8,I,C,29.247,24.221,13.878
8,I,O,28.233,24.875,13.629
8,I,CB,28.894,23.094,16.106
8,I,CG1,28.775,21.793,15.309
8,I,CG2,27.519,23.668,16.413
8,I,CD1,29.297,20.577,16.041
9,N,N,29.99,23.648,12.956
9,N,CA,29.604,23.652,11.542
9,N,C,29.258,22.202,11.249
9,N,O,30.146,21.358,11.165
9,N,CB,30.763,24.077,10.638
9,N,CG,30.373,24.11,9.156
9,N,OD1,29.45,23.413,8.725
9,N,ND2,31.085,24.916,8.372
10,W,N,27.971,21.912,11.105
10,W,CA,27.526,20.549,10.845
10,W,C,27.718,20.067,9.41
10,W,O,27.416,18.911,9.104
10,W,CB,26.052,20.405,11.218
10,W,CG,25.763,20.732,12.645
10,W,CD1,25.33,21.928,13.143
10,W,CD2,25.869,19.843,13.764
10,W,NE1,25.152,21.836,14.502
10,W,CE2,25.474,20.567,14.909
10,W,CE3,26.256,18.503,13.908
10,W,CZ2,25.452,19.996,16.183
10,W,CZ3,26.235,17.935,15.169
10,W,CH2,25.834,18.682,16.294
11,Q,N,28.214,20.938,8.537
11,Q,CA,28.42,20.585,7.131
11,Q,C,27.238,19.73,6.664
11,Q,O,27.406,18.645,6.102
11,Q,CB,29.736,19.818,6.962
11,Q,CG,30.917,20.471,7.67
11,Q,CD,32.254,19.897,7.245
11,Q,OE1,33.007,20.534,6.503
11,Q,NE2,32.556,18.684,7.707
12,T,N,26.039,20.242,6.915
12,T,CA,24.803,19.562,6.565
12,T,C,24.695,19.098,5.115
12,T,O,24.362,17.939,4.854
12,T,CB,23.602,20.457,6.871
12,T,OG1,23.643,20.837,8.25
12,T,CG2,22.307,19.72,6.593
13,A,N,24.959,19.999,4.174
13,A,CA,24.866,19.649,2.764
13,A,C,25.743,18.449,2.448
13,A,O,25.283,17.47,1.86
13,A,CB,25.273,20.836,1.893
14,F,N,27.008,18.531,2.847
14,F,CA,27.958,17.457,2.599
14,F,C,27.525,16.125,3.202
14,F,O,27.488,15.105,2.51
14,F,CB,29.343,17.843,3.132
14,F,CG,30.33,16.715,3.11
14,F,CD1,30.597,15.987,4.263
14,F,CD2,30.968,16.355,1.926
14,F,CE1,31.487,14.914,4.241
14,F,CE2,31.86,15.282,1.886
14,F,CZ,32.12,14.559,3.047
15,N,N,27.198,16.133,4.487
15,N,CA,26.788,14.914,5.158
15,N,C,25.468,14.36,4.64
15,N,O,25.332,13.152,4.447
15,N,CB,26.706,15.142,6.67
15,N,CG,28.075,15.309,7.309
15,N,OD1,28.96,14.465,7.144
15,N,ND2,28.255,16.397,8.047
16,R,N,24.49,15.229,4.413
16,R,CA,23.204,14.749,3.922
16,R,C,23.34,14.15,2.527
16,R,O,22.646,13.2,2.176
16,R,CB,22.167,15.876,3.934
16,R,CG,21.687,16.212,5.339
16,R,CD,20.585,17.247,5.332
16,R,NE,19.447,16.862,4.499
16,R,CZ,18.35,17.602,4.353
16,R,NH1,18.243,18.761,4.992
16,R,NH2,17.369,17.198,3.558
17,Q,N,24.256,14.693,1.738
17,Q,CA,24.464,14.177,0.397
17,Q,C,25.075,12.782,0.531
17,Q,O,24.659,11.842,-0.15
17,Q,CB,25.391,15.112,-0.383
17,Q,CG,25.261,14.995,-1.891
17,Q,CD,25.887,13.726,-2.442
17,Q,OE1,25.489,13.235,-3.506
17,Q,NE2,26.885,13.196,-1.731
18,A,N,26.043,12.647,1.434
18,A,CA,26.706,11.369,1.664
18,A,C,25.774,10.348,2.303
18,A,O,25.914,9.151,2.067
18,A,CB,27.937,11.565,2.547
19,H,N,24.828,10.813,3.116
19,H,CA,23.893,9.9,3.772
19,H,C,22.614,9.656,2.978
19,H,O,21.696,8.987,3.457
19,H,CB,23.535,10.408,5.176
19,H,CG,24.639,10.242,6.176
19,H,ND1,24.444,9.655,7.408
19,H,CD2,25.952,10.564,6.117
19,H,CE1,25.591,9.619,8.062
19,H,NE2,26.522,10.164,7.301
20,H,N,22.549,10.205,1.769
20,H,CA,21.374,10.021,0.913
20,H,C,20.094,10.463,1.625
20,H,O,19.079,9.759,1.617
20,H,CB,21.265,8.552,0.508
20,H,CG,22.581,7.935,0.157
20,H,ND1,23.263,8.243,-1.001
20,H,CD2,23.372,7.077,0.843
20,H,CE1,24.418,7.603,-1.013
20,H,NE2,24.509,6.889,0.095
21,T,N,20.157,11.636,2.243
21,T,CA,19.018,12.191,2.951
21,T,C,18.76,13.581,2.402
21,T,O,17.904,14.303,2.906
21,T,CB,19.311,12.328,4.451
21,T,OG1,20.448,13.184,4.633
21,T,CG2,19.608,10.972,5.065
22,D,N,19.495,13.95,1.359
22,D,CA,19.368,15.281,0.778
22,D,C,18.057,15.612,0.059
22,D,O,17.787,16.78,-0.209
22,D,CB,20.532,15.546,-0.175
22,D,CG,20.564,14.573,-1.326
22,D,OD1,20.901,13.393,-1.1
22,D,OD2,20.238,14.987,-2.454
23,K,N,17.237,14.615,-0.249
23,K,CA,15.984,14.915,-0.947
23,K,C,14.907,15.517,-0.039
23,K,O,13.959,16.141,-0.523
23,K,CB,15.448,13.663,-1.653
23,K,CG,16.473,13.029,-2.602
23,K,CD,15.887,12.708,-3.963
23,K,CE,14.777,11.695,-3.873
23,K,NZ,13.967,11.683,-5.119
24,F,N,15.064,15.351,1.271
24,F,CA,14.091,15.888,2.224
24,F,C,14.051,17.416,2.226
24,F,O,15.085,18.077,2.288
24,F,CB,14.386,15.38,3.639
24,F,CG,14.171,13.905,3.806
24,F,CD1,15.251,13.028,3.847
24,F,CD2,12.881,13.388,3.928
24,F,CE1,15.051,11.662,4.011
24,F,CE2,12.681,12.024,4.092
24,F,CZ,13.767,11.162,4.135
25,S,N,12.845,17.967,2.162
25,S,CA,12.661,19.41,2.143
25,S,C,13.198,20.091,3.406
25,S,O,13.645,21.236,3.365
25,S,CB,11.181,19.741,1.972
25,S,OG,11.003,21.136,1.859
26,S,N,13.148,19.387,4.525
26,S,CA,13.642,19.919,5.79
26,S,C,15.044,20.534,5.667
26,S,O,15.783,20.238,4.731
26,S,CB,13.661,18.799,6.83
26,S,OG,14.348,19.196,7.994
27,Q,N,15.4,21.394,6.617
27,Q,CA,16.714,22.034,6.632
27,Q,C,17.547,21.398,7.741
27,Q,O,18.718,21.731,7.929
27,Q,CB,16.584,23.536,6.911
27,Q,CG,15.84,24.336,5.85
27,Q,CD,16.581,24.386,4.529
27,Q,OE1,16.809,23.355,3.889
27,Q,NE2,16.965,25.59,4.111
28,E,N,16.929,20.478,8.471
28,E,CA,17.584,19.789,9.576
28,E,C,18.708,18.86,9.15
28,E,O,18.799,18.457,7.988
28,E,CB,16.558,18.962,10.342
28,E,CG,15.466,19.773,10.989
28,E,CD,14.35,18.902,11.498
28,E,OE1,13.461,18.543,10.693
28,E,OE2,14.371,18.563,12.696
29,L,N,19.563,18.517,10.105
29,L,CA,20.647,17.588,9.848
29,L,C,19.996,16.199,9.898
29,L,O,19.581,15.739,10.962
29,L,CB,21.723,17.709,10.929
29,L,CG,22.919,16.756,10.834
29,L,CD1,23.581,16.898,9.46
29,L,CD2,23.915,17.061,11.946
30,I,N,19.881,15.551,8.741
30,I,CA,19.274,14.226,8.659
30,I,C,20.351,13.213,8.299
30,I,O,21.041,13.36,7.286
30,I,CB,18.148,14.202,7.602
30,I,CG1,17.111,15.28,7.945
30,I,CG2,17.488,12.825,7.567
30,I,CD1,16.013,15.456,6.907
31,L,N,20.474,12.181,9.128
31,L,CA,21.5,11.159,8.957
31,L,C,20.987,9.722,9.022
31,L,O,19.846,9.474,9.407
31,L,CB,22.562,11.351,10.046
31,L,CG,23.204,12.745,10.12
31,L,CD1,24.003,12.9,11.414
31,L,CD2,24.099,12.944,8.912
32,R,N,21.847,8.776,8.645
32,R,CA,21.501,7.359,8.696
32,R,C,22.492,6.637,9.615
32,R,O,23.695,6.929,9.611
32,R,CB,21.497,6.752,7.29
32,R,CG,20.371,7.298,6.421
32,R,CD,20.384,6.714,5.015
32,R,NE,19.503,7.464,4.129
32,R,CZ,18.173,7.414,4.153
32,R,NH1,17.53,6.637,5.018
32,R,NH2,17.479,8.164,3.313
33,R,N,21.978,5.703,10.409
33,R,CA,22.801,4.977,11.367
33,R,C,23.937,4.152,10.773
33,R,O,23.883,3.724,9.621
33,R,CB,21.917,4.082,12.241
33,R,CG,21.188,2.974,11.501
33,R,CD,20.272,2.2,12.452
33,R,NE,19.712,1.004,11.827
33,R,CZ,18.976,0.099,12.463
33,R,NH1,18.696,0.247,13.754
33,R,NH2,18.531,-0.967,11.812
34,G,N,24.967,3.95,11.587
34,G,CA,26.127,3.174,11.193
34,G,C,27.03,3.832,10.169
34,G,O,27.924,3.18,9.637
35,Q,N,26.81,5.114,9.89
35,Q,CA,27.624,5.824,8.903
35,Q,C,28.251,7.07,9.512
35,Q,O,27.614,7.767,10.305
35,Q,CB,26.761,6.22,7.702
35,Q,CG,27.549,6.671,6.473
35,Q,CD,26.645,7.053,5.321
35,Q,OE1,25.611,6.43,5.106
35,Q,NE2,27.037,8.071,4.566
36,N,N,29.498,7.347,9.133
36,N,CA,30.22,8.508,9.653
36,N,C,29.746,9.816,9.04
36,N,O,29.348,9.857,7.878
36,N,CB,31.726,8.412,9.366
36,N,CG,32.387,7.224,10.031
36,N,OD1,31.936,6.745,11.069
36,N,ND2,33.489,6.755,9.44
37,F,N,29.786,10.881,9.835
37,F,CA,29.446,12.211,9.349
37,F,C,30.481,13.143,9.966
37,F,O,30.91,12.938,11.103
37,F,CB,28.008,12.628,9.706
37,F,CG,27.667,12.535,11.167
37,F,CD1,27.388,11.303,11.755
37,F,CD2,27.565,13.688,11.942
37,F,CE1,27.004,11.22,13.097
37,F,CE2,27.182,13.621,13.285
37,F,CZ,26.899,12.382,13.864
38,Q,N,30.9,14.146,9.203
38,Q,CA,31.935,15.068,9.65
38,Q,C,31.44,16.445,10.065
38,Q,O,30.583,17.034,9.405
38,Q,CB,32.978,15.23,8.541
38,Q,CG,34.267,15.892,8.978
38,Q,CD,35.097,16.347,7.796
38,Q,OE1,34.689,17.24,7.052
38,Q,NE2,36.263,15.732,7.611
39,V,N,31.996,16.952,11.162
39,V,CA,31.648,18.276,11.67
39,V,C,32.912,19.064,12.013
39,V,O,33.949,18.486,12.337
39,V,CB,30.771,18.191,12.943
39,V,CG1,29.472,17.455,12.638
39,V,CG2,31.535,17.488,14.051
40,L,N,32.824,20.385,11.929
40,L,CA,33.953,21.24,12.258
40,L,C,33.562,21.984,13.517
40,L,O,32.509,22.621,13.575
40,L,CB,34.237,22.219,11.12
40,L,CG,34.584,21.529,9.8
40,L,CD1,34.754,22.563,8.701
40,L,CD2,35.85,20.708,9.977
41,M,N,34.408,21.894,14.531
41,M,CA,34.116,22.538,15.796
41,M,C,35.201,23.543,16.167
41,M,O,36.332,23.167,16.477
41,M,CB,33.986,21.457,16.871
41,M,CG,33.395,21.916,18.181
41,M,SD,33.231,20.519,19.293
41,M,CE,31.588,20.054,19.003
42,I,N,34.857,24.824,16.125
42,I,CA,35.811,25.871,16.464
42,I,C,35.77,26.15,17.965
42,I,O,34.735,26.547,18.497
42,I,CB,35.498,27.185,15.72
42,I,CG1,35.381,26.927,14.218
42,I,CG2,36.611,28.192,15.967
42,I,CD1,34.865,28.12,13.43
43,M,N,36.895,25.928,18.641
43,M,CA,36.994,26.165,20.078
43,M,C,37.566,27.566,20.32
43,M,O,37.956,28.258,19.376
43,M,CB,37.912,25.122,20.721
43,M,CG,37.576,23.693,20.352
43,M,SD,35.894,23.239,20.808
43,M,CE,36.18,22.466,22.399
44,N,N,37.622,27.984,21.579
44,N,CA,38.159,29.302,21.905
44,N,C,39.675,29.229,22.097
44,N,O,40.347,30.258,22.176
44,N,CB,37.498,29.835,23.176
44,N,CG,37.889,29.045,24.403
44,N,OD1,38.117,27.839,24.328
44,N,ND2,37.961,29.718,25.545
45,K,N,40.205,28.009,22.164
45,K,CA,41.638,27.788,22.348
45,K,C,42.054,26.423,21.802
45,K,O,41.243,25.699,21.226
45,K,CB,41.999,27.862,23.84
45,K,CG,41.268,26.834,24.706
45,K,CD,41.565,26.995,26.199
45,K,CE,42.967,26.537,26.561
45,K,NZ,43.137,25.063,26.395
46,G,N,43.323,26.078,21.991
46,G,CA,43.821,24.797,21.528
46,G,C,43.506,23.686,22.516
46,G,O,43.462,23.907,23.728
47,L,N,43.276,22.485,21.999
47,L,CA,42.967,21.344,22.845
47,L,C,44.159,21.078,23.748
47,L,O,45.221,20.679,23.276
47,L,CB,42.698,20.104,21.992
47,L,CG,41.407,19.325,22.236
47,L,CD1,41.589,17.907,21.712
47,L,CD2,41.077,19.291,23.719
48,G,N,43.982,21.305,25.043
48,G,CA,45.06,21.08,25.99
48,G,C,45.381,19.606,26.124
48,G,O,44.536,18.75,25.863
49,S,N,46.606,19.305,26.536
49,S,CA,47.035,17.922,26.692
49,S,C,46.287,17.205,27.811
49,S,O,46.077,15.993,27.752
49,S,CB,48.542,17.867,26.964
49,S,OG,48.986,16.528,27.089
50,N,N,45.883,17.955,28.829
50,N,CA,45.173,17.366,29.955
50,N,C,43.675,17.642,29.905
50,N,O,42.944,17.34,30.85
50,N,CB,45.765,17.89,31.265
50,N,CG,45.152,17.234,32.486
50,N,OD1,44.113,17.671,32.992
50,N,ND2,45.788,16.167,32.961
51,E,N,43.213,18.209,28.797
51,E,CA,41.797,18.508,28.647
51,E,C,41.102,17.356,27.926
51,E,O,41.758,16.514,27.314
51,E,CB,41.622,19.816,27.872
51,E,CG,42.402,20.968,28.489
51,E,CD,42.16,22.294,27.796
51,E,OE1,42.219,22.331,26.551
51,E,OE2,41.92,23.3,28.499
52,R,N,39.779,17.301,28.021
52,R,CA,39.029,16.244,27.356
52,R,C,37.624,16.66,26.942
52,R,O,36.954,17.435,27.631
52,R,CB,38.91,14.999,28.24
52,R,CG,38.06,13.93,27.565
52,R,CD,37.561,12.844,28.497
52,R,NE,38.613,11.932,28.928
52,R,CZ,38.378,10.735,29.457
52,R,NH1,37.128,10.313,29.612
52,R,NH2,39.39,9.964,29.837
53,L,N,37.186,16.12,25.811
53,L,CA,35.855,16.39,25.289
53,L,C,35.097,15.073,25.193
53,L,O,35.608,14.101,24.643
53,L,CB,35.937,17.018,23.897
53,L,CG,36.784,18.277,23.701
53,L,CD1,36.638,18.756,22.265
53,L,CD2,36.344,19.357,24.658
54,E,N,33.891,15.032,25.748
54,E,CA,33.072,13.827,25.666
54,E,C,31.737,14.19,25.039
54,E,O,31.05,15.102,25.496
54,E,CB,32.839,13.201,27.045
54,E,CG,34.106,12.681,27.711
54,E,CD,33.92,11.314,28.35
54,E,OE1,33.61,10.351,27.615
54,E,OE2,34.085,11.2,29.583
55,F,N,31.383,13.482,23.975
55,F,CA,30.129,13.732,23.292
55,F,C,29.012,12.947,23.947
55,F,O,29.221,11.856,24.478
55,F,CB,30.235,13.348,21.809
55,F,CG,31.175,14.22,21.025
55,F,CD1,32.549,14.082,21.159
55,F,CD2,30.681,15.205,20.178
55,F,CE1,33.418,14.913,20.464
55,F,CE2,31.541,16.041,19.479
55,F,CZ,32.911,15.896,19.622
56,I,N,27.819,13.521,23.911
56,I,CA,26.656,12.884,24.49
56,I,C,25.477,13.028,23.545
56,I,O,25.059,14.139,23.218
56,I,CB,26.275,13.525,25.825
56,I,CG1,27.5,13.597,26.733
56,I,CG2,25.167,12.717,26.486
56,I,CD1,27.233,14.281,28.056
57,V,N,24.957,11.896,23.093
57,V,CA,23.803,11.89,22.212
57,V,C,22.724,11.152,22.986
57,V,O,23.021,10.246,23.771
57,V,CB,24.079,11.134,20.886
57,V,CG1,25.151,11.854,20.074
57,V,CG2,24.509,9.707,21.185
58,S,N,21.475,11.538,22.772
58,S,CA,20.372,10.887,23.457
58,S,C,19.092,11.072,22.666
58,S,O,18.956,12.036,21.906
58,S,CB,20.218,11.47,24.862
58,S,OG,20.128,12.883,24.816
59,T,N,18.16,10.139,22.831
59,T,CA,16.883,10.209,22.132
59,T,C,15.756,9.719,23.04
59,T,O,15.966,8.852,23.894
59,T,CB,16.917,9.37,20.814
59,T,OG1,15.646,9.457,20.158
59,T,CG2,17.239,7.915,21.102
60,G,N,14.567,10.287,22.872
60,G,CA,13.44,9.879,23.697
60,G,C,13.344,10.614,25.026
60,G,O,14.259,11.351,25.403
61,P,N,12.24,10.432,25.767
61,P,CA,12.03,11.087,27.064
61,P,C,12.79,10.508,28.263
61,P,O,12.79,11.105,29.34
61,P,CB,10.519,10.993,27.25
61,P,CG,10.202,9.68,26.61
61,P,CD,11.015,9.736,25.331
62,Y,N,13.431,9.357,28.086
62,Y,CA,14.17,8.723,29.181
62,Y,C,15.496,8.146,28.69
62,Y,O,15.733,6.94,28.791
62,Y,CB,13.319,7.61,29.801
62,Y,CG,11.968,8.087,30.292
62,Y,CD1,11.856,8.873,31.441
62,Y,CD2,10.802,7.773,29.594
62,Y,CE1,10.608,9.335,31.883
62,Y,CE2,9.551,8.228,30.025
62,Y,CZ,9.462,9.006,31.17
62,Y,OH,8.228,9.441,31.603
63,P,N,16.378,9.01,28.153
63,P,CA,17.694,8.641,27.626
63,P,C,18.474,7.781,28.608
63,P,O,18.712,8.19,29.747
63,P,CB,18.368,9.995,27.405
63,P,CG,17.235,10.889,27.1
63,P,CD,16.198,10.471,28.103
64,S,N,18.881,6.599,28.163
64,S,CA,19.633,5.69,29.018
64,S,C,20.706,4.921,28.255
64,S,O,20.454,4.382,27.169
64,S,CB,18.679,4.699,29.687
64,S,OG,19.4,3.72,30.409
65,E,N,21.905,4.868,28.826
65,E,CA,22.994,4.149,28.187
65,E,C,22.682,2.662,28.082
65,E,O,22.955,2.037,27.056
65,E,CB,24.311,4.367,28.943
65,E,CG,25.074,5.601,28.459
65,E,CD,26.487,5.701,29.017
65,E,OE1,26.654,6.177,30.16
65,E,OE2,27.435,5.3,28.309
66,S,N,22.094,2.103,29.132
66,S,CA,21.756,0.686,29.137
66,S,C,20.709,0.34,28.076
66,S,O,20.668,-0.785,27.578
66,S,CB,21.261,0.269,30.527
66,S,OG,20.241,1.139,30.996
67,A,N,19.875,1.311,27.719
67,A,CA,18.838,1.087,26.717
67,A,C,19.307,1.487,25.321
67,A,O,18.534,1.439,24.365
67,A,CB,17.585,1.868,27.084
68,M,N,20.573,1.881,25.209
68,M,CA,21.145,2.306,23.934
68,M,C,20.481,3.595,23.428
68,M,O,20.722,4.011,22.294
68,M,CB,20.986,1.209,22.873
68,M,CG,21.535,-0.156,23.254
68,M,SD,23.337,-0.258,23.254
68,M,CE,23.637,-0.779,21.538
69,T,N,19.638,4.215,24.253
69,T,CA,18.981,5.457,23.854
69,T,C,19.792,6.674,24.29
69,T,O,19.326,7.81,24.197
69,T,CB,17.537,5.571,24.418
69,T,OG1,17.545,5.355,25.833
69,T,CG2,16.621,4.552,23.744
70,K,N,21.01,6.416,24.761
70,K,CA,21.944,7.457,25.194
70,K,C,23.366,6.917,25.055
70,K,O,23.625,5.746,25.349
70,K,CB,21.702,7.847,26.655
70,K,CG,22.604,8.981,27.148
70,K,CD,22.405,9.246,28.63
70,K,CE,23.287,10.376,29.126
70,K,NZ,23.243,10.487,30.622
71,A,N,24.282,7.768,24.603
71,A,CA,25.673,7.36,24.44
71,A,C,26.646,8.474,24.813
71,A,O,26.419,9.65,24.51
71,A,CB,25.929,6.916,23.004
72,V,N,27.732,8.087,25.473
72,V,CA,28.764,9.025,25.888
72,V,C,30.078,8.5,25.318
72,V,O,30.465,7.363,25.58
72,V,CB,28.873,9.094,27.425
72,V,CG1,29.866,10.176,27.825
72,V,CG2,27.502,9.362,28.036
73,F,N,30.757,9.319,24.528
73,F,CA,32.008,8.891,23.925
73,F,C,33.011,10.022,23.834
73,F,O,32.665,11.153,23.491
73,F,CB,31.763,8.299,22.53
73,F,CG,30.832,9.113,21.671
73,F,CD1,29.464,9.156,21.945
73,F,CD2,31.319,9.82,20.575
73,F,CE1,28.596,9.892,21.134
73,F,CE2,30.457,10.56,19.758
73,F,CZ,29.095,10.593,20.039
74,P,N,34.282,9.719,24.131
74,P,CA,35.374,10.688,24.103
74,P,C,35.943,10.953,22.718
74,P,O,35.789,10.147,21.8
74,P,CB,36.406,10.042,25.013
74,P,CG,36.283,8.599,24.612
74,P,CD,34.771,8.399,24.574
75,L,N,36.61,12.095,22.591
75,L,CA,37.26,12.48,21.352
75,L,C,38.499,11.592,21.327
75,L,O,39.246,11.555,22.3
75,L,CB,37.684,13.949,21.412
75,L,CG,37.61,14.819,20.154
75,L,CD1,38.789,15.771,20.165
75,L,CD2,37.616,13.97,18.891
76,S,N,38.711,10.874,20.23
76,S,CA,39.861,9.979,20.12
76,S,C,40.612,10.119,18.793
76,S,O,40.298,10.98,17.968
76,S,CB,39.405,8.523,20.288
76,S,OG,38.79,8.325,21.549
77,N,N,41.62,9.268,18.615
77,N,CA,42.421,9.236,17.395
77,N,C,42.077,7.948,16.661
77,N,O,42.66,7.632,15.626
77,N,CB,43.92,9.25,17.721
77,N,CG,44.488,10.657,17.83
77,N,OD1,45.698,10.837,17.988
77,N,ND2,43.62,11.659,17.744
78,G,N,41.126,7.206,17.221
78,G,CA,40.703,5.955,16.625
78,G,C,39.225,5.722,16.857
78,G,O,38.66,6.213,17.838
79,S,N,38.6,4.972,15.954
79,S,CA,37.174,4.673,16.052
79,S,C,36.897,3.492,16.981
79,S,O,37.583,2.47,16.925
79,S,CB,36.604,4.381,14.662
79,S,OG,35.199,4.206,14.718
80,S,N,35.887,3.645,17.834
80,S,CA,35.499,2.61,18.789
80,S,C,34.632,1.536,18.115
80,S,O,35.117,0.77,17.278
80,S,CB,34.738,3.252,19.957
80,S,OG,34.279,2.277,20.878
81,G,N,33.355,1.483,18.489
81,G,CA,32.442,0.513,17.909
81,G,C,31.123,1.175,17.551
81,G,O,30.867,1.497,16.385
82,G,N,30.276,1.368,18.558
82,G,CA,29.004,2.021,18.327
82,G,C,29.317,3.479,18.073
82,G,O,29.852,3.831,17.021
83,W,N,29.009,4.332,19.042
83,W,CA,29.288,5.747,18.888
83,W,C,30.75,6.078,19.15
83,W,O,31.37,5.528,20.064
83,W,CB,28.417,6.567,19.826
83,W,CG,26.965,6.466,19.527
83,W,CD1,26.093,5.526,19.993
83,W,CD2,26.205,7.35,18.7
83,W,NE1,24.832,5.773,19.51
83,W,CE2,24.871,6.887,18.712
83,W,CE3,26.52,8.49,17.952
83,W,CZ2,23.851,7.524,18.004
83,W,CZ3,25.506,9.127,17.248
83,W,CH2,24.185,8.64,17.279
84,S,N,31.298,6.979,18.34
84,S,CA,32.685,7.401,18.492
84,S,C,32.935,8.714,17.761
84,S,O,32.202,9.084,16.839
84,S,CB,33.647,6.328,17.964
84,S,OG,33.609,6.245,16.55
85,A,N,33.969,9.42,18.199
85,A,CA,34.35,10.695,17.609
85,A,C,35.854,10.672,17.407
85,A,O,36.615,10.465,18.356
85,A,CB,33.965,11.834,18.529
86,V,N,36.279,10.875,16.167
86,V,CA,37.693,10.861,15.836
86,V,C,38.177,12.244,15.438
86,V,O,37.546,12.927,14.633
86,V,CB,37.982,9.88,14.668
86,V,CG1,39.471,9.882,14.327
86,V,CG2,37.527,8.475,15.042
87,L,N,39.293,12.662,16.024
87,L,CA,39.876,13.948,15.687
87,L,C,40.724,13.653,14.455
87,L,O,41.745,12.981,14.546
87,L,CB,40.761,14.459,16.828
87,L,CG,41.435,15.814,16.576
87,L,CD1,40.377,16.9,16.422
87,L,CD2,42.376,16.141,17.729
88,Q,N,40.288,14.127,13.298
88,Q,CA,41.036,13.878,12.078
88,Q,C,42.071,14.958,11.831
88,Q,O,43.085,14.708,11.183
88,Q,CB,40.091,13.786,10.879
88,Q,CG,39.104,12.645,10.969
88,Q,CD,38.109,12.656,9.83
88,Q,OE1,37.402,13.642,9.613
88,Q,NE2,38.046,11.555,9.096
89,A,N,41.823,16.157,12.347
89,A,CA,42.765,17.249,12.147
89,A,C,42.461,18.468,13.006
89,A,O,41.317,18.703,13.395
89,A,CB,42.788,17.653,10.665
90,S,N,43.507,19.241,13.28
90,S,CA,43.408,20.459,14.074
90,S,C,44.116,21.591,13.336
90,S,O,45.294,21.48,13.011
90,S,CB,44.075,20.259,15.432
90,S,OG,43.482,19.191,16.143
91,N,N,43.396,22.671,13.062
91,N,CA,43.968,23.827,12.378
91,N,C,43.583,25.043,13.2
91,N,O,42.437,25.502,13.15
91,N,CB,43.396,23.944,10.97
91,N,CG,43.544,22.665,10.18
91,N,OD1,44.655,22.211,9.92
91,N,ND2,42.422,22.07,9.802
92,G,N,44.537,25.566,13.961
92,G,CA,44.237,26.703,14.808
92,G,C,43.341,26.186,15.918
92,G,O,43.666,25.184,16.561
93,N,N,42.21,26.847,16.139
93,N,CA,41.283,26.416,17.176
93,N,C,40.194,25.519,16.594
93,N,O,39.263,25.127,17.298
93,N,CB,40.629,27.624,17.85
93,N,CG,41.64,28.56,18.481
93,N,OD1,42.619,28.122,19.088
93,N,ND2,41.401,29.858,18.351
94,T,N,40.314,25.187,15.313
94,T,CA,39.308,24.357,14.663
94,T,C,39.638,22.87,14.632
94,T,O,40.711,22.456,14.19
94,T,CB,39.037,24.851,13.238
94,T,OG1,38.576,26.208,13.298
94,T,CG2,37.97,23.992,12.568
95,L,N,38.688,22.073,15.111
95,L,CA,38.837,20.627,15.175
95,L,C,37.935,19.929,14.157
95,L,O,36.707,20.053,14.209
95,L,CB,38.488,20.131,16.59
95,L,CG,39.194,20.821,17.772
95,L,CD1,38.586,20.352,19.085
95,L,CD2,40.688,20.528,17.742
96,T,N,38.541,19.209,13.22
96,T,CA,37.755,18.475,12.237
96,T,C,37.464,17.145,12.9
96,T,O,38.382,16.383,13.197
96,T,CB,38.537,18.236,10.942
96,T,OG1,38.872,19.496,10.351
96,T,CG2,37.694,17.427,9.957
97,I,N,36.191,16.87,13.151
97,I,CA,35.804,15.631,13.821
97,I,C,34.862,14.747,13.011
97,I,O,33.899,15.221,12.405
97,I,CB,35.139,15.938,15.188
97,I,CG1,36.125,16.703,16.079
97,I,CG2,34.709,14.648,15.876
97,I,CD1,35.509,17.258,17.36
98,S,N,35.155,13.454,13.011
98,S,CA,34.337,12.48,12.312
98,S,C,33.6,11.675,13.373
98,S,O,34.222,10.974,14.168
98,S,CB,35.214,11.554,11.468
98,S,OG,34.469,10.452,10.975
99,I,N,32.276,11.796,13.398
99,I,CA,31.472,11.072,14.374
99,I,C,30.844,9.85,13.737
99,I,O,30.404,9.888,12.594
99,I,CB,30.353,11.956,14.949
99,I,CG1,30.964,13.188,15.616
99,I,CG2,29.523,11.163,15.964
99,I,CD1,29.947,14.204,16.06
100,S,N,30.799,8.765,14.494
100,S,CA,30.229,7.517,14.011
100,S,C,29.134,7.037,14.953
100,S,O,29.162,7.34,16.141
100,S,CB,31.328,6.459,13.922
100,S,OG,30.779,5.18,13.669
101,S,N,28.163,6.303,14.414
101,S,CA,27.071,5.755,15.218
101,S,C,26.989,4.26,14.929
101,S,O,27.532,3.784,13.933
101,S,CB,25.73,6.413,14.859
101,S,OG,25.25,5.964,13.6
102,P,N,26.325,3.498,15.807
102,P,CA,26.19,2.056,15.609
102,P,C,25.055,1.721,14.631
102,P,O,24.017,2.387,14.612
102,P,CB,25.917,1.551,17.018
102,P,CG,25.119,2.67,17.61
102,P,CD,25.859,3.893,17.149
103,A,N,25.261,0.69,13.818
103,A,CA,24.256,0.276,12.842
103,A,C,22.982,-0.2,13.544
103,A,O,21.927,-0.343,12.918
103,A,CB,24.812,-0.828,11.972
104,S,N,23.086,-0.422,14.85
104,S,CA,21.959,-0.898,15.647
104,S,C,21.323,0.194,16.518
104,S,O,20.548,-0.103,17.422
104,S,CB,22.426,-2.048,16.54
104,S,OG,23.451,-1.612,17.42
105,A,N,21.652,1.452,16.247
105,A,CA,21.109,2.564,17.011
105,A,C,19.623,2.798,16.72
105,A,O,19.17,2.621,15.59
105,A,CB,21.901,3.826,16.704
106,P,N,18.84,3.184,17.748
106,P,CA,17.405,3.442,17.574
106,P,C,17.225,4.657,16.66
106,P,O,17.97,5.636,16.775
106,P,CB,16.921,3.747,18.994
106,P,CG,17.914,3.038,19.872
106,P,CD,19.226,3.291,19.166
107,I,N,16.254,4.607,15.753
107,I,CA,16.041,5.746,14.87
107,I,C,15.224,6.8,15.595
107,I,O,14.595,6.513,16.609
107,I,CB,15.281,5.367,13.552
107,I,CG1,13.87,4.856,13.872
107,I,CG2,16.069,4.336,12.771
107,I,CD1,12.939,4.829,12.66
108,G,N,15.239,8.017,15.063
108,G,CA,14.47,9.095,15.652
108,G,C,15.239,10.387,15.818
108,G,O,16.322,10.565,15.249
109,R,N,14.668,11.298,16.603
109,R,CA,15.301,12.582,16.866
109,R,C,16.302,12.445,18.011
109,R,O,16.02,11.791,19.017
109,R,CB,14.241,13.622,17.215
109,R,CG,13.372,14.029,16.033
109,R,CD,12.276,14.983,16.468
109,R,NE,11.442,15.409,15.35
109,R,CZ,11.847,16.226,14.382
109,R,NH1,13.082,16.715,14.387
109,R,NH2,11.012,16.559,13.409
110,Y,N,17.47,13.059,17.839
110,Y,CA,18.53,13.026,18.842
110,Y,C,19.018,14.414,19.221
110,Y,O,18.88,15.373,18.462
110,Y,CB,19.756,12.258,18.338
110,Y,CG,19.68,10.755,18.417
110,Y,CD1,18.915,10.018,17.514
110,Y,CD2,20.417,10.063,19.371
110,Y,CE1,18.895,8.625,17.56
110,Y,CE2,20.405,8.675,19.425
110,Y,CZ,19.645,7.962,18.519
110,Y,OH,19.653,6.59,18.579
111,T,N,19.617,14.497,20.402
111,T,CA,20.193,15.736,20.897
111,T,C,21.657,15.423,21.146
111,T,O,21.991,14.338,21.624
111,T,CB,19.545,16.182,22.23
111,T,OG1,18.227,16.683,21.977
111,T,CG2,20.37,17.269,22.89
112,M,N,22.535,16.353,20.794
112,M,CA,23.953,16.145,21.026
112,M,C,24.48,17.244,21.921
112,M,O,24.281,18.431,21.652
112,M,CB,24.75,16.149,19.722
112,M,CG,26.25,15.98,19.955
112,M,SD,27.235,15.892,18.446
112,M,CE,27.181,14.154,18.138
113,A,N,25.147,16.84,22.993
113,A,CA,25.727,17.788,23.923
113,A,C,27.208,17.46,24.046
113,A,O,27.645,16.371,23.674
113,A,CB,25.037,17.682,25.285
114,L,N,27.983,18.405,24.556
114,L,CA,29.412,18.187,24.722
114,L,C,29.852,18.489,26.148
114,L,O,29.534,19.539,26.694
114,L,CB,30.193,19.078,23.759
114,L,CG,31.713,18.986,23.882
114,L,CD1,32.186,17.616,23.401
114,L,CD2,32.353,20.085,23.06
115,Q,N,30.58,17.564,26.756
115,Q,CA,31.064,17.795,28.105
115,Q,C,32.545,18.124,27.989
115,Q,O,33.289,17.431,27.293
115,Q,CB,30.847,16.561,28.979
115,Q,CG,30.833,16.89,30.464
115,Q,CD,30.473,15.708,31.342
115,Q,OE1,30.339,15.848,32.557
115,Q,NE2,30.319,14.54,30.737
116,I,N,32.969,19.19,28.657
116,I,CA,34.358,19.612,28.592
116,I,C,35.093,19.576,29.927
116,I,O,34.695,20.233,30.892
116,I,CB,34.471,21.039,28.011
116,I,CG1,33.925,21.061,26.583
116,I,CG2,35.924,21.497,28.018
116,I,CD1,33.9,22.442,25.962
117,F,N,36.169,18.8,29.965
117,F,CA,36.994,18.681,31.154
117,F,C,38.174,19.624,30.947
117,F,O,39.034,19.381,30.098
117,F,CB,37.465,17.239,31.313
117,F,CG,36.353,16.28,31.632
117,F,CD1,36.048,15.959,32.952
117,F,CD2,35.585,15.724,30.614
117,F,CE1,34.994,15.099,33.255
117,F,CE2,34.527,14.864,30.903
117,F,CZ,34.23,14.55,32.228
118,S,N,38.199,20.711,31.713
118,S,CA,39.253,21.704,31.583
118,S,C,39.505,22.467,32.884
118,S,O,38.57,22.825,33.602
118,S,CB,38.876,22.687,30.471
118,S,OG,39.882,23.658,30.258
119,Q,N,40.781,22.703,33.178
119,Q,CA,41.192,23.444,34.369
119,Q,C,40.591,22.917,35.667
119,Q,O,40.102,23.686,36.491
119,Q,CB,40.836,24.925,34.2
119,Q,CG,41.59,25.615,33.069
119,Q,CD,41.169,27.062,32.879
119,Q,OE1,41.778,27.802,32.102
119,Q,NE2,40.115,27.472,33.586
120,G,N,40.633,21.601,35.841
120,G,CA,40.104,20.992,37.046
120,G,C,38.596,21.06,37.196
120,G,O,38.061,20.672,38.229
121,G,N,37.906,21.548,36.171
121,G,CA,36.459,21.641,36.236
121,G,C,35.765,20.895,35.109
121,G,O,36.417,20.245,34.291
122,I,N,34.437,20.984,35.073
122,I,CA,33.643,20.327,34.041
122,I,C,32.536,21.259,33.579
122,I,O,31.859,21.874,34.401
122,I,CB,32.965,19.036,34.557
122,I,CG1,34.009,18.077,35.134
122,I,CG2,32.209,18.361,33.413
122,I,CD1,33.416,16.807,35.723
123,S,N,32.357,21.37,32.267
123,S,CA,31.308,22.214,31.712
123,S,C,30.527,21.406,30.675
123,S,O,31.039,20.432,30.121
123,S,CB,31.904,23.466,31.065
123,S,OG,32.59,23.149,29.871
124,S,N,29.288,21.808,30.413
124,S,CA,28.458,21.094,29.453
124,S,C,27.647,22.062,28.604
124,S,O,27.017,22.981,29.131
124,S,CB,27.521,20.141,30.196
124,S,OG,26.999,19.162,29.319
125,V,N,27.669,21.857,27.29
125,V,CA,26.932,22.718,26.373
125,V,C,26.219,21.887,25.316
125,V,O,26.744,20.872,24.86
125,V,CB,27.872,23.716,25.662
125,V,CG1,28.893,22.969,24.831
125,V,CG2,27.068,24.657,24.787
126,K,N,25.021,22.313,24.932
126,K,CA,24.271,21.593,23.919
126,K,C,24.766,22.02,22.538
126,K,O,24.805,23.215,22.222
126,K,CB,22.774,21.879,24.054
126,K,CG,21.923,21.112,23.044
126,K,CD,20.46,21.538,23.073
126,K,CE,19.712,20.975,21.868
126,K,NZ,18.296,21.438,21.8
127,L,N,25.157,21.043,21.722
127,L,CA,25.654,21.323,20.38
127,L,C,24.54,21.465,19.35
127,L,O,24.637,22.281,18.438
127,L,CB,26.615,20.221,19.942
127,L,CG,27.871,20.099,20.803
127,L,CD1,28.617,18.836,20.442
127,L,CD2,28.748,21.329,20.607
128,G,N,23.487,20.667,19.492
128,G,CA,22.385,20.739,18.553
128,G,C,21.608,19.442,18.453
128,G,O,21.774,18.539,19.282
129,T,N,20.757,19.349,17.432
129,T,CA,19.944,18.157,17.214
129,T,C,20.107,17.601,15.798
129,T,O,20.638,18.262,14.906
129,T,CB,18.443,18.453,17.442
129,T,OG1,18.027,19.493,16.548
129,T,CG2,18.189,18.898,18.877
130,F,N,19.643,16.373,15.603
130,F,CA,19.711,15.725,14.302
130,F,C,18.757,14.541,14.272
130,F,O,18.341,14.032,15.317
130,F,CB,21.131,15.234,14.002
130,F,CG,21.617,14.15,14.928
130,F,CD1,22.278,14.468,16.112
130,F,CD2,21.428,12.806,14.609
130,F,CE1,22.747,13.466,16.966
130,F,CE2,21.893,11.795,15.456
130,F,CZ,22.555,12.128,16.637
131,I,N,18.416,14.107,13.066
131,I,CA,17.522,12.972,12.876
131,I,C,18.348,11.775,12.408
131,I,O,19.228,11.912,11.559
131,I,CB,16.437,13.317,11.819
131,I,CG1,15.514,14.409,12.372
131,I,CG2,15.646,12.079,11.442
131,I,CD1,14.561,15.009,11.341
132,L,N,18.084,10.608,12.982
132,L,CA,18.798,9.387,12.609
132,L,C,17.804,8.39,12.023
132,L,O,16.798,8.07,12.668
132,L,CB,19.461,8.75,13.831
132,L,CG,20.98,8.599,13.901
132,L,CD1,21.282,7.432,14.828
132,L,CD2,21.591,8.342,12.53
133,L,N,18.095,7.883,10.823
133,L,CA,17.21,6.928,10.141
133,L,C,17.875,5.575,9.816
133,L,O,19.094,5.409,9.956
133,L,CB,16.703,7.543,8.83
133,L,CG,16.085,8.949,8.855
133,L,CD1,15.8,9.403,7.418
133,L,CD2,14.805,8.95,9.693
134,F,N,17.06,4.608,9.392
134,F,CA,17.579,3.299,8.999
134,F,C,18.517,3.524,7.806
134,F,O,18.402,4.522,7.092
134,F,CB,16.429,2.366,8.617
134,F,CG,15.63,1.881,9.8
134,F,CD1,16.184,0.977,10.704
134,F,CD2,14.343,2.356,10.032
134,F,CE1,15.471,0.555,11.826
134,F,CE2,13.621,1.939,11.153
134,F,CZ,14.187,1.036,12.053
135,N,N,19.45,2.607,7.59
135,N,CA,20.411,2.774,6.505
135,N,C,20.47,1.599,5.52
135,N,O,21.31,0.711,5.657
135,N,CB,21.79,3.017,7.116
135,N,CG,22.804,3.518,6.109
135,N,OD1,23.873,3.997,6.488
135,N,ND2,22.483,3.406,4.825
136,P,N,19.589,1.597,4.501
136,P,CA,19.529,0.539,3.48
136,P,C,20.812,0.441,2.631
136,P,O,20.97,-0.489,1.838
136,P,CB,18.32,0.939,2.624
136,P,CG,17.504,1.813,3.522
136,P,CD,18.544,2.609,4.266
137,W,N,21.706,1.415,2.793
137,W,CA,22.979,1.46,2.069
137,W,C,24.104,0.759,2.832
137,W,O,25.142,0.446,2.254
137,W,CB,23.403,2.909,1.837
137,W,CG,22.667,3.633,0.745
137,W,CD1,23.112,3.861,-0.526
137,W,CD2,21.385,4.268,0.842
137,W,NE1,22.192,4.602,-1.224
137,W,CE2,21.121,4.865,-0.411
137,W,CE3,20.436,4.391,1.865
137,W,CZ2,19.942,5.578,-0.673
137,W,CZ3,19.257,5.103,1.607
137,W,CH2,19.024,5.686,0.345
138,L,N,23.89,0.519,4.126
138,L,CA,24.889,-0.111,4.999
138,L,C,24.738,-1.634,5.026
138,L,O,23.685,-2.147,5.393
138,L,CB,24.74,0.431,6.428
138,L,CG,25.976,0.709,7.298
138,L,CD1,25.57,0.642,8.774
138,L,CD2,27.083,-0.293,7.01
139,N,N,25.794,-2.356,4.662
139,N,CA,25.726,-3.815,4.644
139,N,C,25.384,-4.473,5.983
139,N,O,24.811,-5.559,6.001
139,N,CB,27.023,-4.422,4.085
139,N,CG,28.248,-4.099,4.927
139,N,OD1,29.308,-4.702,4.743
139,N,ND2,28.118,-3.145,5.842
140,V,N,25.715,-3.83,7.099
140,V,CA,25.406,-4.415,8.403
140,V,C,24.067,-3.976,8.984
140,V,O,23.691,-4.413,10.071
140,V,CB,26.507,-4.119,9.456
140,V,CG1,27.742,-4.925,9.141
140,V,CG2,26.83,-2.633,9.488
141,D,N,23.351,-3.106,8.28
141,D,CA,22.054,-2.66,8.772
141,D,C,21.0,-3.688,8.36
141,D,O,21.018,-4.189,7.229
141,D,CB,21.72,-1.278,8.204
141,D,CG,20.459,-0.674,8.821
141,D,OD1,20.436,0.561,9.007
141,D,OD2,19.494,-1.424,9.105
142,S,N,20.088,-4.011,9.276
142,S,CA,19.049,-4.994,8.991
142,S,C,18.177,-4.654,7.779
142,S,O,17.565,-5.543,7.197
142,S,CB,18.168,-5.215,10.23
142,S,OG,17.613,-4.002,10.69
143,V,N,18.126,-3.384,7.385
143,V,CA,17.314,-2.992,6.226
143,V,C,18.148,-2.889,4.95
143,V,O,17.694,-2.336,3.94
143,V,CB,16.613,-1.627,6.438
143,V,CG1,15.723,-1.684,7.683
143,V,CG2,17.65,-0.51,6.542
144,F,N,19.363,-3.424,4.999
144,F,CA,20.263,-3.373,3.857
144,F,C,19.654,-3.928,2.57
144,F,O,19.09,-5.02,2.558
144,F,CB,21.558,-4.137,4.161
144,F,CG,22.543,-4.146,3.014
144,F,CD1,23.182,-2.974,2.617
144,F,CD2,22.814,-5.322,2.321
144,F,CE1,24.078,-2.971,1.545
144,F,CE2,23.709,-5.332,1.247
144,F,CZ,24.341,-4.156,0.858
145,M,N,19.775,-3.152,1.496
145,M,CA,19.299,-3.549,0.173
145,M,C,20.454,-3.203,-0.761
145,M,O,20.661,-2.039,-1.118
145,M,CB,18.042,-2.773,-0.223
145,M,CG,17.474,-3.202,-1.571
145,M,SD,15.935,-2.357,-1.956
145,M,CE,14.739,-3.561,-1.246
146,G,N,21.209,-4.229,-1.134
146,G,CA,22.379,-4.051,-1.976
146,G,C,22.24,-3.493,-3.376
146,G,O,23.102,-2.735,-3.811
147,N,N,21.179,-3.856,-4.09
147,N,CA,20.997,-3.382,-5.461
147,N,C,20.626,-1.905,-5.578
147,N,O,19.651,-1.448,-4.972
147,N,CB,19.954,-4.232,-6.19
147,N,CG,19.841,-3.862,-7.663
147,N,OD1,19.008,-3.043,-8.051
147,N,ND2,20.71,-4.442,-8.483
148,H,N,21.401,-1.174,-6.379
148,H,CA,21.189,0.256,-6.583
148,H,C,19.802,0.65,-7.093
148,H,O,19.112,1.449,-6.464
148,H,CB,22.231,0.826,-7.549
148,H,CG,22.039,2.285,-7.833
148,H,ND1,22.356,3.268,-6.92
148,H,CD2,21.482,2.922,-8.893
148,H,CE1,21.998,4.445,-7.402
148,H,NE2,21.464,4.263,-8.597
149,A,N,19.405,0.112,-8.244
149,A,CA,18.104,0.451,-8.815
149,A,C,16.947,0.087,-7.89
149,A,O,15.983,0.832,-7.782
149,A,CB,17.922,-0.229,-10.178
150,E,N,17.035,-1.059,-7.225
150,E,CA,15.961,-1.453,-6.322
150,E,C,15.848,-0.455,-5.175
150,E,O,14.757,0.023,-4.857
150,E,CB,16.201,-2.865,-5.784
150,E,CG,16.091,-3.946,-6.848
150,E,CD,16.233,-5.345,-6.274
150,E,OE1,15.402,-5.726,-5.428
150,E,OE2,17.173,-6.066,-6.662
151,R,N,16.982,-0.121,-4.57
151,R,CA,16.984,0.822,-3.467
151,R,C,16.428,2.188,-3.875
151,R,O,15.734,2.836,-3.092
151,R,CB,18.392,0.989,-2.919
151,R,CG,18.445,1.773,-1.632
151,R,CD,19.854,2.242,-1.408
151,R,NE,20.774,1.12,-1.389
151,R,CZ,21.922,1.077,-2.054
151,R,NH1,22.304,2.104,-2.805
151,R,NH2,22.69,-0.003,-1.959
152,E,N,16.736,2.632,-5.092
152,E,CA,16.226,3.922,-5.561
152,E,C,14.702,3.888,-5.612
152,E,O,14.043,4.848,-5.22
152,E,CB,16.766,4.26,-6.957
152,E,CG,18.249,4.641,-6.993
152,E,CD,18.559,5.867,-6.144
152,E,OE1,19.257,5.72,-5.117
152,E,OE2,18.098,6.974,-6.502
153,E,N,14.148,2.775,-6.087
153,E,CA,12.702,2.631,-6.189
153,E,C,12.0,2.454,-4.845
153,E,O,10.963,3.072,-4.58
153,E,CB,12.344,1.433,-7.07
153,E,CG,10.846,1.151,-7.138
153,E,CD,10.102,2.118,-8.04
153,E,OE1,8.891,2.329,-7.816
153,E,OE2,10.724,2.654,-8.983
154,Y,N,12.563,1.61,-3.993
154,Y,CA,11.93,1.329,-2.714
154,Y,C,12.212,2.293,-1.564
154,Y,O,11.612,2.179,-0.495
154,Y,CB,12.266,-0.103,-2.314
154,Y,CG,11.89,-1.093,-3.39
154,Y,CD1,10.639,-1.03,-4.014
154,Y,CD2,12.757,-2.121,-3.757
154,Y,CE1,10.259,-1.967,-4.962
154,Y,CE2,12.382,-3.074,-4.72
154,Y,CZ,11.131,-2.989,-5.311
154,Y,OH,10.736,-3.941,-6.218
155,V,N,13.102,3.251,-1.788
155,V,CA,13.436,4.223,-0.758
155,V,C,13.36,5.666,-1.27
155,V,O,12.72,6.515,-0.648
155,V,CB,14.87,3.987,-0.198
155,V,CG1,15.205,5.046,0.837
155,V,CG2,14.981,2.605,0.413
156,Q,N,13.99,5.933,-2.413
156,Q,CA,14.047,7.289,-2.963
156,Q,C,12.914,7.77,-3.86
156,Q,O,12.75,8.971,-4.046
156,Q,CB,15.37,7.48,-3.711
156,Q,CG,16.612,7.108,-2.9
156,Q,CD,16.74,7.884,-1.588
156,Q,OE1,15.872,7.809,-0.72
156,Q,NE2,17.832,8.626,-1.443
157,E,N,12.138,6.85,-4.419
157,E,CA,11.047,7.225,-5.319
157,E,C,9.801,7.688,-4.559
157,E,O,9.281,6.963,-3.705
157,E,CB,10.709,6.045,-6.235
157,E,CG,9.631,6.34,-7.243
157,E,CD,9.96,7.553,-8.076
157,E,OE1,9.116,8.463,-8.15
157,E,OE2,11.066,7.596,-8.653
158,D,N,9.326,8.893,-4.875
158,D,CA,8.162,9.446,-4.199
158,D,C,6.894,9.452,-5.048
158,D,O,5.854,9.962,-4.625
158,D,CB,8.47,10.86,-3.685
158,D,CG,9.001,11.782,-4.772
158,D,OD1,9.297,11.293,-5.887
158,D,OD2,9.128,12.999,-4.503
159,A,N,6.987,8.881,-6.243
159,A,CA,5.847,8.78,-7.147
159,A,C,5.556,7.29,-7.26
159,A,O,6.468,6.492,-7.485
159,A,CB,6.195,9.359,-8.519
160,G,N,4.293,6.912,-7.101
160,G,CA,3.952,5.505,-7.171
160,G,C,2.772,5.127,-8.043
160,G,O,2.056,5.971,-8.59
161,I,N,2.586,3.819,-8.158
161,I,CA,1.524,3.226,-8.952
161,I,C,0.922,2.088,-8.139
161,I,O,1.644,1.208,-7.656
161,I,CB,2.081,2.628,-10.273
161,I,CG1,2.639,3.736,-11.179
161,I,CG2,0.982,1.847,-10.983
161,I,CD1,1.576,4.632,-11.78
162,I,N,-0.396,2.107,-7.98
162,I,CA,-1.079,1.057,-7.241
162,I,C,-2.076,0.38,-8.17
162,I,O,-2.893,1.04,-8.822
162,I,CB,-1.825,1.626,-6.012
162,I,CG1,-0.826,2.346,-5.099
162,I,CG2,-2.537,0.489,-5.241
162,I,CD1,-1.461,2.962,-3.865
163,F,N,-2.009,-0.942,-8.242
163,F,CA,-2.923,-1.659,-9.112
163,F,C,-4.244,-1.939,-8.404
163,F,O,-4.28,-2.212,-7.204
163,F,CB,-2.259,-2.935,-9.62
163,F,CG,-1.04,-2.668,-10.451
163,F,CD1,0.209,-2.532,-9.858
163,F,CD2,-1.152,-2.457,-11.822
163,F,CE1,1.324,-2.184,-10.618
163,F,CE2,-0.042,-2.107,-12.587
163,F,CZ,1.196,-1.969,-11.983
164,V,N,-5.327,-1.826,-9.163
164,V,CA,-6.672,-2.033,-8.656
164,V,C,-7.497,-2.71,-9.75
164,V,O,-6.942,-3.235,-10.716
164,V,CB,-7.326,-0.682,-8.3
164,V,CG1,-6.498,0.041,-7.251
164,V,CG2,-7.443,0.177,-9.543
165,G,N,-8.817,-2.683,-9.603
165,G,CA,-9.684,-3.294,-10.593
165,G,C,-10.178,-4.668,-10.184
165,G,O,-10.738,-4.849,-9.106
166,S,N,-9.973,-5.643,-11.055
166,S,CA,-10.398,-7.007,-10.78
166,S,C,-9.625,-7.954,-11.677
166,S,O,-8.893,-7.524,-12.571
166,S,CB,-11.891,-7.168,-11.059
166,S,OG,-12.155,-6.987,-12.432
167,T,N,-9.793,-9.248,-11.439
167,T,CA,-9.114,-10.249,-12.241
167,T,C,-9.51,-10.134,-13.719
167,T,O,-8.752,-10.539,-14.598
167,T,CB,-9.424,-11.675,-11.722
167,T,OG1,-10.839,-11.847,-11.599
167,T,CG2,-8.785,-11.896,-10.365
168,N,N,-10.684,-9.567,-13.993
168,N,CA,-11.141,-9.425,-15.373
168,N,C,-10.47,-8.26,-16.087
168,N,O,-10.391,-8.239,-17.314
168,N,CB,-12.654,-9.25,-15.415
168,N,CG,-13.377,-10.379,-14.723
168,N,OD1,-13.182,-11.547,-15.059
168,N,ND2,-14.21,-10.041,-13.743
169,R,N,-10.006,-7.284,-15.316
169,R,CA,-9.317,-6.127,-15.876
169,R,C,-8.572,-5.369,-14.795
169,R,O,-9.172,-4.713,-13.946
169,R,CB,-10.297,-5.193,-16.587
169,R,CG,-11.662,-5.096,-15.937
169,R,CD,-12.46,-3.992,-16.594
169,R,NE,-11.864,-2.696,-16.289
169,R,CZ,-12.274,-1.543,-16.804
169,R,NH1,-13.287,-1.517,-17.661
169,R,NH2,-11.674,-0.415,-16.446
170,I,N,-7.25,-5.477,-14.837
170,I,CA,-6.391,-4.823,-13.874
170,I,C,-6.119,-3.379,-14.269
170,I,O,-5.529,-3.1,-15.31
170,I,CB,-5.061,-5.582,-13.74
170,I,CG1,-5.32,-6.951,-13.108
170,I,CG2,-4.082,-4.778,-12.897
170,I,CD1,-4.123,-7.889,-13.131
171,G,N,-6.574,-2.459,-13.431
171,G,CA,-6.351,-1.054,-13.697
171,G,C,-5.284,-0.566,-12.741
171,G,O,-4.701,-1.355,-11.993
172,M,N,-5.026,0.732,-12.751
172,M,CA,-4.017,1.289,-11.864
172,M,C,-4.298,2.751,-11.591
172,M,O,-4.927,3.432,-12.399
172,M,CB,-2.64,1.176,-12.503
172,M,CG,-2.422,2.189,-13.619
172,M,SD,-1.004,1.802,-14.632
172,M,CE,-1.739,1.963,-16.272
173,I,N,-3.835,3.227,-10.443
173,I,CA,-3.991,4.625,-10.097
173,I,C,-2.644,5.113,-9.583
173,I,O,-1.884,4.345,-8.975
173,I,CB,-5.06,4.844,-9.012
173,I,CG1,-4.603,4.247,-7.689
173,I,CG2,-6.366,4.236,-9.455
173,I,CD1,-5.507,4.592,-6.537
174,G,N,-2.337,6.379,-9.851
174,G,CA,-1.085,6.938,-9.39
174,G,C,-1.234,7.368,-7.944
174,G,O,-2.34,7.666,-7.499
175,W,N,-0.131,7.395,-7.203
175,W,CA,-0.175,7.808,-5.802
175,W,C,1.049,8.629,-5.452
175,W,O,2.175,8.249,-5.765
175,W,CB,-0.252,6.591,-4.88
175,W,CG,-0.575,6.95,-3.47
175,W,CD1,0.309,7.225,-2.465
175,W,CD2,-1.889,7.122,-2.913
175,W,NE1,-0.375,7.56,-1.315
175,W,CE2,-1.724,7.504,-1.564
175,W,CE3,-3.188,6.992,-3.426
175,W,CZ2,-2.812,7.756,-0.717
175,W,CZ3,-4.273,7.245,-2.58
175,W,CH2,-4.073,7.623,-1.241
176,N,N,0.822,9.765,-4.803
176,N,CA,1.917,10.64,-4.41
176,N,C,2.358,10.301,-2.989
176,N,O,1.696,10.65,-2.015
176,N,CB,1.467,12.101,-4.534
176,N,CG,2.459,13.082,-3.933
176,N,OD1,3.654,12.8,-3.821
176,N,ND2,1.963,14.256,-3.56
177,F,N,3.469,9.585,-2.877
177,F,CA,3.98,9.215,-1.567
177,F,C,4.466,10.476,-0.867
177,F,O,4.181,10.688,0.309
177,F,CB,5.114,8.196,-1.71
177,F,CG,4.671,6.873,-2.264
177,F,CD1,5.346,6.29,-3.331
177,F,CD2,3.56,6.22,-1.732
177,F,CE1,4.923,5.076,-3.87
177,F,CE2,3.122,5.004,-2.258
177,F,CZ,3.805,4.428,-3.332
178,G,N,5.193,11.307,-1.611
178,G,CA,5.707,12.566,-1.094
178,G,C,6.417,12.538,0.244
178,G,O,6.205,13.421,1.076
179,Q,N,7.273,11.543,0.455
179,Q,CA,7.999,11.432,1.717
179,Q,C,8.974,12.591,1.914
179,Q,O,9.423,12.848,3.027
179,Q,CB,8.764,10.104,1.781
179,Q,CG,9.774,9.891,0.651
179,Q,CD,9.238,9.005,-0.465
179,Q,OE1,8.082,9.128,-0.872
179,Q,NE2,10.083,8.115,-0.973
180,F,N,9.293,13.296,0.836
180,F,CA,10.235,14.408,0.909
180,F,C,9.562,15.76,1.065
180,F,O,10.231,16.765,1.323
180,F,CB,11.118,14.424,-0.34
180,F,CG,11.796,13.119,-0.603
180,F,CD1,12.655,12.567,0.341
180,F,CD2,11.552,12.423,-1.778
180,F,CE1,13.26,11.337,0.121
180,F,CE2,12.151,11.19,-2.012
180,F,CZ,13.007,10.644,-1.061
181,E,N,8.245,15.796,0.913
181,E,CA,7.535,17.053,1.05
181,E,C,7.633,17.607,2.47
181,E,O,7.782,16.863,3.44
181,E,CB,6.075,16.885,0.621
181,E,CG,5.947,16.446,-0.83
181,E,CD,6.871,17.236,-1.758
181,E,OE1,6.592,18.429,-2.004
181,E,OE2,7.883,16.666,-2.233
182,E,N,7.561,18.925,2.575
182,E,CA,7.668,19.618,3.854
182,E,C,6.848,19.039,5.008
182,E,O,5.651,18.775,4.87
182,E,CB,7.313,21.09,3.653
182,E,CG,7.31,21.911,4.921
182,E,CD,7.622,23.369,4.651
182,E,OE1,8.795,23.676,4.321
182,E,OE2,6.693,24.203,4.757
183,D,N,7.521,18.838,6.141
183,D,CA,6.914,18.323,7.37
183,D,C,6.477,16.859,7.36
183,D,O,6.037,16.339,8.391
183,D,CB,5.708,19.182,7.762
183,D,CG,5.5,19.247,9.27
183,D,OD1,4.339,19.42,9.708
183,D,OD2,6.502,19.141,10.015
184,I,N,6.584,16.189,6.216
184,I,CA,6.168,14.791,6.149
184,I,C,7.073,13.872,6.965
184,I,O,6.588,12.992,7.675
184,I,CB,6.101,14.291,4.687
184,I,CG1,4.959,15.0,3.954
184,I,CG2,5.884,12.787,4.652
184,I,CD1,3.588,14.83,4.615
185,L,N,8.384,14.07,6.862
185,L,CA,9.319,13.247,7.624
185,L,C,9.012,13.45,9.111
185,L,O,8.907,12.493,9.882
185,L,CB,10.762,13.678,7.351
185,L,CG,11.902,12.663,7.559
185,L,CD1,13.216,13.412,7.729
185,L,CD2,11.649,11.808,8.772
186,S,N,8.866,14.713,9.495
186,S,CA,8.588,15.08,10.879
186,S,C,7.346,14.363,11.406
186,S,O,7.38,13.746,12.471
186,S,CB,8.398,16.595,10.981
186,S,OG,8.351,17.02,12.333
187,I,N,6.254,14.447,10.653
187,I,CA,5.005,13.814,11.046
187,I,C,5.166,12.308,11.197
187,I,O,4.651,11.713,12.143
187,I,CB,3.888,14.09,10.013
187,I,CG1,3.592,15.59,9.956
187,I,CG2,2.629,13.297,10.375
187,I,CD1,2.561,15.979,8.893
188,C,N,5.882,11.692,10.262
188,C,CA,6.082,10.251,10.308
188,C,C,6.88,9.849,11.547
188,C,O,6.599,8.829,12.173
188,C,CB,6.754,9.775,9.015
188,C,SG,5.659,9.9,7.571
189,L,N,7.866,10.655,11.912
189,L,CA,8.64,10.374,13.112
189,L,C,7.729,10.544,14.342
189,L,O,7.796,9.754,15.289
189,L,CB,9.824,11.342,13.228
189,L,CG,10.991,11.217,12.247
189,L,CD1,11.821,12.495,12.249
189,L,CD2,11.846,10.028,12.625
190,S,N,6.871,11.566,14.326
190,S,CA,5.991,11.813,15.468
190,S,C,4.997,10.668,15.696
190,S,O,4.525,10.459,16.819
190,S,CB,5.243,13.148,15.307
190,S,OG,4.242,13.086,14.306
191,I,N,4.689,9.923,14.638
191,I,CA,3.776,8.8,14.767
191,I,C,4.282,7.832,15.836
191,I,O,3.494,7.302,16.619
191,I,CB,3.619,8.03,13.432
191,I,CG1,2.79,8.856,12.446
191,I,CG2,2.944,6.682,13.677
191,I,CD1,2.783,8.289,11.028
192,L,N,5.595,7.606,15.868
192,L,CA,6.179,6.699,16.848
192,L,C,5.981,7.215,18.278
192,L,O,5.88,6.426,19.219
192,L,CB,7.669,6.5,16.562
192,L,CG,8.019,5.998,15.152
192,L,CD1,9.514,5.714,15.07
192,L,CD2,7.219,4.737,14.835
193,D,N,5.914,8.535,18.442
193,D,CA,5.717,9.116,19.766
193,D,C,4.244,9.139,20.168
193,D,O,3.895,9.655,21.228
193,D,CB,6.256,10.545,19.817
193,D,CG,7.744,10.621,19.534
193,D,OD1,8.476,9.7,19.953
193,D,OD2,8.177,11.614,18.905
194,R,N,3.386,8.577,19.323
194,R,CA,1.952,8.563,19.585
194,R,C,1.34,7.172,19.616
194,R,O,0.127,7.041,19.745
194,R,CB,1.226,9.388,18.52
194,R,CG,1.498,10.87,18.592
194,R,CD,0.882,11.437,19.847
194,R,NE,1.068,12.88,19.944
194,R,CZ,0.616,13.627,20.948
194,R,NH1,-0.053,13.069,21.952
194,R,NH2,0.828,14.936,20.944
195,S,N,2.163,6.136,19.502
195,S,CA,1.642,4.772,19.492
195,S,C,1.184,4.291,20.864
195,S,O,1.52,4.88,21.891
195,S,CB,2.698,3.804,18.961
195,S,OG,3.713,3.584,19.926
196,L,N,0.415,3.21,20.873
196,L,CA,-0.063,2.633,22.121
196,L,C,1.158,2.136,22.886
196,L,O,1.201,2.198,24.116
196,L,CB,-1.007,1.46,21.842
196,L,CG,-2.276,1.767,21.044
196,L,CD1,-2.992,0.472,20.7
196,L,CD2,-3.181,2.681,21.853
197,N,N,2.149,1.65,22.14
197,N,CA,3.388,1.129,22.721
197,N,C,4.111,2.233,23.482
197,N,O,4.528,2.045,24.626
197,N,CB,4.316,0.586,21.624
197,N,CG,3.607,-0.365,20.665
197,N,OD1,2.646,0.02,19.993
197,N,ND2,4.082,-1.607,20.591
198,F,N,4.256,3.383,22.835
198,F,CA,4.925,4.525,23.44
198,F,C,4.222,4.981,24.722
198,F,O,4.879,5.269,25.72
198,F,CB,4.998,5.672,22.429
198,F,CG,5.719,6.885,22.936
198,F,CD1,5.02,7.928,23.531
198,F,CD2,7.1,6.984,22.82
198,F,CE1,5.685,9.055,24.002
198,F,CE2,7.78,8.105,23.288
198,F,CZ,7.072,9.144,23.88
199,R,N,2.891,5.039,24.69
199,R,CA,2.106,5.454,25.852
199,R,C,2.251,4.449,26.994
199,R,O,2.267,4.814,28.163
199,R,CB,0.623,5.575,25.486
199,R,CG,0.329,6.509,24.323
199,R,CD,-1.171,6.745,24.158
199,R,NE,-1.479,7.501,22.944
199,R,CZ,-0.925,8.67,22.617
199,R,NH1,-0.021,9.238,23.412
199,R,NH2,-1.271,9.274,21.485
200,R,N,2.358,3.177,26.642
200,R,CA,2.489,2.12,27.634
200,R,C,3.847,2.156,28.341
200,R,O,3.932,1.945,29.552
200,R,CB,2.296,0.771,26.942
200,R,CG,1.599,-0.297,27.763
200,R,CD,0.736,-1.156,26.844
200,R,NE,1.485,-1.622,25.678
200,R,CZ,1.046,-1.552,24.422
200,R,NH1,-0.146,-1.032,24.152
200,R,NH2,1.803,-2.0,23.431
201,D,N,4.905,2.43,27.584
201,D,CA,6.257,2.465,28.135
201,D,C,7.163,3.208,27.15
201,D,O,7.769,2.597,26.273
201,D,CB,6.758,1.028,28.33
201,D,CG,8.129,0.952,28.999
201,D,OD1,8.956,1.876,28.841
201,D,OD2,8.388,-0.062,29.676
202,A,N,7.255,4.524,27.298
202,A,CA,8.075,5.327,26.406
202,A,C,9.523,4.859,26.344
202,A,O,10.093,4.737,25.257
202,A,CB,8.019,6.782,26.826
203,A,N,10.117,4.59,27.503
203,A,CA,11.514,4.162,27.562
203,A,C,11.797,2.929,26.716
203,A,O,12.748,2.905,25.929
203,A,CB,11.929,3.905,29.014
204,T,N,10.978,1.899,26.875
204,T,CA,11.176,0.675,26.111
204,T,C,10.844,0.849,24.627
204,T,O,11.525,0.288,23.764
204,T,CB,10.335,-0.472,26.687
204,T,OG1,10.714,-0.692,28.051
204,T,CG2,10.564,-1.749,25.891
205,D,N,9.806,1.63,24.332
205,D,CA,9.406,1.862,22.946
205,D,C,10.523,2.505,22.121
205,D,O,10.852,2.025,21.03
205,D,CB,8.167,2.755,22.878
205,D,CG,7.879,3.236,21.469
205,D,OD1,7.381,2.432,20.647
205,D,OD2,8.172,4.416,21.181
206,V,N,11.101,3.589,22.638
206,V,CA,12.163,4.285,21.924
206,V,C,13.382,3.384,21.743
206,V,O,14.04,3.421,20.702
206,V,CB,12.57,5.594,22.652
206,V,CG1,13.748,6.258,21.946
206,V,CG2,11.397,6.549,22.672
207,A,N,13.672,2.563,22.747
207,A,CA,14.811,1.659,22.663
207,A,C,14.586,0.617,21.568
207,A,O,15.536,0.118,20.958
207,A,CB,15.037,0.969,24.008
208,S,N,13.321,0.298,21.321
208,S,CA,12.962,-0.689,20.313
208,S,C,12.955,-0.109,18.905
208,S,O,12.749,-0.838,17.942
208,S,CB,11.582,-1.277,20.625
208,S,OG,11.576,-1.907,21.891
209,R,N,13.19,1.197,18.79
209,R,CA,13.188,1.868,17.494
209,R,C,14.413,1.574,16.638
209,R,O,14.617,2.2,15.593
209,R,CB,13.029,3.374,17.69
209,R,CG,11.686,3.738,18.288
209,R,CD,11.557,5.217,18.544
209,R,NE,10.273,5.526,19.169
209,R,CZ,9.807,6.756,19.361
209,R,NH1,10.52,7.814,18.973
209,R,NH2,8.624,6.929,19.941
210,N,N,15.222,0.619,17.087
210,N,CA,16.41,0.21,16.352
210,N,C,16.032,-1.028,15.554
210,N,O,16.845,-1.579,14.807
210,N,CB,17.547,-0.162,17.308
210,N,CG,17.208,-1.357,18.195
210,N,OD1,18.099,-2.016,18.735
210,N,ND2,15.922,-1.63,18.363
211,D,N,14.79,-1.458,15.728
211,D,CA,14.284,-2.657,15.076
211,D,C,13.188,-2.356,14.046
211,D,O,12.089,-1.922,14.398
211,D,CB,13.775,-3.613,16.167
211,D,CG,13.26,-4.929,15.619
211,D,OD1,13.56,-5.271,14.453
211,D,OD2,12.56,-5.636,16.379
212,P,N,13.484,-2.572,12.754
212,P,CA,12.51,-2.319,11.686
212,P,C,11.267,-3.197,11.82
212,P,O,10.178,-2.807,11.409
212,P,CB,13.306,-2.607,10.415
212,P,CG,14.289,-3.643,10.862
212,P,CD,14.743,-3.099,12.199
213,K,N,11.44,-4.384,12.396
213,K,CA,10.33,-5.31,12.617
213,K,C,9.341,-4.65,13.571
213,K,O,8.124,-4.744,13.386
213,K,CB,10.836,-6.62,13.238
213,K,CG,11.838,-7.373,12.371
213,K,CD,12.276,-8.705,12.981
213,K,CE,13.157,-8.527,14.215
213,K,NZ,12.352,-8.184,15.41
214,Y,N,9.886,-3.975,14.586
214,Y,CA,9.095,-3.276,15.594
214,Y,C,8.466,-2.008,15.024
214,Y,O,7.261,-1.785,15.164
214,Y,CB,9.976,-2.904,16.79
214,Y,CG,9.251,-2.151,17.884
214,Y,CD1,8.546,-2.83,18.883
214,Y,CD2,9.268,-0.757,17.922
214,Y,CE1,7.88,-2.136,19.894
214,Y,CE2,8.604,-0.054,18.924
214,Y,CZ,7.914,-0.747,19.908
214,Y,OH,7.277,-0.05,20.907
215,V,N,9.287,-1.175,14.388
215,V,CA,8.795,0.068,13.806
215,V,C,7.73,-0.228,12.754
215,V,O,6.71,0.466,12.667
215,V,CB,9.939,0.874,13.165
215,V,CG1,9.382,2.148,12.509
215,V,CG2,10.97,1.235,14.228
216,G,N,7.966,-1.268,11.962
216,G,CA,7.002,-1.641,10.942
216,G,C,5.659,-2.041,11.536
216,G,O,4.613,-1.59,11.063
217,R,N,5.68,-2.882,12.571
217,R,CA,4.446,-3.334,13.208
217,R,C,3.697,-2.161,13.835
217,R,O,2.485,-2.043,13.69
217,R,CB,4.746,-4.405,14.265
217,R,CG,3.505,-5.11,14.831
217,R,CD,3.906,-6.383,15.574
217,R,NE,2.792,-7.052,16.25
217,R,CZ,1.794,-7.686,15.637
217,R,NH1,1.742,-7.752,14.313
217,R,NH2,0.843,-8.268,16.357
218,V,N,4.419,-1.286,14.525
218,V,CA,3.789,-0.121,15.133
218,V,C,3.097,0.717,14.049
218,V,O,1.957,1.149,14.223
218,V,CB,4.83,0.767,15.882
218,V,CG1,4.262,2.161,16.107
218,V,CG2,5.191,0.134,17.227
219,L,N,3.778,0.937,12.927
219,L,CA,3.196,1.738,11.851
219,L,C,1.941,1.114,11.242
219,L,O,1.016,1.835,10.867
219,L,CB,4.228,2.01,10.751
219,L,CG,5.365,2.98,11.094
219,L,CD1,6.348,3.038,9.934
219,L,CD2,4.811,4.364,11.391
220,S,N,1.902,-0.215,11.153
220,S,CA,0.744,-0.913,10.595
220,S,C,-0.473,-0.729,11.498
220,S,O,-1.617,-0.873,11.059
220,S,CB,1.03,-2.406,10.453
220,S,OG,1.02,-3.042,11.719
221,A,N,-0.219,-0.419,12.764
221,A,CA,-1.295,-0.206,13.722
221,A,C,-1.692,1.262,13.74
221,A,O,-2.869,1.584,13.852
221,A,CB,-0.855,-0.641,15.13
222,M,N,-0.703,2.143,13.608
222,M,CA,-0.935,3.584,13.639
222,M,C,-1.439,4.254,12.361
222,M,O,-1.851,5.417,12.396
222,M,CB,0.333,4.303,14.112
222,M,CG,0.545,4.253,15.625
222,M,SD,-0.785,5.086,16.545
222,M,CE,-0.417,6.813,16.154
223,I,N,-1.415,3.55,11.235
223,I,CA,-1.889,4.168,9.999
223,I,C,-3.42,4.203,9.953
223,I,O,-4.005,5.032,9.264
223,I,CB,-1.305,3.457,8.756
223,I,CG1,0.205,3.696,8.706
223,I,CG2,-1.934,3.997,7.481
223,I,CD1,0.602,5.165,8.723
224,N,N,-4.063,3.306,10.697
224,N,CA,-5.52,3.293,10.76
224,N,C,-5.888,3.994,12.068
224,N,O,-5.071,4.054,12.988
224,N,CB,-6.061,1.858,10.735
224,N,CG,-5.631,1.043,11.938
224,N,OD1,-6.052,1.308,13.066
224,N,ND2,-4.788,0.042,11.703
225,S,N,-7.1,4.531,12.154
225,S,CA,-7.52,5.241,13.357
225,S,C,-8.213,4.354,14.389
225,S,O,-8.67,4.841,15.426
225,S,CB,-8.428,6.422,12.983
225,S,OG,-9.607,5.999,12.319
226,N,N,-8.282,3.055,14.106
226,N,CA,-8.904,2.106,15.026
226,N,C,-8.151,2.101,16.352
226,N,O,-7.017,2.573,16.433
226,N,CB,-8.914,0.696,14.428
226,N,CG,-9.776,0.599,13.179
226,N,OD1,-10.781,-0.122,13.148
226,N,ND2,-9.389,1.332,12.143
227,D,N,-8.795,1.558,17.384
227,D,CA,-8.222,1.504,18.725
227,D,C,-8.049,2.928,19.238
227,D,O,-7.178,3.202,20.068
227,D,CB,-6.879,0.771,18.708
227,D,CG,-7.013,-0.661,18.239
227,D,OD1,-7.787,-1.414,18.867
227,D,OD2,-6.353,-1.033,17.244
228,D,N,-8.9,3.818,18.723
228,D,CA,-8.915,5.24,19.07
228,D,C,-7.532,5.888,19.039
228,D,O,-7.2,6.71,19.894
228,D,CB,-9.551,5.439,20.448
228,D,CG,-10.971,4.895,20.518
228,D,OD1,-11.836,5.372,19.746
228,D,OD2,-11.219,3.985,21.341
229,N,N,-6.735,5.531,18.04
229,N,CA,-5.396,6.078,17.928
229,N,C,-4.77,5.735,16.578
229,N,O,-4.277,4.622,16.367
229,N,CB,-4.541,5.539,19.075
229,N,CG,-3.134,6.088,19.067
229,N,OD1,-2.903,7.248,18.715
229,N,ND2,-2.179,5.258,19.48
230,G,N,-4.793,6.699,15.665
230,G,CA,-4.229,6.466,14.352
230,G,C,-4.569,7.54,13.341
230,G,O,-5.196,8.547,13.667
231,V,N,-4.172,7.311,12.095
231,V,CA,-4.403,8.287,11.05
231,V,C,-5.719,8.207,10.273
231,V,O,-6.549,9.104,10.373
231,V,CB,-3.244,8.268,10.034
231,V,CG1,-3.528,9.246,8.921
231,V,CG2,-1.938,8.619,10.727
232,L,N,-5.901,7.132,9.513
232,L,CA,-7.074,6.959,8.655
232,L,C,-8.271,6.164,9.156
232,L,O,-8.133,5.092,9.746
232,L,CB,-6.622,6.355,7.329
232,L,CG,-5.851,7.301,6.41
232,L,CD1,-4.831,6.521,5.587
232,L,CD2,-6.845,8.045,5.525
233,A,N,-9.458,6.692,8.873
233,A,CA,-10.703,6.038,9.251
233,A,C,-11.22,5.228,8.06
233,A,O,-11.479,5.784,6.985
233,A,CB,-11.735,7.075,9.664
234,G,N,-11.371,3.92,8.256
234,G,CA,-11.855,3.064,7.189
234,G,C,-13.352,3.203,6.972
234,G,O,-14.111,3.385,7.92
235,N,N,-13.784,3.124,5.722
235,N,CA,-15.203,3.238,5.411
235,N,C,-15.477,2.6,4.06
235,N,O,-15.06,3.123,3.028
235,N,CB,-15.62,4.714,5.402
235,N,CG,-17.128,4.904,5.264
235,N,OD1,-17.657,5.979,5.566
235,N,ND2,-17.823,3.869,4.8
236,W,N,-16.176,1.467,4.081
236,W,CA,-16.518,0.729,2.862
236,W,C,-18.029,0.702,2.639
236,W,O,-18.547,-0.222,2.017
236,W,CB,-16.004,-0.715,2.954
236,W,CG,-14.504,-0.86,2.822
236,W,CD1,-13.801,-1.164,1.684
236,W,CD2,-13.527,-0.672,3.857
236,W,NE1,-12.451,-1.176,1.95
236,W,CE2,-12.255,-0.878,3.274
236,W,CE3,-13.604,-0.352,5.22
236,W,CZ2,-11.067,-0.773,4.008
236,W,CZ3,-12.422,-0.25,5.949
236,W,CH2,-11.171,-0.459,5.339
237,S,N,-18.725,1.724,3.122
237,S,CA,-20.185,1.787,3.004
237,S,C,-20.736,2.378,1.708
237,S,O,-21.907,2.188,1.394
237,S,CB,-20.765,2.589,4.165
237,S,OG,-20.501,3.973,3.989
238,G,N,-19.915,3.106,0.963
238,G,CA,-20.415,3.703,-0.257
238,G,C,-20.95,5.102,0.004
238,G,O,-21.21,5.855,-0.933
239,T,N,-21.13,5.44,1.279
239,T,CA,-21.604,6.766,1.684
239,T,C,-20.492,7.375,2.539
239,T,O,-20.109,6.814,3.567
239,T,CB,-22.917,6.678,2.504
239,T,OG1,-23.984,6.247,1.648
239,T,CG2,-23.276,8.035,3.089
240,Y,N,-19.988,8.529,2.115
240,Y,CA,-18.869,9.166,2.798
240,Y,C,-19.09,10.579,3.313
240,Y,O,-18.151,11.362,3.413
240,Y,CB,-17.669,9.134,1.854
240,Y,CG,-17.474,7.763,1.264
240,Y,CD1,-17.097,6.687,2.069
240,Y,CD2,-17.743,7.515,-0.084
240,Y,CE1,-16.999,5.398,1.554
240,Y,CE2,-17.649,6.227,-0.613
240,Y,CZ,-17.279,5.173,0.213
240,Y,OH,-17.201,3.894,-0.29
241,T,N,-20.331,10.894,3.654
241,T,CA,-20.679,12.208,4.173
241,T,C,-19.821,12.512,5.397
241,T,O,-19.492,11.611,6.169
241,T,CB,-22.148,12.251,4.611
241,T,OG1,-22.959,11.612,3.619
241,T,CG2,-22.603,13.694,4.784
242,G,N,-19.469,13.78,5.574
242,G,CA,-18.655,14.157,6.714
242,G,C,-17.18,13.886,6.493
242,G,O,-16.361,14.043,7.4
243,G,N,-16.84,13.467,5.28
243,G,CA,-15.458,13.188,4.957
243,G,C,-15.278,13.169,3.456
243,G,O,-16.128,13.672,2.715
244,R,N,-14.176,12.585,3.002
244,R,CA,-13.9,12.5,1.58
244,R,C,-14.036,11.086,1.046
244,R,O,-13.663,10.124,1.717
244,R,CB,-12.493,13.025,1.29
244,R,CG,-12.352,14.5,1.586
244,R,CD,-11.052,15.027,1.071
244,R,NE,-10.832,14.617,-0.311
244,R,CZ,-9.744,14.93,-1.001
244,R,NH1,-8.799,15.66,-0.427
244,R,NH2,-9.59,14.495,-2.246
245,D,N,-14.588,10.966,-0.158
245,D,CA,-14.738,9.672,-0.809
245,D,C,-13.307,9.117,-0.893
245,D,O,-12.403,9.786,-1.395
245,D,CB,-15.342,9.869,-2.204
245,D,CG,-15.661,8.555,-2.909
245,D,OD1,-16.778,8.433,-3.458
245,D,OD2,-14.8,7.651,-2.931
246,P,N,-13.081,7.899,-0.368
246,P,CA,-11.747,7.289,-0.392
246,P,C,-11.017,7.337,-1.734
246,P,O,-9.798,7.522,-1.776
246,P,CB,-12.016,5.858,0.074
246,P,CG,-13.121,6.048,1.064
246,P,CD,-14.039,7.028,0.341
247,R,N,-11.757,7.182,-2.827
247,R,CA,-11.135,7.183,-4.145
247,R,C,-10.718,8.566,-4.659
247,R,O,-10.061,8.666,-5.695
247,R,CB,-12.061,6.486,-5.154
247,R,CG,-12.616,5.163,-4.613
247,R,CD,-13.168,4.233,-5.681
247,R,NE,-12.104,3.618,-6.463
247,R,CZ,-11.906,2.307,-6.595
247,R,NH1,-12.699,1.428,-5.99
247,R,NH2,-10.91,1.88,-7.357
248,S,N,-11.072,9.627,-3.933
248,S,CA,-10.713,10.979,-4.372
248,S,C,-9.271,11.388,-4.046
248,S,O,-8.692,12.227,-4.743
248,S,CB,-11.679,12.018,-3.788
248,S,OG,-11.567,12.081,-2.379
249,W,N,-8.694,10.803,-2.996
249,W,CA,-7.311,11.115,-2.605
249,W,C,-6.325,10.792,-3.735
249,W,O,-6.563,9.878,-4.525
249,W,CB,-6.871,10.291,-1.383
249,W,CG,-7.702,10.432,-0.158
249,W,CD1,-8.594,9.52,0.337
249,W,CD2,-7.682,11.522,0.77
249,W,NE1,-9.124,9.974,1.521
249,W,CE2,-8.582,11.2,1.811
249,W,CE3,-6.989,12.74,0.825
249,W,CZ2,-8.807,12.053,2.901
249,W,CZ3,-7.21,13.587,1.905
249,W,CH2,-8.114,13.236,2.93
250,D,N,-5.218,11.534,-3.789
250,D,CA,-4.171,11.309,-4.787
250,D,C,-2.824,11.012,-4.125
250,D,O,-1.83,10.758,-4.81
250,D,CB,-3.998,12.524,-5.698
250,D,CG,-5.166,12.725,-6.633
250,D,OD1,-5.77,11.712,-7.05
250,D,OD2,-5.467,13.896,-6.963
251,G,N,-2.78,11.049,-2.796
251,G,CA,-1.526,10.779,-2.121
251,G,C,-1.568,10.781,-0.609
251,G,O,-2.604,11.047,0.005
252,S,N,-0.41,10.501,-0.017
252,S,CA,-0.235,10.427,1.431
252,S,C,0.024,11.782,2.09
252,S,O,-0.167,11.944,3.297
252,S,CB,0.943,9.504,1.753
252,S,OG,0.943,8.358,0.92
253,V,N,0.472,12.746,1.296
253,V,CA,0.795,14.071,1.812
253,V,C,-0.366,14.797,2.487
253,V,O,-0.235,15.237,3.63
253,V,CB,1.379,14.964,0.694
253,V,CG1,1.711,16.335,1.238
253,V,CG2,2.625,14.318,0.124
254,E,N,-1.498,14.92,1.797
254,E,CA,-2.647,15.614,2.368
254,E,C,-3.214,14.908,3.586
254,E,O,-3.641,15.55,4.548
254,E,CB,-3.755,15.776,1.324
254,E,CG,-3.38,16.694,0.186
254,E,CD,-2.729,17.977,0.67
254,E,OE1,-1.488,18.088,0.574
254,E,OE2,-3.46,18.868,1.154
255,I,N,-3.226,13.581,3.535
255,I,CA,-3.748,12.781,4.628
255,I,C,-2.978,13.041,5.923
255,I,O,-3.581,13.29,6.969
255,I,CB,-3.687,11.284,4.266
255,I,CG1,-4.591,11.019,3.059
255,I,CG2,-4.087,10.421,5.468
255,I,CD1,-4.586,9.591,2.607
256,L,N,-1.649,12.999,5.84
256,L,CA,-0.777,13.21,7.001
256,L,C,-0.832,14.628,7.551
256,L,O,-0.855,14.824,8.766
256,L,CB,0.674,12.85,6.645
256,L,CG,0.891,11.357,6.38
256,L,CD1,2.267,11.107,5.78
256,L,CD2,0.696,10.598,7.677
257,K,N,-0.85,15.617,6.665
257,K,CA,-0.923,17.003,7.106
257,K,C,-2.297,17.328,7.708
257,K,O,-2.397,18.118,8.652
257,K,CB,-0.599,17.951,5.943
257,K,CG,0.87,17.925,5.565
257,K,CD,1.228,18.972,4.517
257,K,CE,2.734,18.96,4.27
257,K,NZ,3.249,20.14,3.502
258,N,N,-3.35,16.716,7.166
258,N,CA,-4.695,16.941,7.68
258,N,C,-4.79,16.318,9.059
258,N,O,-5.436,16.866,9.954
258,N,CB,-5.743,16.327,6.752
258,N,CG,-6.045,17.212,5.562
258,N,OD1,-5.37,18.225,5.344
258,N,ND2,-7.062,16.841,4.782
259,W,N,-4.133,15.172,9.218
259,W,CA,-4.113,14.461,10.486
259,W,C,-3.481,15.346,11.556
259,W,O,-4.014,15.479,12.655
259,W,CB,-3.312,13.165,10.355
259,W,CG,-3.308,12.327,11.601
259,W,CD1,-4.39,11.763,12.214
259,W,CD2,-2.16,11.918,12.359
259,W,NE1,-3.989,11.024,13.3
259,W,CE2,-2.626,11.101,13.413
259,W,CE3,-0.782,12.159,12.248
259,W,CZ2,-1.765,10.523,14.351
259,W,CZ3,0.073,11.586,13.177
259,W,CH2,-0.424,10.776,14.217
260,K,N,-2.343,15.947,11.225
260,K,CA,-1.648,16.822,12.159
260,K,C,-2.482,18.066,12.446
260,K,O,-2.709,18.432,13.601
260,K,CB,-0.293,17.251,11.587
260,K,CG,0.461,18.215,12.489
260,K,CD,1.814,18.586,11.922
260,K,CE,2.583,19.47,12.892
260,K,NZ,4.014,19.619,12.507
261,K,N,-2.938,18.704,11.375
261,K,CA,-3.727,19.923,11.465
261,K,C,-4.987,19.798,12.326
261,K,O,-5.41,20.771,12.95
261,K,CB,-4.104,20.384,10.053
261,K,CG,-4.675,21.788,9.973
261,K,CD,-4.902,22.208,8.528
261,K,CE,-6.002,21.385,7.868
261,K,NZ,-6.163,21.712,6.415
262,S,N,-5.574,18.605,12.373
262,S,CA,-6.798,18.386,13.146
262,S,C,-6.547,17.885,14.567
262,S,O,-7.465,17.404,15.234
262,S,CB,-7.695,17.379,12.422
262,S,OG,-7.096,16.093,12.418
263,G,N,-5.308,17.987,15.033
263,G,CA,-5.011,17.519,16.372
263,G,C,-5.057,16.005,16.446
263,G,O,-5.458,15.428,17.455
264,L,N,-4.671,15.358,15.352
264,L,CA,-4.619,13.903,15.296
264,L,C,-5.955,13.169,15.358
264,L,O,-6.022,12.039,15.848
264,L,CB,-3.697,13.385,16.407
264,L,CG,-2.35,14.116,16.518
264,L,CD1,-1.492,13.484,17.61
264,L,CD2,-1.634,14.066,15.177
265,S,N,-7.021,13.8,14.878
265,S,CA,-8.319,13.14,14.851
265,S,C,-8.366,12.341,13.537
265,S,O,-7.687,12.687,12.572
265,S,CB,-9.449,14.171,14.898
265,S,OG,-9.307,15.118,13.858
266,P,N,-9.168,11.266,13.486
266,P,CA,-9.292,10.418,12.295
266,P,C,-9.507,11.15,10.973
266,P,O,-10.356,12.027,10.873
266,P,CB,-10.476,9.515,12.637
266,P,CG,-10.411,9.417,14.116
266,P,CD,-10.133,10.847,14.517
267,V,N,-8.724,10.783,9.963
267,V,CA,-8.845,11.365,8.627
267,V,C,-9.876,10.522,7.869
267,V,O,-9.659,9.338,7.629
267,V,CB,-7.494,11.323,7.888
267,V,CG1,-7.691,11.627,6.405
267,V,CG2,-6.536,12.323,8.519
268,R,N,-10.997,11.135,7.501
268,R,CA,-12.083,10.431,6.809
268,R,C,-12.116,10.716,5.311
268,R,O,-12.137,11.877,4.917
268,R,CB,-13.418,10.851,7.435
268,R,CG,-13.405,10.795,8.961
268,R,CD,-14.682,11.355,9.588
268,R,NE,-14.594,11.286,11.043
268,R,CZ,-14.943,10.231,11.769
268,R,NH1,-15.427,9.143,11.183
268,R,NH2,-14.77,10.25,13.081
269,Y,N,-12.128,9.686,4.461
269,Y,CA,-12.108,8.267,4.829
269,Y,C,-11.14,7.539,3.894
269,Y,O,-10.807,8.045,2.825
269,Y,CB,-13.495,7.647,4.641
269,Y,CG,-14.557,8.176,5.573
269,Y,CD1,-14.64,7.734,6.897
269,Y,CD2,-15.489,9.111,5.129
269,Y,CE1,-15.636,8.212,7.757
269,Y,CE2,-16.485,9.594,5.98
269,Y,CZ,-16.553,9.143,7.283
269,Y,OH,-17.539,9.625,8.104
270,G,N,-10.708,6.344,4.285
270,G,CA,-9.802,5.593,3.436
270,G,C,-10.211,4.146,3.214
270,G,O,-11.058,3.609,3.928
271,Q,N,-9.642,3.526,2.187
271,Q,CA,-9.892,2.116,1.908
271,Q,C,-8.501,1.486,1.789
271,Q,O,-7.502,2.203,1.895
271,Q,CB,-10.779,1.951,0.674
271,Q,CG,-12.208,2.414,0.984
271,Q,CD,-13.146,2.353,-0.199
271,Q,OE1,-12.712,2.261,-1.341
271,Q,NE2,-14.447,2.426,0.072
272,C,N,-8.403,0.18,1.582
272,C,CA,-7.082,-0.438,1.614
272,C,C,-5.893,0.202,0.878
272,C,O,-4.808,0.279,1.446
272,C,CB,-7.183,-1.933,1.29
272,C,SG,-7.724,-2.379,-0.346
273,W,N,-6.063,0.672,-0.353
273,W,CA,-4.923,1.282,-1.049
273,W,C,-4.48,2.594,-0.388
273,W,O,-3.298,2.964,-0.432
273,W,CB,-5.263,1.52,-2.524
273,W,CG,-6.239,2.628,-2.775
273,W,CD1,-5.944,3.939,-3.007
273,W,CD2,-7.671,2.521,-2.828
273,W,NE1,-7.101,4.659,-3.205
273,W,CE2,-8.175,3.814,-3.098
273,W,CE3,-8.576,1.459,-2.672
273,W,CZ2,-9.55,4.077,-3.217
273,W,CZ3,-9.944,1.72,-2.788
273,W,CH2,-10.415,3.022,-3.059
274,V,N,-5.436,3.293,0.221
274,V,CA,-5.162,4.556,0.897
274,V,C,-4.296,4.298,2.134
274,V,O,-3.345,5.036,2.402
274,V,CB,-6.478,5.261,1.303
274,V,CG1,-6.176,6.609,1.915
274,V,CG2,-7.378,5.422,0.082
275,F,N,-4.622,3.245,2.88
275,F,CA,-3.838,2.872,4.058
275,F,C,-2.443,2.462,3.586
275,F,O,-1.435,2.843,4.179
275,F,CB,-4.458,1.665,4.767
275,F,CG,-5.758,1.953,5.446
275,F,CD1,-5.785,2.591,6.68
275,F,CD2,-6.959,1.564,4.862
275,F,CE1,-6.992,2.835,7.325
275,F,CE2,-8.173,1.806,5.499
275,F,CZ,-8.19,2.441,6.732
276,A,N,-2.399,1.673,2.512
276,A,CA,-1.141,1.179,1.967
276,A,C,-0.233,2.288,1.442
276,A,O,0.978,2.257,1.666
276,A,CB,-1.415,0.159,0.873
277,G,N,-0.813,3.259,0.74
277,G,CA,-0.018,4.352,0.216
277,G,C,0.589,5.182,1.333
277,G,O,1.75,5.574,1.272
278,T,N,-0.207,5.454,2.361
278,T,CA,0.25,6.238,3.498
278,T,C,1.293,5.443,4.288
278,T,O,2.292,6.0,4.751
278,T,CB,-0.934,6.612,4.423
278,T,OG1,-1.956,7.262,3.648
278,T,CG2,-0.474,7.56,5.521
279,L,N,1.068,4.141,4.439
279,L,CA,2.023,3.31,5.161
279,L,C,3.334,3.314,4.396
279,L,O,4.41,3.407,4.985
279,L,CB,1.515,1.867,5.3
279,L,CG,2.505,0.88,5.934
279,L,CD1,3.014,1.429,7.259
279,L,CD2,1.829,-0.453,6.149
280,N,N,3.239,3.233,3.074
280,N,CA,4.436,3.219,2.239
280,N,C,5.231,4.513,2.42
280,N,O,6.46,4.495,2.435
280,N,CB,4.056,3.024,0.761
280,N,CG,5.169,2.36,-0.044
280,N,OD1,5.729,2.956,-0.966
280,N,ND2,5.497,1.119,0.313
281,T,N,4.531,5.638,2.552
281,T,CA,5.206,6.92,2.75
281,T,C,5.986,6.908,4.07
281,T,O,7.139,7.343,4.134
281,T,CB,4.202,8.079,2.787
281,T,OG1,3.653,8.271,1.481
281,T,CG2,4.879,9.361,3.261
282,A,N,5.353,6.408,5.123
282,A,CA,6.013,6.345,6.417
282,A,C,7.262,5.458,6.342
282,A,O,8.343,5.865,6.777
282,A,CB,5.042,5.817,7.481
283,L,N,7.119,4.255,5.788
283,L,CA,8.249,3.334,5.68
283,L,C,9.417,3.909,4.878
283,L,O,10.561,3.897,5.347
283,L,CB,7.802,2.0,5.069
283,L,CG,6.785,1.211,5.914
283,L,CD1,6.359,-0.056,5.174
283,L,CD2,7.388,0.863,7.263
284,R,N,9.143,4.424,3.682
284,R,CA,10.222,4.988,2.874
284,R,C,10.901,6.173,3.555
284,R,O,12.122,6.255,3.586
284,R,CB,9.72,5.398,1.48
284,R,CG,9.516,4.2,0.569
284,R,CD,9.197,4.562,-0.875
284,R,NE,8.87,3.35,-1.618
284,R,CZ,8.404,3.315,-2.863
284,R,NH1,8.199,4.433,-3.547
284,R,NH2,8.123,2.149,-3.412
285,S,N,10.107,7.079,4.108
285,S,CA,10.652,8.253,4.776
285,S,C,11.603,7.886,5.917
285,S,O,12.634,8.527,6.104
285,S,CB,9.519,9.112,5.325
285,S,OG,9.018,8.542,6.511
286,L,N,11.251,6.85,6.671
286,L,CA,12.057,6.4,7.796
286,L,C,13.271,5.572,7.397
286,L,O,14.142,5.296,8.229
286,L,CB,11.185,5.608,8.765
286,L,CG,10.745,6.306,10.055
286,L,CD1,10.581,7.801,9.865
286,L,CD2,9.448,5.658,10.526
287,G,N,13.327,5.166,6.131
287,G,CA,14.461,4.393,5.658
287,G,C,14.26,2.9,5.477
287,G,O,15.222,2.169,5.263
288,I,N,13.025,2.432,5.579
288,I,CA,12.751,1.013,5.392
288,I,C,12.299,0.794,3.948
288,I,O,11.226,1.264,3.561
288,I,CB,11.637,0.53,6.363
288,I,CG1,12.129,0.645,7.812
288,I,CG2,11.241,-0.896,6.045
288,I,CD1,11.108,0.225,8.85
289,P,N,13.121,0.103,3.124
289,P,CA,12.744,-0.144,1.724
289,P,C,11.382,-0.813,1.709
289,P,O,11.183,-1.847,2.36
289,P,CB,13.848,-1.071,1.22
289,P,CG,15.032,-0.637,2.028
289,P,CD,14.443,-0.473,3.415
290,S,N,10.444,-0.229,0.971
290,S,CA,9.097,-0.772,0.94
290,S,C,8.38,-0.558,-0.382
290,S,O,8.759,0.299,-1.181
290,S,CB,8.28,-0.138,2.06
290,S,OG,8.274,1.273,1.905
291,R,N,7.323,-1.34,-0.59
291,R,CA,6.535,-1.262,-1.809
291,R,C,5.097,-1.703,-1.571
291,R,O,4.79,-2.388,-0.59
291,R,CB,7.17,-2.125,-2.903
291,R,CG,7.323,-3.588,-2.526
291,R,CD,8.026,-4.372,-3.63
291,R,NE,7.971,-5.807,-3.382
291,R,CZ,8.424,-6.734,-4.221
291,R,NH1,8.979,-6.382,-5.377
291,R,NH2,8.305,-8.016,-3.906
292,V,N,4.227,-1.313,-2.495
292,V,CA,2.809,-1.614,-2.417
292,V,C,2.424,-2.844,-3.229
292,V,O,2.737,-2.957,-4.419
292,V,CB,1.996,-0.392,-2.873
292,V,CG1,0.512,-0.689,-2.825
292,V,CG2,2.333,0.793,-1.967
293,I,N,1.736,-3.765,-2.561
293,I,CA,1.303,-5.021,-3.16
293,I,C,-0.219,-5.047,-3.288
293,I,O,-0.933,-4.631,-2.368
293,I,CB,1.716,-6.237,-2.264
293,I,CG1,3.231,-6.258,-2.043
293,I,CG2,1.224,-7.532,-2.87
293,I,CD1,4.069,-6.465,-3.301
294,T,N,-0.711,-5.524,-4.431
294,T,CA,-2.147,-5.65,-4.628
294,T,C,-2.441,-7.113,-4.915
294,T,O,-1.866,-7.71,-5.831
294,T,CB,-2.681,-4.823,-5.826
294,T,OG1,-2.593,-3.425,-5.543
294,T,CG2,-4.13,-5.178,-6.09
295,N,N,-3.33,-7.685,-4.113
295,N,CA,-3.747,-9.07,-4.264
295,N,C,-5.201,-9.061,-4.748
295,N,O,-6.062,-8.45,-4.115
295,N,CB,-3.616,-9.786,-2.913
295,N,CG,-4.121,-11.226,-2.944
295,N,OD1,-3.937,-11.953,-3.932
295,N,ND2,-4.745,-11.653,-1.842
296,F,N,-5.468,-9.704,-5.884
296,F,CA,-6.831,-9.768,-6.403
296,F,C,-7.538,-11.01,-5.863
296,F,O,-6.923,-12.071,-5.71
296,F,CB,-6.832,-9.765,-7.93
296,F,CG,-6.404,-8.458,-8.519
296,F,CD1,-5.064,-8.197,-8.76
296,F,CD2,-7.344,-7.464,-8.787
296,F,CE1,-4.658,-6.962,-9.259
296,F,CE2,-6.952,-6.225,-9.287
296,F,CZ,-5.606,-5.973,-9.523
297,N,N,-8.831,-10.87,-5.582
297,N,CA,-9.62,-11.955,-5.002
297,N,C,-8.966,-12.311,-3.66
297,N,O,-8.592,-13.459,-3.405
297,N,CB,-9.668,-13.175,-5.941
297,N,CG,-10.616,-12.972,-7.128
297,N,OD1,-11.332,-11.975,-7.207
297,N,ND2,-10.626,-13.93,-8.049
298,S,N,-8.829,-11.292,-2.812
298,S,CA,-8.221,-11.432,-1.495
298,S,C,-9.292,-11.819,-0.485
298,S,O,-10.251,-11.078,-0.257
298,S,CB,-7.556,-10.115,-1.085
298,S,OG,-6.663,-10.311,-0.003
299,A,N,-9.12,-12.983,0.126
299,A,CA,-10.092,-13.484,1.086
299,A,C,-9.854,-13.093,2.537
299,A,O,-8.744,-12.747,2.939
299,A,CB,-10.176,-15.001,0.979
300,H,N,-10.926,-13.15,3.319
300,H,CA,-10.853,-12.851,4.74
300,H,C,-11.387,-14.036,5.535
300,H,O,-12.57,-14.1,5.871
300,H,CB,-11.655,-11.602,5.098
300,H,CG,-11.516,-11.201,6.533
300,H,ND1,-12.191,-10.133,7.079
300,H,CD2,-10.774,-11.729,7.537
300,H,CE1,-11.872,-10.018,8.357
300,H,NE2,-11.013,-10.975,8.66
301,D,N,-10.492,-14.977,5.815
301,D,CA,-10.812,-16.171,6.584
301,D,C,-10.858,-15.77,8.056
301,D,O,-9.817,-15.592,8.688
301,D,CB,-9.722,-17.221,6.37
301,D,CG,-9.899,-18.43,7.255
301,D,OD1,-8.94,-19.225,7.361
301,D,OD2,-10.994,-18.586,7.839
302,T,N,-12.064,-15.635,8.599
302,T,CA,-12.231,-15.221,9.989
302,T,C,-12.03,-16.306,11.053
302,T,O,-11.641,-15.999,12.181
302,T,CB,-13.618,-14.577,10.195
302,T,OG1,-14.641,-15.505,9.812
302,T,CG2,-13.748,-13.321,9.346
303,D,N,-12.282,-17.566,10.706
303,D,CA,-12.126,-18.652,11.673
303,D,C,-10.963,-19.619,11.407
303,D,O,-11.047,-20.817,11.698
303,D,CB,-13.444,-19.432,11.806
303,D,CG,-14.083,-19.743,10.466
303,D,OD1,-13.399,-20.328,9.597
303,D,OD2,-15.275,-19.407,10.288
304,R,N,-9.877,-19.083,10.861
304,R,CA,-8.668,-19.852,10.571
304,R,C,-8.849,-21.287,10.075
304,R,O,-8.291,-22.219,10.658
304,R,CB,-7.765,-19.885,11.804
304,R,CG,-7.317,-18.523,12.291
304,R,CD,-6.332,-18.681,13.43
304,R,NE,-5.797,-17.401,13.875
304,R,CZ,-4.774,-17.275,14.715
304,R,NH1,-4.176,-18.359,15.198
304,R,NH2,-4.348,-16.069,15.073
305,N,N,-9.612,-21.473,9.004
305,N,CA,-9.799,-22.807,8.45
305,N,C,-9.403,-22.817,6.977
305,N,O,-9.7,-23.757,6.245
305,N,CB,-11.25,-23.278,8.637
305,N,CG,-12.266,-22.335,8.02
305,N,OD1,-13.476,-22.515,8.193
305,N,ND2,-11.788,-21.327,7.299
306,L,N,-8.711,-21.76,6.562
306,L,CA,-8.252,-21.611,5.187
306,L,C,-9.4,-21.764,4.192
306,L,O,-9.224,-22.296,3.095
306,L,CB,-7.15,-22.636,4.889
306,L,CG,-5.925,-22.559,5.81
306,L,CD1,-4.842,-23.513,5.332
306,L,CD2,-5.399,-21.132,5.831
307,S,N,-10.573,-21.279,4.58
307,S,CA,-11.753,-21.37,3.733
307,S,C,-12.767,-20.281,4.055
307,S,O,-12.961,-19.928,5.22
307,S,CB,-12.408,-22.739,3.907
307,S,OG,-13.637,-22.809,3.207
308,V,N,-13.405,-19.749,3.016
308,V,CA,-14.42,-18.711,3.18
308,V,C,-15.692,-19.093,2.427
308,V,O,-15.636,-19.747,1.381
308,V,CB,-13.926,-17.339,2.663
308,V,CG1,-12.83,-16.81,3.568
308,V,CG2,-13.416,-17.469,1.239
309,D,N,-16.837,-18.68,2.959
309,D,CA,-18.117,-18.998,2.334
309,D,C,-18.788,-17.778,1.722
309,D,O,-18.726,-16.679,2.267
309,D,CB,-19.073,-19.613,3.357
309,D,CG,-18.414,-20.674,4.208
309,D,OD1,-17.865,-21.642,3.65
309,D,OD2,-18.449,-20.541,5.443
310,V,N,-19.439,-17.991,0.586
310,V,CA,-20.159,-16.935,-0.117
310,V,C,-21.573,-17.472,-0.34
310,V,O,-21.745,-18.609,-0.782
310,V,CB,-19.482,-16.616,-1.47
310,V,CG1,-20.212,-15.476,-2.168
310,V,CG2,-18.021,-16.244,-1.235
311,Y,N,-22.582,-16.663,-0.029
311,Y,CA,-23.965,-17.099,-0.16
311,Y,C,-24.834,-16.372,-1.179
311,Y,O,-24.686,-15.174,-1.405
311,Y,CB,-24.675,-17.008,1.198
311,Y,CG,-24.112,-17.893,2.291
311,Y,CD1,-22.936,-17.55,2.962
311,Y,CD2,-24.775,-19.057,2.675
311,Y,CE1,-22.438,-18.344,3.995
311,Y,CE2,-24.286,-19.859,3.704
311,Y,CZ,-23.122,-19.496,4.359
311,Y,OH,-22.647,-20.28,5.382
312,Y,N,-25.759,-17.122,-1.771
312,Y,CA,-26.726,-16.599,-2.734
312,Y,C,-28.059,-17.274,-2.428
312,Y,O,-28.087,-18.357,-1.836
312,Y,CB,-26.342,-16.951,-4.18
312,Y,CG,-25.07,-16.315,-4.677
312,Y,CD1,-23.839,-16.956,-4.534
312,Y,CD2,-25.093,-15.055,-5.269
312,Y,CE1,-22.66,-16.351,-4.973
312,Y,CE2,-23.925,-14.439,-5.706
312,Y,CZ,-22.713,-15.089,-5.557
312,Y,OH,-21.563,-14.471,-5.993
313,D,N,-29.164,-16.638,-2.812
313,D,CA,-30.459,-17.266,-2.612
313,D,C,-30.873,-17.813,-3.974
313,D,O,-30.234,-17.512,-4.989
313,D,CB,-31.509,-16.281,-2.062
313,D,CG,-31.771,-15.1,-2.98
313,D,OD1,-31.743,-15.26,-4.222
313,D,OD2,-32.035,-14.006,-2.44
314,P,N,-31.929,-18.639,-4.02
314,P,CA,-32.371,-19.2,-5.299
314,P,C,-32.775,-18.155,-6.34
314,P,O,-32.815,-18.455,-7.527
314,P,CB,-33.54,-20.094,-4.894
314,P,CG,-33.164,-20.525,-3.504
314,P,CD,-32.685,-19.231,-2.902
315,M,N,-33.08,-16.938,-5.9
315,M,CA,-33.475,-15.876,-6.829
315,M,C,-32.246,-15.288,-7.523
315,M,O,-32.367,-14.403,-8.367
315,M,CB,-34.198,-14.741,-6.094
315,M,CG,-34.749,-15.107,-4.734
315,M,SD,-36.102,-16.263,-4.869
315,M,CE,-37.366,-15.157,-5.506
316,G,N,-31.065,-15.771,-7.149
316,G,CA,-29.845,-15.262,-7.742
316,G,C,-29.297,-14.043,-7.021
316,G,O,-28.412,-13.359,-7.533
317,N,N,-29.827,-13.765,-5.833
317,N,CA,-29.379,-12.625,-5.04
317,N,C,-28.176,-12.953,-4.19
317,N,O,-28.127,-14.006,-3.551
317,N,CB,-30.462,-12.146,-4.066
317,N,CG,-31.531,-11.326,-4.729
317,N,OD1,-31.249,-10.29,-5.331
317,N,ND2,-32.777,-11.779,-4.617
318,P,N,-27.18,-12.056,-4.179
318,P,CA,-25.998,-12.294,-3.356
318,P,C,-26.496,-11.947,-1.948
318,P,O,-27.311,-11.036,-1.796
318,P,CB,-24.999,-11.255,-3.873
318,P,CG,-25.472,-10.976,-5.277
318,P,CD,-26.957,-10.935,-5.107
319,L,N,-26.042,-12.667,-0.928
319,L,CA,-26.472,-12.376,0.437
319,L,C,-25.359,-11.624,1.167
319,L,O,-24.177,-11.876,0.924
319,L,CB,-26.822,-13.682,1.163
319,L,CG,-28.235,-14.27,0.982
319,L,CD1,-28.787,-13.973,-0.4
319,L,CD2,-28.19,-15.769,1.226
320,D,N,-25.725,-10.692,2.044
320,D,CA,-24.71,-9.925,2.768
320,D,C,-23.752,-10.884,3.447
320,D,O,-22.564,-10.607,3.598
320,D,CB,-25.359,-8.995,3.803
320,D,CG,-26.219,-7.915,3.156
320,D,OD1,-27.415,-8.182,2.896
320,D,OD2,-25.698,-6.808,2.889
321,K,N,-24.296,-12.03,3.826
321,K,CA,-23.561,-13.092,4.484
321,K,C,-22.411,-13.533,3.574
321,K,O,-22.583,-14.41,2.725
321,K,CB,-24.534,-14.247,4.726
321,K,CG,-24.211,-15.218,5.848
321,K,CD,-25.413,-16.169,6.012
321,K,CE,-25.221,-17.214,7.107
321,K,NZ,-26.41,-18.124,7.201
322,G,N,-21.246,-12.907,3.732
322,G,CA,-20.092,-13.272,2.924
322,G,C,-19.912,-12.568,1.583
322,G,O,-19.071,-12.978,0.772
323,S,N,-20.691,-11.519,1.329
323,S,CA,-20.563,-10.792,0.069
323,S,C,-19.213,-10.084,0.022
323,S,O,-18.721,-9.73,-1.054
323,S,CB,-21.69,-9.767,-0.078
323,S,OG,-21.692,-8.842,0.994
324,D,N,-18.617,-9.884,1.198
324,D,CA,-17.325,-9.211,1.296
324,D,C,-16.233,-10.121,1.856
324,D,O,-15.221,-9.645,2.371
324,D,CB,-17.445,-7.949,2.17
324,D,CG,-17.883,-8.253,3.603
324,D,OD1,-17.889,-7.312,4.422
324,D,OD2,-18.224,-9.414,3.916
325,S,N,-16.438,-11.429,1.752
325,S,CA,-15.46,-12.384,2.256
325,S,C,-14.266,-12.476,1.319
325,S,O,-13.164,-12.839,1.737
325,S,CB,-16.105,-13.764,2.426
325,S,OG,-17.03,-13.756,3.505
326,V,N,-14.495,-12.143,0.05
326,V,CA,-13.446,-12.171,-0.958
326,V,C,-13.449,-10.878,-1.764
326,V,O,-14.193,-10.743,-2.734
326,V,CB,-13.629,-13.336,-1.938
326,V,CG1,-12.46,-13.365,-2.91
326,V,CG2,-13.735,-14.648,-1.186
327,W,N,-12.605,-9.936,-1.363
327,W,CA,-12.498,-8.642,-2.027
327,W,C,-11.985,-8.753,-3.461
327,W,O,-11.129,-9.588,-3.752
327,W,CB,-11.55,-7.746,-1.233
327,W,CG,-12.016,-7.441,0.165
327,W,CD1,-12.939,-8.134,0.902
327,W,CD2,-11.55,-6.378,1.006
327,W,NE1,-13.075,-7.567,2.147
327,W,CE2,-12.236,-6.488,2.239
327,W,CE3,-10.619,-5.343,0.837
327,W,CZ2,-12.02,-5.6,3.3
327,W,CZ3,-10.403,-4.457,1.895
327,W,CH2,-11.103,-4.593,3.11
328,N,N,-12.499,-7.907,-4.353
328,N,CA,-12.045,-7.917,-5.747
328,N,C,-10.531,-7.75,-5.769
328,N,O,-9.85,-8.221,-6.68
328,N,CB,-12.712,-6.793,-6.539
328,N,CG,-14.04,-7.214,-7.124
328,N,OD1,-14.09,-7.871,-8.166
328,N,ND2,-15.122,-6.857,-6.452
329,F,N,-10.024,-7.058,-4.756
329,F,CA,-8.597,-6.843,-4.584
329,F,C,-8.395,-6.215,-3.217
329,F,O,-9.315,-5.623,-2.647
329,F,CB,-8.023,-5.918,-5.67
329,F,CG,-8.398,-4.471,-5.506
329,F,CD1,-7.682,-3.642,-4.637
329,F,CD2,-9.484,-3.94,-6.2
329,F,CE1,-8.05,-2.295,-4.461
329,F,CE2,-9.859,-2.6,-6.033
329,F,CZ,-9.145,-1.778,-5.166
330,H,N,-7.192,-6.372,-2.686
330,H,CA,-6.846,-5.794,-1.407
330,H,C,-5.383,-5.408,-1.49
330,H,O,-4.559,-6.173,-1.996
330,H,CB,-7.074,-6.782,-0.265
330,H,CG,-6.583,-6.284,1.057
330,H,ND1,-6.923,-5.044,1.553
330,H,CD2,-5.74,-6.835,1.962
330,H,CE1,-6.306,-4.851,2.707
330,H,NE2,-5.582,-5.922,2.977
331,V,N,-5.068,-4.222,-0.985
331,V,CA,-3.711,-3.707,-1.037
331,V,C,-3.02,-3.651,0.321
331,V,O,-3.612,-3.249,1.322
331,V,CB,-3.701,-2.287,-1.651
331,V,CG1,-2.285,-1.852,-1.948
331,V,CG2,-4.556,-2.263,-2.923
332,W,N,-1.761,-4.066,0.344
332,W,CA,-0.975,-4.023,1.558
332,W,C,0.45,-3.622,1.188
332,W,O,0.707,-3.211,0.049
332,W,CB,-1.029,-5.371,2.29
332,W,CG,-0.483,-6.568,1.559
332,W,CD1,0.832,-6.869,1.34
332,W,CD2,-1.235,-7.694,1.081
332,W,NE1,0.947,-8.117,0.772
332,W,CE2,-0.306,-8.646,0.602
332,W,CE3,-2.602,-7.992,1.017
332,W,CZ2,-0.702,-9.881,0.068
332,W,CZ3,-2.996,-9.223,0.484
332,W,CH2,-2.046,-10.149,0.019
333,N,N,1.372,-3.722,2.139
333,N,CA,2.75,-3.332,1.88
333,N,C,3.729,-4.441,2.193
333,N,O,3.392,-5.401,2.882
333,N,CB,3.142,-2.11,2.73
333,N,CG,2.222,-0.914,2.525
333,N,OD1,1.135,-0.844,3.099
333,N,ND2,2.663,0.038,1.709
334,E,N,4.943,-4.299,1.666
334,E,CA,6.029,-5.235,1.93
334,E,C,7.211,-4.4,2.359
334,E,O,7.535,-3.406,1.704
334,E,CB,6.429,-6.02,0.692
334,E,CG,5.41,-7.027,0.252
334,E,CD,5.961,-7.966,-0.793
334,E,OE1,7.008,-7.64,-1.393
334,E,OE2,5.341,-9.022,-1.014
335,G,N,7.843,-4.8,3.456
335,G,CA,9.004,-4.09,3.968
335,G,C,10.238,-4.973,3.866
335,G,O,10.157,-6.189,4.056
336,W,N,11.385,-4.369,3.589
336,W,CA,12.608,-5.14,3.421
336,W,C,13.605,-5.055,4.577
336,W,O,14.163,-3.998,4.857
336,W,CB,13.274,-4.725,2.1
336,W,CG,14.556,-5.446,1.779
336,W,CD1,15.809,-5.129,2.22
336,W,CD2,14.704,-6.609,0.954
336,W,NE1,16.727,-6.02,1.722
336,W,CE2,16.078,-6.94,0.943
336,W,CE3,13.809,-7.405,0.225
336,W,CZ2,16.582,-8.036,0.23
336,W,CZ3,14.308,-8.496,-0.486
336,W,CH2,15.688,-8.8,-0.476
337,F,N,13.82,-6.188,5.241
337,F,CA,14.762,-6.288,6.351
337,F,C,14.917,-7.742,6.768
337,F,O,14.069,-8.567,6.455
337,F,CB,14.297,-5.438,7.55
337,F,CG,12.838,-5.598,7.898
337,F,CD1,12.396,-6.68,8.655
337,F,CD2,11.903,-4.644,7.479
337,F,CE1,11.04,-6.813,8.997
337,F,CE2,10.545,-4.766,7.813
337,F,CZ,10.114,-5.853,8.575
338,V,N,16.003,-8.056,7.468
338,V,CA,16.241,-9.424,7.918
338,V,C,15.333,-9.747,9.093
338,V,O,14.748,-8.851,9.697
338,V,CB,17.705,-9.631,8.356
338,V,CG1,18.652,-9.216,7.224
338,V,CG2,17.986,-8.848,9.619
339,R,N,15.21,-11.03,9.408
339,R,CA,14.367,-11.466,10.515
339,R,C,15.194,-12.288,11.504
339,R,O,15.163,-13.517,11.496
339,R,CB,13.186,-12.291,9.982
339,R,CG,12.188,-11.503,9.124
339,R,CD,11.512,-10.402,9.935
339,R,NE,10.755,-10.955,11.058
339,R,CZ,9.5,-11.387,10.986
339,R,NH1,8.834,-11.325,9.838
339,R,NH2,8.917,-11.906,12.062
340,S,N,15.947,-11.594,12.348
340,S,CA,16.788,-12.24,13.35
340,S,C,15.953,-13.122,14.283
340,S,O,16.471,-14.027,14.937
340,S,CB,17.521,-11.172,14.162
340,S,OG,16.603,-10.247,14.723
341,D,N,14.655,-12.853,14.333
341,D,CA,13.753,-13.616,15.174
341,D,C,13.279,-14.899,14.496
341,D,O,12.835,-15.827,15.167
341,D,CB,12.545,-12.754,15.557
341,D,CG,11.726,-12.303,14.348
341,D,OD1,12.318,-11.897,13.325
341,D,OD2,10.484,-12.338,14.432
342,L,N,13.392,-14.967,13.173
342,L,CA,12.934,-16.15,12.458
342,L,C,14.054,-17.008,11.897
342,L,O,13.895,-18.217,11.745
342,L,CB,11.991,-15.746,11.319
342,L,CG,10.784,-14.881,11.697
342,L,CD1,9.882,-14.711,10.477
342,L,CD2,10.016,-15.53,12.85
343,G,N,15.185,-16.391,11.581
343,G,CA,16.285,-17.153,11.022
343,G,C,16.762,-16.573,9.705
343,G,O,16.095,-15.714,9.133
344,P,N,17.916,-17.034,9.194
344,P,CA,18.53,-16.582,7.938
344,P,C,17.742,-16.795,6.644
344,P,O,18.004,-16.131,5.645
344,P,CB,19.863,-17.343,7.911
344,P,CG,20.163,-17.568,9.355
344,P,CD,18.812,-17.967,9.897
345,S,N,16.788,-17.714,6.642
345,S,CA,16.038,-17.963,5.421
345,S,C,14.735,-17.169,5.271
345,S,O,14.089,-17.24,4.222
345,S,CB,15.731,-19.452,5.299
345,S,OG,14.787,-19.83,6.279
346,Y,N,14.347,-16.409,6.295
346,Y,CA,13.103,-15.648,6.213
346,Y,C,13.268,-14.152,6.007
346,Y,O,12.298,-13.403,6.114
346,Y,CB,12.248,-15.893,7.456
346,Y,CG,11.906,-17.347,7.659
346,Y,CD1,12.613,-18.129,8.572
346,Y,CD2,10.907,-17.954,6.905
346,Y,CE1,12.333,-19.482,8.729
346,Y,CE2,10.62,-19.304,7.045
346,Y,CZ,11.335,-20.064,7.96
346,Y,OH,11.055,-21.405,8.099
347,G,N,14.492,-13.72,5.712
347,G,CA,14.74,-12.308,5.489
347,G,C,14.105,-11.849,4.19
347,G,O,13.434,-12.625,3.511
348,G,N,14.306,-10.584,3.841
348,G,CA,13.748,-10.065,2.608
348,G,C,12.448,-9.317,2.828
348,G,O,12.285,-8.622,3.836
349,W,N,11.518,-9.469,1.888
349,W,CA,10.219,-8.799,1.968
349,W,C,9.359,-9.324,3.105
349,W,O,9.244,-10.53,3.321
349,W,CB,9.464,-8.947,0.651
349,W,CG,10.155,-8.282,-0.504
349,W,CD1,10.662,-8.892,-1.613
349,W,CD2,10.384,-6.875,-0.68
349,W,NE1,11.187,-7.959,-2.471
349,W,CE2,11.031,-6.712,-1.927
349,W,CE3,10.103,-5.736,0.094
349,W,CZ2,11.403,-5.453,-2.425
349,W,CZ3,10.474,-4.483,-0.401
349,W,CH2,11.117,-4.357,-1.651
350,Q,N,8.741,-8.396,3.821
350,Q,CA,7.898,-8.73,4.957
350,Q,C,6.541,-8.04,4.803
350,Q,O,6.468,-6.82,4.664
350,Q,CB,8.579,-8.258,6.249
350,Q,CG,10.068,-8.602,6.356
350,Q,CD,10.327,-10.097,6.471
350,Q,OE1,9.67,-10.788,7.248
350,Q,NE2,11.296,-10.601,5.701
351,V,N,5.469,-8.824,4.826
351,V,CA,4.128,-8.269,4.696
351,V,C,3.726,-7.42,5.913
351,V,O,3.848,-7.857,7.062
351,V,CB,3.068,-9.395,4.515
351,V,CG1,1.667,-8.799,4.491
351,V,CG2,3.322,-10.156,3.225
352,L,N,3.271,-6.197,5.64
352,L,CA,2.791,-5.269,6.665
352,L,C,1.468,-4.74,6.109
352,L,O,1.421,-4.229,4.99
352,L,CB,3.776,-4.112,6.879
352,L,CG,5.099,-4.445,7.584
352,L,CD1,6.056,-3.27,7.466
352,L,CD2,4.832,-4.795,9.047
353,D,N,0.393,-4.868,6.882
353,D,CA,-0.922,-4.429,6.422
353,D,C,-1.566,-3.494,7.436
353,D,O,-1.894,-3.904,8.548
353,D,CB,-1.821,-5.654,6.201
353,D,CG,-3.062,-5.343,5.381
353,D,OD1,-3.589,-4.211,5.458
353,D,OD2,-3.527,-6.253,4.663
354,A,N,-1.762,-2.241,7.044
354,A,CA,-2.365,-1.256,7.929
354,A,C,-3.899,-1.246,7.879
354,A,O,-4.54,-0.624,8.731
354,A,CB,-1.821,0.137,7.599
355,T,N,-4.492,-1.92,6.894
355,T,CA,-5.949,-1.941,6.8
355,T,C,-6.493,-2.716,7.999
355,T,O,-6.085,-3.845,8.258
355,T,CB,-6.452,-2.615,5.503
355,T,OG1,-5.781,-2.056,4.369
355,T,CG2,-7.942,-2.379,5.344
356,P,N,-7.433,-2.114,8.74
356,P,CA,-8.022,-2.751,9.917
356,P,C,-9.006,-3.866,9.591
356,P,O,-10.206,-3.627,9.467
356,P,CB,-8.692,-1.582,10.626
356,P,CG,-9.223,-0.791,9.467
356,P,CD,-8.043,-0.793,8.5
357,Q,N,-8.5,-5.087,9.458
357,Q,CA,-9.368,-6.219,9.161
357,Q,C,-9.413,-7.191,10.329
357,Q,O,-10.46,-7.409,10.939
357,Q,CB,-8.89,-6.972,7.912
357,Q,CG,-8.975,-6.185,6.613
357,Q,CD,-8.97,-7.089,5.392
357,Q,OE1,-9.945,-7.792,5.124
357,Q,NE2,-7.867,-7.085,4.654
358,E,N,-8.255,-7.764,10.63
358,E,CA,-8.12,-8.741,11.695
358,E,C,-7.353,-8.175,12.891
358,E,O,-6.267,-7.61,12.733
358,E,CB,-7.381,-9.973,11.157
358,E,CG,-7.592,-11.227,11.974
358,E,CD,-8.944,-11.847,11.71
358,E,OE1,-9.931,-11.089,11.575
358,E,OE2,-9.021,-13.094,11.641
359,R,N,-7.92,-8.318,14.085
359,R,CA,-7.243,-7.848,15.286
359,R,C,-6.103,-8.81,15.599
359,R,O,-6.243,-10.025,15.442
359,R,CB,-8.197,-7.805,16.481
359,R,CG,-8.795,-6.445,16.77
359,R,CD,-9.238,-6.368,18.226
359,R,NE,-9.612,-5.012,18.615
359,R,CZ,-10.721,-4.401,18.216
359,R,NH1,-11.574,-5.031,17.416
359,R,NH2,-10.97,-3.156,18.608
360,S,N,-4.974,-8.259,16.027
360,S,CA,-3.807,-9.056,16.38
360,S,C,-3.389,-8.636,17.783
360,S,O,-3.036,-7.479,18.011
360,S,CB,-2.667,-8.802,15.388
360,S,OG,-1.536,-9.602,15.689
361,Q,N,-3.436,-9.577,18.722
361,Q,CA,-3.086,-9.282,20.108
361,Q,C,-3.956,-8.124,20.597
361,Q,O,-3.486,-7.229,21.299
361,Q,CB,-1.597,-8.918,20.223
361,Q,CG,-0.663,-10.061,19.859
361,Q,CD,0.804,-9.683,19.944
361,Q,OE1,1.274,-8.793,19.232
361,Q,NE2,1.541,-10.365,20.817
362,G,N,-5.225,-8.147,20.194
362,G,CA,-6.172,-7.119,20.597
362,G,C,-6.113,-5.776,19.881
362,G,O,-6.908,-4.883,20.182
363,V,N,-5.193,-5.622,18.932
363,V,CA,-5.06,-4.36,18.21
363,V,C,-5.07,-4.54,16.694
363,V,O,-4.589,-5.546,16.167
363,V,CB,-3.744,-3.636,18.605
363,V,CG1,-3.585,-2.353,17.804
363,V,CG2,-3.746,-3.325,20.096
364,F,N,-5.635,-3.564,15.992
364,F,CA,-5.646,-3.625,14.543
364,F,C,-4.239,-3.301,14.047
364,F,O,-3.889,-2.15,13.796
364,F,CB,-6.671,-2.65,13.955
364,F,CG,-8.096,-3.091,14.149
364,F,CD1,-8.845,-2.627,15.231
364,F,CD2,-8.672,-4.019,13.281
364,F,CE1,-10.144,-3.083,15.445
364,F,CE2,-9.97,-4.484,13.486
364,F,CZ,-10.709,-4.016,14.569
365,Q,N,-3.43,-4.349,13.96
365,Q,CA,-2.054,-4.279,13.488
365,Q,C,-1.867,-5.571,12.712
365,Q,O,-2.545,-6.563,12.995
365,Q,CB,-1.068,-4.207,14.666
365,Q,CG,-1.373,-5.16,15.812
365,Q,CD,-0.358,-5.071,16.948
365,Q,OE1,0.216,-4.008,17.215
365,Q,NE2,-0.149,-6.19,17.637
366,C,N,-0.96,-5.574,11.74
366,C,CA,-0.753,-6.77,10.933
366,C,C,0.653,-6.844,10.336
366,C,O,1.06,-5.973,9.567
366,C,CB,-1.802,-6.795,9.82
366,C,SG,-1.877,-8.319,8.88
367,G,N,1.389,-7.893,10.689
367,G,CA,2.74,-8.053,10.182
367,G,C,3.763,-7.682,11.231
367,G,O,3.399,-7.244,12.327
368,P,N,5.06,-7.827,10.933
368,P,CA,5.613,-8.315,9.669
368,P,C,5.61,-9.829,9.478
368,P,O,6.053,-10.576,10.35
368,P,CB,7.023,-7.752,9.678
368,P,CG,7.375,-7.797,11.136
368,P,CD,6.121,-7.284,11.797
369,A,N,5.113,-10.267,8.323
369,A,CA,5.076,-11.683,7.978
369,A,C,6.028,-11.916,6.803
369,A,O,5.916,-11.252,5.761
369,A,CB,3.668,-12.097,7.588
370,S,N,6.961,-12.851,6.979
370,S,CA,7.934,-13.199,5.942
370,S,C,7.204,-13.751,4.714
370,S,O,6.472,-14.738,4.808
370,S,CB,8.922,-14.247,6.484
370,S,OG,9.875,-14.64,5.505
371,V,N,7.39,-13.109,3.566
371,V,CA,6.725,-13.574,2.357
371,V,C,7.211,-14.974,2.029
371,V,O,6.428,-15.826,1.619
371,V,CB,6.992,-12.646,1.16
371,V,CG1,6.357,-13.223,-0.091
371,V,CG2,6.422,-11.277,1.438
372,I,N,8.506,-15.208,2.215
372,I,CA,9.088,-16.524,1.968
372,I,C,8.44,-17.547,2.907
372,I,O,8.152,-18.679,2.512
372,I,CB,10.609,-16.495,2.198
372,I,CG1,11.287,-15.784,1.022
372,I,CG2,11.137,-17.906,2.391
372,I,CD1,12.769,-15.501,1.225
373,G,N,8.202,-17.143,4.149
373,G,CA,7.567,-18.041,5.093
373,G,C,6.136,-18.348,4.68
373,G,O,5.656,-19.469,4.853
374,V,N,5.446,-17.351,4.132
374,V,CA,4.064,-17.535,3.699
374,V,C,4.022,-18.562,2.566
374,V,O,3.176,-19.456,2.548
374,V,CB,3.454,-16.191,3.207
374,V,CG1,2.058,-16.415,2.646
374,V,CG2,3.402,-15.194,4.348
375,R,N,4.957,-18.428,1.631
375,R,CA,5.049,-19.317,0.482
375,R,C,5.265,-20.774,0.89
375,R,O,4.827,-21.686,0.195
375,R,CB,6.197,-18.864,-0.424
375,R,CG,6.279,-19.577,-1.771
375,R,CD,7.665,-19.386,-2.381
375,R,NE,8.682,-20.063,-1.574
375,R,CZ,9.977,-19.759,-1.564
375,R,NH1,10.447,-18.774,-2.321
375,R,NH2,10.806,-20.444,-0.788
376,E,N,5.94,-20.987,2.018
376,E,CA,6.219,-22.339,2.496
376,E,C,5.201,-22.814,3.525
376,E,O,5.268,-23.946,3.996
376,E,CB,7.624,-22.418,3.103
376,E,CG,8.762,-22.119,2.135
376,E,CD,8.734,-22.998,0.897
376,E,OE1,8.47,-24.215,1.032
376,E,OE2,8.987,-22.474,-0.209
377,G,N,4.264,-21.946,3.881
377,G,CA,3.249,-22.327,4.843
377,G,C,3.74,-22.51,6.266
377,G,O,3.219,-23.352,6.993
378,D,N,4.745,-21.74,6.67
378,D,CA,5.254,-21.822,8.035
378,D,C,4.44,-20.825,8.858
378,D,O,4.978,-19.852,9.392
378,D,CB,6.743,-21.452,8.084
378,D,CG,7.62,-22.427,7.305
378,D,OD1,7.417,-23.652,7.444
378,D,OD2,8.521,-21.97,6.566
379,V,N,3.138,-21.079,8.962
379,V,CA,2.235,-20.18,9.678
379,V,C,2.339,-20.062,11.203
379,V,O,1.565,-19.317,11.803
379,V,CB,0.742,-20.467,9.312
379,V,CG1,0.46,-20.017,7.89
379,V,CG2,0.439,-21.941,9.446
380,Q,N,3.271,-20.772,11.839
380,Q,CA,3.403,-20.652,13.292
380,Q,C,4.297,-19.47,13.63
380,Q,O,4.312,-19.004,14.769
380,Q,CB,4.012,-21.906,13.946
380,Q,CG,4.198,-23.132,13.066
380,Q,CD,5.322,-22.974,12.064
380,Q,OE1,5.087,-22.655,10.904
380,Q,NE2,6.553,-23.19,12.512
381,L,N,5.038,-18.989,12.634
381,L,CA,5.956,-17.868,12.825
381,L,C,5.255,-16.515,12.935
381,L,O,4.196,-16.309,12.354
381,L,CB,6.963,-17.825,11.674
381,L,CG,7.778,-19.099,11.439
381,L,CD1,8.649,-18.922,10.204
381,L,CD2,8.632,-19.404,12.673
382,N,N,5.842,-15.6,13.703
382,N,CA,5.277,-14.26,13.851
382,N,C,5.584,-13.49,12.556
382,N,O,6.632,-13.709,11.938
382,N,CB,5.914,-13.521,15.039
382,N,CG,5.622,-14.184,16.381
382,N,OD1,4.496,-14.598,16.653
382,N,ND2,6.636,-14.263,17.232
383,F,N,4.679,-12.611,12.126
383,F,CA,3.411,-12.344,12.8
383,F,C,2.243,-12.532,11.832
383,F,O,2.408,-12.433,10.61
383,F,CB,3.349,-10.898,13.315
383,F,CG,4.35,-10.577,14.386
383,F,CD1,5.693,-10.382,14.073
383,F,CD2,3.945,-10.464,15.717
383,F,CE1,6.623,-10.08,15.071
383,F,CE2,4.863,-10.163,16.723
383,F,CZ,6.207,-9.971,16.4
384,D,N,1.069,-12.802,12.4
384,D,CA,-0.175,-12.954,11.654
384,D,C,-0.107,-13.79,10.388
384,D,O,-0.762,-13.476,9.393
384,D,CB,-0.706,-11.563,11.326
384,D,CG,-0.663,-10.647,12.526
384,D,OD1,-1.297,-10.992,13.542
384,D,OD2,0.011,-9.599,12.465
385,M,N,0.676,-14.859,10.433
385,M,CA,0.831,-15.74,9.285
385,M,C,-0.474,-16.382,8.818
385,M,O,-0.77,-16.386,7.63
385,M,CB,1.849,-16.835,9.602
385,M,CG,3.266,-16.33,9.793
385,M,SD,3.981,-15.751,8.269
385,M,CE,4.776,-17.283,7.664
386,P,N,-1.274,-16.933,9.746
386,P,CA,-2.531,-17.565,9.338
386,P,C,-3.442,-16.674,8.499
386,P,O,-3.941,-17.098,7.453
386,P,CB,-3.161,-17.961,10.671
386,P,CG,-1.953,-18.251,11.519
386,P,CD,-1.075,-17.073,11.199
387,F,N,-3.656,-15.441,8.952
387,F,CA,-4.518,-14.513,8.228
387,F,C,-3.984,-14.186,6.831
387,F,O,-4.711,-14.267,5.845
387,F,CB,-4.681,-13.224,9.032
387,F,CG,-5.341,-12.111,8.269
387,F,CD1,-6.682,-12.189,7.915
387,F,CD2,-4.615,-10.98,7.901
387,F,CE1,-7.291,-11.151,7.202
387,F,CE2,-5.213,-9.941,7.189
387,F,CZ,-6.552,-10.025,6.839
388,I,N,-2.707,-13.825,6.755
388,I,CA,-2.083,-13.465,5.484
388,I,C,-1.995,-14.647,4.515
388,I,O,-2.141,-14.479,3.3
388,I,CB,-0.677,-12.86,5.725
388,I,CG1,-0.82,-11.574,6.55
388,I,CG2,0.014,-12.574,4.403
388,I,CD1,0.482,-10.901,6.91
389,F,N,-1.77,-15.843,5.053
389,F,CA,-1.681,-17.037,4.221
389,F,C,-3.037,-17.276,3.558
389,F,O,-3.119,-17.603,2.371
389,F,CB,-1.313,-18.257,5.073
389,F,CG,-1.094,-19.511,4.273
389,F,CD1,0.139,-19.768,3.679
389,F,CD2,-2.127,-20.429,4.097
389,F,CE1,0.342,-20.922,2.921
389,F,CE2,-1.937,-21.585,3.341
389,F,CZ,-0.699,-21.831,2.752
390,A,N,-4.097,-17.113,4.344
390,A,CA,-5.459,-17.314,3.862
390,A,C,-5.837,-16.305,2.777
390,A,O,-6.531,-16.648,1.812
390,A,CB,-6.444,-17.226,5.035
391,E,N,-5.376,-15.066,2.932
391,E,CA,-5.676,-14.02,1.955
391,E,C,-5.305,-14.445,0.536
391,E,O,-5.978,-14.074,-0.415
391,E,CB,-4.925,-12.73,2.292
391,E,CG,-5.36,-12.054,3.587
391,E,CD,-4.627,-10.747,3.813
391,E,OE1,-5.186,-9.672,3.496
391,E,OE2,-3.477,-10.801,4.292
392,V,N,-4.242,-15.231,0.402
392,V,CA,-3.788,-15.666,-0.912
392,V,C,-3.977,-17.148,-1.24
392,V,O,-3.759,-17.548,-2.38
392,V,CB,-2.29,-15.325,-1.11
392,V,CG1,-2.059,-13.832,-0.9
392,V,CG2,-1.438,-16.134,-0.143
393,N,N,-4.383,-17.957,-0.259
393,N,CA,-4.558,-19.397,-0.476
393,N,C,-5.935,-19.979,-0.159
393,N,O,-6.248,-21.087,-0.585
393,N,CB,-3.526,-20.191,0.336
393,N,CG,-2.122,-20.075,-0.217
393,N,OD1,-1.259,-19.434,0.382
393,N,ND2,-1.884,-20.698,-1.366
394,A,N,-6.756,-19.248,0.58
394,A,CA,-8.072,-19.75,0.965
394,A,C,-8.908,-20.39,-0.141
394,A,O,-8.767,-20.065,-1.315
394,A,CB,-8.874,-18.634,1.618
395,D,N,-9.773,-21.319,0.255
395,D,CA,-10.684,-21.974,-0.677
395,D,C,-11.952,-21.147,-0.659
395,D,O,-12.281,-20.537,0.355
395,D,CB,-11.032,-23.396,-0.229
395,D,CG,-9.918,-24.37,-0.48
395,D,OD1,-9.336,-24.314,-1.582
395,D,OD2,-9.634,-25.193,0.415
396,R,N,-12.66,-21.121,-1.779
396,R,CA,-13.896,-20.364,-1.861
396,R,C,-15.055,-21.341,-2.014
396,R,O,-15.16,-22.037,-3.022
396,R,CB,-13.842,-19.411,-3.052
396,R,CG,-15.063,-18.526,-3.219
396,R,CD,-15.001,-17.805,-4.562
396,R,NE,-16.33,-17.41,-5.022
396,R,CZ,-16.951,-16.307,-4.631
396,R,NH1,-16.357,-15.481,-3.777
396,R,NH2,-18.169,-16.038,-5.075
397,I,N,-15.909,-21.397,-0.998
397,I,CA,-17.064,-22.285,-1.011
397,I,C,-18.325,-21.486,-1.319
397,I,O,-18.612,-20.495,-0.653
397,I,CB,-17.258,-22.983,0.355
397,I,CG1,-15.979,-23.726,0.755
397,I,CG2,-18.428,-23.957,0.276
397,I,CD1,-16.087,-24.458,2.083
398,T,N,-19.075,-21.928,-2.324
398,T,CA,-20.308,-21.259,-2.732
398,T,C,-21.514,-21.967,-2.134
398,T,O,-21.696,-23.165,-2.331
398,T,CB,-20.462,-21.265,-4.264
398,T,OG1,-19.373,-20.547,-4.855
398,T,CG2,-21.784,-20.619,-4.675
399,W,N,-22.342,-21.218,-1.416
399,W,CA,-23.53,-21.778,-0.786
399,W,C,-24.828,-21.196,-1.323
399,W,O,-24.868,-20.067,-1.817
399,W,CB,-23.512,-21.526,0.723
399,W,CG,-22.403,-22.191,1.446
399,W,CD1,-21.119,-21.75,1.569
399,W,CD2,-22.47,-23.438,2.139
399,W,NE1,-20.379,-22.647,2.298
399,W,CE2,-21.184,-23.695,2.661
399,W,CE3,-23.495,-24.367,2.371
399,W,CZ2,-20.891,-24.846,3.405
399,W,CZ3,-23.206,-25.512,3.109
399,W,CH2,-21.912,-25.741,3.618
400,L,N,-25.885,-21.99,-1.218
400,L,CA,-27.22,-21.573,-1.607
400,L,C,-27.945,-21.527,-0.269
400,L,O,-27.777,-22.413,0.563
400,L,CB,-27.887,-22.608,-2.519
400,L,CG,-28.136,-22.227,-3.986
400,L,CD1,-29.106,-21.055,-4.065
400,L,CD2,-26.82,-21.873,-4.66
401,Y,N,-28.727,-20.484,-0.05
401,Y,CA,-29.453,-20.365,1.195
401,Y,C,-30.829,-19.774,0.981
401,Y,O,-30.973,-18.668,0.462
401,Y,CB,-28.676,-19.508,2.196
401,Y,CG,-29.434,-19.283,3.479
401,Y,CD1,-29.999,-18.042,3.771
401,Y,CD2,-29.62,-20.328,4.389
401,Y,CE1,-30.729,-17.843,4.94
401,Y,CE2,-30.348,-20.143,5.557
401,Y,CZ,-30.9,-18.899,5.829
401,Y,OH,-31.617,-18.716,6.991
402,D,N,-31.839,-20.53,1.389
402,D,CA,-33.216,-20.099,1.259
402,D,C,-33.722,-19.743,2.655
402,D,O,-34.066,-20.621,3.447
402,D,CB,-34.055,-21.224,0.654
402,D,CG,-35.444,-20.771,0.288
402,D,OD1,-36.127,-20.221,1.173
402,D,OD2,-35.851,-20.964,-0.878
403,N,N,-33.746,-18.45,2.953
403,N,CA,-34.187,-17.965,4.256
403,N,C,-35.587,-18.453,4.612
403,N,O,-35.876,-18.716,5.777
403,N,CB,-34.149,-16.432,4.275
403,N,CG,-34.672,-15.843,5.579
403,N,OD1,-34.155,-16.132,6.664
403,N,ND2,-35.702,-15.002,5.476
404,T,N,-36.451,-18.582,3.61
404,T,CA,-37.822,-19.024,3.845
404,T,C,-37.9,-20.422,4.454
404,T,O,-38.679,-20.655,5.38
404,T,CB,-38.645,-19.011,2.544
404,T,OG1,-38.402,-20.213,1.804
404,T,CG2,-38.257,-17.808,1.689
405,T,N,-37.095,-21.348,3.936
405,T,CA,-37.083,-22.724,4.434
405,T,C,-36.009,-22.922,5.502
405,T,O,-36.007,-23.924,6.213
405,T,CB,-36.817,-23.74,3.295
405,T,OG1,-35.44,-23.676,2.905
405,T,CG2,-37.691,-23.426,2.081
406,G,N,-35.097,-21.961,5.606
406,G,CA,-34.031,-22.05,6.584
406,G,C,-32.934,-23.014,6.167
406,G,O,-31.978,-23.232,6.915
407,K,N,-33.064,-23.585,4.971
407,K,CA,-32.08,-24.541,4.466
407,K,C,-30.867,-23.915,3.776
407,K,O,-30.959,-22.88,3.108
407,K,CB,-32.755,-25.539,3.517
407,K,CG,-33.748,-26.459,4.214
407,K,CD,-34.457,-27.385,3.234
407,K,CE,-35.438,-28.302,3.961
407,K,NZ,-36.217,-29.157,3.023
408,Q,N,-29.73,-24.58,3.941
408,Q,CA,-28.462,-24.14,3.379
408,Q,C,-27.824,-25.348,2.692
408,Q,O,-27.903,-26.464,3.206
408,Q,CB,-27.569,-23.658,4.522
408,Q,CG,-26.225,-23.083,4.127
408,Q,CD,-25.286,-22.977,5.32
408,Q,OE1,-24.772,-23.983,5.809
408,Q,NE2,-25.073,-21.76,5.802
409,W,N,-27.204,-25.146,1.535
409,W,CA,-26.574,-26.272,0.867
409,W,C,-25.399,-25.943,-0.046
409,W,O,-25.477,-25.073,-0.915
409,W,CB,-27.63,-27.11,0.129
409,W,CG,-28.339,-26.452,-1.029
409,W,CD1,-28.005,-26.545,-2.35
409,W,CD2,-29.544,-25.672,-0.975
409,W,NE1,-28.928,-25.882,-3.123
409,W,CE2,-29.884,-25.337,-2.308
409,W,CE3,-30.369,-25.226,0.068
409,W,CZ2,-31.02,-24.576,-2.629
409,W,CZ3,-31.499,-24.467,-0.25
409,W,CH2,-31.811,-24.153,-1.591
410,K,N,-24.304,-26.656,0.194
410,K,CA,-23.047,-26.53,-0.539
410,K,C,-23.287,-26.611,-2.046
410,K,O,-23.984,-27.506,-2.52
410,K,CB,-22.116,-27.669,-0.119
410,K,CG,-20.658,-27.311,0.077
410,K,CD,-19.853,-28.586,0.267
410,K,CE,-18.406,-28.311,0.605
410,K,NZ,-18.272,-27.821,2.001
411,N,N,-22.702,-25.683,-2.794
411,N,CA,-22.856,-25.663,-4.245
411,N,C,-21.574,-26.038,-4.982
411,N,O,-21.612,-26.772,-5.968
411,N,CB,-23.319,-24.286,-4.713
411,N,CG,-23.366,-24.176,-6.221
411,N,OD1,-22.349,-23.934,-6.875
411,N,ND2,-24.55,-24.372,-6.786
412,S,N,-20.441,-25.531,-4.512
412,S,CA,-19.167,-25.841,-5.146
412,S,C,-17.998,-25.259,-4.367
412,S,O,-18.169,-24.373,-3.529
412,S,CB,-19.146,-25.308,-6.581
412,S,OG,-19.361,-23.908,-6.618
413,V,N,-16.808,-25.778,-4.643
413,V,CA,-15.601,-25.312,-3.985
413,V,C,-14.538,-25.069,-5.04
413,V,O,-14.296,-25.914,-5.899
413,V,CB,-15.065,-26.345,-2.98
413,V,CG1,-13.82,-25.804,-2.293
413,V,CG2,-16.134,-26.664,-1.951
414,N,N,-13.917,-23.9,-4.983
414,N,CA,-12.872,-23.556,-5.932
414,N,C,-11.63,-23.217,-5.125
414,N,O,-11.638,-22.283,-4.324
414,N,CB,-13.294,-22.36,-6.778
414,N,CG,-12.328,-22.089,-7.907
414,N,OD1,-11.143,-21.854,-7.679
414,N,ND2,-12.828,-22.125,-9.138
415,S,N,-10.564,-23.979,-5.335
415,S,CA,-9.331,-23.766,-4.593
415,S,C,-8.346,-22.811,-5.246
415,S,O,-7.228,-22.651,-4.761
415,S,CB,-8.635,-25.107,-4.357
415,S,OG,-9.41,-25.941,-3.518
416,H,N,-8.743,-22.155,-6.328
416,H,CA,-7.795,-21.274,-6.983
416,H,C,-8.256,-19.896,-7.432
416,H,O,-7.472,-19.151,-8.021
416,H,CB,-7.158,-22.023,-8.152
416,H,CG,-6.412,-23.252,-7.731
416,H,ND1,-5.34,-23.21,-6.864
416,H,CD2,-6.603,-24.56,-8.029
416,H,CE1,-4.905,-24.438,-6.644
416,H,NE2,-5.654,-25.276,-7.339
417,T,N,-9.503,-19.535,-7.152
417,T,CA,-9.977,-18.212,-7.543
417,T,C,-9.359,-17.14,-6.633
417,T,O,-9.158,-16.002,-7.048
417,T,CB,-11.517,-18.109,-7.464
417,T,OG1,-11.949,-18.428,-6.139
417,T,CG2,-12.169,-19.067,-8.437
418,I,N,-9.046,-17.521,-5.398
418,I,CA,-8.462,-16.602,-4.42
418,I,C,-6.939,-16.466,-4.509
418,I,O,-6.223,-17.451,-4.651
418,I,CB,-8.858,-17.031,-2.989
418,I,CG1,-10.343,-16.735,-2.774
418,I,CG2,-7.99,-16.313,-1.949
418,I,CD1,-10.922,-17.361,-1.552
419,G,N,-6.456,-15.231,-4.425
419,G,CA,-5.024,-14.984,-4.493
419,G,C,-4.478,-15.011,-5.911
419,G,O,-3.694,-15.894,-6.269
420,R,N,-4.882,-14.038,-6.722
420,R,CA,-4.427,-13.982,-8.103
420,R,C,-3.752,-12.662,-8.47
420,R,O,-3.945,-11.647,-7.805
420,R,CB,-5.611,-14.233,-9.044
420,R,CG,-6.336,-15.543,-8.786
420,R,CD,-7.447,-15.744,-9.792
420,R,NE,-6.924,-15.796,-11.154
420,R,CZ,-7.667,-15.647,-12.246
420,R,NH1,-8.974,-15.434,-12.137
420,R,NH2,-7.101,-15.699,-13.45
421,Y,N,-2.954,-12.702,-9.533
421,Y,CA,-2.242,-11.534,-10.053
421,Y,C,-1.695,-10.583,-8.998
421,Y,O,-1.869,-9.37,-9.115
421,Y,CB,-3.151,-10.737,-10.991
421,Y,CG,-3.722,-11.546,-12.127
421,Y,CD1,-5.098,-11.732,-12.249
421,Y,CD2,-2.886,-12.143,-13.074
421,Y,CE1,-5.632,-12.496,-13.283
421,Y,CE2,-3.407,-12.91,-14.114
421,Y,CZ,-4.781,-13.084,-14.211
421,Y,OH,-5.303,-13.854,-15.226
422,I,N,-1.046,-11.127,-7.974
422,I,CA,-0.468,-10.302,-6.923
422,I,C,0.52,-9.377,-7.637
422,I,O,1.522,-9.832,-8.202
422,I,CB,0.228,-11.188,-5.874
422,I,CG1,-0.748,-12.283,-5.426
422,I,CG2,0.671,-10.345,-4.674
422,I,CD1,-0.239,-13.148,-4.282
423,S,N,0.223,-8.078,-7.616
423,S,CA,1.035,-7.103,-8.335
423,S,C,1.668,-5.957,-7.553
423,S,O,1.198,-5.56,-6.482
423,S,CB,0.194,-6.497,-9.458
423,S,OG,-0.55,-7.494,-10.134
424,T,N,2.74,-5.424,-8.129
424,T,CA,3.458,-4.297,-7.566
424,T,C,4.14,-3.559,-8.725
424,T,O,4.459,-4.158,-9.753
424,T,CB,4.509,-4.753,-6.527
424,T,OG1,5.017,-3.608,-5.835
424,T,CG2,5.662,-5.486,-7.201
425,K,N,4.341,-2.257,-8.565
425,K,CA,4.98,-1.449,-9.599
425,K,C,6.404,-1.938,-9.869
425,K,O,7.143,-2.266,-8.941
425,K,CB,5.005,0.019,-9.162
425,K,CG,5.671,0.961,-10.145
425,K,CD,5.797,2.349,-9.552
425,K,CE,6.628,3.259,-10.443
425,K,NZ,8.026,2.76,-10.62
426,A,N,6.78,-1.992,-11.144
426,A,CA,8.117,-2.431,-11.525
426,A,C,9.14,-1.379,-11.12
426,A,O,8.811,-0.207,-10.953
426,A,CB,8.188,-2.683,-13.057
427,V,N,10.383,-1.805,-10.957
427,V,CA,11.448,-0.891,-10.585
427,V,C,11.778,0.019,-11.763
427,V,O,12.166,-0.454,-12.832
427,V,CB,12.728,-1.665,-10.172
427,V,CG1,13.873,-0.693,-9.921
427,V,CG2,12.452,-2.5,-8.926
428,G,N,11.602,1.324,-11.571
428,G,CA,11.919,2.273,-12.622
428,G,C,10.892,2.552,-13.709
428,G,O,11.167,3.342,-14.611
429,S,N,9.729,1.913,-13.659
429,S,CA,8.701,2.163,-14.668
429,S,C,7.341,1.878,-14.054
429,S,O,7.259,1.429,-12.915
429,S,CB,8.901,1.279,-15.912
429,S,OG,8.213,0.039,-15.799
430,N,N,6.278,2.137,-14.81
430,N,CA,4.932,1.906,-14.313
430,N,C,4.394,0.524,-14.697
430,N,O,3.226,0.216,-14.47
430,N,CB,3.989,2.998,-14.831
430,N,CG,4.326,4.376,-14.281
430,N,OD1,5.091,4.512,-13.324
430,N,ND2,3.736,5.405,-14.875
431,A,N,5.25,-0.311,-15.274
431,A,CA,4.838,-1.65,-15.681
431,A,C,4.388,-2.451,-14.462
431,A,O,4.837,-2.194,-13.343
431,A,CB,5.994,-2.359,-16.375
432,R,N,3.498,-3.415,-14.682
432,R,CA,3.001,-4.252,-13.594
432,R,C,3.881,-5.483,-13.402
432,R,O,3.973,-6.33,-14.285
432,R,CB,1.564,-4.71,-13.872
432,R,CG,0.926,-5.492,-12.715
432,R,CD,-0.46,-6.013,-13.07
432,R,NE,-0.398,-7.107,-14.035
432,R,CZ,-0.16,-8.377,-13.724
432,R,NH1,0.032,-8.743,-12.462
432,R,NH2,-0.08,-9.284,-14.687
433,M,N,4.538,-5.571,-12.251
433,M,CA,5.378,-6.721,-11.946
433,M,C,4.504,-7.689,-11.144
433,M,O,3.959,-7.325,-10.102
433,M,CB,6.594,-6.287,-11.126
433,M,CG,7.465,-7.426,-10.651
433,M,SD,8.775,-6.878,-9.535
433,M,CE,10.065,-8.045,-9.968
434,D,N,4.36,-8.913,-11.642
434,D,CA,3.537,-9.919,-10.981
434,D,C,4.395,-10.717,-10.013
434,D,O,5.387,-11.322,-10.411
434,D,CB,2.925,-10.854,-12.027
434,D,CG,1.883,-11.783,-11.445
434,D,OD1,2.224,-12.628,-10.585
434,D,OD2,0.713,-11.669,-11.852
435,V,N,4.02,-10.725,-8.74
435,V,CA,4.807,-11.46,-7.764
435,V,C,4.017,-12.584,-7.112
435,V,O,4.288,-12.963,-5.973
435,V,CB,5.356,-10.517,-6.67
435,V,CG1,6.178,-9.409,-7.315
435,V,CG2,4.216,-9.936,-5.853
436,T,N,3.044,-13.126,-7.837
436,T,CA,2.24,-14.215,-7.296
436,T,C,3.137,-15.383,-6.893
436,T,O,2.973,-15.957,-5.818
436,T,CB,1.206,-14.736,-8.322
436,T,OG1,0.543,-13.63,-8.947
436,T,CG2,0.167,-15.601,-7.619
437,D,N,4.09,-15.72,-7.759
437,D,CA,5.008,-16.826,-7.514
437,D,C,5.876,-16.635,-6.263
437,D,O,6.597,-17.545,-5.854
437,D,CB,5.881,-17.058,-8.754
437,D,CG,6.869,-15.928,-9.005
437,D,OD1,6.516,-14.747,-8.795
437,D,OD2,8.005,-16.223,-9.434
438,K,N,5.797,-15.455,-5.656
438,K,CA,6.549,-15.171,-4.435
438,K,C,5.721,-15.568,-3.215
438,K,O,6.261,-15.981,-2.189
438,K,CB,6.893,-13.682,-4.35
438,K,CG,7.801,-13.202,-5.465
438,K,CD,9.123,-13.96,-5.436
438,K,CE,10.029,-13.553,-6.581
438,K,NZ,11.364,-14.207,-6.437
439,Y,N,4.405,-15.449,-3.338
439,Y,CA,3.506,-15.786,-2.245
439,Y,C,3.075,-17.239,-2.217
439,Y,O,2.727,-17.766,-1.158
439,Y,CB,2.26,-14.905,-2.282
439,Y,CG,2.49,-13.52,-1.731
439,Y,CD1,3.182,-12.557,-2.467
439,Y,CD2,2.028,-13.175,-0.46
439,Y,CE1,3.405,-11.29,-1.952
439,Y,CE2,2.249,-11.909,0.064
439,Y,CZ,2.937,-10.973,-0.685
439,Y,OH,3.156,-9.726,-0.161
440,K,N,3.09,-17.889,-3.374
440,K,CA,2.684,-19.284,-3.431
440,K,C,3.16,-20.002,-4.682
440,K,O,3.484,-19.375,-5.688
440,K,CB,1.158,-19.398,-3.316
440,K,CG,0.367,-18.636,-4.358
440,K,CD,-1.122,-18.899,-4.169
440,K,CE,-1.991,-18.105,-5.131
440,K,NZ,-3.448,-18.306,-4.826
441,Y,N,3.214,-21.326,-4.6
441,Y,CA,3.637,-22.142,-5.726
441,Y,C,2.492,-22.245,-6.726
441,Y,O,1.326,-22.062,-6.368
441,Y,CB,4.044,-23.539,-5.254
441,Y,CG,5.357,-23.584,-4.508
441,Y,CD1,5.417,-23.353,-3.135
441,Y,CD2,6.542,-23.87,-5.179
441,Y,CE1,6.629,-23.411,-2.447
441,Y,CE2,7.755,-23.928,-4.506
441,Y,CZ,7.793,-23.7,-3.144
441,Y,OH,8.998,-23.766,-2.488
442,P,N,2.813,-22.552,-7.992
442,P,CA,1.862,-22.692,-9.102
442,P,C,0.672,-23.584,-8.796
442,P,O,0.831,-24.661,-8.227
442,P,CB,2.721,-23.278,-10.218
442,P,CG,4.068,-22.739,-9.927
442,P,CD,4.17,-22.91,-8.435
443,E,N,-0.522,-23.145,-9.18
443,E,CA,-1.706,-23.96,-8.946
443,E,C,-1.58,-25.207,-9.813
443,E,O,-1.402,-25.116,-11.026
443,E,CB,-2.985,-23.194,-9.303
443,E,CG,-3.041,-22.672,-10.728
443,E,CD,-4.388,-22.048,-11.068
443,E,OE1,-5.388,-22.803,-11.166
443,E,OE2,-4.444,-20.805,-11.228
444,G,N,-1.657,-26.37,-9.177
444,G,CA,-1.533,-27.619,-9.902
444,G,C,-0.292,-28.365,-9.446
444,G,O,-0.241,-29.598,-9.474
445,S,N,0.714,-27.611,-9.017
445,S,CA,1.961,-28.199,-8.552
445,S,C,1.726,-28.973,-7.264
445,S,O,0.752,-28.725,-6.551
445,S,CB,2.996,-27.102,-8.303
445,S,OG,2.555,-26.207,-7.295
446,D,N,2.613,-29.919,-6.971
446,D,CA,2.493,-30.697,-5.745
446,D,C,2.798,-29.779,-4.572
446,D,O,2.096,-29.795,-3.562
446,D,CB,3.48,-31.868,-5.737
446,D,CG,3.17,-32.903,-6.797
446,D,OD1,1.989,-33.297,-6.912
446,D,OD2,4.107,-33.33,-7.506
447,Q,N,3.856,-28.982,-4.713
447,Q,CA,4.262,-28.051,-3.664
447,Q,C,3.055,-27.264,-3.175
447,Q,O,2.803,-27.18,-1.972
447,Q,CB,5.315,-27.069,-4.18
447,Q,CG,6.66,-27.675,-4.556
447,Q,CD,6.745,-28.094,-6.014
447,Q,OE1,7.839,-28.251,-6.557
447,Q,NE2,5.593,-28.284,-6.651
448,E,N,2.321,-26.685,-4.121
448,E,CA,1.13,-25.906,-3.818
448,E,C,0.253,-26.662,-2.828
448,E,O,-0.097,-26.146,-1.763
448,E,CB,0.358,-25.63,-5.114
448,E,CG,-1.162,-25.792,-5.031
448,E,CD,-1.813,-24.759,-4.144
448,E,OE1,-1.607,-23.552,-4.398
448,E,OE2,-2.53,-25.149,-3.2
449,R,N,-0.081,-27.897,-3.183
449,R,CA,-0.925,-28.73,-2.345
449,R,C,-0.237,-29.165,-1.067
449,R,O,-0.862,-29.202,-0.013
449,R,CB,-1.404,-29.95,-3.137
449,R,CG,-2.918,-30.027,-3.24
449,R,CD,-3.505,-28.656,-3.566
449,R,NE,-4.76,-28.431,-2.854
449,R,CZ,-5.353,-27.248,-2.728
449,R,NH1,-4.811,-26.167,-3.268
449,R,NH2,-6.489,-27.149,-2.051
450,Q,N,1.048,-29.488,-1.153
450,Q,CA,1.796,-29.908,0.028
450,Q,C,1.848,-28.759,1.031
450,Q,O,1.677,-28.963,2.234
450,Q,CB,3.22,-30.321,-0.355
450,Q,CG,3.3,-31.469,-1.358
450,Q,CD,4.732,-31.827,-1.717
450,Q,OE1,5.535,-32.162,-0.845
450,Q,NE2,5.06,-31.756,-3.002
451,V,N,2.084,-27.55,0.528
451,V,CA,2.148,-26.369,1.38
451,V,C,0.798,-26.142,2.051
451,V,O,0.724,-25.921,3.258
451,V,CB,2.527,-25.103,0.57
451,V,CG1,2.315,-23.86,1.414
451,V,CG2,3.983,-25.183,0.128
452,F,N,-0.269,-26.208,1.262
452,F,CA,-1.611,-26.008,1.786
452,F,C,-1.909,-26.992,2.922
452,F,O,-2.399,-26.597,3.98
452,F,CB,-2.645,-26.177,0.673
452,F,CG,-4.011,-25.701,1.051
452,F,CD1,-4.358,-24.364,0.905
452,F,CD2,-4.938,-26.578,1.602
452,F,CE1,-5.613,-23.904,1.304
452,F,CE2,-6.195,-26.127,2.006
452,F,CZ,-6.531,-24.788,1.856
453,Q,N,-1.617,-28.271,2.701
453,Q,CA,-1.85,-29.293,3.72
453,Q,C,-1.025,-28.962,4.954
453,Q,O,-1.493,-29.078,6.082
453,Q,CB,-1.453,-30.675,3.198
453,Q,CG,-2.327,-31.205,2.07
453,Q,CD,-3.795,-31.315,2.459
453,Q,OE1,-4.496,-30.308,2.598
453,Q,NE2,-4.267,-32.545,2.639
454,K,N,0.211,-28.543,4.719
454,K,CA,1.121,-28.174,5.794
454,K,C,0.495,-27.088,6.67
454,K,O,0.316,-27.267,7.878
454,K,CB,2.435,-27.67,5.19
454,K,CG,3.442,-27.132,6.189
454,K,CD,4.717,-26.694,5.478
454,K,CE,5.675,-25.994,6.429
454,K,NZ,6.936,-25.604,5.738
455,A,N,0.156,-25.964,6.047
455,A,CA,-0.438,-24.836,6.75
455,A,C,-1.724,-25.213,7.481
455,A,O,-1.92,-24.851,8.641
455,A,CB,-0.709,-23.709,5.764
456,L,N,-2.602,-25.935,6.794
456,L,CA,-3.87,-26.355,7.38
456,L,C,-3.619,-27.261,8.579
456,L,O,-4.271,-27.135,9.614
456,L,CB,-4.701,-27.101,6.336
456,L,CG,-6.111,-27.542,6.719
456,L,CD1,-6.98,-26.33,7.005
456,L,CD2,-6.696,-28.358,5.582
457,G,N,-2.662,-28.172,8.429
457,G,CA,-2.338,-29.093,9.499
457,G,C,-1.908,-28.379,10.762
457,G,O,-2.147,-28.858,11.872
458,K,N,-1.273,-27.226,10.6
458,K,CA,-0.811,-26.468,11.747
458,K,C,-1.941,-25.674,12.384
458,K,O,-1.932,-25.424,13.589
458,K,CB,0.322,-25.532,11.33
458,K,CG,1.517,-26.265,10.755
458,K,CD,2.699,-25.335,10.547
458,K,CE,3.928,-26.116,10.111
458,K,NZ,5.13,-25.251,10.08
459,L,N,-2.921,-25.289,11.573
459,L,CA,-4.052,-24.515,12.062
459,L,C,-5.037,-25.389,12.817
459,L,O,-5.535,-25.011,13.878
459,L,CB,-4.754,-23.827,10.893
459,L,CG,-3.884,-22.813,10.147
459,L,CD1,-4.627,-22.288,8.939
459,L,CD2,-3.51,-21.678,11.081
460,K,N,-5.316,-26.562,12.266
460,K,CA,-6.244,-27.488,12.898
460,K,C,-5.766,-28.932,12.744
460,K,O,-6.034,-29.578,11.732
460,K,CB,-7.641,-27.312,12.293
460,K,CG,-8.211,-25.915,12.509
460,K,CD,-9.643,-25.786,12.016
460,K,CE,-10.216,-24.419,12.385
460,K,NZ,-11.611,-24.222,11.891
461,P,N,-22.202,-31.556,-13.892
461,P,CA,-23.261,-30.63,-14.307
461,P,C,-23.51,-30.645,-15.811
461,P,O,-22.583,-30.471,-16.599
461,P,CB,-22.743,-29.276,-13.827
461,P,CG,-21.942,-29.635,-12.617
461,P,CD,-21.179,-30.843,-13.106
462,S,N,-24.762,-30.853,-16.202
462,S,CA,-25.124,-30.873,-17.615
462,S,C,-25.022,-29.464,-18.185
462,S,O,-24.713,-29.277,-19.361
462,S,CB,-26.557,-31.389,-17.801
462,S,OG,-26.689,-32.736,-17.381
463,I,N,-25.272,-28.474,-17.337
463,I,CA,-25.234,-27.083,-17.755
463,I,C,-24.028,-26.291,-17.268
463,I,O,-23.707,-26.277,-16.083
463,I,CB,-26.5,-26.342,-17.284
463,I,CG1,-27.748,-27.047,-17.823
463,I,CG2,-26.448,-24.892,-17.733
463,I,CD1,-27.753,-27.223,-19.331
464,I,N,-23.353,-25.633,-18.2
464,I,CA,-22.217,-24.796,-17.858
464,I,C,-22.597,-23.388,-18.287
464,I,O,-23.167,-23.192,-19.36
464,I,CB,-20.926,-25.231,-18.579
464,I,CG1,-21.176,-25.372,-20.077
464,I,CG2,-20.419,-26.534,-17.989
464,I,CD1,-19.902,-25.576,-20.876
465,G,N,-22.305,-22.416,-17.429
465,G,CA,-22.636,-21.037,-17.726
465,G,C,-21.446,-20.105,-17.646
465,G,O,-20.444,-20.396,-16.993
466,K,N,-21.571,-18.971,-18.32
466,K,CA,-20.522,-17.967,-18.361
466,K,C,-21.148,-16.623,-18.714
466,K,O,-21.956,-16.531,-19.634
466,K,CB,-19.484,-18.367,-19.412
466,K,CG,-18.695,-17.22,-20.026
466,K,CD,-17.64,-16.648,-19.09
466,K,CE,-16.838,-15.552,-19.799
466,K,NZ,-15.766,-14.971,-18.942
467,L,N,-20.794,-15.587,-17.963
467,L,CA,-21.31,-14.25,-18.223
467,L,C,-20.268,-13.459,-19.002
467,L,O,-19.126,-13.333,-18.564
467,L,CB,-21.635,-13.547,-16.906
467,L,CG,-22.958,-13.98,-16.271
467,L,CD1,-22.937,-13.713,-14.782
467,L,CD2,-24.103,-13.239,-16.955
468,K,N,-20.658,-12.946,-20.166
468,K,CA,-19.752,-12.169,-21.002
468,K,C,-20.208,-10.723,-21.149
468,K,O,-21.406,-10.442,-21.215
468,K,CB,-19.631,-12.786,-22.405
468,K,CG,-18.854,-14.092,-22.482
468,K,CD,-18.111,-14.225,-23.826
468,K,CE,-19.041,-14.062,-25.035
468,K,NZ,-18.325,-14.209,-26.343
469,V,N,-19.243,-9.812,-21.217
469,V,CA,-19.53,-8.39,-21.367
469,V,C,-19.654,-8.043,-22.84
469,V,O,-18.791,-8.402,-23.635
469,V,CB,-18.408,-7.515,-20.765
469,V,CG1,-18.579,-6.068,-21.207
469,V,CG2,-18.434,-7.602,-19.256
470,A,N,-20.729,-7.345,-23.196
470,A,CA,-20.955,-6.937,-24.577
470,A,C,-20.635,-5.451,-24.737
470,A,O,-21.257,-4.596,-24.102
470,A,CB,-22.408,-7.214,-24.983
471,G,N,-19.65,-5.148,-25.578
471,G,CA,-19.272,-3.765,-25.806
471,G,C,-18.522,-3.097,-24.665
471,G,O,-18.023,-3.754,-23.747
472,M,N,-18.448,-1.773,-24.734
472,M,CA,-17.75,-0.976,-23.737
472,M,C,-18.634,-0.642,-22.542
472,M,O,-19.83,-0.378,-22.694
472,M,CB,-17.258,0.326,-24.372
472,M,CG,-16.572,1.279,-23.4
472,M,SD,-16.629,2.983,-24.003
472,M,CE,-15.413,2.9,-25.353
473,L,N,-18.043,-0.656,-21.353
473,L,CA,-18.783,-0.324,-20.149
473,L,C,-18.253,0.993,-19.615
473,L,O,-17.073,1.117,-19.3
473,L,CB,-18.631,-1.418,-19.09
473,L,CG,-19.262,-2.77,-19.419
473,L,CD1,-19.086,-3.718,-18.251
473,L,CD2,-20.733,-2.583,-19.729
474,A,N,-19.136,1.979,-19.533
474,A,CA,-18.766,3.293,-19.037
474,A,C,-19.968,3.943,-18.361
474,A,O,-21.099,3.804,-18.827
474,A,CB,-18.271,4.163,-20.188
475,V,N,-19.717,4.641,-17.257
475,V,CA,-20.775,5.321,-16.52
475,V,C,-21.462,6.32,-17.443
475,V,O,-20.843,7.271,-17.914
475,V,CB,-20.209,6.063,-15.293
475,V,CG1,-21.346,6.68,-14.49
475,V,CG2,-19.408,5.09,-14.422
476,G,N,-22.748,6.095,-17.692
476,G,CA,-23.497,6.956,-18.59
476,G,C,-24.066,6.113,-19.717
476,G,O,-25.118,6.433,-20.274
477,K,N,-23.369,5.029,-20.054
477,K,CA,-23.812,4.115,-21.106
477,K,C,-24.565,2.938,-20.492
477,K,O,-24.372,2.615,-19.317
477,K,CB,-22.614,3.572,-21.885
477,K,CG,-21.724,4.645,-22.486
477,K,CD,-20.601,4.035,-23.3
477,K,CE,-21.139,3.224,-24.463
477,K,NZ,-20.025,2.658,-25.266
478,E,N,-25.424,2.287,-21.271
478,E,CA,-26.139,1.154,-20.715
478,E,C,-25.169,-0.011,-20.567
478,E,O,-24.13,-0.065,-21.229
478,E,CB,-27.339,0.751,-21.586
478,E,CG,-27.014,0.3,-22.992
478,E,CD,-28.248,-0.193,-23.743
478,E,OE1,-29.288,0.506,-23.722
478,E,OE2,-28.178,-1.276,-24.36
479,V,N,-25.501,-0.919,-19.661
479,V,CA,-24.685,-2.096,-19.422
479,V,C,-25.276,-3.24,-20.232
479,V,O,-26.456,-3.56,-20.096
479,V,CB,-24.68,-2.472,-17.922
479,V,CG1,-23.947,-3.795,-17.711
479,V,CG2,-24.015,-1.366,-17.112
480,N,N,-24.462,-3.837,-21.092
480,N,CA,-24.911,-4.951,-21.916
480,N,C,-24.055,-6.186,-21.689
480,N,O,-22.837,-6.159,-21.886
480,N,CB,-24.887,-4.569,-23.399
480,N,CG,-26.08,-3.725,-23.796
480,N,OD1,-27.209,-4.209,-23.821
480,N,ND2,-25.839,-2.455,-24.093
481,L,N,-24.705,-7.264,-21.262
481,L,CA,-24.028,-8.526,-21.011
481,L,C,-24.82,-9.642,-21.678
481,L,O,-25.902,-9.415,-22.207
481,L,CB,-23.965,-8.804,-19.507
481,L,CG,-23.397,-7.701,-18.615
481,L,CD1,-23.644,-8.057,-17.172
481,L,CD2,-21.911,-7.522,-18.886
482,V,N,-24.269,-10.848,-21.64
482,V,CA,-24.934,-12.015,-22.186
482,V,C,-24.614,-13.218,-21.306
482,V,O,-23.473,-13.416,-20.889
482,V,CB,-24.481,-12.317,-23.643
482,V,CG1,-24.921,-13.714,-24.048
482,V,CG2,-25.092,-11.304,-24.597
483,L,N,-25.635,-14.001,-20.99
483,L,CA,-25.428,-15.202,-20.205
483,L,C,-25.357,-16.323,-21.233
483,L,O,-26.315,-16.567,-21.961
483,L,CB,-26.593,-15.436,-19.241
483,L,CG,-26.61,-16.795,-18.53
483,L,CD1,-25.307,-17.014,-17.764
483,L,CD2,-27.806,-16.854,-17.592
484,L,N,-24.202,-16.972,-21.317
484,L,CA,-24.009,-18.072,-22.251
484,L,C,-24.204,-19.385,-21.523
484,L,O,-23.509,-19.67,-20.546
484,L,CB,-22.599,-18.052,-22.836
484,L,CG,-22.179,-16.808,-23.608
484,L,CD1,-20.718,-16.951,-24.042
484,L,CD2,-23.097,-16.621,-24.805
485,L,N,-25.151,-20.181,-22.003
485,L,CA,-25.428,-21.482,-21.414
485,L,C,-25.275,-22.559,-22.472
485,L,O,-25.586,-22.341,-23.644
485,L,CB,-26.846,-21.525,-20.858
485,L,CG,-27.117,-20.584,-19.69
485,L,CD1,-28.564,-20.715,-19.265
485,L,CD2,-26.181,-20.92,-18.535
486,K,N,-24.779,-23.716,-22.057
486,K,CA,-24.611,-24.832,-22.97
486,K,C,-24.959,-26.132,-22.265
486,K,O,-24.561,-26.363,-21.121
486,K,CB,-23.178,-24.904,-23.499
486,K,CG,-22.981,-26.03,-24.504
486,K,CD,-21.626,-25.977,-25.179
486,K,CE,-21.552,-27.023,-26.281
486,K,NZ,-20.328,-26.873,-27.106
487,N,N,-25.717,-26.973,-22.957
487,N,CA,-26.129,-28.259,-22.42
487,N,C,-25.095,-29.294,-22.86
487,N,O,-24.961,-29.579,-24.052
487,N,CB,-27.517,-28.609,-22.956
487,N,CG,-28.033,-29.936,-22.437
487,N,OD1,-27.349,-30.641,-21.691
487,N,ND2,-29.251,-30.288,-22.84
488,L,N,-24.361,-29.847,-21.898
488,L,CA,-23.329,-30.832,-22.202
488,L,C,-23.812,-32.281,-22.13
488,L,O,-23.081,-33.195,-22.52
488,L,CB,-22.134,-30.655,-21.26
488,L,CG,-21.414,-29.303,-21.279
488,L,CD1,-20.252,-29.336,-20.298
488,L,CD2,-20.91,-28.991,-22.679
489,S,N,-25.033,-32.492,-21.642
489,S,CA,-25.564,-33.848,-21.526
489,S,C,-26.156,-34.343,-22.844
489,S,O,-26.252,-33.594,-23.817
489,S,CB,-26.635,-33.922,-20.432
489,S,OG,-27.898,-33.531,-20.929
490,R,N,-26.557,-35.61,-22.86
490,R,CA,-27.138,-36.214,-24.051
490,R,C,-28.654,-36.088,-24.057
490,R,O,-29.321,-36.594,-24.957
490,R,CB,-26.772,-37.696,-24.127
490,R,CG,-25.307,-38.013,-23.875
490,R,CD,-24.969,-39.398,-24.412
490,R,NE,-23.713,-39.924,-23.879
490,R,CZ,-23.052,-40.954,-24.403
490,R,NH1,-23.523,-41.572,-25.482
490,R,NH2,-21.921,-41.373,-23.845
491,D,N,-29.199,-35.419,-23.048
491,D,CA,-30.641,-35.256,-22.952
491,D,C,-31.012,-33.798,-23.109
491,D,O,-30.211,-32.916,-22.816
491,D,CB,-31.14,-35.742,-21.587
491,D,CG,-30.669,-37.145,-21.256
491,D,OD1,-30.644,-37.493,-20.056
491,D,OD2,-30.329,-37.903,-22.187
492,T,N,-32.225,-33.544,-23.579
492,T,CA,-32.694,-32.177,-23.719
492,T,C,-32.983,-31.722,-22.291
492,T,O,-33.614,-32.447,-21.524
492,T,CB,-33.978,-32.115,-24.568
492,T,OG1,-33.661,-32.446,-25.927
492,T,CG2,-34.594,-30.723,-24.52
493,K,N,-32.501,-30.54,-21.926
493,K,CA,-32.705,-30.016,-20.579
493,K,C,-33.489,-28.709,-20.583
493,K,O,-33.342,-27.884,-21.486
493,K,CB,-31.357,-29.766,-19.895
493,K,CG,-30.477,-30.993,-19.694
493,K,CD,-31.027,-31.926,-18.62
493,K,CE,-30.039,-33.048,-18.321
493,K,NZ,-30.528,-33.98,-17.263
494,T,N,-34.323,-28.528,-19.564
494,T,CA,-35.1,-27.304,-19.413
494,T,C,-34.439,-26.531,-18.272
494,T,O,-34.466,-26.971,-17.126
494,T,CB,-36.561,-27.602,-19.042
494,T,OG1,-37.179,-28.333,-20.106
494,T,CG2,-37.329,-26.307,-18.816
495,V,N,-33.838,-25.388,-18.587
495,V,CA,-33.155,-24.606,-17.567
495,V,C,-33.923,-23.39,-17.08
495,V,O,-34.377,-22.56,-17.872
495,V,CB,-31.774,-24.122,-18.057
495,V,CG1,-31.023,-23.456,-16.909
495,V,CG2,-30.976,-25.293,-18.611
496,T,N,-34.064,-23.302,-15.762
496,T,CA,-34.736,-22.18,-15.126
496,T,C,-33.613,-21.243,-14.681
496,T,O,-32.695,-21.67,-13.975
496,T,CB,-35.536,-22.635,-13.891
496,T,OG1,-36.525,-23.592,-14.288
496,T,CG2,-36.223,-21.448,-13.243
497,V,N,-33.685,-19.978,-15.094
497,V,CA,-32.647,-19.001,-14.756
497,V,C,-33.131,-17.785,-13.962
497,V,O,-34.063,-17.088,-14.365
497,V,CB,-31.943,-18.476,-16.036
497,V,CG1,-30.77,-17.581,-15.657
497,V,CG2,-31.472,-19.64,-16.893
498,N,N,-32.48,-17.532,-12.832
498,N,CA,-32.82,-16.388,-11.992
498,N,C,-31.594,-15.483,-11.892
498,N,O,-30.549,-15.885,-11.38
498,N,CB,-33.267,-16.867,-10.615
498,N,CG,-34.532,-17.701,-10.683
498,N,OD1,-35.558,-17.249,-11.186
498,N,ND2,-34.462,-18.926,-10.18
499,M,N,-31.735,-14.258,-12.386
499,M,CA,-30.633,-13.304,-12.414
499,M,C,-30.871,-12.003,-11.65
499,M,O,-32.006,-11.537,-11.523
499,M,CB,-30.321,-12.971,-13.875
499,M,CG,-30.17,-14.211,-14.75
499,M,SD,-30.41,-13.925,-16.504
499,M,CE,-32.153,-14.218,-16.639
500,T,N,-29.784,-11.424,-11.143
500,T,CA,-29.85,-10.154,-10.434
500,T,C,-28.595,-9.345,-10.727
500,T,O,-27.598,-9.873,-11.216
500,T,CB,-29.967,-10.328,-8.893
500,T,OG1,-28.738,-10.838,-8.366
500,T,CG2,-31.109,-11.283,-8.543
501,A,N,-28.667,-8.052,-10.443
501,A,CA,-27.542,-7.143,-10.624
501,A,C,-27.566,-6.197,-9.433
501,A,O,-28.561,-5.51,-9.199
501,A,CB,-27.682,-6.357,-11.914
502,W,N,-26.477,-6.175,-8.674
502,W,CA,-26.371,-5.313,-7.504
502,W,C,-25.154,-4.399,-7.606
502,W,O,-24.08,-4.845,-8.0
502,W,CB,-26.213,-6.156,-6.232
502,W,CG,-27.465,-6.778,-5.688
502,W,CD1,-28.195,-7.794,-6.244
502,W,CD2,-28.109,-6.448,-4.452
502,W,NE1,-29.253,-8.117,-5.424
502,W,CE2,-29.223,-7.306,-4.318
502,W,CE3,-27.853,-5.506,-3.444
502,W,CZ2,-30.083,-7.252,-3.214
502,W,CZ3,-28.706,-5.45,-2.348
502,W,CH2,-29.81,-6.321,-2.242
503,T,N,-25.313,-3.121,-7.266
503,T,CA,-24.162,-2.233,-7.273
503,T,C,-23.431,-2.61,-5.987
503,T,O,-24.068,-2.929,-4.98
503,T,CB,-24.561,-0.745,-7.229
503,T,OG1,-25.448,-0.515,-6.127
503,T,CG2,-25.227,-0.337,-8.543
504,I,N,-22.103,-2.583,-6.026
504,I,CA,-21.293,-2.965,-4.881
504,I,C,-20.103,-2.06,-4.681
504,I,O,-19.812,-1.189,-5.506
504,I,CB,-20.71,-4.382,-5.057
504,I,CG1,-19.933,-4.451,-6.384
504,I,CG2,-21.821,-5.423,-5.034
504,I,CD1,-19.014,-5.66,-6.528
505,I,N,-19.421,-2.287,-3.564
505,I,CA,-18.198,-1.585,-3.219
505,I,C,-17.171,-2.672,-3.558
505,I,O,-17.473,-3.861,-3.409
505,I,CB,-18.145,-1.255,-1.707
505,I,CG1,-19.366,-0.416,-1.311
505,I,CG2,-16.844,-0.523,-1.379
505,I,CD1,-19.528,0.869,-2.116
506,Y,N,-15.976,-2.291,-4.002
506,Y,CA,-14.974,-3.285,-4.401
506,Y,C,-14.764,-4.465,-3.444
506,Y,O,-14.435,-5.566,-3.888
506,Y,CB,-13.625,-2.609,-4.702
506,Y,CG,-12.769,-2.321,-3.494
506,Y,CD1,-11.716,-3.173,-3.136
506,Y,CD2,-13.018,-1.207,-2.692
506,Y,CE1,-10.931,-2.914,-2.002
506,Y,CE2,-12.249,-0.942,-1.564
506,Y,CZ,-11.206,-1.797,-1.223
506,Y,OH,-10.453,-1.521,-0.107
507,N,N,-14.957,-4.252,-2.147
507,N,CA,-14.769,-5.342,-1.193
507,N,C,-15.939,-6.324,-1.247
507,N,O,-15.846,-7.439,-0.742
507,N,CB,-14.629,-4.808,0.236
507,N,CG,-15.906,-4.184,0.75
507,N,OD1,-16.219,-4.275,1.939
507,N,ND2,-16.646,-3.532,-0.136
508,G,N,-17.042,-5.9,-1.853
508,G,CA,-18.196,-6.769,-1.956
508,G,C,-19.409,-6.284,-1.184
508,G,O,-20.448,-6.95,-1.178
509,T,N,-19.292,-5.138,-0.519
509,T,CA,-20.43,-4.601,0.225
509,T,C,-21.601,-4.395,-0.738
509,T,O,-21.495,-3.636,-1.701
509,T,CB,-20.091,-3.252,0.882
509,T,OG1,-19.08,-3.45,1.876
509,T,CG2,-21.334,-2.646,1.537
510,L,N,-22.711,-5.079,-0.469
510,L,CA,-23.902,-4.986,-1.31
510,L,C,-24.6,-3.659,-1.081
510,L,O,-24.998,-3.344,0.037
510,L,CB,-24.867,-6.138,-0.994
510,L,CG,-24.292,-7.546,-1.176
510,L,CD1,-25.34,-8.59,-0.818
510,L,CD2,-23.833,-7.721,-2.612
511,V,N,-24.757,-2.888,-2.148
511,V,CA,-25.39,-1.586,-2.052
511,V,C,-26.886,-1.608,-2.365
511,V,O,-27.712,-1.322,-1.494
511,V,CB,-24.688,-0.571,-2.994
511,V,CG1,-25.377,0.784,-2.928
511,V,CG2,-23.225,-0.444,-2.61
512,H,N,-27.244,-1.959,-3.597
512,H,CA,-28.652,-1.964,-3.968
512,H,C,-28.929,-2.736,-5.257
512,H,O,-28.122,-2.732,-6.188
512,H,CB,-29.114,-0.515,-4.13
512,H,CG,-30.59,-0.32,-3.984
512,H,ND1,-31.495,-0.709,-4.948
512,H,CD2,-31.316,0.25,-2.993
512,H,CE1,-32.715,-0.384,-4.56
512,H,NE2,-32.635,0.2,-3.377
513,E,N,-30.074,-3.41,-5.296
513,E,CA,-30.477,-4.159,-6.479
513,E,C,-30.817,-3.141,-7.563
513,E,O,-31.572,-2.204,-7.31
513,E,CB,-31.714,-5.004,-6.176
513,E,CG,-32.354,-5.6,-7.418
513,E,CD,-33.771,-6.077,-7.176
513,E,OE1,-34.644,-5.772,-8.02
513,E,OE2,-34.007,-6.757,-6.148
514,V,N,-30.266,-3.311,-8.764
514,V,CA,-30.555,-2.373,-9.852
514,V,C,-31.234,-3.044,-11.048
514,V,O,-31.72,-2.375,-11.959
514,V,CB,-29.271,-1.671,-10.357
514,V,CG1,-28.605,-0.917,-9.219
514,V,CG2,-28.318,-2.692,-10.963
515,W,N,-31.274,-4.37,-11.038
515,W,CA,-31.881,-5.113,-12.131
515,W,C,-32.028,-6.582,-11.754
515,W,O,-31.185,-7.146,-11.048
515,W,CB,-31.008,-4.991,-13.381
515,W,CG,-31.433,-5.852,-14.54
515,W,CD1,-32.278,-5.506,-15.557
515,W,CD2,-31.018,-7.2,-14.803
515,W,NE1,-32.412,-6.556,-16.443
515,W,CE2,-31.651,-7.607,-16.003
515,W,CE3,-30.173,-8.104,-14.141
515,W,CZ2,-31.465,-8.878,-16.554
515,W,CZ3,-29.988,-9.37,-14.689
515,W,CH2,-30.634,-9.745,-15.886
516,K,N,-33.106,-7.191,-12.232
516,K,CA,-33.372,-8.593,-11.979
516,K,C,-34.258,-9.1,-13.1
516,K,O,-34.987,-8.33,-13.727
516,K,CB,-34.076,-8.786,-10.632
516,K,CG,-35.48,-8.213,-10.577
516,K,CD,-36.151,-8.528,-9.25
516,K,CE,-37.59,-8.028,-9.231
516,K,NZ,-38.213,-8.201,-7.883
517,D,N,-34.184,-10.398,-13.355
517,D,CA,-34.974,-11.007,-14.407
517,D,C,-34.842,-12.512,-14.26
517,D,O,-33.956,-13.002,-13.556
517,D,CB,-34.448,-10.552,-15.777
517,D,CG,-35.394,-10.899,-16.924
517,D,OD1,-36.63,-10.842,-16.725
517,D,OD2,-34.9,-11.208,-18.031
518,S,N,-35.746,-13.239,-14.9
518,S,CA,-35.709,-14.689,-14.868
518,S,C,-36.064,-15.177,-16.262
518,S,O,-36.529,-14.406,-17.102
518,S,CB,-36.703,-15.24,-13.845
518,S,OG,-38.032,-15.049,-14.282
519,A,N,-35.837,-16.456,-16.514
519,A,CA,-36.136,-17.015,-17.819
519,A,C,-36.032,-18.523,-17.766
519,A,O,-35.384,-19.081,-16.885
519,A,CB,-35.166,-16.459,-18.863
520,T,N,-36.682,-19.174,-18.718
520,T,CA,-36.668,-20.618,-18.806
520,T,C,-36.353,-20.972,-20.246
520,T,O,-37.097,-20.62,-21.159
520,T,CB,-38.032,-21.198,-18.416
520,T,OG1,-38.331,-20.825,-17.067
520,T,CG2,-38.019,-22.708,-18.519
521,M,N,-35.233,-21.653,-20.447
521,M,CA,-34.812,-22.047,-21.784
521,M,C,-34.701,-23.554,-21.891
521,M,O,-34.248,-24.219,-20.957
521,M,CB,-33.44,-21.463,-22.109
521,M,CG,-33.343,-19.967,-22.03
521,M,SD,-31.613,-19.481,-22.061
521,M,CE,-31.324,-19.26,-20.317
522,S,N,-35.116,-24.088,-23.033
522,S,CA,-35.007,-25.516,-23.288
522,S,C,-33.801,-25.652,-24.211
522,S,O,-33.754,-25.034,-25.277
522,S,CB,-36.259,-26.042,-23.985
522,S,OG,-36.105,-27.414,-24.298
523,L,N,-32.817,-26.438,-23.793
523,L,CA,-31.614,-26.619,-24.591
523,L,C,-31.461,-28.073,-25.02
523,L,O,-31.571,-28.982,-24.195
523,L,CB,-30.374,-26.208,-23.787
523,L,CG,-30.35,-24.864,-23.056
523,L,CD1,-29.061,-24.762,-22.263
523,L,CD2,-30.451,-23.719,-24.044
524,D,N,-31.211,-28.287,-26.31
524,D,CA,-31.016,-29.638,-26.824
524,D,C,-29.576,-30.022,-26.55
524,D,O,-28.752,-29.167,-26.226
524,D,CB,-31.279,-29.709,-28.334
524,D,CG,-32.752,-29.83,-28.665
524,D,OD1,-33.548,-30.118,-27.744
524,D,OD2,-33.111,-29.65,-29.848
525,P,N,-29.255,-31.318,-26.66
525,P,CA,-27.88,-31.745,-26.411
525,P,C,-26.866,-30.935,-27.218
525,P,O,-27.055,-30.676,-28.412
525,P,CB,-27.913,-33.215,-26.804
525,P,CG,-29.273,-33.626,-26.33
525,P,CD,-30.143,-32.484,-26.823
526,E,N,-25.807,-30.507,-26.542
526,E,CA,-24.738,-29.743,-27.168
526,E,C,-25.151,-28.34,-27.632
526,E,O,-24.337,-27.609,-28.187
526,E,CB,-24.185,-30.546,-28.347
526,E,CG,-22.697,-30.433,-28.544
526,E,CD,-21.919,-30.805,-27.302
526,E,OE1,-22.271,-31.82,-26.657
526,E,OE2,-20.948,-30.083,-26.98
527,E,N,-26.403,-27.958,-27.4
527,E,CA,-26.881,-26.64,-27.817
527,E,C,-26.353,-25.51,-26.942
527,E,O,-26.185,-25.669,-25.734
527,E,CB,-28.417,-26.585,-27.81
527,E,CG,-28.986,-25.177,-28.055
527,E,CD,-30.511,-25.128,-28.107
527,E,OE1,-31.065,-24.02,-28.235
527,E,OE2,-31.166,-26.185,-28.026
528,E,N,-26.099,-24.37,-27.58
528,E,CA,-25.619,-23.166,-26.91
528,E,C,-26.673,-22.082,-27.105
528,E,O,-27.166,-21.878,-28.217
528,E,CB,-24.301,-22.693,-27.518
528,E,CG,-23.106,-23.561,-27.189
528,E,CD,-21.846,-23.092,-27.895
528,E,OE1,-21.55,-21.878,-27.82
528,E,OE2,-21.156,-23.934,-28.518
529,A,N,-27.016,-21.394,-26.024
529,A,CA,-28.015,-20.34,-26.081
529,A,C,-27.52,-19.131,-25.309
529,A,O,-26.724,-19.26,-24.38
529,A,CB,-29.324,-20.833,-25.493
530,E,N,-27.997,-17.956,-25.694
530,E,CA,-27.593,-16.733,-25.031
530,E,C,-28.797,-15.979,-24.519
530,E,O,-29.828,-15.918,-25.187
530,E,CB,-26.855,-15.808,-25.991
530,E,CG,-25.843,-16.471,-26.878
530,E,CD,-25.006,-15.449,-27.616
530,E,OE1,-25.555,-14.381,-27.974
530,E,OE2,-23.805,-15.713,-27.841
531,H,N,-28.664,-15.41,-23.33
531,H,CA,-29.73,-14.602,-22.772
531,H,C,-29.108,-13.237,-22.516
531,H,O,-28.191,-13.104,-21.704
531,H,CB,-30.274,-15.19,-21.474
531,H,CG,-31.423,-14.413,-20.911
531,H,ND1,-31.255,-13.232,-20.22
531,H,CD2,-32.76,-14.615,-20.99
531,H,CE1,-32.438,-12.74,-19.898
531,H,NE2,-33.368,-13.56,-20.354
532,P,N,-29.583,-12.207,-23.237
532,P,CA,-29.083,-10.839,-23.108
532,P,C,-29.495,-10.166,-21.811
532,P,O,-30.621,-10.329,-21.346
532,P,CB,-29.674,-10.147,-24.332
532,P,CG,-30.998,-10.817,-24.469
532,P,CD,-30.633,-12.279,-24.271
533,I,N,-28.562,-9.415,-21.234
533,I,CA,-28.8,-8.686,-20.0
533,I,C,-28.538,-7.211,-20.268
533,I,O,-27.409,-6.811,-20.56
533,I,CB,-27.873,-9.176,-18.877
533,I,CG1,-28.261,-10.601,-18.486
533,I,CG2,-27.951,-8.234,-17.682
533,I,CD1,-27.382,-11.196,-17.421
534,K,N,-29.592,-6.41,-20.174
534,K,CA,-29.49,-4.981,-20.413
534,K,C,-29.874,-4.19,-19.164
534,K,O,-30.941,-4.4,-18.596
534,K,CB,-30.407,-4.588,-21.574
534,K,CG,-30.329,-3.117,-21.966
534,K,CD,-31.361,-2.746,-23.032
534,K,CE,-31.167,-3.547,-24.314
534,K,NZ,-29.81,-3.354,-24.889
535,I,N,-28.987,-3.306,-18.722
535,I,CA,-29.256,-2.457,-17.562
535,I,C,-28.989,-1.028,-18.02
535,I,O,-27.873,-0.684,-18.399
535,I,CB,-28.324,-2.776,-16.368
535,I,CG1,-28.475,-4.241,-15.955
535,I,CG2,-28.671,-1.876,-15.187
535,I,CD1,-27.471,-4.678,-14.899
536,S,N,-30.019,-0.198,-17.991
536,S,CA,-29.877,1.18,-18.437
536,S,C,-29.179,2.046,-17.406
536,S,O,-29.01,1.652,-16.249
536,S,CB,-31.247,1.784,-18.733
536,S,OG,-31.97,1.981,-17.528
537,Y,N,-28.784,3.235,-17.848
537,Y,CA,-28.119,4.199,-16.992
537,Y,C,-29.108,4.683,-15.938
537,Y,O,-28.753,4.872,-14.78
537,Y,CB,-27.616,5.377,-17.835
537,Y,CG,-27.092,6.532,-17.02
537,Y,CD1,-25.965,6.391,-16.22
537,Y,CD2,-27.751,7.759,-17.019
537,Y,CE1,-25.506,7.447,-15.432
537,Y,CE2,-27.307,8.816,-16.236
537,Y,CZ,-26.187,8.655,-15.443
537,Y,OH,-25.775,9.691,-14.635
538,A,N,-30.358,4.869,-16.339
538,A,CA,-31.376,5.332,-15.408
538,A,C,-31.576,4.329,-14.272
538,A,O,-31.867,4.709,-13.139
538,A,CB,-32.693,5.562,-16.146
539,Q,N,-31.407,3.048,-14.583
539,Q,CA,-31.581,1.984,-13.602
539,Q,C,-30.477,1.855,-12.566
539,Q,O,-30.759,1.647,-11.393
539,Q,CB,-31.756,0.642,-14.315
539,Q,CG,-33.198,0.353,-14.709
539,Q,CD,-33.339,-0.827,-15.653
539,Q,OE1,-34.378,-1.486,-15.678
539,Q,NE2,-32.306,-1.088,-16.447
540,Y,N,-29.225,1.987,-12.988
540,Y,CA,-28.107,1.838,-12.058
540,Y,C,-27.504,3.126,-11.513
540,Y,O,-26.924,3.129,-10.435
540,Y,CB,-26.989,1.008,-12.713
540,Y,CG,-26.234,1.697,-13.845
540,Y,CD1,-25.443,2.826,-13.605
540,Y,CD2,-26.286,1.202,-15.148
540,Y,CE1,-24.727,3.44,-14.632
540,Y,CE2,-25.57,1.809,-16.186
540,Y,CZ,-24.795,2.927,-15.922
540,Y,OH,-24.093,3.542,-16.938
541,E,N,-27.643,4.219,-12.253
541,E,CA,-27.045,5.48,-11.841
541,E,C,-27.36,5.879,-10.411
541,E,O,-26.489,6.357,-9.694
541,E,CB,-27.443,6.604,-12.817
541,E,CG,-28.864,7.126,-12.704
541,E,CD,-29.021,8.151,-11.594
541,E,OE1,-27.996,8.601,-11.044
541,E,OE2,-30.171,8.516,-11.275
542,R,N,-28.595,5.65,-9.99
542,R,CA,-29.035,6.015,-8.653
542,R,C,-28.325,5.274,-7.518
542,R,O,-28.177,5.82,-6.423
542,R,CB,-30.542,5.792,-8.536
542,R,CG,-31.194,6.538,-7.386
542,R,CD,-32.666,6.151,-7.226
542,R,NE,-33.445,6.286,-8.461
542,R,CZ,-33.718,7.441,-9.062
542,R,NH1,-33.274,8.583,-8.549
542,R,NH2,-34.447,7.452,-10.175
543,Y,N,-27.878,4.046,-7.769
543,Y,CA,-27.223,3.273,-6.72
543,Y,C,-25.775,2.886,-6.982
543,Y,O,-25.18,2.124,-6.212
543,Y,CB,-28.044,2.024,-6.42
543,Y,CG,-29.476,2.351,-6.08
543,Y,CD1,-30.491,2.196,-7.023
543,Y,CD2,-29.814,2.85,-4.821
543,Y,CE1,-31.81,2.531,-6.72
543,Y,CE2,-31.128,3.188,-4.509
543,Y,CZ,-32.12,3.026,-5.461
543,Y,OH,-33.417,3.363,-5.151
544,L,N,-25.208,3.417,-8.061
544,L,CA,-23.827,3.126,-8.405
544,L,C,-22.93,3.994,-7.522
544,L,O,-23.207,5.18,-7.33
544,L,CB,-23.579,3.439,-9.888
544,L,CG,-22.24,3.024,-10.504
544,L,CD1,-22.165,1.501,-10.591
544,L,CD2,-22.102,3.647,-11.893
545,K,N,-21.874,3.399,-6.973
545,K,CA,-20.936,4.124,-6.116
545,K,C,-19.644,4.453,-6.87
545,K,O,-19.492,4.073,-8.03
545,K,CB,-20.628,3.3,-4.868
545,K,CG,-21.86,3.032,-4.014
545,K,CD,-22.569,4.332,-3.702
545,K,CE,-23.855,4.104,-2.953
545,K,NZ,-24.531,5.401,-2.697
546,S,N,-18.718,5.148,-6.211
546,S,CA,-17.46,5.541,-6.85
546,S,C,-16.659,4.369,-7.413
546,S,O,-15.786,4.563,-8.261
546,S,CB,-16.592,6.372,-5.884
546,S,OG,-16.168,5.62,-4.762
547,D,N,-16.964,3.156,-6.955
547,D,CA,-16.295,1.944,-7.442
547,D,C,-16.721,1.627,-8.87
547,D,O,-16.012,0.933,-9.597
547,D,CB,-16.666,0.743,-6.578
547,D,CG,-16.423,0.991,-5.116
547,D,OD1,-15.338,0.613,-4.618
547,D,OD2,-17.32,1.578,-4.479
548,N,N,-17.894,2.12,-9.259
548,N,CA,-18.417,1.866,-10.596
548,N,C,-18.499,0.37,-10.846
548,N,O,-18.245,-0.096,-11.953
548,N,CB,-17.518,2.517,-11.646
548,N,CG,-17.602,4.025,-11.622
548,N,OD1,-16.66,4.718,-12.01
548,N,ND2,-18.743,4.545,-11.177
549,M,N,-18.863,-0.379,-9.812
549,M,CA,-18.963,-1.817,-9.937
549,M,C,-20.373,-2.36,-9.746
549,M,O,-21.167,-1.827,-8.966
549,M,CB,-18.01,-2.504,-8.948
549,M,CG,-16.536,-2.311,-9.277
549,M,SD,-15.463,-3.334,-8.256
549,M,CE,-15.622,-4.897,-9.092
550,I,N,-20.671,-3.426,-10.481
550,I,CA,-21.965,-4.091,-10.398
550,I,C,-21.737,-5.597,-10.309
550,I,O,-20.909,-6.152,-11.036
550,I,CB,-22.843,-3.811,-11.638
550,I,CG1,-23.016,-2.302,-11.834
550,I,CG2,-24.203,-4.474,-11.464
550,I,CD1,-23.981,-1.941,-12.941
551,R,N,-22.468,-6.247,-9.412
551,R,CA,-22.366,-7.692,-9.226
551,R,C,-23.473,-8.383,-10.015
551,R,O,-24.646,-8.221,-9.706
551,R,CB,-22.509,-8.049,-7.744
551,R,CG,-22.425,-9.541,-7.456
551,R,CD,-21.085,-9.876,-6.857
551,R,NE,-21.097,-9.796,-5.406
551,R,CZ,-20.013,-9.649,-4.651
551,R,NH1,-20.134,-9.605,-3.332
551,R,NH2,-18.816,-9.513,-5.207
552,I,N,-23.096,-9.145,-11.036
552,I,CA,-24.072,-9.859,-11.858
552,I,C,-24.112,-11.33,-11.432
552,I,O,-23.074,-11.986,-11.352
552,I,CB,-23.686,-9.816,-13.349
552,I,CG1,-23.286,-8.386,-13.756
552,I,CG2,-24.844,-10.329,-14.188
552,I,CD1,-24.358,-7.337,-13.498
553,T,N,-25.304,-11.85,-11.162
553,T,CA,-25.425,-13.244,-10.763
553,T,C,-26.544,-13.971,-11.51
553,T,O,-27.624,-13.42,-11.751
553,T,CB,-25.691,-13.377,-9.25
553,T,OG1,-24.702,-12.64,-8.515
553,T,CG2,-25.643,-14.842,-8.834
554,A,N,-26.273,-15.218,-11.873
554,A,CA,-27.251,-16.04,-12.567
554,A,C,-27.308,-17.424,-11.93
554,A,O,-26.365,-18.208,-12.048
554,A,CB,-26.891,-16.16,-14.046
555,V,N,-28.397,-17.717,-11.23
555,V,CA,-28.552,-19.034,-10.625
555,V,C,-29.442,-19.847,-11.569
555,V,O,-30.632,-19.57,-11.725
555,V,CB,-29.187,-18.951,-9.211
555,V,CG1,-29.576,-20.347,-8.726
555,V,CG2,-28.188,-18.334,-8.239
556,C,N,-28.836,-20.833,-12.221
556,C,CA,-29.541,-21.683,-13.17
556,C,C,-29.723,-23.061,-12.57
556,C,O,-28.918,-23.493,-11.741
556,C,CB,-28.723,-21.833,-14.448
556,C,SG,-27.909,-20.34,-14.987
557,K,N,-30.773,-23.754,-12.988
557,K,CA,-30.996,-25.101,-12.494
557,K,C,-31.855,-25.957,-13.41
557,K,O,-32.819,-25.494,-14.017
557,K,CB,-31.606,-25.08,-11.091
557,K,CG,-31.88,-26.481,-10.52
557,K,CD,-32.291,-26.446,-9.053
557,K,CE,-33.031,-27.722,-8.653
557,K,NZ,-32.309,-28.97,-9.027
558,V,N,-31.467,-27.22,-13.508
558,V,CA,-32.184,-28.195,-14.306
558,V,C,-32.766,-29.196,-13.315
558,V,O,-32.151,-29.496,-12.29
558,V,CB,-31.236,-28.909,-15.281
558,V,CG1,-31.92,-30.11,-15.889
558,V,CG2,-30.816,-27.95,-16.379
559,P,N,-33.967,-29.716,-13.598
559,P,CA,-34.574,-30.68,-12.677
559,P,C,-33.615,-31.813,-12.312
559,P,O,-32.879,-32.315,-13.166
559,P,CB,-35.785,-31.18,-13.458
559,P,CG,-36.157,-29.987,-14.307
559,P,CD,-34.818,-29.509,-14.787
560,D,N,-33.612,-32.198,-11.041
560,D,CA,-32.771,-33.293,-10.569
560,D,C,-31.263,-33.009,-10.616
560,D,O,-30.451,-33.927,-10.501
560,D,CB,-33.097,-34.558,-11.38
560,D,CG,-32.572,-35.832,-10.728
560,D,OD1,-32.844,-36.042,-9.522
560,D,OD2,-31.901,-36.628,-11.429
561,E,N,-30.88,-31.747,-10.783
561,E,CA,-29.462,-31.398,-10.812
561,E,C,-29.157,-30.188,-9.936
561,E,O,-29.977,-29.282,-9.806
561,E,CB,-28.996,-31.129,-12.247
561,E,CG,-28.789,-32.389,-13.078
561,E,CD,-28.154,-32.111,-14.435
561,E,OE1,-27.137,-31.384,-14.481
561,E,OE2,-28.664,-32.63,-15.453
562,S,N,-27.976,-30.183,-9.325
562,S,CA,-27.569,-29.072,-8.468
562,S,C,-27.594,-27.772,-9.262
562,S,O,-27.403,-27.769,-10.478
562,S,CB,-26.152,-29.296,-7.928
562,S,OG,-26.074,-30.453,-7.113
563,E,N,-27.834,-26.667,-8.57
563,E,CA,-27.86,-25.37,-9.221
563,E,C,-26.497,-25.069,-9.811
563,E,O,-25.49,-25.632,-9.388
563,E,CB,-28.215,-24.266,-8.219
563,E,CG,-29.645,-24.314,-7.721
563,E,CD,-29.833,-25.268,-6.562
563,E,OE1,-28.988,-26.172,-6.379
563,E,OE2,-30.836,-25.114,-5.839
564,V,N,-26.477,-24.189,-10.801
564,V,CA,-25.233,-23.76,-11.429
564,V,C,-25.213,-22.246,-11.238
564,V,O,-26.086,-21.535,-11.74
564,V,CB,-25.191,-24.117,-12.941
564,V,CG1,-23.994,-23.46,-13.603
564,V,CG2,-25.107,-25.628,-13.113
565,V,N,-24.232,-21.771,-10.477
565,V,CA,-24.101,-20.355,-10.18
565,V,C,-23.073,-19.688,-11.08
565,V,O,-21.919,-20.104,-11.138
565,V,CB,-23.702,-20.142,-8.701
565,V,CG1,-23.699,-18.661,-8.368
565,V,CG2,-24.669,-20.892,-7.788
566,V,N,-23.51,-18.658,-11.797
566,V,CA,-22.632,-17.923,-12.696
566,V,C,-22.432,-16.542,-12.084
566,V,O,-23.393,-15.828,-11.813
566,V,CB,-23.247,-17.812,-14.107
566,V,CG1,-22.248,-17.195,-15.068
566,V,CG2,-23.658,-19.194,-14.594
567,E,N,-21.176,-16.183,-11.857
567,E,CA,-20.839,-14.915,-11.229
567,E,C,-19.933,-14.029,-12.079
567,E,O,-19.095,-14.521,-12.831
567,E,CB,-20.134,-15.189,-9.904
567,E,CG,-20.843,-16.183,-9.0
567,E,CD,-19.931,-16.711,-7.906
567,E,OE1,-19.127,-17.623,-8.189
567,E,OE2,-20.008,-16.203,-6.771
568,R,N,-20.096,-12.719,-11.933
568,R,CA,-19.266,-11.761,-12.655
568,R,C,-19.418,-10.347,-12.1
568,R,O,-20.523,-9.806,-12.047
568,R,CB,-19.607,-11.772,-14.155
568,R,CG,-18.885,-10.708,-14.999
568,R,CD,-17.363,-10.788,-14.865
568,R,NE,-16.643,-9.838,-15.723
568,R,CZ,-16.316,-10.059,-16.997
568,R,NH1,-15.661,-9.136,-17.689
568,R,NH2,-16.634,-11.202,-17.584
569,D,N,-18.309,-9.771,-11.646
569,D,CA,-18.314,-8.396,-11.161
569,D,C,-17.783,-7.576,-12.323
569,D,O,-16.722,-7.881,-12.868
569,D,CB,-17.402,-8.214,-9.943
569,D,CG,-18.074,-8.619,-8.655
569,D,OD1,-19.274,-8.94,-8.707
569,D,OD2,-17.412,-8.612,-7.597
570,I,N,-18.526,-6.549,-12.717
570,I,CA,-18.103,-5.721,-13.831
570,I,C,-17.684,-4.341,-13.371
570,I,O,-18.066,-3.888,-12.29
570,I,CB,-19.224,-5.582,-14.878
570,I,CG1,-20.485,-5.004,-14.23
570,I,CG2,-19.518,-6.944,-15.498
570,I,CD1,-21.581,-4.683,-15.217
571,I,N,-16.89,-3.677,-14.201
571,I,CA,-16.402,-2.342,-13.893
571,I,C,-16.753,-1.376,-15.022
571,I,O,-16.431,-1.621,-16.184
571,I,CB,-14.859,-2.351,-13.694
571,I,CG1,-14.5,-3.131,-12.427
571,I,CG2,-14.326,-0.923,-13.615
571,I,CD1,-12.994,-3.379,-12.261
572,L,N,-17.44,-0.293,-14.684
572,L,CA,-17.786,0.709,-15.684
572,L,C,-16.71,1.802,-15.635
572,L,O,-16.398,2.324,-14.559
572,L,CB,-19.169,1.316,-15.392
572,L,CG,-20.444,0.561,-15.789
572,L,CD1,-20.476,-0.811,-15.149
572,L,CD2,-21.665,1.382,-15.373
573,D,N,-16.129,2.133,-16.787
573,D,CA,-15.102,3.177,-16.83
573,D,C,-15.723,4.554,-16.636
573,D,O,-16.871,4.781,-17.019
573,D,CB,-14.36,3.18,-18.174
573,D,CG,-13.539,1.924,-18.399
573,D,OD1,-12.8,1.522,-17.483
573,D,OD2,-13.623,1.343,-19.5
574,N,N,-14.969,5.466,-16.026
574,N,CA,-15.433,6.837,-15.847
574,N,C,-15.167,7.535,-17.172
574,N,O,-14.305,7.106,-17.931
574,N,CB,-14.62,7.577,-14.783
574,N,CG,-15.143,7.365,-13.385
574,N,OD1,-16.35,7.428,-13.146
574,N,ND2,-14.229,7.138,-12.439
575,P,N,-15.915,8.607,-17.48
575,P,CA,-15.63,9.28,-18.754
575,P,C,-14.177,9.746,-18.658
575,P,O,-13.678,9.972,-17.566
575,P,CB,-16.64,10.432,-18.78
575,P,CG,-16.995,10.638,-17.319
575,P,CD,-17.054,9.231,-16.789
576,T,N,-13.493,9.876,-19.782
576,T,CA,-12.092,10.264,-19.755
576,T,C,-11.802,11.633,-19.159
576,T,O,-12.585,12.567,-19.313
576,T,CB,-11.485,10.241,-21.167
576,T,OG1,-11.762,8.979,-21.788
576,T,CG2,-9.975,10.435,-21.096
577,L,N,-10.668,11.726,-18.47
577,L,CA,-10.18,12.966,-17.875
577,L,C,-8.728,13.035,-18.338
577,L,O,-7.979,12.075,-18.155
577,L,CB,-10.228,12.908,-16.352
577,L,CG,-9.724,14.174,-15.659
577,L,CD1,-10.701,15.322,-15.892
577,L,CD2,-9.571,13.905,-14.171
578,T,N,-8.329,14.154,-18.934
578,T,CA,-6.968,14.282,-19.45
578,T,C,-6.198,15.497,-18.938
578,T,O,-6.779,16.548,-18.66
578,T,CB,-6.974,14.362,-20.998
578,T,OG1,-7.893,13.401,-21.528
578,T,CG2,-5.588,14.079,-21.55
579,L,N,-4.881,15.335,-18.834
579,L,CA,-3.981,16.399,-18.399
579,L,C,-2.924,16.567,-19.484
579,L,O,-2.432,15.574,-20.016
579,L,CB,-3.292,16.023,-17.09
579,L,CG,-4.142,15.979,-15.825
579,L,CD1,-3.351,15.326,-14.698
579,L,CD2,-4.558,17.391,-15.452
580,E,N,-2.571,17.812,-19.804
580,E,CA,-1.567,18.089,-20.836
580,E,C,-0.708,19.305,-20.507
580,E,O,-1.24,20.38,-20.229
580,E,CB,-2.245,18.359,-22.183
580,E,CG,-3.357,17.4,-22.551
580,E,CD,-4.066,17.805,-23.838
580,E,OE1,-4.615,18.933,-23.896
580,E,OE2,-4.069,16.991,-24.789
581,V,N,0.613,19.148,-20.534
581,V,CA,1.484,20.289,-20.28
581,V,C,1.588,21.02,-21.613
581,V,O,1.783,20.394,-22.655
581,V,CB,2.898,19.865,-19.794
581,V,CG1,2.786,19.165,-18.466
581,V,CG2,3.573,18.962,-20.817
582,L,N,1.447,22.341,-21.581
582,L,CA,1.481,23.134,-22.803
582,L,C,2.835,23.717,-23.177
582,L,O,2.921,24.699,-23.917
582,L,CB,0.44,24.247,-22.711
582,L,CG,-0.965,23.703,-22.467
582,L,CD1,-1.966,24.852,-22.428
582,L,CD2,-1.316,22.71,-23.569
583,N,N,3.893,23.107,-22.666
583,N,CA,5.242,23.549,-22.967
583,N,C,6.265,22.623,-22.336
583,N,O,5.915,21.662,-21.652
583,N,CB,5.459,25.011,-22.518
583,N,CG,5.071,25.265,-21.057
583,N,OD1,3.936,25.013,-20.644
583,N,ND2,6.014,25.786,-20.277
584,E,N,7.532,22.899,-22.596
584,E,CA,8.618,22.098,-22.057
584,E,C,8.684,22.314,-20.544
584,E,O,8.363,23.401,-20.063
584,E,CB,9.919,22.546,-22.712
584,E,CG,11.042,21.554,-22.635
584,E,CD,12.244,22.023,-23.419
584,E,OE1,12.885,23.007,-22.987
584,E,OE2,12.533,21.413,-24.474
585,A,N,9.096,21.292,-19.796
585,A,CA,9.187,21.419,-18.339
585,A,C,10.621,21.582,-17.839
585,A,O,11.492,20.754,-18.116
585,A,CB,8.532,20.216,-17.655
586,R,N,10.855,22.654,-17.09
586,R,CA,12.177,22.928,-16.546
586,R,C,12.124,23.462,-15.12
586,R,O,11.255,24.256,-14.762
586,R,CB,12.926,23.914,-17.443
586,R,CG,13.22,23.374,-18.832
586,R,CD,14.143,24.306,-19.575
586,R,NE,15.371,24.526,-18.817
586,R,CZ,16.207,25.538,-19.025
586,R,NH1,15.948,26.433,-19.977
586,R,NH2,17.293,25.663,-18.271
587,V,N,13.075,23.013,-14.316
587,V,CA,13.169,23.405,-12.919
587,V,C,13.02,24.909,-12.691
587,V,O,13.585,25.721,-13.418
587,V,CB,14.511,22.932,-12.32
587,V,CG1,14.558,23.241,-10.839
587,V,CG2,14.685,21.437,-12.558
588,R,N,12.247,25.262,-11.671
588,R,CA,12.006,26.651,-11.303
588,R,C,11.389,27.544,-12.38
588,R,O,11.376,28.766,-12.243
588,R,CB,13.3,27.274,-10.768
588,R,CG,13.539,26.946,-9.295
588,R,CD,14.889,27.439,-8.768
588,R,NE,15.96,26.472,-9.005
588,R,CZ,16.641,26.358,-10.142
588,R,NH1,16.375,27.16,-11.168
588,R,NH2,17.581,25.426,-10.26
589,K,N,10.872,26.939,-13.445
589,K,CA,10.226,27.707,-14.504
589,K,C,8.756,27.305,-14.615
589,K,O,8.431,26.134,-14.802
589,K,CB,10.932,27.49,-15.848
589,K,CG,12.375,27.985,-15.872
589,K,CD,12.472,29.451,-15.447
589,K,CE,13.915,29.868,-15.137
589,K,NZ,14.807,29.788,-16.336
590,P,N,7.845,28.277,-14.49
590,P,CA,6.411,28.002,-14.58
590,P,C,6.049,27.318,-15.888
590,P,O,6.641,27.589,-16.93
590,P,CB,5.787,29.388,-14.474
590,P,CG,6.754,30.115,-13.598
590,P,CD,8.08,29.699,-14.192
591,V,N,5.08,26.42,-15.826
591,V,CA,4.626,25.718,-17.013
591,V,C,3.109,25.591,-16.924
591,V,O,2.572,25.138,-15.912
591,V,CB,5.292,24.327,-17.12
591,V,CG1,5.168,23.596,-15.82
591,V,CG2,4.654,23.527,-18.234
592,N,N,2.415,26.016,-17.976
592,N,CA,0.958,25.955,-17.979
592,N,C,0.493,24.531,-18.226
592,N,O,1.1,23.795,-19.008
592,N,CB,0.375,26.882,-19.059
592,N,CG,-1.141,27.082,-18.912
592,N,OD1,-1.886,27.006,-19.892
592,N,ND2,-1.594,27.354,-17.688
593,V,N,-0.577,24.143,-17.542
593,V,CA,-1.141,22.814,-17.703
593,V,C,-2.606,22.951,-18.109
593,V,O,-3.24,23.989,-17.886
593,V,CB,-1.027,21.981,-16.413
593,V,CG1,-1.593,20.59,-16.64
593,V,CG2,0.429,21.89,-15.99
594,Q,N,-3.14,21.884,-18.687
594,Q,CA,-4.498,21.885,-19.196
594,Q,C,-5.298,20.648,-18.786
594,Q,O,-4.854,19.517,-18.987
594,Q,CB,-4.388,21.997,-20.72
594,Q,CG,-5.651,21.981,-21.526
594,Q,CD,-5.423,22.603,-22.901
594,Q,OE1,-5.541,23.819,-23.065
594,Q,NE2,-5.07,21.775,-23.886
595,M,N,-6.469,20.878,-18.195
595,M,CA,-7.361,19.795,-17.788
595,M,C,-8.513,19.73,-18.78
595,M,O,-9.216,20.722,-18.998
595,M,CB,-7.941,20.035,-16.392
595,M,CG,-8.911,18.94,-15.95
595,M,SD,-10.478,19.553,-15.268
595,M,CE,-11.516,19.452,-16.683
596,L,N,-8.711,18.561,-19.374
596,L,CA,-9.783,18.384,-20.34
596,L,C,-10.798,17.356,-19.854
596,L,O,-10.425,16.291,-19.357
596,L,CB,-9.208,17.924,-21.682
596,L,CG,-8.101,18.798,-22.278
596,L,CD1,-7.526,18.134,-23.52
596,L,CD2,-8.66,20.176,-22.595
597,F,N,-12.078,17.692,-19.984
597,F,CA,-13.157,16.783,-19.613
597,F,C,-14.443,17.112,-20.362
597,F,O,-14.846,18.273,-20.441
597,F,CB,-13.46,16.832,-18.121
597,F,CG,-14.644,15.986,-17.727
597,F,CD1,-14.503,14.619,-17.518
597,F,CD2,-15.911,16.553,-17.597
597,F,CE1,-15.607,13.828,-17.182
597,F,CE2,-17.017,15.771,-17.264
597,F,CZ,-16.864,14.407,-17.056
598,S,N,-15.082,16.081,-20.905
598,S,CA,-16.341,16.244,-21.622
598,S,C,-17.447,15.498,-20.884
598,S,O,-17.276,14.344,-20.492
598,S,CB,-16.219,15.709,-23.054
598,S,OG,-15.426,16.566,-23.863
599,N,N,-18.579,16.165,-20.687
599,N,CA,-19.709,15.555,-20.001
599,N,C,-20.511,14.733,-21.002
599,N,O,-21.103,15.276,-21.932
599,N,CB,-20.578,16.64,-19.374
599,N,CG,-21.818,16.081,-18.703
599,N,OD1,-21.901,14.887,-18.41
599,N,ND2,-22.784,16.951,-18.442
600,P,N,-20.55,13.406,-20.819
600,P,CA,-21.287,12.531,-21.732
600,P,C,-22.787,12.439,-21.446
600,P,O,-23.557,11.974,-22.291
600,P,CB,-20.593,11.195,-21.533
600,P,CG,-20.392,11.188,-20.046
600,P,CD,-19.916,12.619,-19.743
601,L,N,-23.196,12.886,-20.264
601,L,CA,-24.597,12.813,-19.867
601,L,C,-25.529,13.781,-20.591
601,L,O,-25.089,14.749,-21.213
601,L,CB,-24.719,13.032,-18.356
601,L,CG,-23.843,12.159,-17.454
601,L,CD1,-24.115,12.502,-16.001
601,L,CD2,-24.133,10.692,-17.713
602,D,N,-26.826,13.499,-20.504
602,D,CA,-27.844,14.344,-21.118
602,D,C,-28.26,15.425,-20.126
602,D,O,-29.124,16.254,-20.416
602,D,CB,-29.077,13.527,-21.512
602,D,CG,-28.789,12.525,-22.608
602,D,OD1,-27.998,12.841,-23.529
602,D,OD2,-29.376,11.422,-22.554
603,E,N,-27.645,15.397,-18.949
603,E,CA,-27.929,16.376,-17.912
603,E,C,-26.626,17.058,-17.509
603,E,O,-25.539,16.501,-17.682
603,E,CB,-28.556,15.694,-16.694
603,E,CG,-27.673,14.648,-16.049
603,E,CD,-28.344,13.975,-14.864
603,E,OE1,-28.858,14.705,-13.986
603,E,OE2,-28.352,12.723,-14.806
604,P,N,-26.717,18.282,-16.974
604,P,CA,-25.515,19.007,-16.559
604,P,C,-24.845,18.346,-15.369
604,P,O,-25.451,17.539,-14.668
604,P,CB,-26.052,20.393,-16.221
604,P,CG,-27.431,20.091,-15.714
604,P,CD,-27.928,19.079,-16.714
605,V,N,-23.585,18.694,-15.153
605,V,CA,-22.816,18.163,-14.044
605,V,C,-22.381,19.34,-13.156
605,V,O,-21.711,20.262,-13.621
605,V,CB,-21.61,17.359,-14.589
605,V,CG1,-20.382,17.616,-13.767
605,V,CG2,-21.953,15.871,-14.592
606,R,N,-22.78,19.302,-11.884
606,R,CA,-22.481,20.377,-10.931
606,R,C,-21.458,20.031,-9.855
606,R,O,-20.924,18.923,-9.816
606,R,CB,-23.763,20.817,-10.224
606,R,CG,-24.978,20.907,-11.119
606,R,CD,-26.195,21.372,-10.329
606,R,NE,-27.429,21.246,-11.104
606,R,CZ,-27.681,21.885,-12.245
606,R,NH1,-26.786,22.716,-12.768
606,R,NH2,-28.833,21.681,-12.875
607,D,N,-21.219,21.0,-8.971
607,D,CA,-20.284,20.854,-7.861
607,D,C,-18.978,20.248,-8.335
607,D,O,-18.459,19.311,-7.732
607,D,CB,-20.898,19.967,-6.784
607,D,CG,-22.304,20.389,-6.421
607,D,OD1,-22.5,21.581,-6.107
607,D,OD2,-23.213,19.526,-6.447
608,C,N,-18.446,20.797,-9.419
608,C,CA,-17.216,20.292,-9.994
608,C,C,-15.974,20.837,-9.305
608,C,O,-15.753,22.048,-9.24
608,C,CB,-17.192,20.61,-11.488
608,C,SG,-18.71,20.06,-12.32
609,V,N,-15.168,19.919,-8.782
609,V,CA,-13.941,20.275,-8.091
609,V,C,-12.772,19.513,-8.685
609,V,O,-12.833,18.292,-8.84
609,V,CB,-14.008,19.919,-6.587
609,V,CG1,-12.702,20.315,-5.904
609,V,CG2,-15.207,20.602,-5.934
610,L,N,-11.711,20.244,-9.009
610,L,CA,-10.496,19.659,-9.56
610,L,C,-9.412,19.751,-8.482
610,L,O,-9.216,20.806,-7.879
610,L,CB,-10.038,20.445,-10.793
610,L,CG,-9.084,19.812,-11.826
610,L,CD1,-8.074,20.867,-12.267
610,L,CD2,-8.364,18.606,-11.268
611,M,N,-8.725,18.644,-8.23
611,M,CA,-7.647,18.621,-7.249
611,M,C,-6.409,18.052,-7.935
611,M,O,-6.464,16.981,-8.549
611,M,CB,-8.047,17.782,-6.029
611,M,CG,-9.095,18.471,-5.158
611,M,SD,-9.663,17.487,-3.774
611,M,CE,-8.586,18.059,-2.47
612,V,N,-5.304,18.787,-7.843
612,V,CA,-4.056,18.391,-8.48
612,V,C,-2.855,18.435,-7.538
612,V,O,-2.758,19.305,-6.687
612,V,CB,-3.751,19.31,-9.677
612,V,CG1,-2.577,18.758,-10.475
612,V,CG2,-4.985,19.448,-10.557
613,E,N,-1.939,17.491,-7.698
613,E,CA,-0.74,17.451,-6.869
613,E,C,0.315,16.605,-7.551
613,E,O,0.028,15.896,-8.518
613,E,CB,-1.042,16.866,-5.483
613,E,CG,-1.51,15.418,-5.495
613,E,CD,-1.768,14.866,-4.097
613,E,OE1,-0.794,14.484,-3.408
613,E,OE2,-2.949,14.827,-3.683
614,G,N,1.534,16.677,-7.032
614,G,CA,2.635,15.917,-7.591
614,G,C,3.934,16.432,-7.012
614,G,O,4.277,17.6,-7.21
615,S,N,4.652,15.57,-6.294
615,S,CA,5.917,15.954,-5.669
615,S,C,6.955,16.388,-6.687
615,S,O,7.223,15.678,-7.656
615,S,CB,6.468,14.798,-4.831
615,S,OG,5.634,14.55,-3.716
616,G,N,7.541,17.558,-6.452
616,G,CA,8.539,18.091,-7.361
616,G,C,7.913,18.944,-8.453
616,G,O,8.608,19.634,-9.21
617,L,N,6.591,18.908,-8.542
617,L,CA,5.898,19.684,-9.562
617,L,C,5.06,20.779,-8.945
617,L,O,4.94,21.87,-9.498
617,L,CB,4.989,18.775,-10.395
617,L,CG,5.655,17.691,-11.242
617,L,CD1,4.611,16.708,-11.743
617,L,CD2,6.392,18.34,-12.399
618,L,N,4.493,20.486,-7.784
618,L,CA,3.62,21.426,-7.113
618,L,C,3.777,21.292,-5.602
618,L,O,4.014,20.196,-5.102
618,L,CB,2.182,21.093,-7.515
618,L,CG,1.093,22.149,-7.657
618,L,CD1,1.491,23.211,-8.678
618,L,CD2,-0.174,21.445,-8.104
619,L,N,3.666,22.4,-4.875
619,L,CA,3.747,22.335,-3.419
619,L,C,2.331,22.116,-2.896
619,L,O,1.473,22.991,-3.016
619,L,CB,4.313,23.632,-2.816
619,L,CG,5.82,23.921,-2.87
619,L,CD1,6.617,22.68,-2.475
619,L,CD2,6.2,24.351,-4.245
620,G,N,2.078,20.941,-2.336
620,G,CA,0.759,20.661,-1.803
620,G,C,-0.297,20.306,-2.835
620,G,O,0.017,19.871,-3.946
621,N,N,-1.555,20.503,-2.452
621,N,CA,-2.707,20.199,-3.293
621,N,C,-3.359,21.454,-3.864
621,N,O,-3.66,22.391,-3.135
621,N,CB,-3.751,19.431,-2.476
621,N,CG,-4.866,18.86,-3.335
621,N,OD1,-5.921,18.49,-2.829
621,N,ND2,-4.629,18.769,-4.635
622,L,N,-3.592,21.455,-5.17
622,L,CA,-4.223,22.585,-5.84
622,L,C,-5.709,22.264,-6.011
622,L,O,-6.062,21.299,-6.671
622,L,CB,-3.584,22.795,-7.215
622,L,CG,-3.576,24.188,-7.848
622,L,CD1,-3.346,24.034,-9.352
622,L,CD2,-4.888,24.909,-7.591
623,K,N,-6.58,23.06,-5.403
623,K,CA,-8.015,22.831,-5.526
623,K,C,-8.625,23.897,-6.418
623,K,O,-8.489,25.09,-6.153
623,K,CB,-8.697,22.875,-4.16
623,K,CG,-10.217,22.92,-4.266
623,K,CD,-10.888,22.897,-2.905
623,K,CE,-12.4,22.907,-3.053
623,K,NZ,-13.09,22.721,-1.75
624,I,N,-9.305,23.464,-7.47
624,I,CA,-9.921,24.394,-8.404
624,I,C,-11.406,24.116,-8.583
624,I,O,-11.804,23.02,-8.98
624,I,CB,-9.235,24.315,-9.779
624,I,CG1,-7.77,24.725,-9.647
624,I,CG2,-9.956,25.204,-10.78
624,I,CD1,-6.973,24.54,-10.926
625,D,N,-12.231,25.106,-8.266
625,D,CA,-13.668,24.946,-8.434
625,D,C,-13.95,25.14,-9.915
625,D,O,-13.443,26.075,-10.536
625,D,CB,-14.437,25.976,-7.597
625,D,CG,-14.374,25.683,-6.107
625,D,OD1,-14.073,26.613,-5.329
625,D,OD2,-14.632,24.527,-5.709
626,V,N,-14.737,24.235,-10.483
626,V,CA,-15.078,24.301,-11.893
626,V,C,-16.582,24.483,-12.02
626,V,O,-17.361,23.747,-11.414
626,V,CB,-14.644,23.021,-12.607
626,V,CG1,-15.013,23.087,-14.067
626,V,CG2,-13.14,22.831,-12.435
627,P,N,-17.009,25.472,-12.815
627,P,CA,-18.428,25.771,-13.027
627,P,C,-19.238,24.622,-13.612
627,P,O,-18.686,23.702,-14.221
627,P,CB,-18.386,26.974,-13.959
627,P,CG,-17.165,26.697,-14.779
627,P,CD,-16.17,26.268,-13.729
628,T,N,-20.552,24.69,-13.42
628,T,CA,-21.456,23.676,-13.935
628,T,C,-21.184,23.454,-15.417
628,T,O,-21.036,24.403,-16.186
628,T,CB,-22.931,24.097,-13.745
628,T,OG1,-23.254,24.08,-12.348
628,T,CG2,-23.862,23.148,-14.486
629,L,N,-21.116,22.187,-15.804
629,L,CA,-20.855,21.815,-17.183
629,L,C,-22.108,21.174,-17.769
629,L,O,-22.567,20.136,-17.298
629,L,CB,-19.686,20.835,-17.23
629,L,CG,-19.101,20.488,-18.595
629,L,CD1,-18.52,21.744,-19.245
629,L,CD2,-18.021,19.429,-18.411
630,G,N,-22.661,21.806,-18.795
630,G,CA,-23.864,21.29,-19.419
630,G,C,-23.684,19.991,-20.183
630,G,O,-22.562,19.536,-20.397
631,P,N,-24.789,19.368,-20.609
631,P,CA,-24.769,18.109,-21.36
631,P,C,-23.897,18.206,-22.609
631,P,O,-24.002,19.169,-23.373
631,P,CB,-26.239,17.899,-21.722
631,P,CG,-26.968,18.583,-20.614
631,P,CD,-26.171,19.843,-20.42
632,K,N,-23.035,17.214,-22.807
632,K,CA,-22.161,17.169,-23.976
632,K,C,-21.13,18.291,-24.0
632,K,O,-20.365,18.404,-24.955
632,K,CB,-22.982,17.256,-25.265
632,K,CG,-24.2,16.347,-25.33
632,K,CD,-23.831,14.882,-25.368
632,K,CE,-25.07,14.031,-25.597
632,K,NZ,-26.087,14.247,-24.528
633,E,N,-21.115,19.125,-22.965
633,E,CA,-20.171,20.232,-22.914
633,E,C,-18.786,19.82,-22.443
633,E,O,-18.609,18.801,-21.776
633,E,CB,-20.709,21.349,-22.024
633,E,CG,-21.613,22.331,-22.753
633,E,CD,-22.248,23.342,-21.813
633,E,OE1,-21.526,23.897,-20.942
633,E,OE2,-23.47,23.581,-21.953
634,R,N,-17.803,20.629,-22.805
634,R,CA,-16.423,20.371,-22.446
634,R,C,-15.934,21.411,-21.463
634,R,O,-16.282,22.585,-21.554
634,R,CB,-15.557,20.382,-23.705
634,R,CG,-14.074,20.527,-23.469
634,R,CD,-13.311,20.212,-24.746
634,R,NE,-12.012,20.876,-24.798
634,R,CZ,-10.945,20.383,-25.419
634,R,NH1,-11.02,19.208,-26.042
634,R,NH2,-9.805,21.068,-25.422
635,S,N,-15.128,20.97,-20.511
635,S,CA,-14.59,21.872,-19.513
635,S,C,-13.108,22.022,-19.752
635,S,O,-12.364,21.045,-19.675
635,S,CB,-14.825,21.323,-18.102
635,S,OG,-14.247,22.167,-17.116
636,R,N,-12.685,23.244,-20.058
636,R,CA,-11.274,23.513,-20.277
636,R,C,-10.766,24.346,-19.105
636,R,O,-11.142,25.506,-18.932
636,R,CB,-11.049,24.259,-21.595
636,R,CG,-9.603,24.184,-22.099
636,R,CD,-9.415,24.972,-23.39
636,R,NE,-9.337,26.413,-23.158
636,R,CZ,-8.2,27.087,-22.996
636,R,NH1,-7.031,26.455,-23.045
636,R,NH2,-8.232,28.396,-22.78
637,V,N,-9.921,23.729,-18.293
637,V,CA,-9.351,24.384,-17.129
637,V,C,-7.844,24.494,-17.309
637,V,O,-7.197,23.555,-17.775
637,V,CB,-9.66,23.575,-15.845
637,V,CG1,-8.861,24.12,-14.666
637,V,CG2,-11.149,23.643,-15.543
638,R,N,-7.29,25.65,-16.962
638,R,CA,-5.854,25.861,-17.074
638,R,C,-5.288,26.257,-15.726
638,R,O,-5.974,26.88,-14.918
638,R,CB,-5.532,26.946,-18.102
638,R,CG,-5.489,26.45,-19.54
638,R,CD,-4.845,27.488,-20.438
638,R,NE,-5.61,28.731,-20.453
638,R,CZ,-5.086,29.928,-20.697
638,R,NH1,-3.786,30.047,-20.945
638,R,NH2,-5.862,31.006,-20.694
639,F,N,-4.039,25.877,-15.487
639,F,CA,-3.368,26.188,-14.234
639,F,C,-1.873,25.955,-14.395
639,F,O,-1.443,25.146,-15.214
639,F,CB,-3.919,25.307,-13.107
639,F,CG,-3.656,23.846,-13.301
639,F,CD1,-2.434,23.29,-12.933
639,F,CD2,-4.621,23.026,-13.879
639,F,CE1,-2.174,21.935,-13.135
639,F,CE2,-4.375,21.671,-14.087
639,F,CZ,-3.147,21.122,-13.714
640,D,N,-1.082,26.668,-13.609
640,D,CA,0.361,26.534,-13.678
640,D,C,0.927,25.666,-12.562
640,D,O,0.373,25.597,-11.467
640,D,CB,1.023,27.915,-13.622
640,D,CG,0.838,28.717,-14.902
640,D,OD1,1.296,29.876,-14.921
640,D,OD2,0.252,28.203,-15.885
641,I,N,2.026,24.987,-12.869
641,I,CA,2.736,24.156,-11.907
641,I,C,4.175,24.675,-11.967
641,I,O,4.587,25.245,-12.976
641,I,CB,2.678,22.651,-12.278
641,I,CG1,3.32,22.407,-13.64
641,I,CG2,1.237,22.181,-12.276
641,I,CD1,3.529,20.949,-13.964
642,L,N,4.931,24.499,-10.89
642,L,CA,6.304,24.996,-10.843
642,L,C,7.32,23.923,-10.457
642,L,O,7.623,23.739,-9.276
642,L,CB,6.391,26.158,-9.853
642,L,CG,7.756,26.839,-9.713
642,L,CD1,8.141,27.491,-11.036
642,L,CD2,7.704,27.873,-8.597
643,P,N,7.866,23.207,-11.454
643,P,CA,8.856,22.145,-11.235
643,P,C,9.967,22.589,-10.282
643,P,O,10.556,23.653,-10.47
643,P,CB,9.374,21.872,-12.643
643,P,CG,8.151,22.096,-13.484
643,P,CD,7.584,23.372,-12.893
644,S,N,10.248,21.769,-9.268
644,S,CA,11.277,22.091,-8.279
644,S,C,12.392,21.054,-8.206
644,S,O,13.412,21.274,-7.555
644,S,CB,10.64,22.243,-6.899
644,S,OG,9.966,21.053,-6.517
645,R,N,12.19,19.925,-8.873
645,R,CA,13.171,18.846,-8.891
645,R,C,13.171,18.166,-10.259
645,R,O,12.135,17.7,-10.735
645,R,CB,12.847,17.84,-7.779
645,R,CG,13.513,16.472,-7.902
645,R,CD,13.303,15.651,-6.631
645,R,NE,14.27,16.035,-5.608
645,R,CZ,13.98,16.303,-4.339
645,R,NH1,12.731,16.235,-3.896
645,R,NH2,14.951,16.651,-3.511
646,S,N,14.339,18.124,-10.891
646,S,CA,14.479,17.518,-12.211
646,S,C,14.301,16.009,-12.158
646,S,O,14.48,15.388,-11.108
646,S,CB,15.849,17.852,-12.803
646,S,OG,16.885,17.374,-11.967
647,G,N,13.954,15.428,-13.3
647,G,CA,13.746,13.993,-13.38
647,G,C,12.36,13.657,-13.902
647,G,O,11.619,14.542,-14.337
648,T,N,12.007,12.376,-13.877
648,T,CA,10.689,11.953,-14.331
648,T,C,9.72,12.146,-13.167
648,T,O,9.844,11.495,-12.126
648,T,CB,10.685,10.469,-14.758
648,T,OG1,9.353,10.078,-15.117
648,T,CG2,11.178,9.578,-13.614
649,K,N,8.766,13.056,-13.338
649,K,CA,7.798,13.344,-12.29
649,K,C,6.391,12.874,-12.654
649,K,O,6.118,12.508,-13.802
649,K,CB,7.81,14.839,-11.974
649,K,CG,9.225,15.426,-11.884
649,K,CD,10.113,14.7,-10.858
649,K,CE,9.784,15.097,-9.427
649,K,NZ,10.671,14.405,-8.439
650,Q,N,5.499,12.899,-11.667
650,Q,CA,4.139,12.427,-11.855
650,Q,C,3.087,13.413,-11.364
650,Q,O,3.02,13.725,-10.169
650,Q,CB,3.976,11.099,-11.112
650,Q,CG,2.624,10.436,-11.252
650,Q,CD,2.481,9.239,-10.335
650,Q,OE1,2.355,9.384,-9.117
650,Q,NE2,2.514,8.049,-10.912
651,L,N,2.264,13.892,-12.292
651,L,CA,1.196,14.823,-11.968
651,L,C,-0.102,14.034,-11.853
651,L,O,-0.439,13.246,-12.734
651,L,CB,1.051,15.892,-13.056
651,L,CG,0.013,16.966,-12.706
651,L,CD1,0.488,17.736,-11.469
651,L,CD2,-0.185,17.912,-13.87
652,L,N,-0.825,14.244,-10.761
652,L,CA,-2.077,13.536,-10.532
652,L,C,-3.209,14.515,-10.352
652,L,O,-3.005,15.645,-9.91
652,L,CB,-1.975,12.653,-9.284
652,L,CG,-0.884,11.587,-9.313
652,L,CD1,-0.877,10.822,-7.994
652,L,CD2,-1.129,10.647,-10.487
653,A,N,-4.409,14.073,-10.697
653,A,CA,-5.582,14.914,-10.564
653,A,C,-6.82,14.093,-10.234
653,A,O,-6.916,12.904,-10.574
653,A,CB,-5.809,15.692,-11.843
654,D,N,-7.75,14.741,-9.542
654,D,CA,-9.018,14.134,-9.19
654,D,C,-10.092,15.103,-9.647
654,D,O,-10.031,16.292,-9.349
654,D,CB,-9.16,13.942,-7.679
654,D,CG,-10.478,13.278,-7.306
654,D,OD1,-10.566,12.038,-7.404
654,D,OD2,-11.438,13.995,-6.938
655,F,N,-11.064,14.61,-10.397
655,F,CA,-12.149,15.473,-10.826
655,F,C,-13.414,14.882,-10.23
655,F,O,-13.815,13.778,-10.595
655,F,CB,-12.27,15.521,-12.351
655,F,CG,-13.319,16.484,-12.835
655,F,CD1,-13.103,17.858,-12.772
655,F,CD2,-14.547,16.023,-13.304
655,F,CE1,-14.093,18.761,-13.165
655,F,CE2,-15.551,16.921,-13.702
655,F,CZ,-15.32,18.291,-13.631
656,S,N,-14.025,15.611,-9.301
656,S,CA,-15.248,15.156,-8.651
656,S,C,-16.412,16.111,-8.903
656,S,O,-16.276,17.323,-8.76
656,S,CB,-15.033,15.014,-7.137
656,S,OG,-14.108,13.985,-6.824
657,C,N,-17.551,15.558,-9.295
657,C,CA,-18.745,16.352,-9.532
657,C,C,-19.932,15.521,-9.048
657,C,O,-19.776,14.332,-8.76
657,C,CB,-18.879,16.697,-11.011
657,C,SG,-19.116,15.283,-12.085
658,N,N,-21.11,16.135,-8.958
658,N,CA,-22.287,15.432,-8.455
658,N,C,-22.581,14.101,-9.148
658,N,O,-22.923,13.119,-8.492
658,N,CB,-23.524,16.342,-8.528
658,N,CG,-24.086,16.463,-9.929
658,N,OD1,-23.348,16.625,-10.899
658,N,ND2,-25.407,16.4,-10.039
659,K,N,-22.437,14.058,-10.467
659,K,CA,-22.718,12.827,-11.19
659,K,C,-21.515,11.899,-11.389
659,K,O,-21.682,10.74,-11.77
659,K,CB,-23.355,13.161,-12.54
659,K,CG,-24.767,12.619,-12.695
659,K,CD,-25.721,13.243,-11.703
659,K,CE,-27.079,12.534,-11.698
659,K,NZ,-27.04,11.189,-11.039
660,F,N,-20.309,12.395,-11.121
660,F,CA,-19.102,11.587,-11.289
660,F,C,-18.063,11.781,-10.182
660,F,O,-17.197,12.654,-10.28
660,F,CB,-18.421,11.897,-12.625
660,F,CG,-19.228,11.524,-13.836
660,F,CD1,-19.832,12.51,-14.613
660,F,CD2,-19.341,10.198,-14.23
660,F,CE1,-20.532,12.18,-15.768
660,F,CE2,-20.039,9.856,-15.386
660,F,CZ,-20.636,10.85,-16.157
661,P,N,-18.131,10.973,-9.114
661,P,CA,-17.133,11.151,-8.06
661,P,C,-15.819,10.457,-8.422
661,P,O,-15.809,9.429,-9.104
661,P,CB,-17.804,10.511,-6.847
661,P,CG,-18.544,9.367,-7.469
661,P,CD,-19.168,10.008,-8.698
662,A,N,-14.716,11.052,-7.985
662,A,CA,-13.377,10.502,-8.181
662,A,C,-12.91,10.088,-9.575
662,A,O,-12.43,8.97,-9.759
662,A,CB,-13.17,9.335,-7.218
663,I,N,-13.042,10.965,-10.562
663,I,CA,-12.528,10.623,-11.878
663,I,C,-11.025,10.901,-11.743
663,I,O,-10.618,11.966,-11.266
663,I,CB,-13.125,11.505,-12.99
663,I,CG1,-14.649,11.334,-13.037
663,I,CG2,-12.511,11.117,-14.335
663,I,CD1,-15.322,12.09,-14.172
664,K,N,-10.197,9.948,-12.143
664,K,CA,-8.762,10.132,-11.998
664,K,C,-8.022,10.458,-13.296
664,K,O,-8.462,10.109,-14.391
664,K,CB,-8.147,8.884,-11.354
664,K,CG,-8.992,8.26,-10.257
664,K,CD,-9.313,9.243,-9.124
664,K,CE,-8.077,9.655,-8.34
664,K,NZ,-8.467,10.491,-7.16
665,A,N,-6.89,11.135,-13.152
665,A,CA,-6.048,11.502,-14.285
665,A,C,-4.607,11.464,-13.795
665,A,O,-4.308,11.857,-12.667
665,A,CB,-6.402,12.899,-14.802
666,M,N,-3.722,10.983,-14.655
666,M,CA,-2.309,10.854,-14.333
666,M,C,-1.489,11.291,-15.544
666,M,O,-1.881,11.029,-16.68
666,M,CB,-2.023,9.39,-14.016
666,M,CG,-0.606,9.065,-13.653
666,M,SD,-0.315,7.307,-13.9
666,M,CE,-1.739,6.591,-13.1
667,L,N,-0.365,11.961,-15.303
667,L,CA,0.506,12.405,-16.388
667,L,C,1.973,12.402,-15.971
667,L,O,2.362,13.027,-14.973
667,L,CB,0.123,13.81,-16.858
667,L,CG,1.014,14.431,-17.942
667,L,CD1,0.924,13.617,-19.235
667,L,CD2,0.566,15.861,-18.205
668,S,N,2.784,11.683,-16.735
668,S,CA,4.206,11.606,-16.467
668,S,C,4.85,12.812,-17.132
668,S,O,4.549,13.129,-18.283
668,S,CB,4.786,10.32,-17.049
668,S,OG,6.166,10.221,-16.761
669,I,N,5.726,13.491,-16.401
669,I,CA,6.402,14.67,-16.928
669,I,C,7.892,14.599,-16.651
669,I,O,8.306,14.273,-15.537
669,I,CB,5.853,15.958,-16.279
669,I,CG1,4.352,16.087,-16.57
669,I,CG2,6.616,17.169,-16.791
669,I,CD1,3.679,17.234,-15.84
670,D,N,8.703,14.893,-17.664
670,D,CA,10.15,14.888,-17.475
670,D,C,10.609,16.315,-17.273
670,D,O,10.503,17.146,-18.17
670,D,CB,10.863,14.279,-18.681
670,D,CG,10.481,12.84,-18.898
670,D,OD1,10.432,12.089,-17.896
670,D,OD2,10.231,12.462,-20.065
671,V,N,11.097,16.599,-16.076
671,V,CA,11.566,17.934,-15.756
671,V,C,13.056,17.998,-15.999
671,V,O,13.811,17.17,-15.491
671,V,CB,11.276,18.295,-14.281
671,V,CG1,11.738,19.72,-13.996
671,V,CG2,9.78,18.148,-13.995
672,A,N,13.47,18.978,-16.796
672,A,CA,14.878,19.166,-17.114
672,A,C,15.456,20.214,-16.178
672,A,O,14.724,21.017,-15.595
672,A,CB,15.046,19.61,-18.577
673,E,N,16.776,20.201,-16.042
673,E,CA,17.462,21.138,-15.17
673,E,C,17.449,22.546,-15.776
673,E,O,17.096,22.679,-16.971
673,E,CB,18.9,20.661,-14.946
673,E,CG,19.536,21.165,-13.661
673,E,CD,18.837,20.647,-12.416
673,E,OE1,18.738,19.409,-12.259
673,E,OE2,18.389,21.477,-11.593
673,E,OXT,17.791,23.5,-15.041
