resid_num,wildtype,atom,x,y,z
1,P,N,-50.251,23.211,-12.659
1,P,CA,-50.518,21.778,-12.578
1,P,C,-49.256,21.001,-12.171
1,P,O,-48.13,21.442,-12.484
1,P,CB,-50.979,21.403,-13.995
1,P,CG,-50.336,22.446,-14.887
1,P,CD,-50.249,23.702,-14.045
2,E,N,-49.452,19.897,-11.452
2,E,CA,-48.327,19.039,-11.02
2,E,C,-47.935,18.168,-12.193
2,E,O,-48.782,17.712,-12.945
2,E,CB,-48.693,18.18,-9.815
2,E,CG,-48.822,18.959,-8.51
2,E,CD,-47.728,19.959,-8.177
2,E,OE1,-46.553,19.576,-8.141
2,E,OE2,-48.028,21.159,-8.076
3,P,N,-46.629,17.984,-12.458
3,P,CA,-46.199,17.203,-13.602
3,P,C,-46.48,15.719,-13.4
3,P,O,-46.496,15.25,-12.265
3,P,CB,-44.671,17.354,-13.722
3,P,CG,-44.272,18.17,-12.542
3,P,CD,-45.509,18.6,-11.765
4,D,N,-46.707,15.03,-14.522
4,D,CA,-46.881,13.557,-14.619
4,D,C,-45.557,12.944,-15.073
4,D,O,-45.351,11.739,-14.868
4,D,CB,-48.005,13.196,-15.589
4,D,CG,-49.364,13.685,-15.127
4,D,OD1,-49.669,13.503,-13.931
4,D,OD2,-50.096,14.256,-15.962
5,M,N,-44.705,13.761,-15.685
5,M,CA,-43.394,13.331,-16.224
5,M,C,-42.395,14.476,-16.061
5,M,O,-42.803,15.643,-16.215
5,M,CB,-43.505,12.963,-17.704
5,M,CG,-44.464,11.83,-17.973
5,M,SD,-44.254,11.208,-19.648
5,M,CE,-42.547,11.661,-19.94
6,I,N,-41.145,14.13,-15.759
6,I,CA,-40.02,15.09,-15.68
6,I,C,-38.898,14.521,-16.52
6,I,O,-38.953,13.342,-16.911
6,I,CB,-39.579,15.359,-14.232
6,I,CG1,-39.14,14.1,-13.491
6,I,CG2,-40.701,16.073,-13.512
6,I,CD1,-38.413,14.405,-12.196
7,T,N,-37.955,15.36,-16.876
7,T,CA,-36.714,14.86,-17.478
7,T,C,-35.564,15.079,-16.528
7,T,O,-35.541,16.038,-15.763
7,T,CB,-36.425,15.455,-18.854
7,T,OG1,-36.027,16.83,-18.792
7,T,CG2,-37.599,15.26,-19.779
8,I,N,-34.691,14.083,-16.549
8,I,CA,-33.551,14.02,-15.615
8,I,C,-32.302,13.877,-16.454
8,I,O,-32.242,12.99,-17.306
8,I,CB,-33.73,12.852,-14.645
8,I,CG1,-34.987,13.011,-13.796
8,I,CG2,-32.462,12.761,-13.816
8,I,CD1,-35.353,11.835,-12.967
9,F,N,-31.352,14.767,-16.23
9,F,CA,-29.991,14.679,-16.79
9,F,C,-29.1,13.978,-15.769
9,F,O,-29.08,14.351,-14.605
9,F,CB,-29.479,16.068,-17.147
9,F,CG,-28.06,16.016,-17.623
9,F,CD1,-26.995,15.989,-16.729
9,F,CD2,-27.788,16.01,-18.986
9,F,CE1,-25.696,15.939,-17.205
9,F,CE2,-26.485,15.977,-19.454
9,F,CZ,-25.449,15.954,-18.556
10,I,N,-28.406,12.969,-16.23
10,I,CA,-27.331,12.277,-15.478
10,I,C,-26.022,12.53,-16.207
10,I,O,-25.897,12.172,-17.362
10,I,CB,-27.565,10.763,-15.377
10,I,CG1,-28.936,10.377,-14.8
10,I,CG2,-26.403,10.172,-14.576
10,I,CD1,-29.196,10.866,-13.43
11,G,N,-25.044,13.078,-15.52
11,G,CA,-23.706,13.209,-16.087
11,G,C,-22.712,12.519,-15.204
11,G,O,-22.864,12.573,-13.977
12,T,N,-21.751,11.871,-15.809
12,T,CA,-20.6,11.264,-15.101
12,T,C,-19.325,11.687,-15.813
12,T,O,-19.202,11.512,-17.017
12,T,CB,-20.774,9.76,-14.909
12,T,OG1,-19.643,9.32,-14.177
12,T,CG2,-20.87,9.049,-16.228
13,W,N,-18.386,12.21,-15.046
13,W,CA,-17.088,12.621,-15.596
13,W,C,-15.991,12.395,-14.584
13,W,O,-16.043,12.975,-13.526
13,W,CB,-17.158,14.086,-16.001
13,W,CG,-15.926,14.553,-16.705
13,W,CD1,-15.055,13.827,-17.471
13,W,CD2,-15.491,15.911,-16.787
13,W,NE1,-14.114,14.637,-18.04
13,W,CE2,-14.361,15.926,-17.634
13,W,CE3,-16.004,17.113,-16.278
13,W,CZ2,-13.666,17.108,-17.895
13,W,CZ3,-15.317,18.269,-16.549
13,W,CH2,-14.162,18.264,-17.327
14,N,N,-15.056,11.558,-14.957
14,N,CA,-13.781,11.425,-14.255
14,N,C,-12.899,12.544,-14.83
14,N,O,-12.481,12.462,-15.99
14,N,CB,-13.273,9.992,-14.365
14,N,CG,-11.942,9.828,-13.677
14,N,OD1,-11.111,10.744,-13.72
14,N,ND2,-11.75,8.668,-13.078
15,M,N,-12.642,13.529,-13.997
15,M,CA,-12.021,14.813,-14.4
15,M,C,-10.509,14.659,-14.467
15,M,O,-9.839,15.63,-14.871
15,M,CB,-12.378,15.888,-13.379
15,M,CG,-13.838,16.228,-13.445
15,M,SD,-14.398,17.387,-12.235
15,M,CE,-13.724,18.924,-12.827
16,G,N,-9.982,13.52,-14.003
16,G,CA,-8.543,13.274,-14.086
16,G,C,-7.747,14.301,-13.289
16,G,O,-6.615,14.619,-13.669
17,N,N,-8.34,14.803,-12.2
17,N,CA,-7.685,15.707,-11.22
17,N,C,-7.219,16.983,-11.928
17,N,O,-6.215,17.571,-11.484
17,N,CB,-6.512,15.015,-10.525
17,N,CG,-6.106,15.718,-9.25
17,N,OD1,-4.918,15.896,-8.991
17,N,ND2,-7.084,16.133,-8.461
18,A,N,-7.92,17.389,-12.99
18,A,CA,-7.592,18.63,-13.74
18,A,C,-8.808,19.525,-13.73
18,A,O,-9.928,19.06,-13.79
18,A,CB,-7.131,18.293,-15.149
19,P,N,-8.637,20.855,-13.644
19,P,CA,-9.771,21.751,-13.767
19,P,C,-10.412,21.58,-15.138
19,P,O,-9.769,21.209,-16.114
19,P,CB,-9.214,23.163,-13.544
19,P,CG,-7.735,23.009,-13.393
19,P,CD,-7.357,21.548,-13.466
20,P,N,-11.726,21.834,-15.224
20,P,CA,-12.439,21.738,-16.486
20,P,C,-12.099,22.895,-17.421
20,P,O,-11.515,23.91,-17.004
20,P,CB,-13.901,21.846,-16.062
20,P,CG,-13.856,22.721,-14.85
20,P,CD,-12.587,22.322,-14.132
21,P,N,-12.419,22.778,-18.724
21,P,CA,-12.258,23.894,-19.643
21,P,C,-13.343,24.937,-19.369
21,P,O,-14.241,24.677,-18.573
21,P,CB,-12.385,23.234,-21.021
21,P,CG,-13.341,22.116,-20.793
21,P,CD,-13.044,21.618,-19.388
22,K,N,-13.224,26.101,-19.995
22,K,CA,-14.094,27.242,-19.65
22,K,C,-15.518,26.924,-20.112
22,K,O,-16.427,27.429,-19.466
22,K,CB,-13.576,28.57,-20.204
22,K,CG,-13.404,28.644,-21.706
22,K,CD,-13.058,30.051,-22.182
22,K,CE,-12.93,30.129,-23.692
22,K,NZ,-11.619,29.612,-24.161
23,K,N,-15.693,26.063,-21.124
23,K,CA,-17.015,25.739,-21.693
23,K,C,-17.288,24.236,-21.585
23,K,O,-16.52,23.436,-22.141
23,K,CB,-17.039,26.186,-23.146
23,K,CG,-18.414,26.202,-23.771
23,K,CD,-18.457,27.087,-25.002
23,K,CE,-19.707,26.889,-25.825
23,K,NZ,-20.878,27.441,-25.114
24,I,N,-18.313,23.859,-20.837
24,I,CA,-18.67,22.414,-20.692
24,I,C,-20.139,22.237,-21.076
24,I,O,-20.718,21.216,-20.75
24,I,CB,-18.36,21.869,-19.278
24,I,CG1,-19.105,22.648,-18.179
24,I,CG2,-16.86,21.853,-19.059
24,I,CD1,-18.963,22.022,-16.825
25,T,N,-20.731,23.209,-21.755
25,T,CA,-22.163,23.187,-22.142
25,T,C,-22.569,21.955,-22.976
25,T,O,-23.693,21.502,-22.855
25,T,CB,-22.544,24.5,-22.832
25,T,OG1,-21.67,24.686,-23.925
25,T,CG2,-22.396,25.695,-21.919
26,S,N,-21.655,21.445,-23.805
26,S,CA,-21.888,20.26,-24.67
26,S,C,-22.345,19.079,-23.813
26,S,O,-23.213,18.316,-24.268
26,S,CB,-20.662,19.923,-25.464
26,S,OG,-20.431,20.918,-26.443
27,W,N,-21.78,18.953,-22.613
27,W,CA,-22.144,17.876,-21.682
27,W,C,-23.637,17.98,-21.332
27,W,O,-24.433,16.998,-21.542
27,W,CB,-21.228,17.979,-20.478
27,W,CG,-21.324,16.828,-19.535
27,W,CD1,-21.742,15.55,-19.754
27,W,CD2,-20.799,16.853,-18.202
27,W,NE1,-21.53,14.783,-18.646
27,W,CE2,-20.96,15.565,-17.672
27,W,CE3,-20.25,17.861,-17.404
27,W,CZ2,-20.617,15.269,-16.366
27,W,CZ3,-19.852,17.548,-16.137
27,W,CH2,-20.05,16.266,-15.616
28,F,N,-24.071,19.129,-20.857
28,F,CA,-25.466,19.276,-20.378
28,F,C,-26.459,19.288,-21.54
28,F,O,-27.644,19.124,-21.323
28,F,CB,-25.608,20.532,-19.517
28,F,CG,-24.574,20.55,-18.43
28,F,CD1,-24.475,19.475,-17.56
28,F,CD2,-23.635,21.558,-18.351
28,F,CE1,-23.474,19.426,-16.606
28,F,CE2,-22.649,21.514,-17.388
28,F,CZ,-22.544,20.434,-16.549
29,L,N,-25.961,19.555,-22.745
29,L,CA,-26.78,19.533,-23.986
29,L,C,-26.818,18.138,-24.619
29,L,O,-27.482,17.979,-25.641
29,L,CB,-26.226,20.573,-24.969
29,L,CG,-26.487,22.035,-24.637
29,L,CD1,-25.778,22.896,-25.665
29,L,CD2,-27.999,22.312,-24.622
30,S,N,-26.102,17.153,-24.083
30,S,CA,-26.104,15.784,-24.654
30,S,C,-25.661,15.843,-26.116
30,S,O,-26.313,15.227,-26.964
30,S,CB,-27.449,15.153,-24.521
30,S,OG,-27.761,14.855,-23.167
31,K,N,-24.552,16.543,-26.375
31,K,CA,-23.939,16.699,-27.719
31,K,C,-22.602,15.955,-27.766
31,K,O,-21.834,16.033,-26.778
31,K,CB,-23.71,18.177,-28.043
31,K,CG,-24.927,19.067,-27.851
31,K,CD,-26.032,18.805,-28.854
31,K,CE,-27.228,19.701,-28.624
31,K,NZ,-28.357,19.349,-29.517
32,G,N,-22.329,15.293,-28.891
32,G,CA,-21.058,14.629,-29.128
32,G,C,-21.364,13.348,-29.839
32,G,O,-21.973,13.36,-30.903
33,Q,N,-20.947,12.232,-29.241
33,Q,CA,-21.074,10.873,-29.823
33,Q,C,-22.217,10.126,-29.14
33,Q,O,-22.546,10.481,-27.994
33,Q,CB,-19.791,10.077,-29.603
33,Q,CG,-18.667,10.445,-30.551
33,Q,CD,-17.471,9.558,-30.316
33,Q,OE1,-17.599,8.342,-30.183
33,Q,NE2,-16.301,10.171,-30.245
34,G,N,-22.77,9.128,-29.831
34,G,CA,-23.741,8.189,-29.266
34,G,C,-25.142,8.625,-29.592
34,G,O,-25.396,9.126,-30.675
35,K,N,-26.059,8.401,-28.65
35,K,CA,-27.479,8.817,-28.744
35,K,C,-27.561,10.231,-28.166
35,K,O,-27.527,10.373,-26.926
35,K,CB,-28.376,7.809,-28.022
35,K,CG,-28.486,6.451,-28.704
35,K,CD,-29.018,5.354,-27.796
35,K,CE,-29.015,3.987,-28.446
35,K,NZ,-29.712,4.015,-29.752
36,T,N,-27.601,11.23,-29.05
36,T,CA,-27.504,12.649,-28.678
36,T,C,-28.88,13.302,-28.743
36,T,O,-29.831,12.747,-29.276
36,T,CB,-26.478,13.391,-29.527
36,T,OG1,-26.965,13.329,-30.867
36,T,CG2,-25.09,12.8,-29.399
37,R,N,-28.953,14.452,-28.114
37,R,CA,-30.207,15.211,-27.965
37,R,C,-30.389,16.135,-29.172
37,R,O,-29.413,16.743,-29.652
37,R,CB,-30.175,15.971,-26.647
37,R,CG,-31.47,16.7,-26.35
37,R,CD,-31.441,17.037,-24.878
37,R,NE,-32.606,17.657,-24.313
37,R,CZ,-32.622,18.893,-23.83
37,R,NH1,-31.578,19.694,-23.955
37,R,NH2,-33.689,19.324,-23.22
38,D,N,-31.636,16.23,-29.611
38,D,CA,-32.036,17.069,-30.748
38,D,C,-31.731,18.529,-30.442
38,D,O,-31.964,19.0,-29.315
38,D,CB,-33.487,16.844,-31.138
38,D,CG,-33.669,17.373,-32.544
38,D,OD1,-33.396,16.596,-33.466
38,D,OD2,-33.937,18.572,-32.699
39,D,N,-31.194,19.231,-31.434
39,D,CA,-30.859,20.67,-31.312
39,D,C,-32.091,21.482,-30.917
39,D,O,-31.936,22.479,-30.219
39,D,CB,-30.338,21.217,-32.633
39,D,CG,-28.992,20.661,-33.057
39,D,OD1,-28.218,20.227,-32.176
39,D,OD2,-28.774,20.564,-34.247
40,S,N,-33.269,21.073,-31.346
40,S,CA,-34.504,21.828,-31.094
40,S,C,-34.823,21.833,-29.589
40,S,O,-35.703,22.635,-29.195
40,S,CB,-35.633,21.301,-31.873
40,S,OG,-36.006,20.029,-31.411
41,A,N,-34.169,20.99,-28.78
41,A,CA,-34.408,20.919,-27.311
41,A,C,-33.357,21.73,-26.542
41,A,O,-33.421,21.78,-25.33
41,A,CB,-34.462,19.503,-26.8
42,D,N,-32.411,22.378,-27.21
42,D,CA,-31.251,22.943,-26.492
42,D,C,-31.688,23.921,-25.401
42,D,O,-30.996,23.95,-24.379
42,D,CB,-30.284,23.64,-27.428
42,D,CG,-29.485,22.705,-28.306
42,D,OD1,-29.573,21.492,-28.111
42,D,OD2,-28.738,23.22,-29.13
43,Y,N,-32.732,24.733,-25.595
43,Y,CA,-33.071,25.758,-24.585
43,Y,C,-34.024,25.216,-23.532
43,Y,O,-34.365,25.95,-22.591
43,Y,CB,-33.704,26.993,-25.232
43,Y,CG,-32.883,27.644,-26.305
43,Y,CD1,-31.505,27.733,-26.247
43,Y,CD2,-33.507,28.165,-27.41
43,Y,CE1,-30.773,28.287,-27.29
43,Y,CE2,-32.81,28.742,-28.449
43,Y,CZ,-31.435,28.828,-28.377
43,Y,OH,-30.76,29.454,-29.385
44,I,N,-34.444,23.974,-23.679
44,I,CA,-35.459,23.37,-22.79
44,I,C,-34.7,22.787,-21.622
44,I,O,-33.897,21.889,-21.805
44,I,CB,-36.272,22.303,-23.525
44,I,CG1,-37.014,22.886,-24.732
44,I,CG2,-37.243,21.662,-22.558
44,I,CD1,-37.762,21.836,-25.49
45,P,N,-34.944,23.249,-20.388
45,P,CA,-34.169,22.748,-19.267
45,P,C,-34.712,21.369,-18.922
45,P,O,-35.882,21.087,-19.047
45,P,CB,-34.376,23.78,-18.154
45,P,CG,-35.518,24.656,-18.592
45,P,CD,-35.822,24.375,-20.029
46,H,N,-33.826,20.489,-18.517
46,H,CA,-34.212,19.308,-17.743
46,H,C,-34.705,19.786,-16.387
46,H,O,-34.347,20.907,-15.918
46,H,CB,-33.041,18.347,-17.626
46,H,CG,-32.624,17.856,-18.956
46,H,ND1,-33.457,17.044,-19.719
46,H,CD2,-31.47,17.99,-19.629
46,H,CE1,-32.8,16.707,-20.812
46,H,NE2,-31.615,17.335,-20.811
47,D,N,-35.539,18.956,-15.775
47,D,CA,-36.147,19.273,-14.477
47,D,C,-35.091,19.159,-13.398
47,D,O,-35.104,19.958,-12.471
47,D,CB,-37.322,18.37,-14.221
47,D,CG,-38.487,18.733,-15.126
47,D,OD1,-39.109,19.809,-14.9
47,D,OD2,-38.708,18.008,-16.11
48,I,N,-34.275,18.127,-13.49
48,I,CA,-33.249,17.791,-12.482
48,I,C,-31.969,17.483,-13.255
48,I,O,-32.045,16.757,-14.23
48,I,CB,-33.72,16.58,-11.661
48,I,CG1,-34.985,16.906,-10.876
48,I,CG2,-32.585,16.153,-10.759
48,I,CD1,-35.577,15.74,-10.159
49,Y,N,-30.85,18.065,-12.854
49,Y,CA,-29.497,17.694,-13.317
49,Y,C,-28.753,17.05,-12.161
49,Y,O,-28.665,17.657,-11.094
49,Y,CB,-28.711,18.886,-13.822
49,Y,CG,-29.31,19.516,-15.049
49,Y,CD1,-30.415,20.353,-14.963
49,Y,CD2,-28.761,19.309,-16.291
49,Y,CE1,-30.96,20.941,-16.094
49,Y,CE2,-29.269,19.918,-17.418
49,Y,CZ,-30.38,20.724,-17.336
49,Y,OH,-30.91,21.268,-18.477
50,V,N,-28.26,15.828,-12.377
50,V,CA,-27.425,15.112,-11.397
50,V,C,-26.06,14.924,-12.019
50,V,O,-25.922,14.251,-13.074
50,V,CB,-28.116,13.797,-11.009
50,V,CG1,-27.3,13.086,-9.946
50,V,CG2,-29.527,14.093,-10.571
51,I,N,-25.04,15.488,-11.371
51,I,CA,-23.649,15.562,-11.902
51,I,C,-22.716,14.762,-10.989
51,I,O,-22.489,15.204,-9.85
51,I,CB,-23.214,17.033,-12.027
51,I,CG1,-24.268,17.865,-12.759
51,I,CG2,-21.849,17.123,-12.689
51,I,CD1,-24.606,17.341,-14.138
52,G,N,-22.214,13.623,-11.48
52,G,CA,-21.263,12.786,-10.748
52,G,C,-19.893,13.055,-11.32
52,G,O,-19.724,12.968,-12.545
53,T,N,-18.959,13.405,-10.462
53,T,CA,-17.553,13.528,-10.857
53,T,C,-16.708,12.566,-10.021
53,T,O,-17.101,12.131,-8.948
53,T,CB,-17.09,14.981,-10.76
53,T,OG1,-17.38,15.43,-9.419
53,T,CG2,-17.779,15.801,-11.819
54,Q,N,-15.591,12.194,-10.61
54,Q,CA,-14.531,11.361,-9.993
54,Q,C,-13.21,12.091,-10.259
54,Q,O,-13.091,12.869,-11.223
54,Q,CB,-14.55,9.923,-10.523
54,Q,CG,-15.945,9.305,-10.524
54,Q,CD,-16.712,9.636,-11.773
54,Q,OE1,-16.118,9.763,-12.842
54,Q,NE2,-18.042,9.711,-11.669
55,E,N,-12.258,11.913,-9.374
55,E,CA,-10.954,12.598,-9.495
55,E,C,-11.236,14.1,-9.693
55,E,O,-10.644,14.721,-10.561
55,E,CB,-10.127,11.964,-10.611
55,E,CG,-9.845,10.498,-10.343
55,E,CD,-8.91,9.848,-11.341
55,E,OE1,-7.906,10.551,-11.691
55,E,OE2,-9.166,8.645,-11.808
56,D,N,-12.158,14.635,-8.911
56,D,CA,-12.612,16.042,-9.032
56,D,C,-11.701,16.903,-8.181
56,D,O,-11.626,16.664,-6.983
56,D,CB,-14.063,16.129,-8.603
56,D,CG,-14.694,17.498,-8.684
56,D,OD1,-13.921,18.543,-8.63
56,D,OD2,-15.94,17.523,-8.706
57,P,N,-10.932,17.833,-8.795
57,P,CA,-9.931,18.603,-8.06
57,P,C,-10.503,19.884,-7.452
57,P,O,-9.798,20.566,-6.714
57,P,CB,-8.94,18.938,-9.158
57,P,CG,-9.81,19.196,-10.316
57,P,CD,-10.9,18.13,-10.231
58,L,N,-11.763,20.169,-7.742
58,L,CA,-12.402,21.46,-7.382
58,L,C,-13.018,21.38,-5.991
58,L,O,-13.414,20.325,-5.496
58,L,CB,-13.501,21.806,-8.401
58,L,CG,-13.06,21.932,-9.844
58,L,CD1,-14.246,22.305,-10.718
58,L,CD2,-11.908,22.927,-10.022
59,S,N,-13.145,22.533,-5.354
59,S,CA,-14.01,22.63,-4.167
59,S,C,-15.465,22.508,-4.613
59,S,O,-15.779,22.753,-5.796
59,S,CB,-13.765,23.935,-3.461
59,S,OG,-14.244,25.012,-4.26
60,E,N,-16.339,22.242,-3.671
60,E,CA,-17.779,22.194,-3.953
60,E,C,-18.189,23.568,-4.475
60,E,O,-18.981,23.663,-5.411
60,E,CB,-18.543,21.79,-2.701
60,E,CG,-18.291,20.34,-2.361
60,E,CD,-19.181,19.822,-1.254
60,E,OE1,-19.785,20.666,-0.575
60,E,OE2,-19.267,18.599,-1.063
61,K,N,-17.662,24.612,-3.862
61,K,CA,-18.071,25.972,-4.257
61,K,C,-17.649,26.236,-5.714
61,K,O,-18.466,26.742,-6.517
61,K,CB,-17.462,26.978,-3.281
61,K,CG,-17.639,28.403,-3.737
61,K,CD,-17.11,29.457,-2.8
61,K,CE,-17.311,30.83,-3.405
61,K,NZ,-16.759,31.83,-2.47
62,E,N,-16.415,25.903,-6.058
62,E,CA,-15.871,26.126,-7.413
62,E,C,-16.7,25.368,-8.443
62,E,O,-17.019,25.948,-9.477
62,E,CB,-14.432,25.653,-7.533
62,E,CG,-13.449,26.613,-6.887
62,E,CD,-12.057,26.063,-6.632
62,E,OE1,-11.16,26.917,-6.446
62,E,OE2,-11.864,24.833,-6.539
63,W,N,-17.048,24.126,-8.15
63,W,CA,-17.766,23.286,-9.135
63,W,C,-19.222,23.726,-9.244
63,W,O,-19.709,23.889,-10.391
63,W,CB,-17.625,21.834,-8.736
63,W,CG,-18.179,20.828,-9.68
63,W,CD1,-18.901,19.732,-9.323
63,W,CD2,-17.977,20.75,-11.096
63,W,NE1,-19.115,18.95,-10.429
63,W,CE2,-18.54,19.531,-11.521
63,W,CE3,-17.264,21.518,-12.023
63,W,CZ2,-18.555,19.146,-12.861
63,W,CZ3,-17.258,21.131,-13.345
63,W,CH2,-17.892,19.954,-13.759
64,L,N,-19.873,24.029,-8.131
64,L,CA,-21.256,24.556,-8.186
64,L,C,-21.326,25.823,-9.042
64,L,O,-22.264,25.956,-9.853
64,L,CB,-21.738,24.836,-6.78
64,L,CG,-22.364,23.632,-6.121
64,L,CD1,-22.573,23.954,-4.634
64,L,CD2,-23.689,23.302,-6.805
65,E,N,-20.374,26.741,-8.837
65,E,CA,-20.218,27.987,-9.636
65,E,C,-20.285,27.628,-11.121
65,E,O,-21.152,28.178,-11.83
65,E,CB,-18.884,28.676,-9.337
65,E,CG,-18.922,29.592,-8.132
65,E,CD,-17.61,30.302,-7.842
65,E,OE1,-16.599,29.982,-8.499
65,E,OE2,-17.607,31.181,-6.966
66,I,N,-19.403,26.723,-11.544
66,I,CA,-19.254,26.329,-12.963
66,I,C,-20.548,25.686,-13.456
66,I,O,-20.995,26.059,-14.561
66,I,CB,-18.029,25.434,-13.129
66,I,CG1,-16.741,26.233,-12.98
66,I,CG2,-18.08,24.71,-14.454
66,I,CD1,-15.571,25.388,-12.579
67,L,N,-21.118,24.794,-12.666
67,L,CA,-22.337,24.108,-13.13
67,L,C,-23.473,25.12,-13.305
67,L,O,-24.14,25.046,-14.314
67,L,CB,-22.708,22.998,-12.148
67,L,CG,-21.739,21.823,-12.053
67,L,CD1,-22.157,20.907,-10.913
67,L,CD2,-21.579,21.117,-13.386
68,K,N,-23.701,25.969,-12.316
68,K,CA,-24.814,26.947,-12.346
68,K,C,-24.645,27.902,-13.534
68,K,O,-25.629,28.166,-14.233
68,K,CB,-24.989,27.675,-11.009
68,K,CG,-25.567,26.76,-9.945
68,K,CD,-26.075,27.505,-8.752
68,K,CE,-26.68,26.56,-7.754
68,K,NZ,-27.725,27.264,-6.997
69,H,N,-23.424,28.402,-13.75
69,H,CA,-23.07,29.273,-14.903
69,H,C,-23.449,28.563,-16.205
69,H,O,-24.155,29.172,-17.031
69,H,CB,-21.583,29.645,-14.874
69,H,CG,-21.103,30.306,-16.123
69,H,ND1,-21.02,31.68,-16.246
69,H,CD2,-20.673,29.793,-17.297
69,H,CE1,-20.562,31.984,-17.442
69,H,NE2,-20.342,30.841,-18.105
70,S,N,-23.016,27.31,-16.362
70,S,CA,-23.214,26.494,-17.587
70,S,C,-24.713,26.321,-17.86
70,S,O,-25.121,26.515,-19.013
70,S,CB,-22.51,25.168,-17.483
70,S,OG,-22.343,24.588,-18.766
71,L,N,-25.503,25.974,-16.838
71,L,CA,-26.959,25.785,-17.023
71,L,C,-27.625,27.125,-17.283
71,L,O,-28.478,27.17,-18.174
71,L,CB,-27.585,25.046,-15.847
71,L,CG,-27.109,23.604,-15.683
71,L,CD1,-27.787,22.929,-14.503
71,L,CD2,-27.336,22.8,-16.948
72,Q,N,-27.206,28.179,-16.595
72,Q,CA,-27.805,29.517,-16.841
72,Q,C,-27.52,29.94,-18.291
72,Q,O,-28.443,30.429,-18.979
72,Q,CB,-27.301,30.557,-15.85
72,Q,CG,-27.999,31.892,-16.036
72,Q,CD,-28.257,32.58,-14.727
72,Q,OE1,-27.737,33.663,-14.474
72,Q,NE2,-29.05,31.947,-13.88
73,E,N,-26.308,29.713,-18.782
73,E,CA,-25.965,30.078,-20.173
73,E,C,-26.85,29.291,-21.15
73,E,O,-27.32,29.885,-22.172
73,E,CB,-24.482,29.871,-20.414
73,E,CG,-24.046,30.327,-21.783
73,E,CD,-22.533,30.395,-21.874
73,E,OE1,-21.945,29.405,-22.335
73,E,OE2,-21.947,31.424,-21.439
74,I,N,-27.099,28.006,-20.879
74,I,CA,-27.888,27.145,-21.807
74,I,C,-29.356,27.559,-21.776
74,I,O,-29.959,27.645,-22.844
74,I,CB,-27.749,25.655,-21.441
74,I,CG1,-26.346,25.125,-21.755
74,I,CG2,-28.818,24.854,-22.172
74,I,CD1,-25.99,23.839,-21.023
75,T,N,-29.913,27.689,-20.579
75,T,CA,-31.368,27.68,-20.32
75,T,C,-31.909,29.072,-19.99
75,T,O,-33.125,29.24,-20.068
75,T,CB,-31.732,26.719,-19.18
75,T,OG1,-31.276,27.183,-17.908
75,T,CG2,-31.271,25.304,-19.458
76,S,N,-31.05,29.986,-19.547
76,S,CA,-31.387,31.281,-18.913
76,S,C,-32.147,31.057,-17.612
76,S,O,-32.816,31.994,-17.155
76,S,CB,-32.132,32.192,-19.876
76,S,OG,-31.385,32.297,-21.093
77,V,N,-32.085,29.851,-17.037
77,V,CA,-32.674,29.556,-15.702
77,V,C,-31.563,29.472,-14.654
77,V,O,-30.524,28.864,-14.921
77,V,CB,-33.531,28.273,-15.739
77,V,CG1,-34.045,27.903,-14.354
77,V,CG2,-34.679,28.439,-16.718
78,T,N,-31.814,30.056,-13.483
78,T,CA,-30.944,29.925,-12.296
78,T,C,-31.373,28.695,-11.511
78,T,O,-32.436,28.723,-10.918
78,T,CB,-31.031,31.123,-11.359
78,T,OG1,-30.765,32.2,-12.256
78,T,CG2,-30.0,31.046,-10.243
79,F,N,-30.635,27.613,-11.652
79,F,CA,-30.966,26.342,-10.978
79,F,C,-30.671,26.418,-9.482
79,F,O,-29.75,27.097,-9.037
79,F,CB,-30.193,25.21,-11.638
79,F,CG,-30.936,24.695,-12.83
79,F,CD1,-30.978,25.422,-14.008
79,F,CD2,-31.672,23.531,-12.711
79,F,CE1,-31.722,24.949,-15.084
79,F,CE2,-32.392,23.056,-13.782
79,F,CZ,-32.413,23.766,-14.959
80,K,N,-31.478,25.692,-8.723
80,K,CA,-31.358,25.597,-7.253
80,K,C,-30.56,24.346,-6.911
80,K,O,-30.748,23.308,-7.581
80,K,CB,-32.721,25.453,-6.583
80,K,CG,-33.621,26.662,-6.698
80,K,CD,-33.24,27.77,-5.737
80,K,CE,-34.233,28.907,-5.764
80,K,NZ,-33.631,30.125,-5.185
81,T,N,-29.696,24.439,-5.911
81,T,CA,-28.945,23.285,-5.377
81,T,C,-29.875,22.467,-4.493
81,T,O,-30.367,22.969,-3.514
81,T,CB,-27.674,23.744,-4.644
81,T,OG1,-26.951,24.637,-5.491
81,T,CG2,-26.782,22.584,-4.256
82,V,N,-30.126,21.229,-4.859
82,V,CA,-30.886,20.279,-4.02
82,V,C,-29.921,19.672,-3.002
82,V,O,-30.242,19.588,-1.837
82,V,CB,-31.539,19.2,-4.894
82,V,CG1,-32.123,18.106,-4.047
82,V,CG2,-32.573,19.808,-5.821
83,A,N,-28.771,19.19,-3.447
83,A,CA,-27.832,18.47,-2.573
83,A,C,-26.468,18.476,-3.237
83,A,O,-26.388,18.486,-4.495
83,A,CB,-28.283,17.041,-2.353
84,I,N,-25.437,18.432,-2.421
84,I,CA,-24.065,18.174,-2.907
84,I,C,-23.376,17.329,-1.854
84,I,O,-23.582,17.596,-0.667
84,I,CB,-23.323,19.48,-3.196
84,I,CG1,-21.878,19.238,-3.618
84,I,CG2,-23.404,20.422,-2.027
84,I,CD1,-21.289,20.434,-4.298
85,H,N,-22.691,16.299,-2.283
85,H,CA,-21.986,15.406,-1.351
85,H,C,-20.688,14.956,-1.986
85,H,O,-20.716,14.524,-3.146
85,H,CB,-22.896,14.238,-0.97
85,H,CG,-22.373,13.477,0.198
85,H,ND1,-22.249,14.048,1.454
85,H,CD2,-21.941,12.211,0.327
85,H,CE1,-21.756,13.157,2.294
85,H,NE2,-21.575,12.021,1.641
86,T,N,-19.598,15.052,-1.237
86,T,CA,-18.252,14.669,-1.684
86,T,C,-17.625,13.692,-0.697
86,T,O,-17.684,13.952,0.525
86,T,CB,-17.339,15.879,-1.83
86,T,OG1,-18.082,16.813,-2.608
86,T,CG2,-16.023,15.513,-2.48
87,L,N,-17.107,12.594,-1.241
87,L,CA,-16.218,11.643,-0.545
87,L,C,-14.889,11.684,-1.281
87,L,O,-14.85,11.282,-2.45
87,L,CB,-16.845,10.243,-0.573
87,L,CG,-15.881,9.132,-0.153
87,L,CD1,-15.539,9.286,1.304
87,L,CD2,-16.404,7.728,-0.434
88,W,N,-13.855,12.198,-0.646
88,W,CA,-12.518,12.291,-1.273
88,W,C,-12.681,13.113,-2.545
88,W,O,-13.082,14.247,-2.41
88,W,CB,-11.925,10.913,-1.509
88,W,CG,-11.621,10.245,-0.213
88,W,CD1,-11.028,10.795,0.882
88,W,CD2,-11.897,8.878,0.117
88,W,NE1,-10.959,9.869,1.89
88,W,CE2,-11.472,8.682,1.449
88,W,CE3,-12.481,7.819,-0.575
88,W,CZ2,-11.575,7.451,2.087
88,W,CZ3,-12.593,6.602,0.058
88,W,CH2,-12.138,6.419,1.362
89,N,N,-12.495,12.536,-3.726
89,N,CA,-12.575,13.289,-4.997
89,N,C,-13.76,12.784,-5.813
89,N,O,-13.817,13.088,-6.999
89,N,CB,-11.254,13.168,-5.729
89,N,CG,-10.145,13.794,-4.922
89,N,OD1,-9.364,13.119,-4.251
89,N,ND2,-10.144,15.094,-4.944
90,I,N,-14.707,12.115,-5.141
90,I,CA,-15.963,11.591,-5.751
90,I,C,-17.087,12.506,-5.305
90,I,O,-17.269,12.657,-4.101
90,I,CB,-16.224,10.134,-5.354
90,I,CG1,-14.973,9.303,-5.578
90,I,CG2,-17.426,9.629,-6.109
90,I,CD1,-14.923,8.042,-4.768
91,R,N,-17.838,13.071,-6.228
91,R,CA,-18.828,14.091,-5.865
91,R,C,-20.116,13.884,-6.626
91,R,O,-20.107,13.527,-7.838
91,R,CB,-18.268,15.471,-6.207
91,R,CG,-19.152,16.623,-5.802
91,R,CD,-18.403,17.905,-6.081
91,R,NE,-17.418,18.126,-5.041
91,R,CZ,-16.296,18.798,-5.2
91,R,NH1,-15.488,19.002,-4.176
91,R,NH2,-15.98,19.268,-6.38
92,I,N,-21.201,14.218,-5.968
92,I,CA,-22.528,14.278,-6.612
92,I,C,-23.14,15.648,-6.33
92,I,O,-23.141,16.114,-5.155
92,I,CB,-23.428,13.1,-6.216
92,I,CG1,-24.716,13.076,-7.036
92,I,CG2,-23.72,13.12,-4.72
92,I,CD1,-25.402,11.744,-6.938
93,V,N,-23.63,16.269,-7.394
93,V,CA,-24.374,17.543,-7.31
93,V,C,-25.752,17.299,-7.907
93,V,O,-25.817,16.722,-9.045
93,V,CB,-23.669,18.681,-8.06
93,V,CG1,-24.439,19.963,-7.874
93,V,CG2,-22.227,18.856,-7.611
94,V,N,-26.796,17.724,-7.211
94,V,CA,-28.168,17.665,-7.753
94,V,C,-28.702,19.089,-7.814
94,V,O,-28.635,19.776,-6.799
94,V,CB,-29.084,16.781,-6.909
94,V,CG1,-30.495,16.8,-7.484
94,V,CG2,-28.527,15.374,-6.786
95,L,N,-29.033,19.517,-9.017
95,L,CA,-29.622,20.83,-9.301
95,L,C,-31.02,20.581,-9.844
95,L,O,-31.232,19.584,-10.55
95,L,CB,-28.758,21.566,-10.318
95,L,CG,-27.315,21.833,-9.913
95,L,CD1,-26.551,22.413,-11.068
95,L,CD2,-27.223,22.8,-8.75
96,A,N,-31.943,21.49,-9.543
96,A,CA,-33.305,21.407,-10.074
96,A,C,-33.811,22.789,-10.42
96,A,O,-33.326,23.777,-9.862
96,A,CB,-34.208,20.767,-9.066
97,K,N,-34.78,22.85,-11.337
97,K,CA,-35.516,24.093,-11.67
97,K,C,-35.967,24.737,-10.364
97,K,O,-36.268,24.034,-9.399
97,K,CB,-36.763,23.8,-12.504
97,K,CG,-36.533,23.355,-13.937
97,K,CD,-37.835,22.953,-14.587
97,K,CE,-37.702,22.566,-16.04
97,K,NZ,-39.004,22.117,-16.586
98,P,N,-36.006,26.084,-10.273
98,P,CA,-36.53,26.722,-9.074
98,P,C,-37.996,26.389,-8.779
98,P,O,-38.318,26.346,-7.628
98,P,CB,-36.344,28.227,-9.364
98,P,CG,-36.071,28.351,-10.858
98,P,CD,-35.478,27.024,-11.283
99,E,N,-38.808,26.148,-9.807
99,E,CA,-40.266,25.824,-9.646
99,E,C,-40.432,24.499,-8.898
99,E,O,-41.57,24.22,-8.444
99,E,CB,-40.993,25.778,-10.991
99,E,CG,-40.493,24.712,-11.93
99,E,CD,-40.955,24.827,-13.367
99,E,OE1,-41.919,24.071,-13.724
99,E,OE2,-40.321,25.602,-14.142
100,H,N,-39.374,23.693,-8.755
100,H,CA,-39.472,22.369,-8.085
100,H,C,-39.078,22.434,-6.609
100,H,O,-39.137,21.397,-5.925
100,H,CB,-38.603,21.329,-8.803
100,H,CG,-39.088,21.021,-10.175
100,H,ND1,-40.437,21.045,-10.513
100,H,CD2,-38.403,20.702,-11.286
100,H,CE1,-40.541,20.754,-11.792
100,H,NE2,-39.306,20.527,-12.278
101,E,N,-38.705,23.604,-6.103
101,E,CA,-38.172,23.743,-4.73
101,E,C,-39.11,23.104,-3.698
101,E,O,-38.624,22.413,-2.785
101,E,CB,-37.904,25.209,-4.367
101,E,CG,-37.09,25.332,-3.084
101,E,CD,-36.536,26.718,-2.791
101,E,OE1,-36.565,27.579,-3.698
101,E,OE2,-36.053,26.928,-1.66
102,N,N,-40.419,23.319,-3.861
102,N,CA,-41.472,22.892,-2.897
102,N,C,-42.112,21.575,-3.363
102,N,O,-43.153,21.186,-2.791
102,N,CB,-42.474,24.031,-2.68
102,N,CG,-41.793,25.323,-2.273
102,N,OD1,-41.17,25.403,-1.213
102,N,ND2,-41.886,26.338,-3.118
103,R,N,-41.54,20.938,-4.389
103,R,CA,-41.907,19.557,-4.805
103,R,C,-40.867,18.586,-4.258
103,R,O,-41.185,17.419,-4.146
103,R,CB,-41.933,19.409,-6.317
103,R,CG,-43.089,20.193,-6.908
103,R,CD,-43.052,20.101,-8.411
103,R,NE,-44.253,20.72,-8.911
103,R,CZ,-44.292,21.686,-9.812
103,R,NH1,-43.191,22.119,-10.399
103,R,NH2,-45.463,22.165,-10.17
104,I,N,-39.704,19.097,-3.88
104,I,CA,-38.568,18.253,-3.44
104,I,C,-38.478,18.278,-1.913
104,I,O,-38.498,19.338,-1.288
104,I,CB,-37.279,18.686,-4.163
104,I,CG1,-37.373,18.329,-5.647
104,I,CG2,-36.063,18.062,-3.499
104,I,CD1,-36.31,18.931,-6.518
105,S,N,-38.413,17.114,-1.298
105,S,CA,-38.302,17.007,0.168
105,S,C,-37.559,15.719,0.498
105,S,O,-37.272,14.925,-0.421
105,S,CB,-39.674,16.995,0.77
105,S,OG,-40.352,15.818,0.369
106,H,N,-37.367,15.461,1.763
106,H,CA,-36.744,14.22,2.288
106,H,C,-35.389,13.993,1.605
106,H,O,-35.102,12.868,1.171
106,H,CB,-37.656,13.004,2.124
106,H,CG,-38.937,13.105,2.877
106,H,ND1,-40.04,13.764,2.345
106,H,CD2,-39.255,12.765,4.139
106,H,CE1,-41.022,13.725,3.221
106,H,NE2,-40.564,13.131,4.337
107,I,N,-34.572,15.024,1.558
107,I,CA,-33.268,14.976,0.859
107,I,C,-32.329,14.232,1.788
107,I,O,-32.184,14.593,2.964
107,I,CB,-32.75,16.366,0.482
107,I,CG1,-33.764,17.148,-0.359
107,I,CG2,-31.414,16.21,-0.224
107,I,CD1,-33.509,18.632,-0.401
108,C,N,-31.707,13.175,1.265
108,C,CA,-30.704,12.352,1.983
108,C,C,-29.403,12.419,1.171
108,C,O,-29.479,12.558,-0.125
108,C,CB,-31.193,10.921,2.178
108,C,SG,-32.714,10.808,3.157
109,T,N,-28.268,12.264,1.887
109,T,CA,-26.945,12.117,1.243
109,T,C,-26.227,11.039,2.022
109,T,O,-26.454,10.91,3.216
109,T,CB,-26.134,13.412,1.148
109,T,OG1,-25.91,13.928,2.45
109,T,CG2,-26.831,14.474,0.333
110,D,N,-25.375,10.302,1.36
110,D,CA,-24.535,9.325,2.063
110,D,C,-23.361,8.986,1.187
110,D,O,-23.345,9.357,-0.006
110,D,CB,-25.29,8.078,2.481
110,D,CG,-24.614,7.294,3.59
110,D,OD1,-23.766,7.892,4.297
110,D,OD2,-24.889,6.097,3.685
111,N,N,-22.437,8.249,1.755
111,N,CA,-21.276,7.762,1.006
111,N,C,-20.916,6.402,1.586
111,N,O,-21.267,6.082,2.711
111,N,CB,-20.094,8.719,1.053
111,N,CG,-19.611,8.931,2.465
111,N,OD1,-20.007,9.923,3.083
111,N,ND2,-18.818,8.009,2.973
112,V,N,-20.25,5.645,0.777
112,V,CA,-19.657,4.346,1.15
112,V,C,-18.216,4.384,0.661
112,V,O,-17.983,4.639,-0.519
112,V,CB,-20.44,3.186,0.505
112,V,CG1,-19.698,1.849,0.606
112,V,CG2,-21.839,3.069,1.068
113,K,N,-17.288,4.036,1.534
113,K,CA,-15.875,3.774,1.215
113,K,C,-15.692,2.299,0.927
113,K,O,-16.064,1.489,1.752
113,K,CB,-15.058,4.2,2.429
113,K,CG,-15.221,5.652,2.773
113,K,CD,-14.515,6.011,4.057
113,K,CE,-14.751,7.456,4.427
113,K,NZ,-14.062,7.799,5.692
114,T,N,-15.182,1.932,-0.234
114,T,CA,-15.021,0.476,-0.519
114,T,C,-13.595,0.043,-0.149
114,T,O,-12.73,0.909,-0.029
114,T,CB,-15.5,0.151,-1.933
114,T,OG1,-14.819,1.032,-2.828
114,T,CG2,-16.991,0.32,-2.075
115,G,N,-13.373,-1.255,0.072
115,G,CA,-12.024,-1.807,0.329
115,G,C,-11.628,-1.761,1.803
115,G,O,-12.252,-0.99,2.572
116,I,N,-10.62,-2.565,2.178
116,I,CA,-10.08,-2.72,3.566
116,I,C,-8.576,-2.39,3.549
116,I,O,-7.854,-3.02,2.749
116,I,CB,-10.371,-4.137,4.128
116,I,CG1,-9.963,-5.254,3.159
116,I,CG2,-11.834,-4.279,4.534
116,I,CD1,-9.969,-6.638,3.773
117,A,N,-8.138,-1.422,4.374
117,A,CA,-6.721,-1.059,4.653
117,A,C,-6.026,-0.553,3.375
117,A,O,-6.275,0.616,3.013
117,A,CB,-6.005,-2.232,5.288
118,N,N,-5.167,-1.375,2.743
118,N,CA,-4.632,-1.191,1.361
118,N,C,-5.641,-0.431,0.503
118,N,O,-5.305,0.651,-0.019
118,N,CB,-4.437,-2.521,0.617
118,N,CG,-3.068,-3.135,0.794
118,N,OD1,-2.333,-3.311,-0.177
118,N,ND2,-2.726,-3.47,2.026
119,T,N,-6.835,-1.018,0.392
119,T,CA,-7.848,-0.789,-0.67
119,T,C,-8.857,0.277,-0.203
119,T,O,-9.641,0.74,-1.061
119,T,CB,-8.445,-2.147,-1.082
119,T,OG1,-9.166,-2.701,0.017
119,T,CG2,-7.391,-3.159,-1.483
120,L,N,-8.827,0.674,1.083
120,L,CA,-9.624,1.812,1.634
120,L,C,-8.763,3.076,1.591
120,L,O,-7.747,3.127,2.318
120,L,CB,-10.081,1.521,3.068
120,L,CG,-11.235,2.389,3.58
120,L,CD1,-11.879,1.763,4.804
120,L,CD2,-10.783,3.805,3.91
121,G,N,-9.161,4.06,0.782
121,G,CA,-8.436,5.338,0.687
121,G,C,-8.946,6.24,-0.418
121,G,O,-8.779,7.493,-0.272
122,N,N,-9.477,5.694,-1.522
122,N,CA,-9.938,6.622,-2.59
122,N,C,-11.18,6.219,-3.431
122,N,O,-11.771,7.103,-4.093
122,N,CB,-8.74,6.984,-3.469
122,N,CG,-8.465,5.935,-4.514
122,N,OD1,-7.865,4.9,-4.229
122,N,ND2,-8.936,6.193,-5.718
123,K,N,-11.56,4.938,-3.407
123,K,CA,-12.707,4.401,-4.189
123,K,C,-13.948,4.316,-3.29
123,K,O,-13.804,4.12,-2.069
123,K,CB,-12.349,3.043,-4.801
123,K,CG,-11.23,3.082,-5.833
123,K,CD,-11.502,4.039,-6.978
123,K,CE,-10.543,3.867,-8.138
123,K,NZ,-9.139,4.124,-7.744
124,G,N,-15.129,4.474,-3.883
124,G,CA,-16.382,4.313,-3.16
124,G,C,-17.442,5.028,-3.904
124,G,O,-17.365,5.092,-5.15
125,A,N,-18.426,5.52,-3.178
125,A,CA,-19.609,6.084,-3.824
125,A,C,-20.185,7.185,-2.96
125,A,O,-20.109,7.171,-1.706
125,A,CB,-20.604,4.989,-4.123
126,V,N,-20.834,8.111,-3.61
126,V,CA,-21.703,9.083,-2.933
126,V,C,-23.096,8.954,-3.509
126,V,O,-23.244,8.551,-4.703
126,V,CB,-21.175,10.519,-3.114
126,V,CG1,-19.846,10.725,-2.412
126,V,CG2,-21.078,10.897,-4.587
127,G,N,-24.102,9.341,-2.747
127,G,CA,-25.466,9.234,-3.257
127,G,C,-26.368,10.276,-2.676
127,G,O,-26.039,10.82,-1.605
128,V,N,-27.459,10.533,-3.369
128,V,CA,-28.478,11.503,-2.958
128,V,C,-29.815,10.821,-3.194
128,V,O,-29.988,10.212,-4.274
128,V,CB,-28.379,12.789,-3.781
128,V,CG1,-29.541,13.711,-3.44
128,V,CG2,-27.054,13.454,-3.59
129,S,N,-30.744,10.986,-2.278
129,S,CA,-32.151,10.686,-2.565
129,S,C,-33.049,11.828,-2.147
129,S,O,-32.634,12.657,-1.321
129,S,CB,-32.531,9.403,-1.924
129,S,OG,-32.518,9.479,-0.521
130,F,N,-34.234,11.859,-2.736
130,F,CA,-35.283,12.777,-2.266
130,F,C,-36.605,12.274,-2.808
130,F,O,-36.656,11.384,-3.689
130,F,CB,-34.931,14.221,-2.649
130,F,CG,-34.586,14.429,-4.093
130,F,CD1,-33.264,14.322,-4.507
130,F,CD2,-35.557,14.715,-5.033
130,F,CE1,-32.915,14.56,-5.834
130,F,CE2,-35.218,14.904,-6.37
130,F,CZ,-33.888,14.847,-6.755
131,M,N,-37.674,12.837,-2.27
131,M,CA,-39.02,12.766,-2.879
131,M,C,-39.177,13.916,-3.865
131,M,O,-38.796,15.07,-3.564
131,M,CB,-40.093,12.884,-1.797
131,M,CG,-40.065,11.723,-0.814
131,M,SD,-40.385,10.109,-1.57
131,M,CE,-41.994,10.391,-2.314
132,F,N,-39.745,13.621,-5.017
132,F,CA,-40.293,14.631,-5.943
132,F,C,-41.8,14.391,-5.963
132,F,O,-42.238,13.387,-6.496
132,F,CB,-39.666,14.48,-7.323
132,F,CG,-40.112,15.53,-8.295
132,F,CD1,-41.343,15.424,-8.929
132,F,CD2,-39.321,16.637,-8.552
132,F,CE1,-41.775,16.409,-9.805
132,F,CE2,-39.753,17.602,-9.464
132,F,CZ,-40.97,17.489,-10.082
133,N,N,-42.572,15.244,-5.322
133,N,CA,-44.003,14.956,-5.083
133,N,C,-44.132,13.514,-4.571
133,N,O,-43.492,13.147,-3.589
133,N,CB,-44.82,15.272,-6.338
133,N,CG,-44.955,16.768,-6.534
133,N,OD1,-44.809,17.524,-5.568
133,N,ND2,-45.313,17.202,-7.734
134,G,N,-44.883,12.663,-5.247
134,G,CA,-45.136,11.32,-4.711
134,G,C,-44.115,10.294,-5.175
134,G,O,-44.369,9.103,-4.899
135,T,N,-43.012,10.72,-5.798
135,T,CA,-42.049,9.818,-6.456
135,T,C,-40.716,9.906,-5.73
135,T,O,-40.23,11.042,-5.489
135,T,CB,-41.884,10.185,-7.921
135,T,OG1,-43.182,10.069,-8.509
135,T,CG2,-40.877,9.289,-8.597
136,S,N,-40.171,8.747,-5.361
136,S,CA,-38.851,8.659,-4.707
136,S,C,-37.784,8.503,-5.789
136,S,O,-37.952,7.654,-6.7
136,S,CB,-38.84,7.579,-3.678
136,S,OG,-39.058,6.324,-4.29
137,L,N,-36.733,9.309,-5.683
137,L,CA,-35.621,9.307,-6.654
137,L,C,-34.329,9.062,-5.873
137,L,O,-34.102,9.762,-4.891
137,L,CB,-35.554,10.645,-7.378
137,L,CG,-36.79,11.042,-8.19
137,L,CD1,-36.612,12.437,-8.792
137,L,CD2,-37.068,10.03,-9.286
138,G,N,-33.484,8.156,-6.356
138,G,CA,-32.157,7.877,-5.794
138,G,C,-31.102,7.99,-6.867
138,G,O,-31.366,7.628,-8.036
139,F,N,-29.936,8.478,-6.481
139,F,CA,-28.814,8.713,-7.396
139,F,C,-27.535,8.3,-6.711
139,F,O,-27.243,8.765,-5.581
139,F,CB,-28.731,10.184,-7.788
139,F,CG,-30.009,10.735,-8.374
139,F,CD1,-30.293,10.588,-9.715
139,F,CD2,-30.976,11.299,-7.544
139,F,CE1,-31.489,11.085,-10.229
139,F,CE2,-32.162,11.79,-8.05
139,F,CZ,-32.415,11.683,-9.405
140,V,N,-26.783,7.458,-7.409
140,V,CA,-25.496,6.956,-6.921
140,V,C,-24.443,7.297,-7.943
140,V,O,-24.57,6.854,-9.074
140,V,CB,-25.588,5.456,-6.643
140,V,CG1,-24.281,4.878,-6.132
140,V,CG2,-26.72,5.121,-5.699
141,N,N,-23.376,7.94,-7.483
141,N,CA,-22.14,8.141,-8.25
141,N,C,-21.062,7.297,-7.601
141,N,O,-20.708,7.566,-6.478
141,N,CB,-21.719,9.612,-8.254
141,N,CG,-20.363,9.832,-8.875
141,N,OD1,-19.939,9.015,-9.692
141,N,ND2,-19.649,10.861,-8.442
142,S,N,-20.594,6.267,-8.286
142,S,CA,-19.533,5.406,-7.733
142,S,C,-18.284,5.512,-8.588
142,S,O,-18.357,5.538,-9.834
142,S,CB,-19.994,3.986,-7.54
142,S,OG,-20.343,3.4,-8.773
143,H,N,-17.144,5.461,-7.912
143,H,CA,-15.822,5.299,-8.542
143,H,C,-15.312,3.951,-8.066
143,H,O,-14.967,3.843,-6.888
143,H,CB,-14.896,6.439,-8.155
143,H,CG,-13.644,6.449,-8.953
143,H,ND1,-12.681,7.398,-8.768
143,H,CD2,-13.236,5.705,-10.006
143,H,CE1,-11.677,7.184,-9.603
143,H,NE2,-12.015,6.176,-10.409
144,L,N,-15.405,2.937,-8.926
144,L,CA,-15.054,1.569,-8.518
144,L,C,-13.58,1.282,-8.813
144,L,O,-12.895,2.056,-9.474
144,L,CB,-15.917,0.557,-9.258
144,L,CG,-17.423,0.769,-9.206
144,L,CD1,-18.094,-0.416,-9.893
144,L,CD2,-17.959,0.967,-7.811
145,T,N,-13.127,0.143,-8.319
145,T,CA,-11.724,-0.275,-8.387
145,T,C,-11.267,-0.226,-9.846
145,T,O,-11.987,-0.691,-10.721
145,T,CB,-11.566,-1.679,-7.807
145,T,OG1,-11.916,-1.571,-6.424
145,T,CG2,-10.162,-2.207,-7.983
146,S,N,-10.038,0.226,-10.081
146,S,CA,-9.472,0.316,-11.446
146,S,C,-8.773,-0.981,-11.826
146,S,O,-8.525,-1.823,-10.976
146,S,CB,-8.525,1.505,-11.568
146,S,OG,-7.375,1.299,-10.774
147,G,N,-8.432,-1.104,-13.098
147,G,CA,-7.576,-2.182,-13.579
147,G,C,-8.368,-3.25,-14.26
147,G,O,-9.374,-3.771,-13.72
148,S,N,-7.934,-3.613,-15.447
148,S,CA,-8.615,-4.656,-16.226
148,S,C,-8.759,-5.99,-15.49
148,S,O,-9.7,-6.704,-15.724
148,S,CB,-7.957,-4.837,-17.546
148,S,OG,-6.725,-5.527,-17.433
149,E,N,-7.825,-6.272,-14.583
149,E,CA,-7.717,-7.576,-13.89
149,E,C,-8.622,-7.606,-12.649
149,E,O,-8.631,-8.646,-11.971
149,E,CB,-6.242,-7.828,-13.56
149,E,CG,-5.616,-6.796,-12.629
149,E,CD,-5.497,-5.347,-13.095
149,E,OE1,-5.43,-4.465,-12.217
149,E,OE2,-5.409,-5.098,-14.318
150,K,N,-9.361,-6.524,-12.367
150,K,CA,-10.122,-6.408,-11.087
150,K,C,-11.633,-6.318,-11.26
150,K,O,-12.304,-5.66,-10.417
150,K,CB,-9.569,-5.274,-10.243
150,K,CG,-8.143,-5.593,-9.828
150,K,CD,-7.59,-4.579,-8.948
150,K,CE,-6.198,-4.95,-8.494
150,K,NZ,-5.499,-3.742,-7.995
151,K,N,-12.199,-7.031,-12.227
151,K,CA,-13.67,-6.979,-12.386
151,K,C,-14.357,-7.563,-11.14
151,K,O,-15.374,-7.044,-10.72
151,K,CB,-14.116,-7.649,-13.678
151,K,CG,-14.239,-9.148,-13.621
151,K,CD,-14.323,-9.688,-15.004
151,K,CE,-14.573,-11.17,-14.96
151,K,NZ,-14.689,-11.695,-16.333
152,L,N,-13.786,-8.579,-10.521
152,L,CA,-14.433,-9.155,-9.325
152,L,C,-14.501,-8.114,-8.225
152,L,O,-15.53,-7.968,-7.578
152,L,CB,-13.691,-10.406,-8.861
152,L,CG,-14.109,-10.938,-7.493
152,L,CD1,-15.591,-11.259,-7.481
152,L,CD2,-13.267,-12.172,-7.159
153,R,N,-13.392,-7.407,-7.997
153,R,CA,-13.324,-6.312,-6.991
153,R,C,-14.424,-5.292,-7.281
153,R,O,-15.108,-4.879,-6.345
153,R,CB,-11.954,-5.636,-7.006
153,R,CG,-10.864,-6.498,-6.389
153,R,CD,-11.035,-6.615,-4.893
153,R,NE,-10.047,-7.533,-4.351
153,R,CZ,-10.247,-8.824,-4.128
153,R,NH1,-11.427,-9.371,-4.369
153,R,NH2,-9.267,-9.56,-3.645
154,R,N,-14.587,-4.903,-8.543
154,R,CA,-15.665,-3.958,-8.915
154,R,C,-17.015,-4.544,-8.495
154,R,O,-17.85,-3.816,-7.953
154,R,CB,-15.618,-3.665,-10.41
154,R,CG,-14.429,-2.82,-10.798
154,R,CD,-14.442,-2.404,-12.237
154,R,NE,-13.877,-3.385,-13.132
154,R,CZ,-12.572,-3.532,-13.347
154,R,NH1,-11.712,-2.852,-12.601
154,R,NH2,-12.128,-4.411,-14.232
155,N,N,-17.236,-5.824,-8.757
155,N,CA,-18.536,-6.45,-8.447
155,N,C,-18.755,-6.429,-6.922
155,N,O,-19.898,-6.187,-6.485
155,N,CB,-18.68,-7.871,-8.986
155,N,CG,-18.427,-8.032,-10.466
155,N,OD1,-18.565,-7.099,-11.238
155,N,ND2,-18.083,-9.241,-10.879
156,Q,N,-17.693,-6.636,-6.16
156,Q,CA,-17.711,-6.556,-4.682
156,Q,C,-17.97,-5.116,-4.265
156,Q,O,-18.669,-4.933,-3.309
156,Q,CB,-16.417,-7.086,-4.084
156,Q,CG,-16.272,-8.581,-4.341
156,Q,CD,-14.891,-9.141,-4.091
156,Q,OE1,-13.875,-8.456,-4.193
156,Q,NE2,-14.84,-10.449,-3.82
157,N,N,-17.335,-4.139,-4.924
157,N,CA,-17.536,-2.725,-4.566
157,N,C,-19.034,-2.432,-4.729
157,N,O,-19.644,-1.796,-3.869
157,N,CB,-16.712,-1.807,-5.469
157,N,CG,-15.204,-1.878,-5.308
157,N,OD1,-14.488,-1.511,-6.239
157,N,ND2,-14.688,-2.391,-4.194
158,Y,N,-19.606,-2.841,-5.865
158,Y,CA,-21.046,-2.643,-6.151
158,Y,C,-21.893,-3.205,-5.004
158,Y,O,-22.816,-2.55,-4.536
158,Y,CB,-21.414,-3.325,-7.477
158,Y,CG,-22.879,-3.557,-7.663
158,Y,CD1,-23.679,-2.54,-8.167
158,Y,CD2,-23.464,-4.776,-7.36
158,Y,CE1,-25.038,-2.728,-8.336
158,Y,CE2,-24.816,-4.995,-7.58
158,Y,CZ,-25.602,-3.967,-8.076
158,Y,OH,-26.958,-4.13,-8.236
159,M,N,-21.598,-4.428,-4.558
159,M,CA,-22.41,-5.054,-3.487
159,M,C,-22.231,-4.266,-2.184
159,M,O,-23.243,-4.045,-1.486
159,M,CB,-22.05,-6.517,-3.246
159,M,CG,-22.902,-7.118,-2.159
159,M,SD,-22.659,-8.873,-1.962
159,M,CE,-23.408,-9.467,-3.482
160,N,N,-21.005,-3.838,-1.86
160,N,CA,-20.811,-3.036,-0.622
160,N,C,-21.576,-1.728,-0.716
160,N,O,-22.27,-1.35,0.243
160,N,CB,-19.334,-2.856,-0.272
160,N,CG,-18.828,-4.14,0.323
160,N,OD1,-19.505,-4.695,1.173
160,N,ND2,-17.764,-4.697,-0.228
161,I,N,-21.567,-1.078,-1.864
161,I,CA,-22.263,0.223,-2.022
161,I,C,-23.771,0.037,-1.858
161,I,O,-24.4,0.78,-1.154
161,I,CB,-21.903,0.871,-3.36
161,I,CG1,-20.424,1.26,-3.398
161,I,CG2,-22.794,2.063,-3.642
161,I,CD1,-19.868,1.374,-4.785
162,L,N,-24.283,-0.978,-2.557
162,L,CA,-25.703,-1.402,-2.578
162,L,C,-26.17,-1.615,-1.137
162,L,O,-27.219,-1.072,-0.756
162,L,CB,-25.763,-2.682,-3.416
162,L,CG,-27.115,-3.371,-3.545
162,L,CD1,-27.227,-4.073,-4.891
162,L,CD2,-27.341,-4.348,-2.404
163,R,N,-25.383,-2.36,-0.362
163,R,CA,-25.729,-2.713,1.027
163,R,C,-25.662,-1.524,1.961
163,R,O,-26.484,-1.43,2.879
163,R,CB,-24.784,-3.778,1.515
163,R,CG,-25.124,-5.118,0.919
163,R,CD,-24.108,-6.058,1.471
163,R,NE,-24.324,-6.299,2.887
163,R,CZ,-23.532,-7.095,3.613
163,R,NH1,-22.486,-7.702,3.051
163,R,NH2,-23.811,-7.291,4.877
164,F,N,-24.636,-0.693,1.84
164,F,CA,-24.277,0.213,2.946
164,F,C,-24.657,1.654,2.669
164,F,O,-24.582,2.483,3.598
164,F,CB,-22.809,0.013,3.297
164,F,CG,-22.544,-1.389,3.77
164,F,CD1,-23.334,-1.938,4.769
164,F,CD2,-21.58,-2.191,3.178
164,F,CE1,-23.12,-3.237,5.204
164,F,CE2,-21.336,-3.467,3.65
164,F,CZ,-22.154,-4.01,4.614
165,L,N,-25.053,1.991,1.453
165,L,CA,-25.454,3.375,1.198
165,L,C,-26.841,3.583,1.799
165,L,O,-27.756,2.84,1.477
165,L,CB,-25.34,3.611,-0.3
165,L,CG,-25.265,5.062,-0.756
165,L,CD1,-23.968,5.757,-0.349
165,L,CD2,-25.446,5.128,-2.247
166,A,N,-26.951,4.504,2.749
166,A,CA,-28.173,4.738,3.551
166,A,C,-28.887,5.929,2.943
166,A,O,-28.57,7.075,3.314
166,A,CB,-27.827,5.017,5.018
167,L,N,-29.741,5.666,1.963
167,L,CA,-30.56,6.701,1.305
167,L,C,-32.003,6.264,1.462
167,L,O,-32.249,5.061,1.722
167,L,CB,-30.214,6.78,-0.177
167,L,CG,-28.771,7.165,-0.506
167,L,CD1,-28.517,7.071,-2.004
167,L,CD2,-28.489,8.565,-0.03
168,G,N,-32.92,7.173,1.197
168,G,CA,-34.334,6.829,1.129
168,G,C,-34.88,6.609,2.502
168,G,O,-34.293,7.073,3.482
169,D,N,-36.013,5.957,2.561
169,D,CA,-36.871,5.899,3.766
169,D,C,-36.348,4.815,4.708
169,D,O,-36.424,3.642,4.368
169,D,CB,-38.307,5.727,3.294
169,D,CG,-39.308,5.595,4.422
169,D,OD1,-38.915,5.758,5.589
169,D,OD2,-40.458,5.27,4.116
170,K,N,-35.813,5.208,5.867
170,K,CA,-35.198,4.277,6.849
170,K,C,-36.257,3.331,7.422
170,K,O,-35.878,2.283,7.951
170,K,CB,-34.501,5.059,7.967
170,K,CG,-33.428,6.045,7.507
170,K,CD,-32.555,5.509,6.378
170,K,CE,-31.441,6.44,5.926
170,K,NZ,-31.786,7.16,4.678
171,K,N,-37.536,3.63,7.265
171,K,CA,-38.581,2.674,7.7
171,K,C,-38.597,1.443,6.794
171,K,O,-39.162,0.438,7.213
171,K,CB,-39.942,3.347,7.708
171,K,CG,-40.059,4.404,8.788
171,K,CD,-41.441,4.98,8.9
171,K,CE,-41.497,5.805,10.166
171,K,NZ,-42.704,6.657,10.202
172,L,N,-38.055,1.553,5.581
172,L,CA,-37.945,0.404,4.649
172,L,C,-36.74,-0.44,5.051
172,L,O,-35.85,-0.672,4.213
172,L,CB,-37.814,0.931,3.218
172,L,CG,-39.005,1.714,2.683
172,L,CD1,-38.709,2.209,1.285
172,L,CD2,-40.274,0.862,2.711
173,S,N,-36.735,-0.882,6.316
173,S,CA,-35.543,-1.472,6.963
173,S,C,-35.053,-2.691,6.206
173,S,O,-33.85,-2.883,6.168
173,S,CB,-35.726,-1.777,8.44
173,S,OG,-36.809,-2.62,8.652
174,P,N,-35.884,-3.593,5.635
174,P,CA,-35.321,-4.783,5.004
174,P,C,-34.781,-4.517,3.592
174,P,O,-34.221,-5.396,2.99
174,P,CB,-36.475,-5.77,4.845
174,P,CG,-37.678,-5.107,5.387
174,P,CD,-37.352,-3.658,5.702
175,F,N,-34.935,-3.298,3.109
175,F,CA,-34.695,-2.993,1.689
175,F,C,-33.416,-2.188,1.553
175,F,O,-33.252,-1.194,2.259
175,F,CB,-35.874,-2.25,1.104
175,F,CG,-37.115,-3.074,1.222
175,F,CD1,-37.302,-4.137,0.359
175,F,CD2,-38.044,-2.828,2.231
175,F,CE1,-38.414,-4.946,0.488
175,F,CE2,-39.172,-3.625,2.345
175,F,CZ,-39.347,-4.689,1.478
176,N,N,-32.584,-2.596,0.617
176,N,CA,-31.43,-1.765,0.214
176,N,C,-31.853,-0.747,-0.876
176,N,O,-33.012,-0.734,-1.35
176,N,CB,-30.267,-2.649,-0.21
176,N,CG,-30.604,-3.499,-1.414
176,N,OD1,-30.873,-2.963,-2.491
176,N,ND2,-30.484,-4.813,-1.276
177,I,N,-30.903,0.082,-1.302
177,I,CA,-31.221,1.158,-2.269
177,I,C,-31.773,0.597,-3.571
177,I,O,-32.491,1.339,-4.223
177,I,CB,-30.018,2.04,-2.585
177,I,CG1,-28.802,1.225,-3.03
177,I,CG2,-29.738,2.908,-1.386
177,I,CD1,-27.771,2.091,-3.716
178,T,N,-31.492,-0.648,-3.929
178,T,CA,-32.053,-1.229,-5.175
178,T,C,-33.569,-1.445,-5.064
178,T,O,-34.15,-1.811,-6.089
178,T,CB,-31.363,-2.517,-5.649
178,T,OG1,-31.742,-3.634,-4.847
178,T,CG2,-29.86,-2.387,-5.7
179,H,N,-34.194,-1.27,-3.898
179,H,CA,-35.657,-1.371,-3.757
179,H,C,-36.296,-0.122,-3.183
179,H,O,-37.486,-0.139,-3.097
179,H,CB,-36.016,-2.597,-2.93
179,H,CG,-35.907,-3.814,-3.778
179,H,ND1,-35.089,-4.857,-3.456
179,H,CD2,-36.545,-4.156,-4.933
179,H,CE1,-35.195,-5.791,-4.38
179,H,NE2,-36.088,-5.393,-5.291
180,R,N,-35.554,0.912,-2.815
180,R,CA,-36.169,2.004,-2.032
180,R,C,-36.733,3.102,-2.914
180,R,O,-37.394,3.977,-2.357
180,R,CB,-35.123,2.592,-1.093
180,R,CG,-34.888,1.741,0.135
180,R,CD,-33.937,2.372,1.124
180,R,NE,-33.9,1.546,2.333
180,R,CZ,-33.482,1.938,3.523
180,R,NH1,-33.089,3.183,3.746
180,R,NH2,-33.514,1.083,4.526
181,F,N,-36.485,3.082,-4.228
181,F,CA,-36.798,4.246,-5.082
181,F,C,-37.665,3.861,-6.247
181,F,O,-37.416,2.86,-6.906
181,F,CB,-35.543,4.943,-5.588
181,F,CG,-34.652,5.275,-4.44
181,F,CD1,-35.03,6.266,-3.541
181,F,CD2,-33.517,4.518,-4.182
181,F,CE1,-34.264,6.516,-2.42
181,F,CE2,-32.739,4.801,-3.068
181,F,CZ,-33.105,5.81,-2.198
182,T,N,-38.567,4.757,-6.596
182,T,CA,-39.342,4.622,-7.84
182,T,C,-38.355,4.54,-9.018
182,T,O,-38.54,3.716,-9.931
182,T,CB,-40.256,5.819,-8.075
182,T,OG1,-40.946,6.169,-6.867
182,T,CG2,-41.209,5.467,-9.188
183,H,N,-37.364,5.43,-9.027
183,H,CA,-36.28,5.472,-10.034
183,H,C,-34.956,5.599,-9.299
183,H,O,-34.842,6.5,-8.441
183,H,CB,-36.429,6.662,-10.945
183,H,CG,-37.731,6.788,-11.626
183,H,ND1,-38.045,6.053,-12.742
183,H,CD2,-38.761,7.624,-11.384
183,H,CE1,-39.241,6.445,-13.161
183,H,NE2,-39.717,7.369,-12.309
184,L,N,-34.034,4.691,-9.585
184,L,CA,-32.652,4.676,-9.07
184,L,C,-31.707,4.777,-10.254
184,L,O,-31.856,3.987,-11.191
184,L,CB,-32.382,3.389,-8.309
184,L,CG,-30.935,3.202,-7.875
184,L,CD1,-30.457,4.349,-6.976
184,L,CD2,-30.799,1.858,-7.175
185,F,N,-30.847,5.789,-10.258
185,F,CA,-29.837,5.968,-11.307
185,F,C,-28.497,5.732,-10.636
185,F,O,-28.208,6.316,-9.585
185,F,CB,-29.933,7.35,-11.94
185,F,CG,-31.276,7.554,-12.597
185,F,CD1,-32.308,8.135,-11.886
185,F,CD2,-31.473,7.278,-13.945
185,F,CE1,-33.545,8.322,-12.487
185,F,CE2,-32.725,7.42,-14.521
185,F,CZ,-33.746,7.966,-13.791
186,W,N,-27.704,4.86,-11.217
186,W,CA,-26.372,4.504,-10.715
186,W,C,-25.411,4.722,-11.869
186,W,O,-25.556,4.095,-12.927
186,W,CB,-26.359,3.061,-10.216
186,W,CG,-25.16,2.703,-9.435
186,W,CD1,-23.856,3.041,-9.669
186,W,CD2,-25.144,1.793,-8.326
186,W,NE1,-23.041,2.429,-8.756
186,W,CE2,-23.802,1.647,-7.938
186,W,CE3,-26.148,1.098,-7.645
186,W,CZ2,-23.428,0.867,-6.85
186,W,CZ3,-25.781,0.304,-6.577
186,W,CH2,-24.431,0.169,-6.214
187,F,N,-24.449,5.582,-11.629
187,F,CA,-23.505,6.042,-12.662
187,F,C,-22.153,6.223,-11.998
187,F,O,-21.988,6.133,-10.742
187,F,CB,-24.05,7.322,-13.329
187,F,CG,-24.53,8.349,-12.337
187,F,CD1,-25.792,8.238,-11.764
187,F,CD2,-23.729,9.398,-11.934
187,F,CE1,-26.225,9.133,-10.799
187,F,CE2,-24.159,10.284,-10.965
187,F,CZ,-25.413,10.167,-10.403
188,G,N,-21.172,6.442,-12.839
188,G,CA,-19.857,6.786,-12.359
188,G,C,-18.775,6.257,-13.261
188,G,O,-19.035,5.776,-14.408
189,D,N,-17.567,6.361,-12.739
189,D,CA,-16.436,5.628,-13.307
189,D,C,-16.489,4.242,-12.712
189,D,O,-15.853,3.975,-11.654
189,D,CB,-15.113,6.352,-13.065
189,D,CG,-13.94,5.612,-13.665
189,D,OD1,-14.161,4.531,-14.251
189,D,OD2,-12.821,6.14,-13.592
190,L,N,-17.256,3.389,-13.384
190,L,CA,-17.437,2.021,-12.875
190,L,C,-16.196,1.203,-13.217
190,L,O,-16.041,0.144,-12.651
190,L,CB,-18.701,1.433,-13.487
190,L,CG,-19.967,2.267,-13.281
190,L,CD1,-21.169,1.429,-13.648
190,L,CD2,-20.042,2.738,-11.843
191,N,N,-15.361,1.676,-14.144
191,N,CA,-13.985,1.161,-14.339
191,N,C,-13.983,-0.245,-14.944
191,N,O,-12.901,-0.821,-15.005
191,N,CB,-13.171,1.173,-13.034
191,N,CG,-12.002,2.134,-13.107
191,N,OD1,-11.369,2.286,-14.152
191,N,ND2,-11.785,2.876,-12.043
192,Y,N,-15.091,-0.723,-15.494
192,Y,CA,-15.063,-1.979,-16.266
192,Y,C,-14.398,-1.735,-17.622
192,Y,O,-14.601,-0.709,-18.227
192,Y,CB,-16.452,-2.578,-16.407
192,Y,CG,-17.005,-3.07,-15.102
192,Y,CD1,-16.813,-4.385,-14.708
192,Y,CD2,-17.747,-2.254,-14.269
192,Y,CE1,-17.327,-4.859,-13.52
192,Y,CE2,-18.279,-2.728,-13.083
192,Y,CZ,-18.107,-4.045,-12.726
192,Y,OH,-18.619,-4.501,-11.562
193,R,N,-13.649,-2.717,-18.095
193,R,CA,-12.745,-2.57,-19.249
193,R,C,-13.152,-3.497,-20.364
193,R,O,-13.932,-4.427,-20.12
193,R,CB,-11.303,-2.871,-18.849
193,R,CG,-10.83,-2.084,-17.637
193,R,CD,-11.034,-0.595,-17.782
193,R,NE,-10.601,0.119,-16.587
193,R,CZ,-9.385,0.58,-16.381
193,R,NH1,-8.459,0.404,-17.295
193,R,NH2,-9.076,1.165,-15.247
194,V,N,-12.659,-3.163,-21.542
194,V,CA,-12.742,-4.042,-22.73
194,V,C,-11.658,-5.099,-22.56
194,V,O,-10.432,-4.805,-22.68
194,V,CB,-12.622,-3.207,-24.001
194,V,CG1,-12.471,-4.076,-25.226
194,V,CG2,-13.832,-2.322,-24.175
195,D,N,-12.089,-6.322,-22.234
195,D,CA,-11.203,-7.47,-21.928
195,D,C,-10.801,-8.151,-23.238
195,D,O,-11.473,-9.12,-23.652
195,D,CB,-11.867,-8.453,-20.966
195,D,CG,-10.939,-9.594,-20.588
195,D,OD1,-9.728,-9.46,-20.845
195,D,OD2,-11.437,-10.603,-20.058
196,L,N,-9.753,-7.627,-23.876
196,L,CA,-9.164,-8.207,-25.08
196,L,C,-7.666,-8.276,-24.809
196,L,O,-7.148,-7.619,-23.909
196,L,CB,-9.54,-7.297,-26.245
196,L,CG,-10.911,-7.553,-26.876
196,L,CD1,-11.194,-6.516,-27.941
196,L,CD2,-11.015,-8.937,-27.487
197,P,N,-6.908,-9.092,-25.572
197,P,CA,-5.473,-9.174,-25.345
197,P,C,-4.839,-7.798,-25.573
197,P,O,-5.252,-7.055,-26.448
197,P,CB,-4.995,-10.187,-26.375
197,P,CG,-6.237,-11.01,-26.694
197,P,CD,-7.367,-9.999,-26.632
198,T,N,-3.81,-7.473,-24.785
198,T,CA,-3.149,-6.138,-24.77
198,T,C,-2.399,-5.889,-26.084
198,T,O,-2.161,-4.706,-26.404
198,T,CB,-2.215,-5.994,-23.564
198,T,OG1,-1.296,-7.087,-23.602
198,T,CG2,-2.972,-5.969,-22.255
199,W,N,-2.046,-6.95,-26.814
199,W,CA,-1.37,-6.856,-28.137
199,W,C,-2.402,-6.62,-29.251
199,W,O,-1.977,-6.411,-30.404
199,W,CB,-0.509,-8.096,-28.4
199,W,CG,-1.26,-9.391,-28.37
199,W,CD1,-1.949,-9.968,-29.397
199,W,CD2,-1.378,-10.292,-27.254
199,W,NE1,-2.492,-11.158,-28.996
199,W,CE2,-2.156,-11.386,-27.688
199,W,CE3,-0.913,-10.28,-25.935
199,W,CZ2,-2.477,-12.453,-26.85
199,W,CZ3,-1.225,-11.337,-25.108
199,W,CH2,-2.0,-12.406,-25.561
200,E,N,-3.7,-6.649,-28.921
200,E,CA,-4.778,-6.186,-29.823
200,E,C,-5.058,-4.676,-29.656
200,E,O,-6.017,-4.221,-30.248
200,E,CB,-6.05,-6.986,-29.555
200,E,CG,-5.94,-8.44,-29.957
200,E,CD,-5.858,-8.662,-31.457
200,E,OE1,-6.542,-9.587,-31.945
200,E,OE2,-5.094,-7.928,-32.14
201,A,N,-4.273,-3.9,-28.901
201,A,CA,-4.565,-2.473,-28.658
201,A,C,-4.727,-1.706,-29.977
201,A,O,-5.707,-0.931,-30.111
201,A,CB,-3.505,-1.869,-27.811
202,E,N,-3.834,-1.912,-30.95
202,E,CA,-3.907,-1.148,-32.216
202,E,C,-5.161,-1.585,-32.975
202,E,O,-5.827,-0.698,-33.551
202,E,CB,-2.621,-1.303,-33.029
202,E,CG,-1.488,-0.501,-32.409
202,E,CD,-1.716,0.998,-32.218
202,E,OE1,-2.353,1.632,-33.107
202,E,OE2,-1.212,1.564,-31.201
203,T,N,-5.509,-2.866,-32.924
203,T,CA,-6.721,-3.381,-33.598
203,T,C,-7.943,-2.689,-32.986
203,T,O,-8.85,-2.283,-33.704
203,T,CB,-6.854,-4.898,-33.464
203,T,OG1,-5.601,-5.396,-33.925
203,T,CG2,-8.03,-5.467,-34.23
204,I,N,-7.946,-2.55,-31.671
204,I,CA,-9.069,-1.904,-30.936
204,I,C,-9.187,-0.452,-31.382
204,I,O,-10.272,-0.003,-31.715
204,I,CB,-8.837,-1.996,-29.422
204,I,CG1,-8.951,-3.451,-28.965
204,I,CG2,-9.769,-1.061,-28.687
204,I,CD1,-8.423,-3.679,-27.562
205,I,N,-8.071,0.248,-31.379
205,I,CA,-8.066,1.654,-31.836
205,I,C,-8.649,1.772,-33.252
205,I,O,-9.435,2.698,-33.515
205,I,CB,-6.673,2.266,-31.672
205,I,CG1,-6.366,2.361,-30.179
205,I,CG2,-6.591,3.611,-32.383
205,I,CD1,-4.95,2.727,-29.877
206,Q,N,-8.287,0.859,-34.154
206,Q,CA,-8.739,0.935,-35.568
206,Q,C,-10.239,0.6,-35.626
206,Q,O,-10.931,1.191,-36.482
206,Q,CB,-7.848,0.064,-36.459
206,Q,CG,-6.37,0.448,-36.414
206,Q,CD,-5.993,1.612,-37.296
206,Q,OE1,-6.281,2.769,-36.998
206,Q,NE2,-5.295,1.318,-38.382
207,K,N,-10.736,-0.276,-34.742
207,K,CA,-12.191,-0.551,-34.628
207,K,C,-12.914,0.734,-34.189
207,K,O,-13.984,1.109,-34.75
207,K,CB,-12.479,-1.642,-33.6
207,K,CG,-12.028,-3.036,-33.98
207,K,CD,-12.76,-3.546,-35.152
207,K,CE,-12.469,-5.014,-35.364
207,K,NZ,-12.742,-5.379,-36.775
208,I,N,-12.336,1.443,-33.222
208,I,CA,-12.976,2.698,-32.746
208,I,C,-12.995,3.744,-33.871
208,I,O,-14.037,4.409,-34.046
208,I,CB,-12.277,3.264,-31.502
208,I,CG1,-12.326,2.265,-30.336
208,I,CG2,-12.846,4.637,-31.147
208,I,CD1,-11.335,2.478,-29.204
209,K,N,-11.894,3.904,-34.592
209,K,CA,-11.839,4.913,-35.682
209,K,C,-12.888,4.578,-36.749
209,K,O,-13.379,5.498,-37.391
209,K,CB,-10.426,4.989,-36.26
209,K,CG,-9.403,5.548,-35.289
209,K,CD,-8.013,5.417,-35.833
209,K,CE,-7.017,6.21,-35.013
209,K,NZ,-5.673,6.212,-35.628
210,Q,N,-13.243,3.303,-36.928
210,Q,CA,-14.288,2.88,-37.895
210,Q,C,-15.685,2.964,-37.284
210,Q,O,-16.665,2.615,-37.986
210,Q,CB,-14.005,1.458,-38.38
210,Q,CG,-12.718,1.363,-39.197
210,Q,CD,-12.309,-0.075,-39.426
210,Q,OE1,-12.684,-0.663,-40.435
210,Q,NE2,-11.647,-0.681,-38.443
211,Q,N,-15.789,3.379,-36.016
211,Q,CA,-17.077,3.396,-35.268
211,Q,C,-17.703,2.009,-35.325
211,Q,O,-18.938,1.879,-35.474
211,Q,CB,-18.004,4.463,-35.855
211,Q,CG,-17.361,5.831,-35.935
211,Q,CD,-18.386,6.848,-36.389
211,Q,OE1,-19.347,7.133,-35.694
211,Q,NE2,-18.203,7.4,-37.57
212,Q,N,-16.865,0.987,-35.197
212,Q,CA,-17.303,-0.433,-35.203
212,Q,C,-17.114,-0.973,-33.805
212,Q,O,-16.061,-1.458,-33.517
212,Q,CB,-16.557,-1.219,-36.286
212,Q,CG,-17.094,-0.859,-37.648
212,Q,CD,-16.339,-1.502,-38.787
212,Q,OE1,-15.696,-2.527,-38.613
212,Q,NE2,-16.477,-0.919,-39.975
213,Y,N,-18.125,-0.83,-32.975
213,Y,CA,-17.996,-1.086,-31.52
213,Y,C,-18.437,-2.496,-31.167
213,Y,O,-18.204,-2.88,-30.006
213,Y,CB,-18.828,-0.082,-30.739
213,Y,CG,-18.472,1.343,-31.057
213,Y,CD1,-17.145,1.76,-31.183
213,Y,CD2,-19.464,2.287,-31.227
213,Y,CE1,-16.821,3.071,-31.48
213,Y,CE2,-19.158,3.6,-31.521
213,Y,CZ,-17.832,3.993,-31.643
213,Y,OH,-17.497,5.275,-31.951
214,A,N,-19.089,-3.215,-32.074
214,A,CA,-19.751,-4.49,-31.752
214,A,C,-18.747,-5.458,-31.119
214,A,O,-19.104,-6.091,-30.104
214,A,CB,-20.399,-5.069,-32.978
215,D,N,-17.564,-5.61,-31.706
215,D,CA,-16.588,-6.638,-31.281
215,D,C,-15.918,-6.159,-29.992
215,D,O,-15.235,-6.986,-29.343
215,D,CB,-15.529,-6.924,-32.355
215,D,CG,-16.025,-7.573,-33.647
215,D,OD1,-17.154,-7.96,-33.705
215,D,OD2,-15.237,-7.672,-34.591
216,L,N,-15.967,-4.851,-29.694
216,L,CA,-15.401,-4.335,-28.432
216,L,C,-16.444,-4.548,-27.334
216,L,O,-16.052,-4.985,-26.252
216,L,CB,-15.047,-2.863,-28.603
216,L,CG,-14.13,-2.562,-29.783
216,L,CD1,-13.734,-1.098,-29.727
216,L,CD2,-12.894,-3.434,-29.767
217,L,N,-17.721,-4.214,-27.596
217,L,CA,-18.792,-4.313,-26.571
217,L,C,-18.997,-5.762,-26.135
217,L,O,-19.348,-5.995,-25.003
217,L,CB,-20.092,-3.748,-27.129
217,L,CG,-20.088,-2.224,-27.195
217,L,CD1,-21.256,-1.708,-28.054
217,L,CD2,-20.121,-1.615,-25.806
218,S,N,-18.807,-6.708,-27.038
218,S,CA,-18.917,-8.147,-26.703
218,S,C,-17.871,-8.528,-25.651
218,S,O,-18.071,-9.543,-24.999
218,S,CB,-18.806,-9.021,-27.933
218,S,OG,-17.475,-9.001,-28.397
219,H,N,-16.826,-7.714,-25.422
219,H,CA,-15.801,-8.0,-24.385
219,H,C,-15.857,-6.964,-23.258
219,H,O,-14.946,-6.948,-22.426
219,H,CB,-14.407,-8.064,-25.004
219,H,CG,-14.319,-9.176,-25.977
219,H,ND1,-13.932,-10.438,-25.61
219,H,CD2,-14.587,-9.22,-27.296
219,H,CE1,-13.977,-11.228,-26.679
219,H,NE2,-14.377,-10.502,-27.705
220,D,N,-16.848,-6.091,-23.256
220,D,CA,-16.991,-5.096,-22.175
220,D,C,-17.349,-5.833,-20.891
220,D,O,-18.318,-6.596,-20.905
220,D,CB,-18.072,-4.07,-22.472
220,D,CG,-18.334,-3.165,-21.295
220,D,OD1,-17.553,-2.248,-21.109
220,D,OD2,-19.3,-3.386,-20.624
221,Q,N,-16.529,-5.647,-19.871
221,Q,CA,-16.678,-6.462,-18.664
221,Q,C,-17.983,-6.133,-17.958
221,Q,O,-18.483,-6.989,-17.251
221,Q,CB,-15.522,-6.215,-17.717
221,Q,CG,-14.244,-6.834,-18.202
221,Q,CD,-13.121,-6.363,-17.315
221,Q,OE1,-13.173,-5.277,-16.687
221,Q,NE2,-12.08,-7.17,-17.284
222,L,N,-18.497,-4.911,-18.04
222,L,CA,-19.774,-4.586,-17.388
222,L,C,-20.893,-5.34,-18.104
222,L,O,-21.708,-6.017,-17.436
222,L,CB,-20.035,-3.085,-17.333
222,L,CG,-21.32,-2.724,-16.607
222,L,CD1,-21.434,-3.388,-15.262
222,L,CD2,-21.485,-1.229,-16.512
223,L,N,-20.935,-5.285,-19.421
223,L,CA,-21.975,-6.038,-20.155
223,L,C,-21.816,-7.54,-19.852
223,L,O,-22.816,-8.238,-19.658
223,L,CB,-21.867,-5.721,-21.645
223,L,CG,-22.335,-4.316,-22.02
223,L,CD1,-22.066,-4.063,-23.498
223,L,CD2,-23.801,-4.142,-21.71
224,T,N,-20.613,-8.075,-19.878
224,T,CA,-20.469,-9.543,-19.743
224,T,C,-20.747,-9.96,-18.307
224,T,O,-21.436,-10.974,-18.119
224,T,CB,-19.138,-10.05,-20.291
224,T,OG1,-18.089,-9.514,-19.501
224,T,CG2,-18.927,-9.741,-21.764
225,E,N,-20.299,-9.197,-17.321
225,E,CA,-20.597,-9.521,-15.91
225,E,C,-22.102,-9.401,-15.64
225,E,O,-22.641,-10.182,-14.892
225,E,CB,-19.811,-8.656,-14.932
225,E,CG,-18.32,-8.962,-14.914
225,E,CD,-18.04,-10.37,-14.42
225,E,OE1,-17.702,-10.508,-13.243
225,E,OE2,-18.126,-11.309,-15.222
226,R,N,-22.758,-8.404,-16.239
226,R,CA,-24.225,-8.214,-16.091
226,R,C,-24.939,-9.426,-16.689
226,R,O,-25.886,-9.922,-16.061
226,R,CB,-24.695,-6.927,-16.77
226,R,CG,-24.503,-5.675,-15.93
226,R,CD,-24.955,-4.44,-16.684
226,R,NE,-26.402,-4.396,-16.844
226,R,CZ,-27.034,-3.969,-17.935
226,R,NH1,-28.355,-3.973,-17.974
226,R,NH2,-26.351,-3.542,-18.98
227,R,N,-24.483,-9.902,-17.848
227,R,CA,-25.141,-11.025,-18.563
227,R,C,-25.005,-12.3,-17.729
227,R,O,-25.924,-13.147,-17.786
227,R,CB,-24.543,-11.221,-19.958
227,R,CG,-25.358,-12.142,-20.85
227,R,CD,-24.834,-12.255,-22.273
227,R,NE,-25.009,-11.035,-23.046
227,R,CZ,-26.151,-10.679,-23.621
227,R,NH1,-27.216,-11.452,-23.497
227,R,NH2,-26.236,-9.561,-24.317
228,E,N,-23.896,-12.427,-16.995
228,E,CA,-23.657,-13.599,-16.108
228,E,C,-24.167,-13.316,-14.697
228,E,O,-23.847,-14.089,-13.796
228,E,CB,-22.171,-13.953,-16.132
228,E,CG,-21.769,-14.57,-17.456
228,E,CD,-20.274,-14.849,-17.593
228,E,OE1,-19.657,-15.299,-16.586
228,E,OE2,-19.72,-14.643,-18.698
229,Q,N,-24.887,-12.228,-14.491
229,Q,CA,-25.591,-11.918,-13.23
229,Q,C,-24.576,-11.806,-12.104
229,Q,O,-24.86,-12.281,-10.983
229,Q,CB,-26.705,-12.945,-12.965
229,Q,CG,-27.837,-12.799,-13.969
229,Q,CD,-28.998,-13.726,-13.701
229,Q,OE1,-29.326,-13.992,-12.544
229,Q,NE2,-29.552,-14.301,-14.766
230,K,N,-23.439,-11.177,-12.38
230,K,CA,-22.382,-10.983,-11.36
230,K,C,-22.495,-9.592,-10.739
230,K,O,-21.899,-9.396,-9.666
230,K,CB,-21.004,-11.168,-11.988
230,K,CG,-20.776,-12.53,-12.625
230,K,CD,-21.054,-13.71,-11.693
230,K,CE,-20.479,-15.026,-12.174
230,K,NZ,-19.003,-15.053,-12.009
231,V,N,-23.224,-8.68,-11.384
231,V,CA,-23.308,-7.273,-10.936
231,V,C,-24.532,-6.617,-11.564
231,V,O,-24.972,-7.058,-12.611
231,V,CB,-21.985,-6.568,-11.27
231,V,CG1,-21.883,-6.205,-12.723
231,V,CG2,-21.8,-5.36,-10.391
232,F,N,-25.057,-5.59,-10.923
232,F,CA,-26.143,-4.772,-11.493
232,F,C,-27.314,-5.636,-11.962
232,F,O,-27.935,-5.328,-12.996
232,F,CB,-25.592,-3.889,-12.618
232,F,CG,-24.863,-2.673,-12.111
232,F,CD1,-25.579,-1.593,-11.617
232,F,CD2,-23.485,-2.562,-12.186
232,F,CE1,-24.946,-0.471,-11.13
232,F,CE2,-22.854,-1.429,-11.712
232,F,CZ,-23.586,-0.379,-11.221
233,L,N,-27.683,-6.62,-11.158
233,L,CA,-28.873,-7.453,-11.482
233,L,C,-30.107,-6.549,-11.465
233,L,O,-30.277,-5.772,-10.495
233,L,CB,-28.994,-8.564,-10.438
233,L,CG,-30.115,-9.563,-10.673
233,L,CD1,-29.973,-10.257,-12.005
233,L,CD2,-30.185,-10.56,-9.519
234,H,N,-30.914,-6.632,-12.522
234,H,CA,-32.225,-5.944,-12.64
234,H,C,-32.034,-4.465,-12.906
234,H,O,-33.044,-3.704,-12.81
234,H,CB,-33.125,-6.163,-11.413
234,H,CG,-33.347,-7.605,-11.171
234,H,ND1,-33.409,-8.165,-9.914
234,H,CD2,-33.503,-8.612,-12.059
234,H,CE1,-33.607,-9.469,-10.045
234,H,NE2,-33.669,-9.767,-11.366
235,F,N,-30.828,-4.061,-13.276
235,F,CA,-30.605,-2.69,-13.783
235,F,C,-30.652,-2.701,-15.297
235,F,O,-30.405,-3.733,-15.911
235,F,CB,-29.215,-2.172,-13.417
235,F,CG,-29.211,-1.63,-12.018
235,F,CD1,-29.197,-2.506,-10.944
235,F,CD2,-29.244,-0.278,-11.772
235,F,CE1,-29.217,-2.028,-9.654
235,F,CE2,-29.193,0.194,-10.473
235,F,CZ,-29.207,-0.68,-9.413
236,E,N,-30.941,-1.535,-15.879
236,E,CA,-30.983,-1.303,-17.345
236,E,C,-29.835,-0.372,-17.733
236,E,O,-29.417,0.435,-16.887
236,E,CB,-32.298,-0.647,-17.76
236,E,CG,-33.526,-1.412,-17.327
236,E,CD,-33.664,-2.784,-17.958
236,E,OE1,-34.379,-3.62,-17.376
236,E,OE2,-33.063,-3.006,-19.029
237,E,N,-29.368,-0.483,-18.977
237,E,CA,-28.423,0.469,-19.557
237,E,C,-28.848,0.592,-21.002
237,E,O,-29.196,-0.396,-21.647
237,E,CB,-26.985,-0.023,-19.515
237,E,CG,-25.993,1.06,-19.903
237,E,CD,-24.545,0.623,-19.983
237,E,OE1,-24.28,-0.589,-20.22
237,E,OE2,-23.661,1.519,-19.885
238,E,N,-28.829,1.823,-21.511
238,E,CA,-29.071,2.124,-22.942
238,E,C,-27.922,1.517,-23.756
238,E,O,-26.807,1.359,-23.208
238,E,CB,-29.206,3.637,-23.116
238,E,CG,-29.355,4.08,-24.559
238,E,CD,-30.679,3.707,-25.2
238,E,OE1,-31.666,3.538,-24.459
238,E,OE2,-30.715,3.589,-26.445
239,E,N,-28.192,1.144,-25.009
239,E,CA,-27.159,0.63,-25.894
239,E,C,-26.078,1.702,-26.054
239,E,O,-26.385,2.889,-26.196
239,E,CB,-27.752,0.228,-27.224
239,E,CG,-26.752,-0.49,-28.099
239,E,CD,-27.299,-0.903,-29.462
239,E,OE1,-26.579,-1.631,-30.175
239,E,OE2,-28.403,-0.456,-29.821
240,I,N,-24.838,1.26,-26.034
240,I,CA,-23.667,2.138,-26.183
240,I,C,-23.374,2.29,-27.653
240,I,O,-23.107,1.248,-28.308
240,I,CB,-22.452,1.567,-25.469
240,I,CG1,-22.761,1.601,-23.969
240,I,CG2,-21.192,2.333,-25.88
240,I,CD1,-21.793,0.882,-23.109
241,T,N,-23.37,3.524,-28.133
241,T,CA,-23.122,3.848,-29.567
241,T,C,-22.075,4.943,-29.677
241,T,O,-21.978,5.549,-30.736
241,T,CB,-24.443,4.237,-30.254
241,T,OG1,-24.97,5.433,-29.677
241,T,CG2,-25.499,3.177,-30.106
242,F,N,-21.33,5.2,-28.597
242,F,CA,-20.244,6.194,-28.578
242,F,C,-18.922,5.462,-28.366
242,F,O,-18.905,4.304,-27.85
242,F,CB,-20.452,7.205,-27.462
242,F,CG,-20.816,6.634,-26.115
242,F,CD1,-22.136,6.339,-25.782
242,F,CD2,-19.859,6.53,-25.121
242,F,CE1,-22.465,5.869,-24.516
242,F,CE2,-20.182,6.026,-23.881
242,F,CZ,-21.484,5.744,-23.551
243,A,N,-17.814,6.095,-28.724
243,A,CA,-16.469,5.496,-28.574
243,A,C,-16.155,5.335,-27.092
243,A,O,-16.657,6.079,-26.243
243,A,CB,-15.432,6.354,-29.241
244,P,N,-15.284,4.379,-26.736
244,P,CA,-14.792,4.266,-25.367
244,P,C,-14.3,5.624,-24.851
244,P,O,-13.745,6.412,-25.594
244,P,CB,-13.66,3.281,-25.482
244,P,CG,-14.001,2.435,-26.677
244,P,CD,-14.751,3.339,-27.62
245,T,N,-14.628,5.916,-23.6
245,T,CA,-14.403,7.239,-23.002
245,T,C,-13.108,7.306,-22.222
245,T,O,-12.849,8.324,-21.595
245,T,CB,-15.573,7.554,-22.082
245,T,OG1,-15.67,6.531,-21.095
245,T,CG2,-16.86,7.615,-22.869
246,Y,N,-12.328,6.258,-22.251
246,Y,CA,-11.06,6.12,-21.502
246,Y,C,-10.146,5.241,-22.342
246,Y,O,-10.649,4.372,-23.022
246,Y,CB,-11.341,5.444,-20.17
246,Y,CG,-10.135,5.367,-19.269
246,Y,CD1,-9.586,6.492,-18.681
246,Y,CD2,-9.577,4.152,-18.964
246,Y,CE1,-8.53,6.397,-17.782
246,Y,CE2,-8.51,4.036,-18.091
246,Y,CZ,-7.975,5.17,-17.512
246,Y,OH,-6.909,5.087,-16.668
247,R,N,-8.814,5.431,-22.385
247,R,CA,-8.059,6.475,-21.737
247,R,C,-7.452,7.355,-22.82
247,R,O,-6.744,6.831,-23.724
247,R,CB,-6.928,5.892,-20.887
247,R,CG,-6.099,7.013,-20.273
247,R,CD,-4.97,6.478,-19.425
247,R,NE,-4.411,7.555,-18.622
247,R,CZ,-3.117,7.622,-18.275
247,R,NH1,-2.286,6.697,-18.715
247,R,NH2,-2.647,8.651,-17.578
248,F,N,-7.81,8.623,-22.817
248,F,CA,-7.338,9.555,-23.859
248,F,C,-6.08,10.274,-23.393
248,F,O,-5.938,10.612,-22.209
248,F,CB,-8.365,10.645,-24.099
248,F,CG,-9.581,10.159,-24.829
248,F,CD1,-9.527,9.873,-26.195
248,F,CD2,-10.772,9.976,-24.148
248,F,CE1,-10.655,9.441,-26.863
248,F,CE2,-11.908,9.554,-24.826
248,F,CZ,-11.842,9.26,-26.17
249,E,N,-5.285,10.658,-24.375
249,E,CA,-4.297,11.726,-24.16
249,E,C,-5.054,13.025,-23.897
249,E,O,-6.097,13.299,-24.549
249,E,CB,-3.414,11.838,-25.397
249,E,CG,-2.202,12.723,-25.167
249,E,CD,-1.294,12.757,-26.383
249,E,OE1,-1.179,13.843,-27.019
249,E,OE2,-0.745,11.694,-26.713
250,R,N,-4.586,13.828,-22.963
250,R,CA,-5.282,15.095,-22.661
250,R,C,-5.124,16.089,-23.812
250,R,O,-4.143,15.975,-24.563
250,R,CB,-4.764,15.622,-21.334
250,R,CG,-5.24,14.726,-20.208
250,R,CD,-4.714,15.209,-18.908
250,R,NE,-4.713,14.137,-17.917
250,R,CZ,-5.379,14.202,-16.773
250,R,NH1,-6.218,15.204,-16.57
250,R,NH2,-5.255,13.233,-15.87
251,L,N,-6.084,17.012,-23.921
251,L,CA,-6.05,18.224,-24.78
251,L,C,-6.357,17.846,-26.228
251,L,O,-6.405,18.752,-27.039
251,L,CB,-4.701,18.947,-24.667
251,L,CG,-4.297,19.359,-23.258
251,L,CD1,-2.996,20.174,-23.278
251,L,CD2,-5.407,20.165,-22.602
252,T,N,-6.574,16.568,-26.521
252,T,CA,-7.089,16.111,-27.82
252,T,C,-8.057,14.968,-27.522
252,T,O,-8.007,14.459,-26.378
252,T,CB,-5.904,15.741,-28.717
252,T,OG1,-6.484,15.39,-29.962
252,T,CG2,-5.053,14.618,-28.168
253,R,N,-8.84,14.526,-28.504
253,R,CA,-9.532,13.227,-28.425
253,R,C,-9.007,12.308,-29.514
253,R,O,-9.6,11.205,-29.712
253,R,CB,-11.05,13.344,-28.545
253,R,CG,-11.74,14.007,-27.368
253,R,CD,-11.613,13.303,-26.008
253,R,NE,-10.378,13.62,-25.307
253,R,CZ,-10.184,13.585,-23.985
253,R,NH1,-11.159,13.256,-23.145
253,R,NH2,-9.008,13.903,-23.484
254,D,N,-7.929,12.693,-30.171
254,D,CA,-7.496,11.954,-31.377
254,D,C,-6.704,10.711,-30.981
254,D,O,-6.41,9.926,-31.911
254,D,CB,-6.629,12.825,-32.288
254,D,CG,-7.392,13.98,-32.898
254,D,OD1,-8.634,13.904,-32.96
254,D,OD2,-6.738,14.927,-33.309
255,K,N,-6.305,10.575,-29.707
255,K,CA,-5.29,9.563,-29.334
255,K,C,-5.713,8.873,-28.043
255,K,O,-5.946,9.569,-27.039
255,K,CB,-3.883,10.167,-29.202
255,K,CG,-2.773,9.128,-29.236
255,K,CD,-1.394,9.606,-28.783
255,K,CE,-0.508,10.121,-29.895
255,K,NZ,0.553,10.999,-29.351
256,Y,N,-5.761,7.552,-28.069
256,Y,CA,-5.876,6.754,-26.841
256,Y,C,-4.473,6.477,-26.311
256,Y,O,-3.563,6.062,-27.081
256,Y,CB,-6.621,5.46,-27.082
256,Y,CG,-8.097,5.663,-27.256
256,Y,CD1,-8.96,5.681,-26.17
256,Y,CD2,-8.662,5.832,-28.517
256,Y,CE1,-10.323,5.849,-26.336
256,Y,CE2,-10.015,6.054,-28.672
256,Y,CZ,-10.859,6.08,-27.576
256,Y,OH,-12.201,6.25,-27.76
257,A,N,-4.341,6.607,-25.005
257,A,CA,-3.105,6.334,-24.241
257,A,C,-3.325,5.024,-23.496
257,A,O,-4.03,5.031,-22.488
257,A,CB,-2.824,7.452,-23.287
258,Y,N,-2.813,3.932,-24.043
258,Y,CA,-3.126,2.595,-23.499
258,Y,C,-1.913,1.827,-22.981
258,Y,O,-2.091,0.874,-22.239
258,Y,CB,-3.759,1.699,-24.563
258,Y,CG,-2.871,1.419,-25.749
258,Y,CD1,-1.936,0.395,-25.725
258,Y,CD2,-2.972,2.182,-26.89
258,Y,CE1,-1.101,0.164,-26.804
258,Y,CE2,-2.151,1.958,-27.978
258,Y,CZ,-1.219,0.946,-27.929
258,Y,OH,-0.407,0.731,-29.004
259,T,N,-0.706,2.232,-23.391
259,T,CA,0.559,1.493,-23.128
259,T,C,0.847,1.501,-21.625
259,T,O,0.503,2.5,-20.969
259,T,CB,1.736,2.075,-23.923
259,T,OG1,1.882,3.469,-23.642
259,T,CG2,1.571,1.883,-25.413
260,K,N,1.452,0.423,-21.115
260,K,CA,1.85,0.345,-19.701
260,K,C,2.994,1.344,-19.488
260,K,O,3.816,1.515,-20.401
260,K,CB,2.179,-1.09,-19.287
260,K,CG,3.399,-1.691,-19.954
260,K,CD,3.723,-3.081,-19.431
260,K,CE,5.023,-3.599,-20.014
260,K,NZ,5.224,-5.037,-19.704
261,Q,N,2.911,2.038,-18.363
261,Q,CA,3.829,3.103,-17.924
261,Q,C,4.03,2.946,-16.419
261,Q,O,3.182,2.36,-15.741
261,Q,CB,3.243,4.488,-18.184
261,Q,CG,3.014,4.799,-19.643
261,Q,CD,4.186,5.536,-20.228
261,Q,OE1,4.061,6.712,-20.582
261,Q,NE2,5.334,4.862,-20.304
262,K,N,5.131,3.463,-15.894
262,K,CA,5.261,3.527,-14.422
262,K,C,3.994,4.127,-13.807
262,K,O,3.489,3.582,-12.827
262,K,CB,6.542,4.279,-14.058
262,K,CG,7.75,3.4,-14.283
262,K,CD,9.034,3.991,-13.763
262,K,CE,9.569,5.048,-14.705
262,K,NZ,10.843,5.625,-14.216
263,A,N,3.473,5.214,-14.358
263,A,CA,2.316,5.944,-13.783
263,A,C,1.046,5.078,-13.798
263,A,O,0.17,5.333,-12.998
263,A,CB,2.093,7.215,-14.553
264,T,N,0.958,4.063,-14.649
264,T,CA,-0.198,3.129,-14.659
264,T,C,0.07,1.901,-13.787
264,T,O,-0.733,0.956,-13.866
264,T,CB,-0.578,2.703,-16.082
264,T,OG1,0.349,1.813,-16.69
264,T,CG2,-0.759,3.915,-16.974
265,G,N,1.186,1.841,-13.05
265,G,CA,1.507,0.606,-12.321
265,G,C,1.874,-0.507,-13.28
265,G,O,1.632,-1.678,-12.984
266,M,N,2.454,-0.155,-14.433
266,M,CA,2.823,-1.105,-15.51
266,M,C,1.597,-1.91,-15.973
266,M,O,1.74,-3.081,-16.338
266,M,CB,3.909,-2.092,-15.06
266,M,CG,5.142,-1.427,-14.555
266,M,SD,5.767,-0.251,-15.758
266,M,CE,6.224,-1.319,-17.121
267,K,N,0.425,-1.269,-15.966
267,K,CA,-0.853,-1.842,-16.458
267,K,C,-1.202,-1.192,-17.797
267,K,O,-0.992,0.028,-17.935
267,K,CB,-1.98,-1.597,-15.452
267,K,CG,-1.795,-2.271,-14.101
267,K,CD,-2.815,-1.845,-13.077
267,K,CE,-2.94,-2.823,-11.927
267,K,NZ,-4.022,-2.424,-10.998
268,Y,N,-1.715,-1.987,-18.737
268,Y,CA,-2.301,-1.47,-19.972
268,Y,C,-3.669,-0.913,-19.597
268,Y,O,-4.356,-1.433,-18.72
268,Y,CB,-2.42,-2.572,-21.014
268,Y,CG,-1.095,-2.961,-21.605
268,Y,CD1,-0.61,-2.32,-22.734
268,Y,CD2,-0.291,-3.907,-20.98
268,Y,CE1,0.624,-2.657,-23.274
268,Y,CE2,0.957,-4.24,-21.489
268,Y,CZ,1.41,-3.614,-22.644
268,Y,OH,2.631,-3.932,-23.156
269,N,N,-4.024,0.168,-20.253
269,N,CA,-5.397,0.71,-20.21
269,N,C,-5.937,0.622,-21.624
269,N,O,-6.024,1.669,-22.283
269,N,CB,-5.439,2.126,-19.665
269,N,CG,-5.182,2.169,-18.177
269,N,OD1,-5.879,1.535,-17.368
269,N,ND2,-4.14,2.897,-17.819
270,L,N,-6.298,-0.57,-22.068
270,L,CA,-6.968,-0.683,-23.378
270,L,C,-8.198,0.213,-23.335
270,L,O,-8.886,0.295,-22.324
270,L,CB,-7.382,-2.125,-23.638
270,L,CG,-6.237,-3.115,-23.795
270,L,CD1,-6.793,-4.497,-24.162
270,L,CD2,-5.255,-2.623,-24.842
271,P,N,-8.551,0.852,-24.471
271,P,CA,-9.74,1.697,-24.554
271,P,C,-10.981,0.993,-24.045
271,P,O,-11.214,-0.139,-24.361
271,P,CB,-9.854,1.987,-26.056
271,P,CG,-8.415,1.97,-26.496
271,P,CD,-7.83,0.787,-25.754
272,S,N,-11.706,1.686,-23.18
272,S,CA,-12.806,1.083,-22.409
272,S,C,-13.935,2.059,-22.144
272,S,O,-13.71,3.263,-22.064
272,S,CB,-12.307,0.595,-21.088
272,S,OG,-11.408,-0.468,-21.272
273,W,N,-15.087,1.477,-21.893
273,W,CA,-16.285,2.249,-21.488
273,W,C,-16.32,2.232,-19.957
273,W,O,-17.115,1.517,-19.356
273,W,CB,-17.514,1.657,-22.126
273,W,CG,-17.621,1.96,-23.586
273,W,CD1,-18.079,3.127,-24.129
273,W,CD2,-17.321,1.078,-24.679
273,W,NE1,-18.064,3.037,-25.496
273,W,CE2,-17.598,1.801,-25.861
273,W,CE3,-16.826,-0.222,-24.784
273,W,CZ2,-17.438,1.224,-27.115
273,W,CZ3,-16.644,-0.776,-26.032
273,W,CH2,-16.933,-0.055,-27.175
274,C,N,-15.422,2.981,-19.349
274,C,CA,-15.325,3.06,-17.883
274,C,C,-16.538,3.781,-17.318
274,C,O,-16.856,3.576,-16.16
274,C,CB,-14.078,3.815,-17.479
274,C,SG,-12.635,2.762,-17.75
275,D,N,-17.09,4.698,-18.088
275,D,CA,-17.945,5.774,-17.58
275,D,C,-19.37,5.499,-18.005
275,D,O,-19.665,5.514,-19.206
275,D,CB,-17.385,7.077,-18.085
275,D,CG,-15.919,7.163,-17.705
275,D,OD1,-15.66,7.243,-16.486
275,D,OD2,-15.056,7.175,-18.607
276,R,N,-20.256,5.227,-17.063
276,R,CA,-21.514,4.571,-17.428
276,R,C,-22.672,5.111,-16.626
276,R,O,-22.474,5.657,-15.517
276,R,CB,-21.408,3.066,-17.188
276,R,CG,-20.216,2.364,-17.83
276,R,CD,-20.329,2.223,-19.326
276,R,NE,-21.071,1.006,-19.693
276,R,CZ,-20.512,-0.165,-19.908
276,R,NH1,-19.205,-0.311,-19.727
276,R,NH2,-21.261,-1.193,-20.26
277,V,N,-23.855,4.938,-17.18
277,V,CA,-25.111,5.292,-16.483
277,V,C,-26.046,4.111,-16.622
277,V,O,-26.341,3.72,-17.762
277,V,CB,-25.748,6.542,-17.064
277,V,CG1,-27.092,6.75,-16.376
277,V,CG2,-24.836,7.765,-16.964
278,L,N,-26.505,3.603,-15.475
278,L,CA,-27.523,2.545,-15.4
278,L,C,-28.682,2.993,-14.534
278,L,O,-28.578,4.007,-13.823
278,L,CB,-26.937,1.242,-14.854
278,L,CG,-25.811,0.641,-15.681
278,L,CD1,-24.46,1.183,-15.247
278,L,CD2,-25.83,-0.867,-15.578
279,W,N,-29.809,2.32,-14.664
279,W,CA,-30.969,2.7,-13.852
279,W,C,-31.8,1.471,-13.535
279,W,O,-31.715,0.464,-14.211
279,W,CB,-31.824,3.794,-14.499
279,W,CG,-32.633,3.336,-15.667
279,W,CD1,-33.937,2.927,-15.661
279,W,CD2,-32.185,3.234,-17.032
279,W,NE1,-34.333,2.602,-16.929
279,W,CE2,-33.281,2.777,-17.79
279,W,CE3,-30.968,3.492,-17.68
279,W,CZ2,-33.195,2.544,-19.162
279,W,CZ3,-30.883,3.282,-19.03
279,W,CH2,-31.99,2.812,-19.759
280,K,N,-32.629,1.641,-12.531
280,K,CA,-33.588,0.619,-12.118
280,K,C,-34.789,1.368,-11.595
280,K,O,-34.65,2.094,-10.596
280,K,CB,-33.003,-0.28,-11.039
280,K,CG,-33.973,-1.37,-10.606
280,K,CD,-33.456,-2.226,-9.508
280,K,CE,-34.422,-3.308,-9.061
280,K,NZ,-33.823,-4.076,-7.96
281,S,N,-35.916,1.15,-12.24
281,S,CA,-37.201,1.772,-11.862
281,S,C,-38.127,0.649,-11.415
281,S,O,-38.001,-0.483,-11.901
281,S,CB,-37.769,2.594,-12.972
281,S,OG,-36.837,3.589,-13.353
282,Y,N,-39.083,0.978,-10.575
282,Y,CA,-40.128,0.041,-10.14
282,Y,C,-40.855,-0.419,-11.38
282,Y,O,-40.902,0.278,-12.398
282,Y,CB,-41.114,0.7,-9.192
282,Y,CG,-40.612,0.87,-7.789
282,Y,CD1,-39.476,0.233,-7.294
282,Y,CD2,-41.377,1.609,-6.912
282,Y,CE1,-39.092,0.404,-5.96
282,Y,CE2,-40.998,1.795,-5.606
282,Y,CZ,-39.891,1.145,-5.118
282,Y,OH,-39.613,1.359,-3.813
283,P,N,-41.4,-1.637,-11.349
283,P,CA,-42.079,-2.189,-12.509
283,P,C,-43.235,-1.297,-12.98
283,P,O,-43.963,-0.727,-12.183
283,P,CB,-42.554,-3.579,-12.038
283,P,CG,-42.271,-3.656,-10.577
283,P,CD,-41.312,-2.556,-10.213
284,L,N,-43.355,-1.199,-14.302
284,L,CA,-44.42,-0.476,-15.045
284,L,C,-44.448,0.983,-14.659
284,L,O,-45.515,1.61,-14.772
284,L,CB,-45.761,-1.15,-14.816
284,L,CG,-45.811,-2.581,-15.345
284,L,CD1,-47.169,-3.197,-15.027
284,L,CD2,-45.529,-2.633,-16.837
285,V,N,-43.31,1.536,-14.278
285,V,CA,-43.203,3.017,-14.218
285,V,C,-42.525,3.488,-15.496
285,V,O,-41.48,2.916,-15.916
285,V,CB,-42.451,3.477,-12.965
285,V,CG1,-42.428,4.982,-12.889
285,V,CG2,-43.054,2.906,-11.707
286,H,N,-43.054,4.55,-16.08
286,H,CA,-42.479,5.162,-17.296
286,H,C,-41.044,5.623,-17.007
286,H,O,-40.812,6.443,-16.11
286,H,CB,-43.323,6.327,-17.712
286,H,CG,-42.866,6.937,-18.979
286,H,ND1,-43.244,6.45,-20.229
286,H,CD2,-42.089,8.009,-19.208
286,H,CE1,-42.682,7.197,-21.163
286,H,NE2,-41.972,8.156,-20.561
287,V,N,-40.101,5.096,-17.751
287,V,CA,-38.712,5.595,-17.759
287,V,C,-38.181,5.325,-19.152
287,V,O,-38.212,4.181,-19.588
287,V,CB,-37.873,5.004,-16.614
287,V,CG1,-37.876,3.497,-16.634
287,V,CG2,-36.467,5.578,-16.587
288,V,N,-37.754,6.377,-19.829
288,V,CA,-37.276,6.241,-21.225
288,V,C,-35.98,7.028,-21.321
288,V,O,-35.951,8.196,-20.928
288,V,CB,-38.296,6.736,-22.257
288,V,CG1,-37.698,6.694,-23.656
288,V,CG2,-39.569,5.883,-22.171
289,C,N,-34.921,6.358,-21.725
289,C,CA,-33.622,6.992,-22.017
289,C,C,-33.772,7.765,-23.328
289,C,O,-34.112,7.166,-24.345
289,C,CB,-32.516,5.957,-22.082
289,C,SG,-30.929,6.749,-22.377
290,Q,N,-33.539,9.079,-23.278
290,Q,CA,-33.626,9.998,-24.441
290,Q,C,-32.23,10.26,-25.016
290,Q,O,-32.143,10.619,-26.205
290,Q,CB,-34.263,11.325,-24.031
290,Q,CG,-35.623,11.185,-23.366
290,Q,CD,-36.238,12.546,-23.143
290,Q,OE1,-35.55,13.515,-22.828
290,Q,NE2,-37.544,12.636,-23.332
291,S,N,-31.176,10.092,-24.212
291,S,CA,-29.797,10.322,-24.678
291,S,C,-28.867,9.458,-23.853
291,S,O,-29.181,9.169,-22.729
291,S,CB,-29.414,11.792,-24.696
291,S,OG,-29.16,12.318,-23.422
292,Y,N,-27.786,9.025,-24.493
292,Y,CA,-26.682,8.323,-23.823
292,Y,C,-25.494,8.419,-24.758
292,Y,O,-25.47,7.816,-25.813
292,Y,CB,-27.032,6.878,-23.541
292,Y,CG,-26.072,6.152,-22.639
292,Y,CD1,-25.427,6.809,-21.603
292,Y,CD2,-25.792,4.816,-22.83
292,Y,CE1,-24.623,6.121,-20.708
292,Y,CE2,-24.994,4.108,-21.944
292,Y,CZ,-24.387,4.772,-20.887
292,Y,OH,-23.603,4.059,-20.016
293,G,N,-24.536,9.219,-24.346
293,G,CA,-23.376,9.46,-25.176
293,G,C,-22.244,10.11,-24.42
293,G,O,-22.276,10.272,-23.151
294,S,N,-21.251,10.515,-25.181
294,S,CA,-20.056,11.186,-24.63
294,S,C,-19.8,12.48,-25.374
294,S,O,-20.119,12.594,-26.558
294,S,CB,-18.858,10.324,-24.671
294,S,OG,-18.518,10.024,-26.022
295,T,N,-19.232,13.443,-24.676
295,T,CA,-18.829,14.675,-25.366
295,T,C,-17.535,14.449,-26.139
295,T,O,-16.728,13.56,-25.784
295,T,CB,-18.691,15.856,-24.397
295,T,OG1,-17.67,15.553,-23.448
295,T,CG2,-19.988,16.156,-23.688
296,S,N,-17.351,15.259,-27.159
296,S,CA,-16.184,15.247,-28.076
296,S,C,-15.253,16.432,-27.814
296,S,O,-14.124,16.361,-28.288
296,S,CB,-16.614,15.253,-29.497
296,S,OG,-17.465,14.155,-29.765
297,D,N,-15.704,17.469,-27.099
297,D,CA,-14.981,18.762,-27.071
297,D,C,-14.5,19.121,-25.662
297,D,O,-14.051,20.264,-25.46
297,D,CB,-15.882,19.882,-27.614
297,D,CG,-17.214,19.975,-26.892
297,D,OD1,-17.547,19.057,-26.131
297,D,OD2,-17.943,20.946,-27.132
298,I,N,-14.529,18.177,-24.714
298,I,CA,-14.07,18.446,-23.328
298,I,C,-12.906,17.5,-23.112
298,I,O,-13.127,16.289,-23.003
298,I,CB,-15.194,18.27,-22.315
298,I,CG1,-16.345,19.258,-22.589
298,I,CG2,-14.599,18.393,-20.907
298,I,CD1,-17.618,18.991,-21.811
299,M,N,-11.685,18.044,-23.072
299,M,CA,-10.432,17.268,-23.272
299,M,C,-9.433,17.462,-22.126
299,M,O,-8.293,16.996,-22.281
299,M,CB,-9.76,17.697,-24.578
299,M,CG,-10.712,17.775,-25.746
299,M,SD,-9.818,18.075,-27.282
299,M,CE,-11.172,18.337,-28.428
300,T,N,-9.834,18.09,-21.018
300,T,CA,-8.927,18.328,-19.87
300,T,C,-8.605,17.011,-19.151
300,T,O,-7.616,16.955,-18.433
300,T,CB,-9.546,19.359,-18.95
300,T,OG1,-10.867,18.89,-18.686
300,T,CG2,-9.593,20.714,-19.618
301,S,N,-9.436,15.992,-19.288
301,S,CA,-9.239,14.742,-18.549
301,S,C,-8.815,13.658,-19.524
301,S,O,-9.023,13.802,-20.743
301,S,CB,-10.516,14.336,-17.852
301,S,OG,-10.312,13.117,-17.172
302,D,N,-8.351,12.558,-18.974
302,D,CA,-8.065,11.327,-19.726
302,D,C,-9.362,10.542,-19.929
302,D,O,-9.348,9.539,-20.618
302,D,CB,-6.913,10.577,-19.085
302,D,CG,-7.095,10.166,-17.643
302,D,OD1,-8.049,10.611,-17.005
302,D,OD2,-6.289,9.338,-17.197
303,H,N,-10.465,11.038,-19.402
303,H,CA,-11.826,10.532,-19.703
303,H,C,-12.609,11.608,-20.411
303,H,O,-12.422,12.764,-20.089
303,H,CB,-12.612,10.19,-18.453
303,H,CG,-12.077,9.075,-17.641
303,H,ND1,-12.752,7.858,-17.538
303,H,CD2,-11.037,9.03,-16.782
303,H,CE1,-12.111,7.09,-16.665
303,H,NE2,-11.037,7.774,-16.215
304,S,N,-13.517,11.238,-21.292
304,S,CA,-14.583,12.124,-21.786
304,S,C,-15.817,11.997,-20.89
304,S,O,-16.162,10.927,-20.393
304,S,CB,-14.929,11.799,-23.207
304,S,OG,-13.854,12.219,-24.033
305,P,N,-16.473,13.128,-20.596
305,P,CA,-17.747,13.138,-19.896
305,P,C,-18.745,12.257,-20.649
305,P,O,-18.76,12.236,-21.854
305,P,CB,-18.19,14.615,-19.924
305,P,CG,-16.895,15.37,-20.078
305,P,CD,-16.034,14.489,-20.943
306,V,N,-19.634,11.647,-19.89
306,V,CA,-20.791,10.89,-20.399
306,V,C,-22.044,11.59,-19.896
306,V,O,-22.092,11.997,-18.731
306,V,CB,-20.692,9.417,-19.968
306,V,CG1,-22.016,8.687,-20.021
306,V,CG2,-19.627,8.72,-20.794
307,F,N,-23.053,11.611,-20.735
307,F,CA,-24.382,12.134,-20.402
307,F,C,-25.409,11.054,-20.694
307,F,O,-25.257,10.216,-21.6
307,F,CB,-24.701,13.364,-21.263
307,F,CG,-24.414,13.217,-22.737
307,F,CD1,-25.284,12.572,-23.596
307,F,CD2,-23.268,13.774,-23.276
307,F,CE1,-25.014,12.451,-24.951
307,F,CE2,-23.001,13.661,-24.631
307,F,CZ,-23.869,13.006,-25.468
308,A,N,-26.479,11.115,-19.941
308,A,CA,-27.684,10.33,-20.224
308,A,C,-28.858,11.178,-19.777
308,A,O,-28.759,11.895,-18.739
308,A,CB,-27.629,9.019,-19.489
309,T,N,-29.954,11.125,-20.511
309,T,CA,-31.175,11.821,-20.094
309,T,C,-32.322,10.833,-20.105
309,T,O,-32.346,9.875,-20.908
309,T,CB,-31.403,13.083,-20.913
309,T,OG1,-31.543,12.632,-22.254
309,T,CG2,-30.283,14.092,-20.808
310,F,N,-33.264,11.12,-19.257
310,F,CA,-34.42,10.25,-19.074
310,F,C,-35.688,11.068,-18.973
310,F,O,-35.698,12.121,-18.375
310,F,CB,-34.302,9.483,-17.76
310,F,CG,-33.087,8.603,-17.797
310,F,CD1,-31.847,9.093,-17.448
310,F,CD2,-33.167,7.334,-18.327
310,F,CE1,-30.712,8.321,-17.623
310,F,CE2,-32.037,6.553,-18.457
310,F,CZ,-30.819,7.042,-18.062
311,E,N,-36.76,10.546,-19.561
311,E,CA,-38.149,10.939,-19.225
311,E,C,-38.623,9.971,-18.135
311,E,O,-38.594,8.753,-18.394
311,E,CB,-39.008,10.922,-20.489
311,E,CG,-40.344,11.612,-20.32
311,E,CD,-41.215,11.531,-21.559
311,E,OE1,-41.448,10.407,-22.05
311,E,OE2,-41.64,12.596,-22.043
312,A,N,-39.001,10.492,-16.962
312,A,CA,-39.32,9.684,-15.77
312,A,C,-40.726,10.004,-15.305
312,A,O,-41.009,11.15,-15.084
312,A,CB,-38.313,9.937,-14.705
313,G,N,-41.567,9.001,-15.205
313,G,CA,-42.913,9.18,-14.657
313,G,C,-42.839,9.58,-13.212
313,G,O,-42.077,9.006,-12.457
314,V,N,-43.678,10.517,-12.833
314,V,CA,-43.795,11.003,-11.442
314,V,C,-45.269,11.127,-11.113
314,V,O,-46.104,11.184,-12.023
314,V,CB,-43.064,12.329,-11.215
314,V,CG1,-41.553,12.15,-11.403
314,V,CG2,-43.562,13.41,-12.16
315,T,N,-45.566,11.06,-9.824
315,T,CA,-46.952,11.16,-9.342
315,T,C,-47.081,12.329,-8.4
315,T,O,-46.065,12.841,-7.864
315,T,CB,-47.419,9.849,-8.709
315,T,OG1,-46.629,9.553,-7.563
315,T,CG2,-47.356,8.729,-9.716
316,S,N,-48.328,12.756,-8.194
316,S,CA,-48.712,13.898,-7.327
316,S,C,-48.685,13.455,-5.862
316,S,O,-48.737,12.234,-5.612
316,S,CB,-50.068,14.424,-7.715
316,S,OG,-51.066,13.429,-7.525
317,Q,N,-48.59,14.423,-4.944
317,Q,CA,-48.714,14.189,-3.489
317,Q,C,-50.215,14.099,-3.176
317,Q,O,-50.844,15.145,-2.87
317,Q,CB,-48.081,15.365,-2.735
317,Q,CG,-46.578,15.528,-2.925
317,Q,CD,-46.04,16.591,-1.992
317,Q,OE1,-46.245,16.537,-0.778
317,Q,NE2,-45.381,17.596,-2.541
318,F,N,-50.778,12.899,-3.247
318,F,CA,-52.243,12.685,-3.17
318,F,C,-52.793,13.03,-1.779
318,F,O,-52.197,12.603,-0.762
318,F,CB,-52.591,11.26,-3.567
318,F,CG,-53.823,11.203,-4.425
318,F,CD1,-55.081,11.25,-3.847
318,F,CD2,-53.726,11.128,-5.803
318,F,CE1,-56.224,11.186,-4.632
318,F,CE2,-54.868,11.064,-6.588
318,F,CZ,-56.11,11.095,-6.0
319,V,N,-53.883,13.811,-1.762
319,V,CA,-54.739,14.118,-0.576
319,V,C,-56.208,13.88,-0.966
319,V,O,-56.682,14.507,-1.942
319,V,CB,-54.558,15.562,-0.062
319,V,CG1,-55.565,15.892,1.031
319,V,CG2,-53.145,15.837,0.43
320,Q,N,-62.818,1.811,1.13
320,Q,CA,-63.258,1.44,-0.242
320,Q,C,-62.195,0.55,-0.91
320,Q,O,-62.582,-0.343,-1.695
320,Q,CB,-63.603,2.71,-1.024
320,Q,CG,-64.827,3.426,-0.454
320,Q,CD,-64.904,4.887,-0.822
320,Q,OE1,-65.45,5.25,-1.862
320,Q,NE2,-64.376,5.741,0.041
321,G,N,-60.918,0.717,-0.561
321,G,CA,-59.795,0.039,-1.224
321,G,C,-59.317,-1.198,-0.479
321,G,O,-59.333,-1.194,0.748
322,Q,N,-58.855,-2.213,-1.201
322,Q,CA,-58.219,-3.38,-0.566
322,Q,C,-57.335,-4.098,-1.589
322,Q,O,-57.59,-4.035,-2.784
322,Q,CB,-59.269,-4.265,0.094
322,Q,CG,-60.192,-4.959,-0.878
322,Q,CD,-61.29,-5.745,-0.203
322,Q,OE1,-62.071,-5.191,0.568
322,Q,NE2,-61.383,-7.028,-0.517
323,I,N,-56.276,-4.728,-1.102
323,I,CA,-55.359,-5.536,-1.936
323,I,C,-55.404,-6.938,-1.373
323,I,O,-55.045,-7.106,-0.215
323,I,CB,-53.944,-4.94,-1.964
323,I,CG1,-53.999,-3.406,-2.0
323,I,CG2,-53.179,-5.478,-3.169
323,I,CD1,-52.65,-2.745,-1.935
324,E,N,-55.789,-7.88,-2.216
324,E,CA,-55.871,-9.299,-1.802
324,E,C,-54.897,-10.108,-2.64
324,E,O,-54.601,-9.741,-3.806
324,E,CB,-57.289,-9.825,-1.938
324,E,CG,-58.278,-9.028,-1.122
324,E,CD,-59.671,-9.601,-1.302
324,E,OE1,-60.336,-9.196,-2.249
324,E,OE2,-60.027,-10.496,-0.54
325,F,N,-54.388,-11.165,-2.008
325,F,CA,-53.366,-12.084,-2.556
325,F,C,-53.906,-13.508,-2.501
325,F,O,-54.441,-13.913,-1.429
325,F,CB,-52.097,-11.987,-1.732
325,F,CG,-51.442,-10.649,-1.861
325,F,CD1,-50.604,-10.369,-2.927
325,F,CD2,-51.717,-9.653,-0.952
325,F,CE1,-50.013,-9.127,-3.046
325,F,CE2,-51.116,-8.407,-1.06
325,F,CZ,-50.295,-8.135,-2.122
326,L,N,-53.817,-14.213,-3.627
326,L,CA,-54.23,-15.633,-3.761
326,L,C,-53.083,-16.474,-4.293
326,L,O,-52.224,-15.924,-4.991
326,L,CB,-55.423,-15.751,-4.71
326,L,CG,-56.639,-14.931,-4.288
326,L,CD1,-56.591,-13.548,-4.892
326,L,CD2,-57.93,-15.638,-4.651
327,R,N,-53.091,-17.761,-3.94
327,R,CA,-52.189,-18.797,-4.466
327,R,C,-50.745,-18.272,-4.441
327,R,O,-50.069,-18.405,-5.46
327,R,CB,-52.619,-19.181,-5.886
327,R,CG,-54.089,-19.577,-6.003
327,R,CD,-54.505,-19.894,-7.431
327,R,NE,-53.722,-21.001,-7.967
327,R,CZ,-54.09,-21.782,-8.985
327,R,NH1,-55.256,-21.615,-9.583
327,R,NH2,-53.291,-22.752,-9.39
328,C,N,-50.295,-17.71,-3.322
328,C,CA,-48.969,-17.06,-3.263
328,C,C,-47.933,-18.012,-2.688
328,C,O,-48.163,-18.645,-1.634
328,C,CB,-48.981,-15.788,-2.438
328,C,SG,-49.661,-14.399,-3.373
329,Y,N,-46.781,-18.071,-3.366
329,Y,CA,-45.614,-18.931,-3.042
329,Y,C,-44.329,-18.107,-3.16
329,Y,O,-44.213,-17.294,-4.101
329,Y,CB,-45.563,-20.146,-3.973
329,Y,CG,-46.724,-21.093,-3.814
329,Y,CD1,-46.605,-22.255,-3.07
329,Y,CD2,-47.955,-20.813,-4.384
329,Y,CE1,-47.673,-23.124,-2.912
329,Y,CE2,-49.034,-21.666,-4.232
329,Y,CZ,-48.893,-22.822,-3.486
329,Y,OH,-49.946,-23.672,-3.338
330,A,N,-43.395,-18.306,-2.226
330,A,CA,-42.022,-17.802,-2.342
330,A,C,-41.168,-19.042,-2.571
330,A,O,-41.202,-19.959,-1.722
330,A,CB,-41.626,-17.031,-1.123
331,T,N,-40.439,-19.083,-3.668
331,T,CA,-39.421,-20.109,-3.941
331,T,C,-38.084,-19.521,-3.503
331,T,O,-37.768,-18.37,-3.892
331,T,CB,-39.451,-20.494,-5.412
331,T,OG1,-40.777,-20.898,-5.738
331,T,CG2,-38.457,-21.585,-5.706
332,L,N,-37.385,-20.173,-2.584
332,L,CA,-36.098,-19.605,-2.101
332,L,C,-34.954,-20.52,-2.469
332,L,O,-35.127,-21.737,-2.476
332,L,CB,-36.129,-19.444,-0.595
332,L,CG,-37.237,-18.537,-0.079
332,L,CD1,-37.165,-18.47,1.447
332,L,CD2,-37.135,-17.162,-0.735
333,K,N,-33.772,-19.935,-2.629
333,K,CA,-32.547,-20.679,-2.957
333,K,C,-31.838,-21.13,-1.689
333,K,O,-30.93,-21.949,-1.796
333,K,CB,-31.631,-19.811,-3.832
333,K,CG,-32.211,-19.586,-5.216
333,K,CD,-31.355,-18.718,-6.098
333,K,CE,-32.072,-18.359,-7.381
333,K,NZ,-32.509,-19.51,-8.187
334,T,N,-32.205,-20.592,-0.542
334,T,CA,-31.524,-20.874,0.735
334,T,C,-31.461,-22.387,0.947
334,T,O,-32.42,-23.126,0.613
334,T,CB,-32.263,-20.208,1.884
334,T,OG1,-31.385,-20.333,3.012
334,T,CG2,-33.617,-20.832,2.138
335,K,N,-30.354,-22.858,1.492
335,K,CA,-30.193,-24.271,1.918
335,K,C,-30.689,-24.396,3.342
335,K,O,-30.696,-25.509,3.862
335,K,CB,-28.744,-24.697,1.776
335,K,CG,-28.248,-24.574,0.344
335,K,CD,-26.775,-24.702,0.239
335,K,CE,-26.291,-24.532,-1.183
335,K,NZ,-24.834,-24.778,-1.265
336,S,N,-31.122,-23.306,3.952
336,S,CA,-31.566,-23.349,5.358
336,S,C,-33.023,-23.86,5.404
336,S,O,-33.724,-23.788,4.342
336,S,CB,-31.327,-22.026,6.008
336,S,OG,-32.417,-21.706,6.841
337,Q,N,-33.406,-24.516,6.503
337,Q,CA,-34.783,-25.003,6.795
337,Q,C,-35.262,-24.272,8.046
337,Q,O,-34.887,-24.665,9.135
337,Q,CB,-34.844,-26.508,7.089
337,Q,CG,-35.65,-27.339,6.098
337,Q,CD,-37.044,-26.848,5.747
337,Q,OE1,-37.764,-26.195,6.512
337,Q,NE2,-37.451,-27.188,4.544
338,T,N,-36.039,-23.202,7.876
338,T,CA,-36.532,-22.357,8.991
338,T,C,-37.88,-21.787,8.552
338,T,O,-38.131,-21.846,7.347
338,T,CB,-35.465,-21.324,9.335
338,T,OG1,-35.796,-20.835,10.621
338,T,CG2,-35.382,-20.176,8.353
339,K,N,-38.717,-21.316,9.462
339,K,CA,-40.038,-20.772,9.092
339,K,C,-39.842,-19.337,8.579
339,K,O,-38.896,-18.648,9.025
339,K,CB,-41.027,-20.882,10.254
339,K,CG,-41.425,-22.305,10.646
339,K,CD,-42.459,-22.292,11.779
339,K,CE,-42.898,-23.68,12.197
339,K,NZ,-44.052,-23.662,13.148
340,F,N,-40.707,-18.931,7.657
340,F,CA,-40.696,-17.588,7.032
340,F,C,-42.045,-16.925,7.159
340,F,O,-43.085,-17.595,7.078
340,F,CB,-40.295,-17.721,5.552
340,F,CG,-38.863,-18.139,5.364
340,F,CD1,-37.842,-17.223,5.469
340,F,CD2,-38.516,-19.459,5.168
340,F,CE1,-36.521,-17.61,5.323
340,F,CE2,-37.187,-19.85,5.033
340,F,CZ,-36.188,-18.911,5.06
341,Y,N,-42.002,-15.596,7.213
341,Y,CA,-43.198,-14.746,7.074
341,Y,C,-42.869,-13.669,6.056
341,Y,O,-41.698,-13.568,5.677
341,Y,CB,-43.621,-14.175,8.424
341,Y,CG,-42.646,-13.229,9.076
341,Y,CD1,-41.675,-13.676,9.966
341,Y,CD2,-42.686,-11.866,8.83
341,Y,CE1,-40.804,-12.807,10.613
341,Y,CE2,-41.795,-10.998,9.434
341,Y,CZ,-40.855,-11.459,10.324
341,Y,OH,-39.962,-10.617,10.925
342,L,N,-43.886,-12.928,5.611
342,L,CA,-43.707,-11.825,4.641
342,L,C,-43.913,-10.499,5.357
342,L,O,-44.753,-10.423,6.294
342,L,CB,-44.754,-11.928,3.537
342,L,CG,-44.648,-13.061,2.546
342,L,CD1,-45.529,-12.729,1.361
342,L,CD2,-43.196,-13.277,2.109
343,E,N,-43.231,-9.468,4.896
343,E,CA,-43.631,-8.085,5.22
343,E,C,-43.987,-7.372,3.932
343,E,O,-43.236,-7.505,2.977
343,E,CB,-42.534,-7.293,5.894
343,E,CG,-42.296,-7.769,7.304
343,E,CD,-41.206,-6.995,8.027
343,E,OE1,-40.617,-6.08,7.436
343,E,OE2,-40.926,-7.342,9.126
344,F,N,-45.102,-6.648,3.959
344,F,CA,-45.54,-5.767,2.868
344,F,C,-45.222,-4.338,3.261
344,F,O,-45.653,-3.924,4.341
344,F,CB,-47.034,-5.91,2.63
344,F,CG,-47.422,-7.309,2.258
344,F,CD1,-47.308,-7.755,0.953
344,F,CD2,-47.85,-8.185,3.24
344,F,CE1,-47.675,-9.052,0.613
344,F,CE2,-48.173,-9.495,2.912
344,F,CZ,-48.108,-9.914,1.598
345,H,N,-44.444,-3.627,2.446
345,H,CA,-44.177,-2.211,2.715
345,H,C,-44.595,-1.378,1.52
345,H,O,-44.316,-1.733,0.404
345,H,CB,-42.689,-1.977,2.947
345,H,CG,-42.121,-2.516,4.203
345,H,ND1,-41.991,-3.867,4.487
345,H,CD2,-41.468,-1.863,5.17
345,H,CE1,-41.387,-3.977,5.669
345,H,NE2,-41.061,-2.776,6.099
346,S,N,-45.281,-0.303,1.768
346,S,CA,-45.684,0.618,0.68
346,S,C,-46.149,1.907,1.304
346,S,O,-46.773,1.89,2.373
346,S,CB,-46.825,0.067,-0.083
346,S,OG,-47.235,0.962,-1.121
347,S,N,-45.881,3.019,0.62
347,S,CA,-46.373,4.368,1.001
347,S,C,-47.909,4.398,0.974
347,S,O,-48.486,5.274,1.645
347,S,CB,-45.757,5.411,0.118
347,S,OG,-44.361,5.48,0.357
348,C,N,-48.553,3.443,0.294
348,C,CA,-50.058,3.401,0.218
348,C,C,-50.661,2.749,1.476
348,C,O,-51.909,2.696,1.548
348,C,CB,-50.608,2.763,-1.051
348,C,SG,-50.489,0.96,-1.1
349,L,N,-49.829,2.265,2.41
349,L,CA,-50.246,1.666,3.707
349,L,C,-49.874,2.617,4.836
349,L,O,-48.883,3.329,4.694
349,L,CB,-49.513,0.338,3.915
349,L,CG,-49.69,-0.672,2.78
349,L,CD1,-48.837,-1.903,3.013
349,L,CD2,-51.14,-1.051,2.592
350,E,N,-50.641,2.611,5.931
350,E,CA,-50.305,3.409,7.141
350,E,C,-48.929,2.985,7.665
350,E,O,-48.117,3.824,8.059
350,E,CB,-51.375,3.187,8.206
350,E,CG,-52.548,4.127,8.071
350,E,CD,-52.574,5.208,9.131
350,E,OE1,-52.924,6.374,8.778
350,E,OE2,-52.235,4.874,10.3
351,S,N,-48.665,1.691,7.662
351,S,CA,-47.359,1.156,8.093
351,S,C,-47.245,-0.252,7.529
351,S,O,-48.254,-0.773,7.07
351,S,CB,-47.219,1.19,9.6
351,S,OG,-48.294,0.474,10.19
352,F,N,-46.065,-0.831,7.611
352,F,CA,-45.823,-2.153,6.989
352,F,C,-46.704,-3.195,7.673
352,F,O,-47.114,-3.032,8.849
352,F,CB,-44.345,-2.5,7.006
352,F,CG,-43.778,-2.949,8.325
352,F,CD1,-43.844,-4.274,8.719
352,F,CD2,-43.08,-2.062,9.128
352,F,CE1,-43.266,-4.677,9.913
352,F,CE2,-42.491,-2.477,10.32
352,F,CZ,-42.588,-3.782,10.706
353,V,N,-47.019,-4.223,6.902
353,V,CA,-47.904,-5.325,7.333
353,V,C,-47.061,-6.579,7.384
353,V,O,-46.373,-6.888,6.43
353,V,CB,-49.115,-5.521,6.418
353,V,CG1,-49.928,-6.742,6.856
353,V,CG2,-50.028,-4.301,6.42
354,K,N,-47.155,-7.303,8.498
354,K,CA,-46.449,-8.587,8.731
354,K,C,-47.453,-9.736,8.606
354,K,O,-48.426,-9.753,9.39
354,K,CB,-45.802,-8.581,10.117
354,K,CG,-45.15,-9.891,10.522
354,K,CD,-44.436,-9.804,11.847
354,K,CE,-44.016,-11.157,12.376
354,K,NZ,-43.243,-11.033,13.634
355,S,N,-47.214,-10.649,7.66
355,S,CA,-48.044,-11.852,7.451
355,S,C,-47.833,-12.868,8.578
355,S,O,-46.816,-12.803,9.327
355,S,CB,-47.767,-12.468,6.107
355,S,OG,-46.664,-13.376,6.131
356,Q,N,-48.725,-13.862,8.621
356,Q,CA,-48.475,-15.097,9.377
356,Q,C,-47.412,-15.897,8.629
356,Q,O,-47.114,-15.591,7.453
356,Q,CB,-49.758,-15.902,9.514
356,Q,CG,-50.764,-15.202,10.42
356,Q,CD,-51.99,-16.039,10.675
356,Q,OE1,-52.882,-16.13,9.828
356,Q,NE2,-52.054,-16.651,11.851
357,E,N,-46.904,-16.908,9.304
357,E,CA,-45.881,-17.786,8.708
357,E,C,-46.476,-18.569,7.551
357,E,O,-47.611,-19.074,7.647
357,E,CB,-45.336,-18.713,9.781
357,E,CG,-44.467,-17.986,10.782
357,E,CD,-43.98,-18.933,11.86
357,E,OE1,-42.864,-18.777,12.334
357,E,OE2,-44.77,-19.831,12.195
358,G,N,-45.696,-18.733,6.51
358,G,CA,-46.021,-19.7,5.463
358,G,C,-45.707,-21.115,5.894
358,G,O,-45.056,-21.292,6.934
359,E,N,-46.133,-22.057,5.067
359,E,CA,-45.857,-23.499,5.268
359,E,C,-44.805,-23.913,4.255
359,E,O,-45.065,-23.807,3.011
359,E,CB,-47.16,-24.283,5.159
359,E,CG,-48.004,-24.146,6.421
359,E,CD,-49.234,-25.022,6.415
359,E,OE1,-49.516,-25.619,5.363
359,E,OE2,-49.893,-25.088,7.46
360,N,N,-43.673,-24.416,4.738
360,N,CA,-42.571,-24.848,3.858
360,N,C,-42.913,-26.173,3.196
360,N,O,-43.375,-27.077,3.892
360,N,CB,-41.26,-24.975,4.63
360,N,CG,-40.775,-23.632,5.15
360,N,OD1,-41.321,-22.562,4.817
360,N,ND2,-39.763,-23.658,5.989
361,E,N,-42.679,-26.255,1.896
361,E,CA,-42.669,-27.523,1.125
361,E,C,-41.391,-27.612,0.305
361,E,O,-40.615,-26.643,0.269
361,E,CB,-43.751,-27.631,0.049
361,E,CG,-44.995,-26.859,0.296
361,E,CD,-45.904,-26.654,-0.912
361,E,OE1,-45.571,-27.08,-2.038
361,E,OE2,-46.948,-26.074,-0.715
362,E,N,-41.268,-28.706,-0.428
362,E,CA,-40.107,-29.018,-1.304
362,E,C,-40.534,-28.825,-2.772
362,E,O,-41.57,-29.394,-3.184
362,E,CB,-39.65,-30.44,-0.955
362,E,CG,-38.372,-30.883,-1.64
362,E,CD,-37.143,-30.894,-0.75
362,E,OE1,-36.06,-30.488,-1.244
362,E,OE2,-37.276,-31.275,0.437
363,G,N,-39.785,-28.048,-3.561
363,G,CA,-39.939,-28.063,-5.028
363,G,C,-39.346,-29.342,-5.622
363,G,O,-38.695,-30.105,-4.898
364,S,N,-39.582,-29.6,-6.901
364,S,CA,-39.204,-30.865,-7.581
364,S,C,-37.671,-31.004,-7.626
364,S,O,-37.152,-32.144,-7.617
364,S,CB,-39.785,-30.882,-8.966
364,S,OG,-39.213,-29.832,-9.749
365,E,N,-36.959,-29.88,-7.681
365,E,CA,-35.513,-29.849,-8.003
365,E,C,-34.775,-29.568,-6.691
365,E,O,-33.657,-29.052,-6.797
365,E,CB,-35.279,-28.873,-9.179
365,E,CG,-36.104,-29.246,-10.427
365,E,CD,-36.01,-28.43,-11.727
365,E,OE1,-36.912,-27.568,-11.964
365,E,OE2,-35.099,-28.718,-12.551
366,G,N,-35.409,-29.874,-5.533
366,G,CA,-34.85,-29.805,-4.161
366,G,C,-35.198,-28.529,-3.351
366,G,O,-34.901,-28.508,-2.121
367,E,N,-35.836,-27.517,-3.947
367,E,CA,-35.817,-26.111,-3.429
367,E,C,-36.799,-25.911,-2.27
367,E,O,-37.85,-26.593,-2.191
367,E,CB,-36.242,-25.031,-4.435
367,E,CG,-36.031,-25.328,-5.9
367,E,CD,-37.1,-26.229,-6.495
367,E,OE1,-37.072,-27.445,-6.175
367,E,OE2,-37.947,-25.719,-7.266
368,L,N,-36.531,-24.915,-1.44
368,L,CA,-37.502,-24.526,-0.399
368,L,C,-38.584,-23.654,-1.036
368,L,O,-38.257,-22.653,-1.679
368,L,CB,-36.786,-23.788,0.72
368,L,CG,-37.726,-23.153,1.727
368,L,CD1,-38.395,-24.207,2.566
368,L,CD2,-36.943,-22.198,2.588
369,V,N,-39.825,-24.092,-0.919
369,V,CA,-41.015,-23.381,-1.42
369,V,C,-41.795,-23.025,-0.18
369,V,O,-42.177,-23.916,0.586
369,V,CB,-41.804,-24.262,-2.395
369,V,CG1,-43.169,-23.693,-2.707
369,V,CG2,-41.0,-24.516,-3.651
370,V,N,-41.99,-21.754,0.039
370,V,CA,-42.815,-21.298,1.172
370,V,C,-44.203,-21.028,0.625
370,V,O,-44.397,-20.061,-0.148
370,V,CB,-42.233,-20.053,1.821
370,V,CG1,-43.029,-19.686,3.044
370,V,CG2,-40.776,-20.256,2.177
371,K,N,-45.149,-21.844,1.035
371,K,CA,-46.551,-21.597,0.666
371,K,C,-47.184,-20.558,1.586
371,K,O,-47.213,-20.752,2.797
371,K,CB,-47.338,-22.886,0.748
371,K,CG,-48.798,-22.657,0.48
371,K,CD,-49.603,-23.932,0.672
371,K,CE,-51.074,-23.694,0.396
371,K,NZ,-51.807,-24.96,0.527
372,F,N,-47.707,-19.483,1.006
372,F,CA,-48.632,-18.556,1.678
372,F,C,-50.086,-18.922,1.344
372,F,O,-50.938,-18.629,2.204
372,F,CB,-48.187,-17.128,1.369
372,F,CG,-46.848,-16.84,1.99
372,F,CD1,-46.738,-16.567,3.344
372,F,CD2,-45.686,-16.922,1.24
372,F,CE1,-45.505,-16.359,3.928
372,F,CE2,-44.458,-16.661,1.817
372,F,CZ,-44.367,-16.385,3.155
373,G,N,-50.327,-19.705,0.288
373,G,CA,-51.662,-19.948,-0.294
373,G,C,-52.556,-18.694,-0.214
373,G,O,-52.228,-17.653,-0.801
374,E,N,-53.596,-18.788,0.63
374,E,CA,-54.702,-17.82,0.706
374,E,C,-54.525,-17.073,2.01
374,E,O,-55.427,-16.342,2.388
374,E,CB,-56.078,-18.508,0.661
374,E,CG,-56.31,-19.406,-0.616
374,E,CD,-56.016,-18.675,-1.907
374,E,OE1,-56.585,-17.59,-2.081
374,E,OE2,-55.189,-19.187,-2.716
375,T,N,-53.424,-17.302,2.729
375,T,CA,-53.342,-16.864,4.157
375,T,C,-52.812,-15.435,4.299
375,T,O,-52.787,-14.962,5.453
375,T,CB,-52.478,-17.802,5.018
375,T,OG1,-51.116,-17.649,4.597
375,T,CG2,-52.911,-19.262,4.939
376,L,N,-52.368,-14.778,3.214
376,L,CA,-51.786,-13.416,3.323
376,L,C,-52.894,-12.458,3.712
376,L,O,-54.045,-12.671,3.355
376,L,CB,-51.114,-13.019,2.01
376,L,CG,-49.898,-13.84,1.624
376,L,CD1,-49.42,-13.481,0.242
376,L,CD2,-48.792,-13.666,2.652
377,P,N,-52.576,-11.398,4.478
377,P,CA,-53.58,-10.448,4.919
377,P,C,-54.156,-9.691,3.706
377,P,O,-53.647,-9.717,2.536
377,P,CB,-52.866,-9.537,5.926
377,P,CG,-51.406,-9.707,5.642
377,P,CD,-51.226,-11.028,4.933
378,K,N,-55.312,-9.13,3.982
378,K,CA,-55.969,-8.131,3.112
378,K,C,-55.326,-6.789,3.446
378,K,O,-55.355,-6.417,4.617
378,K,CB,-57.477,-8.138,3.377
378,K,CG,-58.217,-6.98,2.716
378,K,CD,-59.7,-6.903,3.094
378,K,CE,-60.457,-8.133,2.659
378,K,NZ,-61.839,-8.074,3.171
379,L,N,-54.711,-6.124,2.468
379,L,CA,-54.044,-4.823,2.684
379,L,C,-55.1,-3.747,2.52
379,L,O,-55.927,-3.867,1.603
379,L,CB,-52.904,-4.636,1.689
379,L,CG,-51.787,-5.665,1.829
379,L,CD1,-50.645,-5.324,0.898
379,L,CD2,-51.302,-5.739,3.266
380,K,N,-55.003,-2.735,3.377
380,K,CA,-55.959,-1.613,3.454
380,K,C,-55.202,-0.349,3.099
380,K,O,-54.576,0.287,3.945
380,K,CB,-56.552,-1.54,4.864
380,K,CG,-57.411,-2.734,5.254
380,K,CD,-58.6,-2.89,4.35
380,K,CE,-59.385,-4.152,4.625
380,K,NZ,-60.206,-4.035,5.853
381,P,N,-55.239,0.073,1.822
381,P,CA,-54.526,1.282,1.444
381,P,C,-55.233,2.516,2.013
381,P,O,-56.427,2.446,2.272
381,P,CB,-54.567,1.211,-0.075
381,P,CG,-55.894,0.552,-0.339
381,P,CD,-55.946,-0.545,0.703
382,I,N,-54.454,3.571,2.223
382,I,CA,-54.866,4.862,2.846
382,I,C,-55.776,5.628,1.889
382,I,O,-56.57,6.448,2.367
382,I,CB,-53.649,5.725,3.245
382,I,CG1,-52.732,6.086,2.068
382,I,CG2,-52.888,5.052,4.38
382,I,CD1,-51.726,7.141,2.426
383,I,N,-55.626,5.395,0.598
383,I,CA,-56.441,6.033,-0.462
383,I,C,-56.847,4.945,-1.449
383,I,O,-55.981,4.109,-1.787
383,I,CB,-55.616,7.153,-1.113
383,I,CG1,-55.278,8.269,-0.114
383,I,CG2,-56.324,7.678,-2.361
383,I,CD1,-54.271,9.257,-0.616
384,S,N,-58.111,4.927,-1.845
384,S,CA,-58.728,3.898,-2.711
384,S,C,-58.902,4.433,-4.135
384,S,O,-59.21,3.623,-5.031
384,S,CB,-60.037,3.436,-2.127
384,S,OG,-60.988,4.492,-2.096
385,D,N,-58.7,5.734,-4.357
385,D,CA,-58.841,6.341,-5.689
385,D,C,-57.931,5.564,-6.641
385,D,O,-56.721,5.458,-6.394
385,D,CB,-58.498,7.822,-5.631
385,D,CG,-58.735,8.587,-6.913
385,D,OD1,-58.776,7.977,-8.01
385,D,OD2,-58.856,9.823,-6.79
386,P,N,-58.472,5.031,-7.762
386,P,CA,-57.626,4.266,-8.67
386,P,C,-56.548,5.133,-9.329
386,P,O,-55.51,4.594,-9.687
386,P,CB,-58.619,3.639,-9.641
386,P,CG,-59.744,4.655,-9.649
386,P,CD,-59.878,5.094,-8.211
387,E,N,-56.746,6.436,-9.45
387,E,CA,-55.711,7.299,-10.079
387,E,C,-54.488,7.371,-9.18
387,E,O,-53.388,7.692,-9.68
387,E,CB,-56.242,8.7,-10.343
387,E,CG,-57.267,8.684,-11.453
387,E,CD,-56.978,9.72,-12.523
387,E,OE1,-57.8,10.599,-12.653
387,E,OE2,-55.883,9.648,-13.174
388,Y,N,-54.669,7.103,-7.902
388,Y,CA,-53.54,7.016,-6.951
388,Y,C,-53.076,5.562,-6.898
388,Y,O,-51.864,5.258,-7.068
388,Y,CB,-54.0,7.504,-5.579
388,Y,CG,-53.076,7.158,-4.44
388,Y,CD1,-51.986,7.945,-4.114
388,Y,CD2,-53.299,6.031,-3.675
388,Y,CE1,-51.143,7.626,-3.063
388,Y,CE2,-52.464,5.686,-2.631
388,Y,CZ,-51.395,6.492,-2.309
388,Y,OH,-50.567,6.158,-1.281
389,L,N,-54.013,4.662,-6.62
389,L,CA,-53.646,3.314,-6.121
389,L,C,-53.001,2.506,-7.242
389,L,O,-52.051,1.771,-6.961
389,L,CB,-54.898,2.637,-5.559
389,L,CG,-54.68,1.44,-4.647
389,L,CD1,-53.646,1.718,-3.561
389,L,CD2,-56.017,1.051,-4.036
390,L,N,-53.441,2.65,-8.5
390,L,CA,-52.868,1.845,-9.601
390,L,C,-51.434,2.295,-9.883
390,L,O,-50.728,1.552,-10.51
390,L,CB,-53.766,2.043,-10.809
390,L,CG,-55.128,1.38,-10.698
390,L,CD1,-56.025,1.937,-11.78
390,L,CD2,-54.984,-0.134,-10.864
391,D,N,-51.018,3.446,-9.375
391,D,CA,-49.643,3.982,-9.572
391,D,C,-48.718,3.545,-8.435
391,D,O,-47.542,3.875,-8.501
391,D,CB,-49.648,5.502,-9.68
391,D,CG,-49.997,5.979,-11.082
391,D,OD1,-50.079,5.165,-11.986
391,D,OD2,-50.166,7.16,-11.237
392,Q,N,-49.191,2.764,-7.467
392,Q,CA,-48.393,2.431,-6.272
392,Q,C,-47.731,1.068,-6.452
392,Q,O,-48.019,0.373,-7.406
392,Q,CB,-49.29,2.406,-5.038
392,Q,CG,-50.031,3.718,-4.796
392,Q,CD,-49.11,4.909,-4.744
392,Q,OE1,-48.145,4.933,-3.989
392,Q,NE2,-49.432,5.93,-5.531
393,H,N,-46.84,0.735,-5.528
393,H,CA,-46.037,-0.499,-5.547
393,H,C,-46.024,-1.073,-4.144
393,H,O,-45.984,-0.282,-3.183
393,H,CB,-44.597,-0.232,-6.021
393,H,CG,-44.554,0.125,-7.464
393,H,ND1,-44.768,1.418,-7.87
393,H,CD2,-44.389,-0.628,-8.577
393,H,CE1,-44.721,1.453,-9.169
393,H,NE2,-44.531,0.201,-9.634
394,I,N,-45.94,-2.397,-4.038
394,I,CA,-45.814,-3.11,-2.737
394,I,C,-44.457,-3.771,-2.737
394,I,O,-44.225,-4.607,-3.629
394,I,CB,-46.927,-4.144,-2.552
394,I,CG1,-48.313,-3.536,-2.782
394,I,CG2,-46.781,-4.774,-1.165
394,I,CD1,-48.663,-2.438,-1.851
395,L,N,-43.601,-3.374,-1.794
395,L,CA,-42.329,-4.072,-1.541
395,L,C,-42.65,-5.295,-0.682
395,L,O,-43.453,-5.182,0.291
395,L,CB,-41.356,-3.121,-0.849
395,L,CG,-40.859,-1.979,-1.718
395,L,CD1,-40.035,-0.988,-0.932
395,L,CD2,-40.054,-2.524,-2.884
396,I,N,-42.043,-6.424,-1.012
396,I,CA,-42.176,-7.653,-0.197
396,I,C,-40.792,-8.036,0.299
396,I,O,-39.854,-8.048,-0.481
396,I,CB,-42.819,-8.767,-1.044
396,I,CG1,-44.251,-8.417,-1.433
396,I,CG2,-42.75,-10.09,-0.319
396,I,CD1,-44.821,-9.309,-2.53
397,S,N,-40.681,-8.315,1.593
397,S,CA,-39.539,-9.01,2.198
397,S,C,-40.061,-10.338,2.736
397,S,O,-41.034,-10.34,3.465
397,S,CB,-38.919,-8.176,3.264
397,S,OG,-37.954,-8.89,3.991
398,I,N,-39.303,-11.392,2.501
398,I,CA,-39.52,-12.717,3.143
398,I,C,-38.48,-12.85,4.244
398,I,O,-37.244,-12.775,3.981
398,I,CB,-39.497,-13.853,2.111
398,I,CG1,-39.761,-15.197,2.794
398,I,CG2,-38.186,-13.888,1.352
398,I,CD1,-40.255,-16.279,1.875
399,K,N,-38.974,-13.023,5.47
399,K,CA,-38.149,-12.907,6.677
399,K,C,-38.185,-14.224,7.423
399,K,O,-39.217,-14.858,7.494
399,K,CB,-38.605,-11.735,7.527
399,K,CG,-38.132,-10.42,6.928
399,K,CD,-38.693,-9.248,7.62
399,K,CE,-37.625,-8.335,8.153
399,K,NZ,-38.206,-7.434,9.175
400,S,N,-37.05,-14.571,7.988
400,S,CA,-36.96,-15.75,8.87
400,S,C,-37.684,-15.426,10.187
400,S,O,-37.463,-14.356,10.734
400,S,CB,-35.505,-16.131,9.065
400,S,OG,-35.312,-16.766,10.32
401,S,N,-38.544,-16.318,10.676
401,S,CA,-39.225,-16.13,11.987
401,S,C,-38.197,-16.118,13.122
401,S,O,-38.409,-15.379,14.052
401,S,CB,-40.254,-17.206,12.227
401,S,OG,-41.328,-17.054,11.325
402,D,N,-37.141,-16.915,13.008
402,D,CA,-36.114,-17.128,14.072
402,D,C,-35.247,-15.864,14.197
402,D,O,-34.871,-15.474,15.32
402,D,CB,-35.219,-18.332,13.752
402,D,CG,-35.912,-19.693,13.745
402,D,OD1,-37.002,-19.785,14.289
402,D,OD2,-35.323,-20.665,13.199
403,S,N,-34.91,-15.234,13.073
403,S,CA,-33.876,-14.17,13.09
403,S,C,-34.437,-12.815,12.694
403,S,O,-33.748,-11.822,12.982
403,S,CB,-32.743,-14.517,12.195
403,S,OG,-33.144,-14.382,10.84
404,D,N,-35.609,-12.771,12.061
404,D,CA,-36.184,-11.557,11.424
404,D,C,-35.266,-11.008,10.326
404,D,O,-35.459,-9.88,9.936
404,D,CB,-36.489,-10.485,12.47
404,D,CG,-37.646,-10.882,13.367
404,D,OD1,-38.66,-11.336,12.824
404,D,OD2,-37.486,-10.805,14.624
405,E,N,-34.31,-11.779,9.828
405,E,CA,-33.438,-11.308,8.737
405,E,C,-34.222,-11.567,7.453
405,E,O,-34.907,-12.618,7.36
405,E,CB,-32.064,-11.965,8.76
405,E,CG,-32.051,-13.418,8.366
405,E,CD,-30.699,-14.12,8.465
405,E,OE1,-30.526,-14.924,9.422
405,E,OE2,-29.85,-13.896,7.547
406,S,N,-34.169,-10.615,6.528
406,S,CA,-34.72,-10.802,5.176
406,S,C,-33.855,-11.79,4.39
406,S,O,-32.637,-11.629,4.336
406,S,CB,-34.847,-9.54,4.472
406,S,OG,-35.463,-9.748,3.207
407,Y,N,-34.506,-12.756,3.758
407,Y,CA,-33.876,-13.686,2.805
407,Y,C,-34.096,-13.216,1.379
407,Y,O,-33.499,-13.793,0.483
407,Y,CB,-34.367,-15.119,3.043
407,Y,CG,-33.679,-15.807,4.203
407,Y,CD1,-33.689,-15.285,5.49
407,Y,CD2,-32.995,-16.992,3.979
407,Y,CE1,-33.011,-15.928,6.513
407,Y,CE2,-32.367,-17.665,5.005
407,Y,CZ,-32.34,-17.111,6.258
407,Y,OH,-31.694,-17.757,7.282
408,G,N,-34.952,-12.218,1.159
408,G,CA,-35.309,-11.856,-0.216
408,G,C,-36.229,-10.667,-0.215
408,G,O,-37.149,-10.604,0.625
409,E,N,-35.99,-9.774,-1.159
409,E,CA,-36.765,-8.539,-1.308
409,E,C,-37.195,-8.485,-2.76
409,E,O,-36.408,-8.816,-3.649
409,E,CB,-35.922,-7.332,-0.925
409,E,CG,-35.484,-7.384,0.541
409,E,CD,-34.037,-7.84,0.705
409,E,OE1,-33.172,-7.238,0.063
409,E,OE2,-33.781,-8.782,1.483
410,G,N,-38.417,-8.031,-2.966
410,G,CA,-38.939,-7.779,-4.308
410,G,C,-40.005,-6.698,-4.282
410,G,O,-40.289,-6.095,-3.202
411,C,N,-40.583,-6.459,-5.443
411,C,CA,-41.508,-5.351,-5.663
411,C,C,-42.572,-5.75,-6.67
411,C,O,-42.235,-6.285,-7.733
411,C,CB,-40.742,-4.142,-6.145
411,C,SG,-41.854,-2.739,-6.387
412,I,N,-43.791,-5.419,-6.321
412,I,CA,-45.013,-5.692,-7.112
412,I,C,-45.67,-4.374,-7.493
412,I,O,-46.003,-3.609,-6.589
412,I,CB,-45.97,-6.554,-6.276
412,I,CG1,-45.302,-7.872,-5.879
412,I,CG2,-47.26,-6.768,-7.034
412,I,CD1,-44.893,-8.756,-7.026
413,A,N,-45.896,-4.154,-8.777
413,A,CA,-46.682,-2.995,-9.249
413,A,C,-48.171,-3.279,-9.1
413,A,O,-48.612,-4.401,-9.333
413,A,CB,-46.398,-2.702,-10.67
414,L,N,-48.902,-2.239,-8.771
414,L,CA,-50.379,-2.253,-8.737
414,L,C,-50.976,-1.659,-10.016
414,L,O,-52.182,-1.454,-10.07
414,L,CB,-50.866,-1.462,-7.527
414,L,CG,-50.5,-1.988,-6.142
414,L,CD1,-51.211,-1.239,-5.069
414,L,CD2,-50.766,-3.472,-6.037
415,R,N,-50.141,-1.415,-11.031
415,R,CA,-50.569,-0.932,-12.371
415,R,C,-51.171,-2.116,-13.137
415,R,O,-50.575,-2.545,-14.141
415,R,CB,-49.381,-0.306,-13.111
415,R,CG,-49.765,0.549,-14.311
415,R,CD,-50.482,1.833,-13.931
415,R,NE,-50.441,2.824,-14.998
415,R,CZ,-51.228,2.829,-16.068
415,R,NH1,-51.102,3.782,-16.974
415,R,NH2,-52.142,1.889,-16.23
416,L,N,-52.307,-2.627,-12.654
416,L,CA,-52.904,-3.876,-13.157
416,L,C,-53.68,-3.622,-14.432
416,L,O,-54.125,-2.517,-14.667
416,L,CB,-53.823,-4.461,-12.085
416,L,CG,-53.221,-4.611,-10.688
416,L,CD1,-54.158,-5.402,-9.803
416,L,CD2,-51.868,-5.278,-10.758
417,E,N,-53.881,-4.681,-15.185
417,E,CA,-54.753,-4.677,-16.382
417,E,C,-56.223,-4.539,-15.977
417,E,O,-57.021,-4.194,-16.799
417,E,CB,-54.515,-5.972,-17.16
417,E,CG,-53.153,-6.021,-17.828
417,E,CD,-52.985,-4.983,-18.936
417,E,OE1,-53.996,-4.293,-19.279
417,E,OE2,-51.856,-4.843,-19.448
418,A,N,-56.591,-4.866,-14.755
418,A,CA,-58.004,-4.969,-14.321
418,A,C,-58.049,-4.816,-12.814
418,A,O,-57.073,-5.196,-12.124
418,A,CB,-58.56,-6.288,-14.78
419,T,N,-59.146,-4.288,-12.291
419,T,CA,-59.441,-4.309,-10.85
419,T,C,-60.552,-5.316,-10.582
419,T,O,-61.172,-5.792,-11.55
419,T,CB,-59.763,-2.918,-10.31
419,T,OG1,-60.957,-2.451,-10.963
419,T,CG2,-58.613,-1.963,-10.489
420,E,N,-60.666,-5.71,-9.322
420,E,CA,-61.633,-6.728,-8.855
420,E,C,-61.499,-8.007,-9.685
420,E,O,-62.52,-8.729,-9.876
420,E,CB,-63.019,-6.1,-8.99
420,E,CG,-63.144,-4.833,-8.184
420,E,CD,-64.507,-4.158,-8.279
420,E,OE1,-64.817,-3.658,-9.324
420,E,OE2,-65.234,-4.107,-7.284
421,T,N,-60.303,-8.285,-10.193
421,T,CA,-60.017,-9.441,-11.057
421,T,C,-58.774,-10.107,-10.502
421,T,O,-57.854,-9.364,-10.124
421,T,CB,-59.723,-9.01,-12.491
421,T,OG1,-60.755,-8.118,-12.918
421,T,CG2,-59.627,-10.193,-13.417
422,Q,N,-58.742,-11.431,-10.426
422,Q,CA,-57.507,-12.166,-10.044
422,Q,C,-56.512,-12.099,-11.188
422,Q,O,-56.862,-12.506,-12.284
422,Q,CB,-57.822,-13.632,-9.774
422,Q,CG,-58.533,-13.798,-8.464
422,Q,CD,-59.023,-15.212,-8.296
422,Q,OE1,-58.335,-16.199,-8.568
422,Q,NE2,-60.197,-15.302,-7.731
423,L,N,-55.321,-11.569,-10.945
423,L,CA,-54.29,-11.445,-11.99
423,L,C,-52.983,-11.995,-11.456
423,L,O,-52.652,-11.79,-10.269
423,L,CB,-54.132,-9.97,-12.393
423,L,CG,-55.361,-9.357,-13.076
423,L,CD1,-55.183,-7.859,-13.187
423,L,CD2,-55.609,-9.967,-14.453
424,P,N,-52.177,-12.631,-12.325
424,P,CA,-50.873,-13.115,-11.882
424,P,C,-49.997,-11.948,-11.389
424,P,O,-50.005,-10.888,-11.957
424,P,CB,-50.25,-13.797,-13.111
424,P,CG,-51.42,-13.983,-14.062
424,P,CD,-52.386,-12.84,-13.773
425,I,N,-49.2,-12.197,-10.363
425,I,CA,-48.13,-11.272,-9.923
425,I,C,-46.856,-12.093,-9.824
425,I,O,-46.912,-13.317,-9.565
425,I,CB,-48.446,-10.547,-8.611
425,I,CG1,-48.785,-11.526,-7.482
425,I,CG2,-49.549,-9.504,-8.809
425,I,CD1,-48.79,-10.882,-6.112
426,Y,N,-45.734,-11.395,-9.941
426,Y,CA,-44.407,-12.025,-9.913
426,Y,C,-43.42,-10.941,-9.517
426,Y,O,-43.465,-9.863,-10.103
426,Y,CB,-44.109,-12.666,-11.272
426,Y,CG,-42.67,-13.083,-11.366
426,Y,CD1,-42.241,-14.166,-10.642
426,Y,CD2,-41.696,-12.271,-11.93
426,Y,CE1,-40.903,-14.524,-10.616
426,Y,CE2,-40.352,-12.616,-11.91
426,Y,CZ,-39.947,-13.733,-11.221
426,Y,OH,-38.639,-14.092,-11.138
427,T,N,-42.458,-11.298,-8.697
427,T,CA,-41.204,-10.541,-8.572
427,T,C,-40.075,-11.503,-8.284
427,T,O,-40.231,-12.382,-7.466
427,T,CB,-41.315,-9.507,-7.435
427,T,OG1,-40.074,-8.808,-7.377
427,T,CG2,-41.709,-10.083,-6.092
428,P,N,-38.885,-11.297,-8.841
428,P,CA,-37.713,-11.987,-8.338
428,P,C,-37.49,-11.453,-6.925
428,P,O,-37.906,-10.362,-6.58
428,P,CB,-36.556,-11.596,-9.237
428,P,CG,-37.068,-10.41,-10.001
428,P,CD,-38.579,-10.33,-9.89
429,L,N,-36.767,-12.242,-6.139
429,L,CA,-36.369,-11.847,-4.785
429,L,C,-34.859,-11.768,-4.773
429,L,O,-34.191,-12.732,-5.306
429,L,CB,-36.848,-12.916,-3.809
429,L,CG,-38.352,-12.967,-3.618
429,L,CD1,-38.682,-14.06,-2.639
429,L,CD2,-38.884,-11.614,-3.154
430,T,N,-34.337,-10.673,-4.214
430,T,CA,-32.899,-10.496,-4.055
430,T,C,-32.566,-10.23,-2.591
430,T,O,-33.399,-9.782,-1.821
430,T,CB,-32.33,-9.42,-4.994
430,T,OG1,-32.961,-8.208,-4.584
430,T,CG2,-32.613,-9.654,-6.458
431,H,N,-31.309,-10.43,-2.248
431,H,CA,-30.755,-10.032,-0.942
431,H,C,-29.327,-9.602,-1.19
431,H,O,-28.603,-10.325,-1.87
431,H,CB,-30.878,-11.151,0.095
431,H,CG,-30.564,-10.662,1.464
431,H,ND1,-31.329,-9.711,2.099
431,H,CD2,-29.576,-10.989,2.32
431,H,CE1,-30.804,-9.467,3.304
431,H,NE2,-29.74,-10.239,3.461
432,H,N,-28.976,-8.409,-0.731
432,H,CA,-27.665,-7.805,-1.072
432,H,C,-27.552,-7.704,-2.596
432,H,O,-26.459,-7.695,-3.114
432,H,CB,-26.508,-8.589,-0.428
432,H,CG,-26.598,-8.577,1.053
432,H,ND1,-25.899,-9.474,1.843
432,H,CD2,-27.347,-7.835,1.895
432,H,CE1,-26.223,-9.266,3.12
432,H,NE2,-27.061,-8.246,3.18
433,G,N,-28.684,-7.59,-3.291
433,G,CA,-28.708,-7.446,-4.755
433,G,C,-28.457,-8.741,-5.535
433,G,O,-28.411,-8.692,-6.777
434,E,N,-28.346,-9.858,-4.817
434,E,CA,-28.114,-11.218,-5.359
434,E,C,-29.466,-11.933,-5.449
434,E,O,-30.241,-11.806,-4.493
434,E,CB,-27.186,-11.967,-4.407
434,E,CG,-26.442,-13.11,-5.038
434,E,CD,-25.607,-13.88,-4.03
434,E,OE1,-25.126,-13.262,-3.049
434,E,OE2,-25.461,-15.087,-4.218
435,L,N,-29.734,-12.658,-6.535
435,L,CA,-30.998,-13.429,-6.666
435,L,C,-31.079,-14.521,-5.595
435,L,O,-30.113,-15.331,-5.456
435,L,CB,-31.079,-14.091,-8.033
435,L,CG,-32.446,-14.656,-8.395
435,L,CD1,-33.505,-13.567,-8.524
435,L,CD2,-32.362,-15.451,-9.685
436,T,N,-32.14,-14.491,-4.793
436,T,CA,-32.308,-15.46,-3.677
436,T,C,-33.609,-16.242,-3.794
436,T,O,-33.861,-17.106,-2.961
436,T,CB,-32.232,-14.78,-2.318
436,T,OG1,-33.228,-13.751,-2.311
436,T,CG2,-30.853,-14.226,-2.061
437,G,N,-34.392,-15.934,-4.792
437,G,CA,-35.644,-16.667,-5.053
437,G,C,-36.629,-15.852,-5.854
437,G,O,-36.217,-14.977,-6.624
438,H,N,-37.887,-16.194,-5.666
438,H,CA,-38.998,-15.645,-6.465
438,H,C,-40.235,-15.589,-5.595
438,H,O,-40.361,-16.388,-4.666
438,H,CB,-39.293,-16.584,-7.64
438,H,CG,-38.122,-16.837,-8.51
438,H,ND1,-37.74,-15.958,-9.514
438,H,CD2,-37.209,-17.82,-8.488
438,H,CE1,-36.615,-16.402,-10.058
438,H,NE2,-36.262,-17.524,-9.432
439,F,N,-41.112,-14.673,-5.912
439,F,CA,-42.435,-14.613,-5.277
439,F,C,-43.436,-14.562,-6.406
439,F,O,-43.316,-13.686,-7.272
439,F,CB,-42.525,-13.416,-4.348
439,F,CG,-43.854,-13.279,-3.682
439,F,CD1,-44.129,-13.978,-2.525
439,F,CD2,-44.867,-12.541,-4.255
439,F,CE1,-45.368,-13.853,-1.917
439,F,CE2,-46.105,-12.424,-3.641
439,F,CZ,-46.363,-13.121,-2.505
440,Q,N,-44.416,-15.444,-6.373
440,Q,CA,-45.476,-15.445,-7.413
440,Q,C,-46.814,-15.793,-6.778
440,Q,O,-46.859,-16.445,-5.762
440,Q,CB,-45.125,-16.407,-8.547
440,Q,CG,-45.338,-17.864,-8.222
440,Q,CD,-44.616,-18.707,-9.25
440,Q,OE1,-44.926,-18.658,-10.435
440,Q,NE2,-43.593,-19.438,-8.818
441,G,N,-47.873,-15.295,-7.37
441,G,CA,-49.226,-15.6,-6.922
441,G,C,-50.186,-14.842,-7.773
441,G,O,-49.869,-14.536,-8.914
442,E,N,-51.303,-14.502,-7.172
442,E,CA,-52.32,-13.698,-7.835
442,E,C,-52.649,-12.555,-6.907
442,E,O,-52.535,-12.673,-5.688
442,E,CB,-53.523,-14.57,-8.175
442,E,CG,-53.26,-15.65,-9.203
442,E,CD,-54.489,-16.523,-9.441
442,E,OE1,-55.536,-16.262,-8.829
442,E,OE2,-54.374,-17.519,-10.145
443,I,N,-53.027,-11.448,-7.518
443,I,CA,-53.505,-10.287,-6.766
443,I,C,-54.925,-10.022,-7.236
443,I,O,-55.295,-10.387,-8.367
443,I,CB,-52.564,-9.101,-7.03
443,I,CG1,-52.725,-8.033,-5.955
443,I,CG2,-52.758,-8.605,-8.457
443,I,CD1,-51.662,-6.982,-5.929
444,K,N,-55.703,-9.374,-6.376
444,K,CA,-57.054,-8.858,-6.702
444,K,C,-57.181,-7.507,-6.0
444,K,O,-57.131,-7.482,-4.758
444,K,CB,-58.128,-9.87,-6.293
444,K,CG,-59.537,-9.579,-6.798
444,K,CD,-60.535,-10.645,-6.383
444,K,CE,-61.961,-10.358,-6.799
444,K,NZ,-62.639,-9.468,-5.831
445,L,N,-57.267,-6.433,-6.788
445,L,CA,-57.228,-5.053,-6.291
445,L,C,-58.604,-4.431,-6.394
445,L,O,-59.209,-4.445,-7.502
445,L,CB,-56.256,-4.281,-7.17
445,L,CG,-56.102,-2.811,-6.784
445,L,CD1,-55.466,-2.691,-5.432
445,L,CD2,-55.273,-2.057,-7.836
446,Q,N,-59.082,-3.889,-5.272
446,Q,CA,-60.341,-3.105,-5.167
446,Q,C,-59.993,-1.617,-5.062
446,Q,O,-59.253,-1.258,-4.128
446,Q,CB,-61.129,-3.528,-3.928
446,Q,CG,-62.5,-2.883,-3.844
446,Q,CD,-63.362,-3.359,-4.983
446,Q,OE1,-63.741,-4.526,-5.037
446,Q,NE2,-63.665,-2.459,-5.903
447,T,N,-60.501,-0.793,-5.983
447,T,CA,-60.38,0.67,-5.902
447,T,C,-61.79,1.251,-5.703
447,T,O,-62.779,0.508,-5.802
447,T,CB,-59.694,1.244,-7.14
447,T,OG1,-60.595,1.084,-8.241
447,T,CG2,-58.382,0.57,-7.476
