resid_num,wildtype,atom,x,y,z
1,N,N,189.969,238.986,-35.484
1,N,CA,190.983,239.14,-34.453
1,N,C,190.539,240.222,-33.48
1,N,O,189.793,241.135,-33.843
1,N,CB,192.354,239.493,-35.047
1,N,CG,192.947,238.36,-35.86
1,N,OD1,192.977,237.212,-35.418
1,N,ND2,193.423,238.679,-37.058
2,L,N,191.004,240.112,-32.24
2,L,CA,190.615,241.023,-31.175
2,L,C,191.84,241.723,-30.604
2,L,O,192.943,241.17,-30.583
2,L,CB,189.873,240.283,-30.055
2,L,CG,188.634,239.481,-30.462
2,L,CD1,187.905,238.965,-29.231
2,L,CD2,187.706,240.32,-31.325
3,W,N,191.632,242.957,-30.145
3,W,CA,192.67,243.744,-29.496
3,W,C,192.072,244.452,-28.292
3,W,O,190.956,244.974,-28.36
3,W,CB,193.294,244.757,-30.467
3,W,CG,193.948,244.114,-31.655
3,W,CD1,195.238,243.679,-31.742
3,W,CD2,193.341,243.821,-32.918
3,W,NE1,195.474,243.139,-32.983
3,W,CE2,194.324,243.212,-33.723
3,W,CE3,192.062,244.015,-33.449
3,W,CZ2,194.069,242.799,-35.029
3,W,CZ3,191.81,243.604,-34.744
3,W,CH2,192.808,243.004,-35.52
4,V,N,192.819,244.467,-27.192
4,V,CA,192.308,244.98,-25.926
4,V,C,192.328,246.505,-25.941
4,V,O,193.232,247.13,-26.51
4,V,CB,193.119,244.395,-24.748
4,V,CG1,194.586,244.82,-24.808
4,V,CG2,192.492,244.76,-23.409
5,T,N,191.3,247.11,-25.35
5,T,CA,191.218,248.551,-25.183
5,T,C,191.039,248.879,-23.705
5,T,O,190.552,248.063,-22.918
5,T,CB,190.068,249.155,-26.003
5,T,OG1,190.005,250.568,-25.775
5,T,CG2,188.74,248.53,-25.616
6,V,N,191.45,250.087,-23.333
6,V,CA,191.424,250.522,-21.943
6,V,C,190.128,251.275,-21.68
6,V,O,189.774,252.2,-22.421
6,V,CB,192.646,251.397,-21.616
6,V,CG1,192.716,251.675,-20.123
6,V,CG2,193.921,250.726,-22.1
7,Y,N,189.418,250.876,-20.627
7,Y,CA,188.175,251.518,-20.21
7,Y,C,188.369,252.043,-18.794
7,Y,O,188.522,251.257,-17.852
7,Y,CB,187.001,250.543,-20.278
7,Y,CG,186.42,250.365,-21.66
7,Y,CD1,185.963,251.455,-22.391
7,Y,CD2,186.32,249.104,-22.234
7,Y,CE1,185.428,251.295,-23.655
7,Y,CE2,185.787,248.933,-23.499
7,Y,CZ,185.343,250.032,-24.204
7,Y,OH,184.81,249.868,-25.461
8,Y,N,188.361,253.363,-18.64
8,Y,CA,188.56,254.012,-17.352
8,Y,C,187.263,254.685,-16.927
8,Y,O,186.809,255.632,-17.576
8,Y,CB,189.695,255.033,-17.424
8,Y,CG,189.799,255.92,-16.205
8,Y,CD1,190.0,255.378,-14.94
8,Y,CD2,189.691,257.3,-16.316
8,Y,CE1,190.094,256.186,-13.822
8,Y,CE2,189.785,258.117,-15.205
8,Y,CZ,189.985,257.554,-13.962
8,Y,OH,190.079,258.364,-12.853
9,G,N,186.677,254.204,-15.832
9,G,CA,185.451,254.782,-15.321
9,G,C,184.233,253.907,-15.525
9,G,O,183.138,254.412,-15.79
10,V,N,184.405,252.595,-15.405
10,V,CA,183.299,251.654,-15.565
10,V,C,182.845,251.198,-14.182
10,V,O,183.647,251.209,-13.234
10,V,CB,183.702,250.475,-16.466
10,V,CG1,184.308,250.994,-17.757
10,V,CG2,184.682,249.548,-15.759
11,P,N,181.571,250.835,-13.997
11,P,CA,181.129,250.401,-12.665
11,P,C,181.548,248.977,-12.344
11,P,O,180.929,248.016,-12.81
11,P,CB,179.599,250.528,-12.739
11,P,CG,179.31,251.285,-14.008
11,P,CD,180.44,250.98,-14.925
12,V,N,182.597,248.837,-11.533
12,V,CA,183.052,247.555,-11.002
12,V,C,183.446,247.79,-9.55
12,V,O,184.266,248.671,-9.269
12,V,CB,184.245,246.964,-11.78
12,V,CG1,184.729,245.694,-11.105
12,V,CG2,183.883,246.669,-13.23
13,W,N,182.874,247.016,-8.633
13,W,CA,183.175,247.168,-7.217
13,W,C,183.696,245.862,-6.632
13,W,O,183.211,244.777,-6.969
13,W,CB,181.948,247.683,-6.436
13,W,CG,180.704,246.825,-6.466
13,W,CD1,180.532,245.596,-5.893
13,W,CD2,179.451,247.161,-7.073
13,W,NE1,179.258,245.14,-6.124
13,W,CE2,178.573,246.082,-6.843
13,W,CE3,178.99,248.265,-7.796
13,W,CZ2,177.262,246.076,-7.312
13,W,CZ3,177.687,248.257,-8.259
13,W,CH2,176.838,247.17,-8.017
14,K,N,184.706,245.982,-5.77
14,K,CA,185.276,244.87,-5.022
14,K,C,185.179,245.165,-3.532
14,K,O,185.289,246.318,-3.106
14,K,CB,186.747,244.622,-5.402
14,K,CG,187.016,244.379,-6.883
14,K,CD,186.056,243.358,-7.475
14,K,CE,186.596,241.943,-7.331
14,K,NZ,185.53,240.921,-7.517
15,D,N,184.98,244.114,-2.743
15,D,CA,184.8,244.28,-1.303
15,D,C,186.112,244.671,-0.634
15,D,O,187.158,244.066,-0.888
15,D,CB,184.256,242.992,-0.688
15,D,CG,183.007,242.495,-1.389
15,D,OD1,183.105,242.084,-2.566
15,D,OD2,181.926,242.515,-0.764
16,A,N,186.052,245.683,0.227
16,A,CA,187.213,246.145,0.979
16,A,C,186.721,246.832,2.246
16,A,O,185.516,246.936,2.495
16,A,CB,188.09,247.078,0.141
17,E,N,187.671,247.305,3.055
17,E,CA,187.377,247.91,4.345
17,E,C,188.099,249.245,4.461
17,E,O,189.194,249.424,3.92
17,E,CB,187.788,246.996,5.527
17,E,CG,187.329,245.526,5.458
17,E,CD,188.129,244.659,4.494
17,E,OE1,189.061,245.176,3.841
17,E,OE2,187.82,243.453,4.386
18,T,N,187.478,250.178,5.179
18,T,CA,188.027,251.519,5.35
18,T,C,187.4,252.153,6.585
18,T,O,186.601,251.533,7.292
18,T,CB,187.781,252.384,4.111
18,T,OG1,188.478,253.628,4.247
18,T,CG2,186.292,252.659,3.947
19,T,N,187.773,253.405,6.839
19,T,CA,187.184,254.197,7.905
19,T,C,186.011,255.017,7.37
19,T,O,185.797,255.132,6.162
19,T,CB,188.233,255.114,8.537
19,T,OG1,188.988,255.76,7.502
19,T,CG2,189.177,254.314,9.419
20,L,N,185.246,255.594,8.29
20,L,CA,184.045,256.347,7.954
20,L,C,184.209,257.807,8.381
20,L,O,185.281,258.235,8.818
20,L,CB,182.804,255.711,8.591
20,L,CG,182.097,254.527,7.912
20,L,CD1,181.523,254.948,6.561
20,L,CD2,182.966,253.278,7.775
21,F,N,183.131,258.571,8.249
21,F,CA,183.116,259.999,8.53
21,F,C,182.125,260.299,9.655
21,F,O,181.597,259.397,10.311
21,F,CB,182.762,260.795,7.272
21,F,CG,183.925,261.044,6.359
21,F,CD1,185.195,261.251,6.87
21,F,CD2,183.745,261.085,4.986
21,F,CE1,186.266,261.483,6.026
21,F,CE2,184.81,261.319,4.138
21,F,CZ,186.072,261.518,4.659
22,C,N,181.886,261.589,9.877
22,C,CA,180.887,262.07,10.816
22,C,C,179.905,262.97,10.081
22,C,O,180.267,263.644,9.112
22,C,CB,181.536,262.845,11.977
22,C,SG,180.389,263.805,13.011
23,A,N,178.656,262.978,10.545
23,A,CA,177.645,263.866,9.985
23,A,C,176.537,264.064,11.008
23,A,O,176.057,263.094,11.599
23,A,CB,177.073,263.308,8.677
24,S,N,176.135,265.318,11.205
24,S,CA,175.06,265.651,12.127
24,S,C,174.371,266.915,11.636
24,S,O,174.933,267.691,10.859
24,S,CB,175.578,265.838,13.558
24,S,OG,176.578,266.839,13.616
25,D,N,173.141,267.117,12.102
25,D,CA,172.324,268.243,11.678
25,D,C,171.831,268.991,12.91
25,D,O,171.687,268.411,13.989
25,D,CB,171.136,267.768,10.812
25,D,CG,170.434,268.908,10.078
25,D,OD1,170.045,269.912,10.711
25,D,OD2,170.269,268.793,8.846
26,A,N,171.581,270.292,12.722
26,A,CA,171.058,271.196,13.748
26,A,C,171.967,271.229,14.98
26,A,O,171.566,270.868,16.09
26,A,CB,169.617,270.829,14.129
27,K,N,173.2,271.692,14.75
27,K,CA,174.291,271.829,15.734
27,K,C,174.395,270.691,16.756
27,K,O,175.332,269.892,16.715
27,K,CB,174.193,273.196,16.457
27,K,CG,172.963,273.48,17.338
27,K,CD,173.144,273.062,18.794
27,K,CE,171.944,273.463,19.639
27,K,NZ,172.098,273.042,21.059
28,K,N,174.805,272.506,24.386
28,K,CA,175.712,273.057,23.386
28,K,C,176.84,272.079,23.069
28,K,O,177.306,272.002,21.933
28,K,CB,176.29,274.391,23.865
28,K,CG,176.89,275.245,22.757
28,K,CD,175.918,275.423,21.6
28,K,CE,176.585,276.112,20.421
28,K,NZ,175.663,276.253,19.262
29,H,N,177.272,271.332,24.083
29,H,CA,178.348,270.365,23.939
29,H,C,177.778,268.954,23.878
29,H,O,176.813,268.631,24.576
29,H,CB,179.341,270.477,25.098
29,H,CG,179.791,271.878,25.376
29,H,ND1,180.058,272.335,26.648
29,H,CD2,180.027,272.921,24.546
29,H,CE1,180.435,273.6,26.59
29,H,NE2,180.424,273.979,25.324
30,N,N,178.382,268.117,23.036
30,N,CA,177.938,266.743,22.853
30,N,C,179.143,265.815,22.881
30,N,O,180.248,266.193,22.482
30,N,CB,177.167,266.569,21.538
30,N,CG,176.484,265.22,21.437
30,N,OD1,176.201,264.577,22.448
30,N,ND2,176.218,264.782,20.212
31,V,N,178.917,264.592,23.358
31,V,CA,179.986,263.603,23.422
31,V,C,180.116,262.825,22.11
31,V,O,181.207,262.35,21.777
31,V,CB,179.755,262.667,24.628
31,V,CG1,178.494,261.828,24.449
31,V,CG2,180.976,261.792,24.905
32,W,N,179.038,262.719,21.333
32,W,CA,179.066,261.972,20.077
32,W,C,179.452,262.861,18.898
32,W,O,180.469,262.624,18.237
32,W,CB,177.7,261.327,19.821
32,W,CG,177.071,260.725,21.033
32,W,CD1,176.035,261.236,21.759
32,W,CD2,177.417,259.48,21.648
32,W,NE1,175.725,260.393,22.797
32,W,CE2,176.558,259.308,22.752
32,W,CE3,178.374,258.499,21.376
32,W,CZ2,176.628,258.192,23.582
32,W,CZ3,178.441,257.395,22.202
32,W,CH2,177.573,257.249,23.29
33,A,N,178.651,263.887,18.628
33,A,CA,178.86,264.79,17.502
33,A,C,179.376,266.116,18.048
33,A,O,178.596,266.954,18.509
33,A,CB,177.572,264.976,16.703
34,T,N,180.692,266.3,17.998
34,T,CA,181.305,267.531,18.463
34,T,C,181.116,268.638,17.427
34,T,O,180.587,268.421,16.331
34,T,CB,182.785,267.308,18.762
34,T,OG1,183.444,266.82,17.588
34,T,CG2,182.952,266.296,19.887
35,H,N,181.553,269.849,17.78
35,H,CA,181.436,270.983,16.872
35,H,C,182.367,270.867,15.671
35,H,O,182.126,271.523,14.653
35,H,CB,181.714,272.286,17.623
35,H,CG,181.014,272.383,18.944
35,H,ND1,181.69,272.416,20.144
35,H,CD2,179.697,272.45,19.252
35,H,CE1,180.82,272.501,21.134
35,H,NE2,179.604,272.524,20.62
36,A,N,183.415,270.054,15.765
36,A,CA,184.348,269.852,14.657
36,A,C,183.929,268.677,13.777
36,A,O,184.702,267.755,13.52
36,A,CB,185.76,269.655,15.196
37,C,N,182.684,268.709,13.305
37,C,CA,182.144,267.681,12.427
37,C,C,181.415,268.338,11.266
37,C,O,180.707,269.333,11.449
37,C,CB,181.196,266.743,13.184
37,C,SG,180.267,265.626,12.115
38,V,N,181.596,267.781,10.073
38,V,CA,180.955,268.333,8.873
38,V,C,179.457,268.049,8.923
38,V,O,179.051,266.953,9.354
38,V,CB,181.611,267.757,7.607
38,V,CG1,181.543,266.233,7.568
38,V,CG2,181.002,268.351,6.34
39,P,N,178.6,269.01,8.573
39,P,CA,177.158,268.74,8.558
39,P,C,176.771,267.76,7.459
39,P,O,177.46,267.616,6.446
39,P,CB,176.537,270.12,8.311
39,P,CG,177.588,271.095,8.72
39,P,CD,178.894,270.442,8.402
40,T,N,175.647,267.082,7.678
40,T,CA,175.171,266.071,6.75
40,T,C,174.618,266.711,5.478
40,T,O,174.365,267.918,5.411
40,T,CB,174.092,265.205,7.402
40,T,OG1,173.76,264.114,6.534
40,T,CG2,172.841,266.027,7.678
41,D,N,174.439,265.878,4.457
41,D,CA,173.893,266.344,3.194
41,D,C,172.408,266.696,3.325
41,D,O,171.704,266.154,4.182
41,D,CB,174.132,265.301,2.092
41,D,CG,173.444,263.956,2.354
41,D,OD1,172.798,263.754,3.402
41,D,OD2,173.561,263.074,1.477
42,P,N,171.918,267.644,2.525
42,P,CA,170.494,268.0,2.574
42,P,C,169.591,267.177,1.667
42,P,O,168.38,267.425,1.652
42,P,CB,170.512,269.467,2.123
42,P,CG,171.638,269.53,1.159
42,P,CD,172.682,268.558,1.654
43,N,N,170.13,266.215,0.916
43,N,CA,169.32,265.404,0.021
43,N,C,169.724,263.933,0.051
43,N,O,170.919,263.607,-0.003
43,N,CB,169.383,265.944,-1.419
43,N,CG,170.799,266.237,-1.882
43,N,OD1,171.768,266.012,-1.157
43,N,ND2,170.924,266.746,-3.102
44,P,N,168.745,263.031,0.158
44,P,CA,169.043,261.594,0.258
44,P,C,169.306,260.931,-1.087
44,P,O,168.365,260.46,-1.732
44,P,CB,167.782,261.016,0.92
44,P,CG,166.908,262.209,1.276
44,P,CD,167.313,263.3,0.347
45,Q,N,170.566,260.89,-1.526
45,Q,CA,170.881,260.284,-2.815
45,Q,C,170.741,258.768,-2.755
45,Q,O,171.717,258.059,-2.489
45,Q,CB,172.304,260.631,-3.263
45,Q,CG,172.57,262.093,-3.563
45,Q,CD,173.023,262.857,-2.337
45,Q,OE1,173.351,262.263,-1.31
45,Q,NE2,173.077,264.176,-2.449
46,E,N,169.533,258.263,-2.997
46,E,CA,169.269,256.83,-3.064
46,E,C,169.034,256.464,-4.523
46,E,O,168.018,256.853,-5.112
46,E,CB,168.072,256.449,-2.196
46,E,CG,168.263,256.727,-0.714
46,E,CD,166.95,256.802,0.04
46,E,OE1,166.793,257.718,0.876
46,E,OE2,166.072,255.947,-0.202
47,I,N,169.969,255.72,-5.105
47,I,CA,169.921,255.342,-6.513
47,I,C,169.636,253.85,-6.585
47,I,O,170.464,253.029,-6.172
47,I,CB,171.223,255.695,-7.243
47,I,CG1,171.497,257.197,-7.147
47,I,CG2,171.157,255.253,-8.695
47,I,CD1,170.423,258.054,-7.778
48,H,N,168.467,253.494,-7.111
48,H,CA,168.095,252.094,-7.26
48,H,C,168.85,251.464,-8.424
48,H,O,169.123,252.118,-9.434
48,H,CB,166.589,251.961,-7.478
48,H,CG,166.006,250.705,-6.909
48,H,ND1,166.03,249.502,-7.581
48,H,CD2,165.385,250.466,-5.73
48,H,CE1,165.447,248.575,-6.841
48,H,NE2,165.047,249.134,-5.712
49,L,N,169.185,250.185,-8.275
49,L,CA,169.928,249.447,-9.284
49,L,C,169.116,248.247,-9.755
49,L,O,168.254,247.73,-9.039
49,L,CB,171.287,248.977,-8.745
49,L,CG,172.153,250.013,-8.024
49,L,CD1,173.494,249.409,-7.64
49,L,CD2,172.35,251.249,-8.884
50,E,N,169.406,247.808,-10.979
50,E,CA,168.727,246.677,-11.593
50,E,C,169.761,245.66,-12.056
50,E,O,170.936,245.987,-12.247
50,E,CB,167.855,247.105,-12.787
50,E,CG,166.423,247.496,-12.433
50,E,CD,166.336,248.748,-11.582
50,E,OE1,165.38,248.86,-10.787
50,E,OE2,167.204,249.634,-11.732
51,N,N,169.297,244.415,-12.224
51,N,CA,170.108,243.288,-12.703
51,N,C,171.289,242.99,-11.782
51,N,O,172.326,242.495,-12.231
51,N,CB,170.618,243.521,-14.13
51,N,CG,169.566,243.271,-15.189
51,N,OD1,169.105,242.145,-15.378
51,N,ND2,169.185,244.332,-15.891
52,V,N,171.157,243.281,-10.49
52,V,CA,172.243,243.113,-9.53
52,V,C,171.801,242.169,-8.418
52,V,O,170.677,242.269,-7.91
52,V,CB,172.732,244.467,-8.975
52,V,CG1,173.295,245.319,-10.092
52,V,CG2,171.59,245.235,-8.329
53,T,N,172.668,241.21,-8.092
53,T,CA,172.489,240.308,-6.955
53,T,C,173.809,240.266,-6.198
53,T,O,174.789,239.697,-6.687
53,T,CB,172.078,238.901,-7.401
53,T,OG1,173.073,238.362,-8.28
53,T,CG2,170.726,238.914,-8.107
54,E,N,173.836,240.863,-5.009
54,E,CA,175.043,240.944,-4.202
54,E,C,174.856,240.159,-2.91
54,E,O,173.782,240.192,-2.302
54,E,CB,175.4,242.4,-3.883
54,E,CG,175.608,243.267,-5.115
54,E,CD,176.516,242.615,-6.14
54,E,OE1,177.676,242.301,-5.796
54,E,OE2,176.07,242.414,-7.289
55,E,N,175.91,239.456,-2.498
55,E,CA,175.873,238.624,-1.295
55,E,C,176.314,239.467,-0.107
55,E,O,177.504,239.612,0.174
55,E,CB,176.756,237.393,-1.464
55,E,CG,176.347,236.469,-2.598
55,E,CD,175.43,235.353,-2.139
55,E,OE1,175.31,235.145,-0.913
55,E,OE2,174.837,234.675,-3.003
56,F,N,175.34,240.036,0.598
56,F,CA,175.631,240.739,1.838
56,F,C,176.028,239.746,2.92
56,F,O,175.505,238.631,2.987
56,F,CB,174.419,241.553,2.288
56,F,CG,174.328,242.907,1.653
56,F,CD1,173.983,243.04,0.32
56,F,CD2,174.579,244.05,2.395
56,F,CE1,173.897,244.286,-0.267
56,F,CE2,174.491,245.301,1.815
56,F,CZ,174.151,245.419,0.482
57,N,N,176.961,240.157,3.777
57,N,CA,177.49,239.281,4.823
57,N,C,177.673,240.097,6.095
57,N,O,178.704,240.754,6.275
57,N,CB,178.8,238.636,4.385
57,N,CG,179.06,237.315,5.084
57,N,OD1,178.918,237.204,6.3
57,N,ND2,179.443,236.305,4.31
58,M,N,176.675,240.057,6.974
58,M,CA,176.832,240.631,8.297
58,M,C,177.609,239.662,9.188
58,M,O,177.886,238.518,8.811
58,M,CB,175.472,240.969,8.903
58,M,CG,174.585,239.769,9.145
58,M,SD,173.541,239.989,10.593
58,M,CE,172.413,241.248,10.016
59,W,N,177.987,240.149,10.372
59,W,CA,178.898,239.502,11.319
59,W,C,180.286,239.251,10.733
59,W,O,181.07,238.496,11.32
59,W,CB,178.332,238.184,11.876
59,W,CG,177.047,238.322,12.632
59,W,CD1,176.85,239.007,13.794
59,W,CD2,175.786,237.732,12.297
59,W,NE1,175.541,238.895,14.194
59,W,CE2,174.867,238.116,13.293
59,W,CE3,175.343,236.922,11.247
59,W,CZ2,173.532,237.717,13.273
59,W,CZ3,174.018,236.529,11.227
59,W,CH2,173.128,236.927,12.231
60,K,N,180.611,239.862,9.596
60,K,CA,181.933,239.741,8.998
60,K,C,182.456,241.121,8.628
60,K,O,183.67,241.343,8.579
60,K,CB,181.89,238.832,7.767
60,K,CG,182.118,237.359,8.069
60,K,CD,183.436,237.139,8.793
60,K,CE,183.999,235.758,8.505
60,K,NZ,182.995,234.686,8.749
61,N,N,181.542,242.051,8.362
61,N,CA,181.927,243.434,8.12
61,N,C,182.399,244.075,9.418
61,N,O,181.889,243.77,10.499
61,N,CB,180.756,244.221,7.533
61,N,CG,179.574,244.302,8.479
61,N,OD1,179.205,243.315,9.114
61,N,ND2,178.975,245.483,8.577
62,N,N,183.385,244.964,9.31
62,N,CA,183.989,245.581,10.478
62,N,C,183.473,246.992,10.736
62,N,O,184.124,247.754,11.459
62,N,CB,185.513,245.593,10.352
62,N,CG,185.983,246.021,8.979
62,N,OD1,185.187,246.428,8.134
62,N,ND2,187.288,245.942,8.754
63,M,N,182.329,247.36,10.153
63,M,CA,181.71,248.637,10.501
63,M,C,181.26,248.649,11.957
63,M,O,181.412,249.661,12.649
63,M,CB,180.53,248.934,9.578
63,M,CG,180.896,249.718,8.333
63,M,SD,179.471,250.559,7.618
63,M,CE,178.695,249.217,6.73
64,V,N,180.695,247.536,12.431
64,V,CA,180.382,247.42,13.851
64,V,C,181.661,247.34,14.676
64,V,O,181.699,247.804,15.822
64,V,CB,179.454,246.215,14.102
64,V,CG1,178.077,246.484,13.518
64,V,CG2,180.037,244.944,13.501
65,E,N,182.725,246.755,14.117
65,E,CA,184.023,246.802,14.781
65,E,C,184.606,248.208,14.738
65,E,O,185.261,248.645,15.69
65,E,CB,184.979,245.795,14.14
65,E,CG,184.397,244.398,13.985
65,E,CD,184.549,243.553,15.234
65,E,OE1,184.053,242.407,15.242
65,E,OE2,185.165,244.033,16.209
66,Q,N,184.384,248.93,13.634
66,Q,CA,184.754,250.34,13.588
66,Q,C,183.872,251.167,14.516
66,Q,O,184.333,252.166,15.076
66,Q,CB,184.682,250.854,12.145
66,Q,CG,185.227,252.265,11.914
66,Q,CD,184.198,253.351,12.172
66,Q,OE1,182.999,253.134,12.0
66,Q,NE2,184.661,254.518,12.597
67,M,N,182.605,250.771,14.679
67,M,CA,181.75,251.407,15.677
67,M,C,182.281,251.179,17.085
67,M,O,182.263,252.091,17.915
67,M,CB,180.317,250.892,15.559
67,M,CG,179.274,251.815,16.172
67,M,SD,178.917,253.281,15.189
67,M,CE,177.286,252.888,14.571
68,H,N,182.778,249.977,17.371
68,H,CA,183.347,249.712,18.686
68,H,C,184.703,250.379,18.884
68,H,O,185.234,250.34,19.998
68,H,CB,183.469,248.204,18.908
68,H,CG,183.489,247.806,20.35
68,H,ND1,184.636,247.831,21.115
68,H,CD2,182.501,247.375,21.171
68,H,CE1,184.354,247.432,22.344
68,H,NE2,183.065,247.149,22.402
69,T,N,185.273,250.98,17.84
69,T,CA,186.574,251.631,17.919
69,T,C,186.468,253.126,18.215
69,T,O,187.212,253.64,19.059
69,T,CB,187.345,251.414,16.613
69,T,OG1,187.496,250.009,16.376
69,T,CG2,188.725,252.053,16.68
70,D,N,185.558,253.841,17.552
70,D,CA,185.505,255.291,17.692
70,D,C,184.615,255.764,18.836
70,D,O,184.835,256.868,19.348
70,D,CB,185.035,255.941,16.384
70,D,CG,183.777,255.304,15.829
70,D,OD1,183.226,254.392,16.478
70,D,OD2,183.338,255.715,14.733
71,I,N,183.616,254.973,19.237
71,I,CA,182.78,255.35,20.378
71,I,C,183.599,255.372,21.663
71,I,O,183.511,256.319,22.453
71,I,CB,181.56,254.416,20.491
71,I,CG1,180.713,254.488,19.221
71,I,CG2,180.742,254.736,21.732
71,I,CD1,180.157,255.865,18.941
72,I,N,184.416,254.339,21.886
72,I,CA,185.28,254.327,23.063
72,I,C,186.346,255.417,22.953
72,I,O,186.76,255.995,23.967
72,I,CB,185.885,252.921,23.272
72,I,CG1,186.793,252.877,24.504
72,I,CG2,186.646,252.459,22.044
72,I,CD1,186.1,253.263,25.793
73,S,N,186.787,255.733,21.732
73,S,CA,187.704,256.853,21.54
73,S,C,187.038,258.177,21.895
73,S,O,187.657,259.038,22.531
73,S,CB,188.21,256.874,20.098
73,S,OG,189.078,257.974,19.883
74,L,N,185.776,258.359,21.494
74,L,CA,185.007,259.505,21.97
74,L,C,184.712,259.402,23.458
74,L,O,184.598,260.427,24.138
74,L,CB,183.696,259.634,21.193
74,L,CG,183.744,259.971,19.705
74,L,CD1,182.35,259.907,19.11
74,L,CD2,184.328,261.357,19.52
75,W,N,184.582,258.181,23.975
75,W,CA,184.23,258.003,25.377
75,W,C,185.401,258.347,26.287
75,W,O,185.196,258.901,27.367
75,W,CB,183.776,256.563,25.618
75,W,CG,182.89,256.373,26.8
75,W,CD1,183.233,255.879,28.024
75,W,CD2,181.484,256.64,26.855
75,W,NE1,182.129,255.839,28.844
75,W,CE2,181.043,256.301,28.146
75,W,CE3,180.558,257.142,25.935
75,W,CZ2,179.714,256.445,28.541
75,W,CZ3,179.242,257.288,26.33
75,W,CH2,178.833,256.942,27.623
76,D,N,186.627,258.038,25.861
76,D,CA,187.801,258.407,26.643
76,D,C,188.119,259.891,26.49
76,D,O,188.629,260.522,27.422
76,D,CB,188.996,257.551,26.218
76,D,CG,190.046,257.409,27.31
76,D,OD1,190.066,258.233,28.248
76,D,OD2,190.859,256.465,27.224
77,Q,N,187.823,260.463,25.317
77,Q,CA,188.193,261.848,25.04
77,Q,C,187.428,262.836,25.91
77,Q,O,188.005,263.822,26.38
77,Q,CB,187.967,262.163,23.561
77,Q,CG,188.438,263.545,23.144
77,Q,CD,188.526,263.703,21.641
77,Q,OE1,189.439,264.349,21.128
77,Q,NE2,187.576,263.113,20.926
78,S,N,186.133,262.597,26.132
78,S,CA,185.352,263.49,26.983
78,S,C,185.787,263.399,28.442
78,S,O,185.648,264.372,29.19
78,S,CB,183.863,263.173,26.853
78,S,OG,183.135,263.684,27.954
79,L,N,186.315,262.247,28.853
79,L,CA,186.774,262.041,30.222
79,L,C,188.112,262.705,30.519
79,L,O,188.446,262.876,31.697
79,L,CB,186.867,260.538,30.511
79,L,CG,185.656,259.771,31.054
79,L,CD1,185.391,260.259,32.433
79,L,CD2,184.395,259.96,30.233
80,K,N,188.887,263.07,29.49
80,K,CA,190.207,263.648,29.741
80,K,C,190.152,265.025,30.407
80,K,O,190.833,265.209,31.432
80,K,CB,191.027,263.661,28.445
80,K,CG,192.435,264.207,28.606
80,K,CD,193.228,264.066,27.319
80,K,CE,192.758,265.061,26.27
80,K,NZ,193.603,265.015,25.045
81,P,N,189.382,266.038,29.907
81,P,CA,189.398,267.344,30.594
81,P,C,188.326,267.457,31.676
81,P,O,187.459,268.336,31.643
81,P,CB,189.163,268.318,29.435
81,P,CG,188.214,267.589,28.564
81,P,CD,188.569,266.121,28.673
82,C,N,188.394,266.57,32.668
82,C,CA,187.357,266.477,33.686
82,C,C,187.964,266.448,35.082
82,C,O,189.14,266.13,35.275
82,C,CB,186.478,265.238,33.479
82,C,SG,185.231,265.43,32.195
83,V,N,187.122,266.798,36.054
83,V,CA,187.492,266.738,37.462
83,V,C,187.663,265.287,37.899
83,V,O,186.874,264.407,37.535
83,V,CB,186.437,267.5,38.29
83,V,CG1,185.082,266.841,38.203
83,V,CG2,186.836,267.569,39.743
84,K,N,188.741,265.017,38.631
84,K,CA,189.045,263.669,39.095
84,K,C,188.5,263.444,40.502
84,K,O,188.492,264.351,41.339
84,K,CB,190.555,263.417,39.061
84,K,CG,191.158,263.38,37.659
84,K,CD,192.664,263.15,37.682
84,K,CE,193.26,263.091,36.285
84,K,NZ,194.737,262.89,36.314
85,L,N,188.043,262.216,40.756
85,L,CA,187.41,261.853,42.019
85,L,C,188.204,260.805,42.79
85,L,O,187.624,259.973,43.491
85,L,CB,185.989,261.351,41.783
85,L,CG,184.97,262.333,41.223
85,L,CD1,183.599,261.69,41.291
85,L,CD2,185.013,263.643,41.991
86,T,N,189.526,260.824,42.672
86,T,CA,190.342,259.867,43.414
86,T,C,190.359,260.012,44.945
86,T,O,190.615,259.002,45.612
86,T,CB,191.781,259.871,42.87
86,T,OG1,192.567,258.904,43.58
86,T,CG2,192.437,261.239,42.964
87,P,N,190.106,261.204,45.589
87,P,CA,190.138,261.198,47.059
87,P,C,188.802,260.873,47.713
87,P,O,188.623,261.154,48.902
87,P,CB,190.579,262.63,47.409
87,P,CG,190.893,263.295,46.099
87,P,CD,190.009,262.604,45.135
88,L,N,187.852,260.299,46.972
88,L,CA,186.533,260.053,47.541
88,L,C,186.388,258.706,48.235
88,L,O,185.384,258.501,48.925
88,L,CB,185.443,260.148,46.472
88,L,CG,185.096,261.521,45.91
88,L,CD1,184.017,261.366,44.873
88,L,CD2,184.625,262.428,47.018
89,C,N,187.333,257.78,48.079
89,C,CA,187.196,256.476,48.715
89,C,C,187.93,256.41,50.052
89,C,O,188.278,255.323,50.524
89,C,CB,187.647,255.355,47.775
89,C,SG,189.411,255.097,47.553
90,V,N,188.168,257.571,50.671
90,V,CA,188.48,257.615,52.091
90,V,C,187.298,257.029,52.852
90,V,O,186.141,257.193,52.443
90,V,CB,188.781,259.063,52.519
90,V,CG1,189.255,259.132,53.964
90,V,CG2,189.814,259.681,51.596
91,T,N,187.587,256.334,53.959
91,T,CA,186.635,255.478,54.669
91,T,C,185.325,256.172,55.024
91,T,O,185.304,257.118,55.816
91,T,CB,187.272,254.934,55.949
91,T,OG1,187.614,256.025,56.812
91,T,CG2,188.527,254.147,55.625
92,L,N,184.229,255.703,54.431
92,L,CA,182.916,256.279,54.679
92,L,C,182.331,255.7,55.959
92,L,O,182.372,254.485,56.178
92,L,CB,181.967,256.004,53.508
92,L,CG,182.006,256.778,52.183
92,L,CD1,183.218,256.425,51.343
92,L,CD2,180.728,256.539,51.394
93,Q,N,181.79,256.57,56.806
93,Q,CA,181.031,256.163,57.985
93,Q,C,179.565,256.434,57.68
93,Q,O,179.144,257.593,57.604
93,Q,CB,181.497,256.911,59.23
93,Q,CG,182.535,256.156,60.045
93,Q,CD,182.54,256.565,61.501
93,Q,OE1,182.583,257.752,61.826
93,Q,NE2,182.494,255.582,62.392
94,C,N,178.791,255.368,57.505
94,C,CA,177.473,255.459,56.901
94,C,C,176.433,254.92,57.878
94,C,O,176.763,254.351,58.921
94,C,CB,177.437,254.666,55.591
94,C,SG,178.527,255.313,54.293
95,T,N,175.161,255.103,57.526
95,T,CA,174.064,254.549,58.311
95,T,C,172.835,254.432,57.421
95,T,O,172.751,255.058,56.361
95,T,CB,173.752,255.4,59.549
95,T,OG1,172.667,254.81,60.275
95,T,CG2,173.372,256.815,59.143
96,N,N,171.886,253.611,57.866
96,N,CA,170.622,253.469,57.156
96,N,C,169.8,254.745,57.277
96,N,O,169.767,255.385,58.332
96,N,CB,169.826,252.287,57.709
96,N,CG,170.51,250.954,57.474
96,N,OD1,171.649,250.898,57.007
96,N,ND2,169.812,249.87,57.794
97,V,N,169.133,255.118,56.19
97,V,CA,168.262,256.286,56.179
97,V,C,166.818,255.838,56.389
97,V,O,166.351,254.879,55.762
97,V,CB,168.437,257.097,54.877
97,V,CG1,168.186,256.249,53.631
97,V,CG2,167.529,258.318,54.885
98,T,N,166.127,256.495,57.325
98,T,CA,164.718,256.212,57.625
98,T,C,163.999,257.556,57.718
98,T,O,163.898,258.144,58.797
98,T,CB,164.551,255.403,58.912
98,T,OG1,165.072,256.147,60.022
98,T,CG2,165.247,254.045,58.824
99,N,N,163.495,258.031,56.58
99,N,CA,162.701,259.261,56.505
99,N,C,161.598,259.004,55.484
99,N,O,161.796,259.226,54.284
99,N,CB,163.556,260.463,56.128
99,N,CG,164.279,261.065,57.316
99,N,OD1,163.8,261.0,58.448
99,N,ND2,165.44,261.659,57.063
100,N,N,160.442,258.552,55.975
100,N,CA,159.321,258.092,55.15
100,N,C,159.786,257.032,54.153
100,N,O,159.641,257.165,52.936
100,N,CB,158.632,259.264,54.445
100,N,CG,158.139,260.321,55.414
100,N,OD1,158.013,260.07,56.614
100,N,ND2,157.856,261.511,54.897
101,I,N,160.361,255.966,54.698
101,I,CA,160.966,254.901,53.912
101,I,C,159.938,253.798,53.699
101,I,O,159.054,253.565,54.532
101,I,CB,162.252,254.378,54.599
101,I,CG1,163.071,253.491,53.655
101,I,CG2,161.935,253.658,55.908
101,I,CD1,163.639,254.229,52.466
102,T,N,160.024,253.138,52.545
102,T,CA,159.16,252.014,52.235
102,T,C,159.858,250.703,52.591
102,T,O,160.996,250.682,53.066
102,T,CB,158.755,252.037,50.761
102,T,OG1,159.905,251.778,49.943
102,T,CG2,158.171,253.391,50.39
103,D,N,159.16,249.589,52.364
103,D,CA,159.723,248.283,52.695
103,D,C,160.796,247.869,51.693
103,D,O,161.823,247.297,52.077
103,D,CB,158.611,247.237,52.754
103,D,CG,159.003,246.013,53.556
103,D,OD1,160.096,246.02,54.159
103,D,OD2,158.215,245.044,53.589
104,D,N,160.576,248.146,50.408
104,D,CA,161.507,247.702,49.379
104,D,C,162.785,248.535,49.314
104,D,O,163.795,248.05,48.793
104,D,CB,160.774,247.633,48.027
104,D,CG,160.234,248.984,47.543
104,D,OD1,159.124,248.981,46.97
104,D,OD2,160.88,250.038,47.707
105,M,N,162.776,249.764,49.83
105,M,CA,163.971,250.6,49.853
105,M,C,164.674,250.601,51.208
105,M,O,165.578,251.414,51.42
105,M,CB,163.632,252.036,49.445
105,M,CG,163.247,252.197,47.984
105,M,SD,164.657,252.096,46.86
105,M,CE,164.73,253.776,46.243
106,R,N,164.285,249.715,52.122
106,R,CA,164.968,249.621,53.407
106,R,C,166.335,248.974,53.21
106,R,O,166.429,247.832,52.749
106,R,CB,164.131,248.821,54.403
106,R,CG,164.731,248.76,55.801
106,R,CD,163.746,248.212,56.829
106,R,NE,162.386,248.699,56.621
106,R,CZ,161.347,247.92,56.335
106,R,NH1,161.51,246.609,56.226
106,R,NH2,160.145,248.451,56.158
107,G,N,167.391,249.703,53.559
107,G,CA,168.741,249.233,53.329
107,G,C,169.269,249.472,51.935
107,G,O,170.349,248.97,51.603
108,E,N,168.546,250.223,51.102
108,E,CA,168.98,250.498,49.735
108,E,C,169.834,251.762,49.665
108,E,O,170.965,251.729,49.171
108,E,CB,167.762,250.615,48.811
108,E,CG,167.314,249.295,48.207
108,E,CD,168.273,248.783,47.15
108,E,OE1,168.83,249.612,46.4
108,E,OE2,168.468,247.552,47.069
109,L,N,169.304,252.879,50.152
109,L,CA,170.056,254.123,50.209
109,L,C,170.777,254.244,51.545
109,L,O,170.273,253.817,52.586
109,L,CB,169.139,255.33,49.998
109,L,CG,168.912,255.793,48.557
109,L,CD1,167.908,254.901,47.848
109,L,CD2,168.456,257.244,48.525
110,K,N,171.972,254.829,51.502
110,K,CA,172.807,254.993,52.683
110,K,C,173.15,256.464,52.853
110,K,O,173.62,257.106,51.908
110,K,CB,174.09,254.162,52.569
110,K,CG,173.861,252.664,52.461
110,K,CD,173.29,252.09,53.744
110,K,CE,173.55,250.596,53.839
110,K,NZ,172.786,249.974,54.955
111,N,N,172.919,256.996,54.053
111,N,CA,173.319,258.359,54.385
111,N,C,174.752,258.313,54.896
111,N,O,175.008,257.851,56.011
111,N,CB,172.386,258.978,55.422
111,N,CG,172.591,260.474,55.558
111,N,OD1,173.363,261.071,54.807
111,N,ND2,171.912,261.087,56.517
112,C,N,175.685,258.784,54.081
112,C,CA,177.102,258.6,54.343
112,C,C,177.778,259.918,54.707
112,C,O,177.34,261.0,54.311
112,C,CB,177.774,257.969,53.125
112,C,SG,177.338,256.23,52.934
113,S,N,178.861,259.806,55.475
113,S,CA,179.611,260.965,55.939
113,S,C,181.09,260.611,55.988
113,S,O,181.455,259.487,56.343
113,S,CB,179.125,261.428,57.315
113,S,OG,179.515,260.518,58.329
114,F,N,181.934,261.578,55.632
114,F,CA,183.376,261.374,55.57
114,F,C,184.084,262.714,55.736
114,F,O,183.45,263.769,55.833
114,F,CB,183.779,260.671,54.269
114,F,CG,183.052,261.176,53.054
114,F,CD1,181.914,260.529,52.6
114,F,CD2,183.48,262.31,52.387
114,F,CE1,181.232,260.985,51.489
114,F,CE2,182.795,262.775,51.277
114,F,CZ,181.673,262.11,50.83
115,N,N,185.412,262.69,55.636
115,N,CA,186.25,263.901,55.829
115,N,C,187.044,264.178,54.547
115,N,O,187.855,263.333,54.197
115,N,CB,187.32,263.587,56.878
115,N,CG,186.809,263.114,58.224
115,N,OD1,185.608,263.078,58.463
115,N,ND2,187.724,262.743,59.113
116,M,N,186.871,265.331,53.9
116,M,CA,187.58,265.659,52.627
116,M,C,188.162,267.084,52.642
116,M,O,187.753,267.854,53.515
116,M,CB,186.613,265.549,51.455
116,M,CG,187.265,265.182,50.15
116,M,SD,185.983,265.046,48.89
116,M,CE,184.857,266.322,49.445
117,T,N,189.069,267.437,51.719
117,T,CA,189.751,268.765,51.665
117,T,C,188.855,269.935,51.232
117,T,O,187.818,269.673,50.64
117,T,CB,190.92,268.679,50.694
117,T,OG1,190.86,267.374,50.123
117,T,CG2,192.258,268.852,51.374
118,T,N,189.228,271.181,51.549
118,T,CA,188.467,272.396,51.152
118,T,C,189.226,273.05,50.014
118,T,O,190.032,272.345,49.421
118,T,CB,188.36,273.383,52.31
118,T,OG1,187.563,274.487,51.883
118,T,CG2,189.7,273.885,52.794
119,E,N,189.018,274.322,49.71
119,E,CA,189.729,274.87,48.53
119,E,C,191.215,274.777,48.839
119,E,O,191.972,274.349,47.973
119,E,CB,189.292,276.31,48.295
119,E,CG,187.84,276.58,48.628
119,E,CD,187.655,277.265,49.966
119,E,OE1,188.37,276.898,50.919
119,E,OE2,186.811,278.175,50.049
120,L,N,191.594,275.153,50.058
120,L,CA,193.003,275.062,50.486
120,L,C,193.245,273.624,50.914
120,L,O,192.275,272.892,51.027
120,L,CB,193.227,276.019,51.649
120,L,CG,192.498,277.353,51.575
120,L,CD1,192.952,278.258,52.706
120,L,CD2,192.75,278.013,50.236
121,R,N,194.486,273.24,51.162
121,R,CA,194.777,271.817,51.449
121,R,C,195.147,271.609,52.917
121,R,O,195.697,270.556,53.22
121,R,CB,196.019,271.432,50.656
121,R,CG,195.77,270.868,49.265
121,R,CD,197.077,270.963,48.499
121,R,NE,197.37,269.846,47.616
121,R,CZ,196.918,269.731,46.374
121,R,NH1,196.129,270.661,45.867
121,R,NH2,197.249,268.683,45.644
122,D,N,194.871,272.578,53.781
122,D,CA,195.231,272.455,55.216
122,D,C,193.994,272.497,56.118
122,D,O,194.159,272.284,57.317
122,D,CB,196.239,273.515,55.638
122,D,CG,197.614,273.308,55.04
122,D,OD1,197.682,272.799,53.912
122,D,OD2,198.603,273.652,55.713
123,K,N,192.818,272.796,55.585
123,K,CA,191.581,272.772,56.349
123,K,C,190.679,271.658,55.833
123,K,O,190.694,271.327,54.644
123,K,CB,190.848,274.117,56.269
123,K,CG,191.738,275.333,56.464
123,K,CD,190.91,276.592,56.663
123,K,CE,191.523,277.501,57.715
123,K,NZ,190.808,278.804,57.804
124,K,N,189.893,271.083,56.74
124,K,CA,189.0,269.982,56.415
124,K,C,187.615,270.253,56.987
124,K,O,187.443,271.077,57.89
124,K,CB,189.534,268.646,56.949
124,K,CG,190.628,268.028,56.095
124,K,CD,191.017,266.654,56.615
124,K,CE,192.023,265.982,55.698
124,K,NZ,192.364,264.61,56.162
125,Q,N,186.625,269.546,56.446
125,Q,CA,185.244,269.692,56.876
125,Q,C,184.578,268.324,56.917
125,Q,O,184.987,267.388,56.227
125,Q,CB,184.456,270.632,55.954
125,Q,CG,184.364,270.156,54.512
125,Q,CD,183.945,271.257,53.559
125,Q,OE1,184.586,271.484,52.533
125,Q,NE2,182.861,271.947,53.893
126,K,N,183.511,268.22,57.703
126,K,CA,182.764,266.945,57.826
126,K,C,181.535,267.084,56.96
126,K,O,180.537,267.607,57.447
126,K,CB,182.33,266.676,59.266
126,K,CG,181.888,265.252,59.564
126,K,CD,180.829,265.199,60.635
126,K,CE,180.379,266.581,61.052
126,K,NZ,179.513,266.536,62.254
127,V,N,181.597,266.575,55.759
127,V,CA,180.553,266.704,54.752
127,V,C,179.834,265.365,54.623
127,V,O,180.383,264.307,54.954
127,V,CB,181.142,267.175,53.401
127,V,CG1,181.872,266.043,52.685
127,V,CG2,180.073,267.814,52.518
128,Y,N,178.584,265.42,54.171
128,Y,CA,177.749,264.236,54.033
128,Y,C,177.172,264.168,52.624
128,Y,O,177.024,265.184,51.94
128,Y,CB,176.623,264.218,55.084
128,Y,CG,175.622,265.352,54.966
128,Y,CD1,175.828,266.553,55.632
128,Y,CD2,174.455,265.207,54.221
128,Y,CE1,174.916,267.589,55.539
128,Y,CE2,173.537,266.237,54.123
128,Y,CZ,173.773,267.424,54.783
128,Y,OH,172.862,268.451,54.691
129,S,N,176.845,262.949,52.201
129,S,CA,176.267,262.71,50.888
129,S,C,175.428,261.438,50.948
129,S,O,175.366,260.759,51.975
129,S,CB,177.355,262.612,49.813
129,S,OG,176.845,262.038,48.623
130,L,N,174.777,261.121,49.83
130,L,CA,173.94,259.936,49.712
130,L,C,174.539,258.985,48.685
130,L,O,175.064,259.418,47.656
130,L,CB,172.508,260.303,49.309
130,L,CG,171.688,261.142,50.291
130,L,CD1,170.215,261.106,49.919
130,L,CD2,171.891,260.666,51.722
131,F,N,174.456,257.687,48.972
131,F,CA,174.988,256.669,48.081
131,F,C,174.059,255.464,48.087
131,F,O,173.308,255.24,49.04
131,F,CB,176.407,256.253,48.483
131,F,CG,177.458,257.272,48.143
131,F,CD1,177.9,257.421,46.84
131,F,CD2,178.004,258.076,49.13
131,F,CE1,178.869,258.357,46.525
131,F,CE2,178.973,259.014,48.822
131,F,CZ,179.405,259.153,47.516
132,Y,N,174.122,254.687,47.01
132,Y,CA,173.312,253.488,46.873
132,Y,C,174.045,252.269,47.431
132,Y,O,175.237,252.312,47.746
132,Y,CB,172.931,253.261,45.41
132,Y,CG,171.947,254.273,44.87
132,Y,CD1,170.578,254.07,44.99
132,Y,CD2,172.385,255.43,44.239
132,Y,CE1,169.672,254.992,44.496
132,Y,CE2,171.487,256.358,43.742
132,Y,CZ,170.132,256.133,43.875
132,Y,OH,169.236,257.052,43.382
133,R,N,173.306,251.165,47.554
133,R,CA,173.88,249.942,48.108
133,R,C,174.781,249.234,47.102
133,R,O,175.74,248.563,47.5
133,R,CB,172.762,249.004,48.57
133,R,CG,173.187,247.93,49.569
133,R,CD,173.486,246.591,48.892
133,R,NE,172.559,246.273,47.804
133,R,CZ,171.303,245.867,47.969
133,R,NH1,170.8,245.704,49.186
133,R,NH2,170.549,245.608,46.909
134,L,N,174.495,249.372,45.805
134,L,CA,175.196,248.602,44.785
134,L,C,176.634,249.053,44.571
134,L,O,177.407,248.313,43.952
134,L,CB,174.432,248.674,43.463
134,L,CG,173.056,248.008,43.46
134,L,CD1,172.343,248.266,42.144
134,L,CD2,173.18,246.516,43.724
135,D,N,177.013,250.234,45.056
135,D,CA,178.372,250.734,44.897
135,D,C,179.068,250.978,46.231
135,D,O,180.184,251.51,46.247
135,D,CB,178.369,252.02,44.066
135,D,CG,177.337,253.017,44.544
135,D,OD1,176.276,252.583,45.037
135,D,OD2,177.586,254.235,44.426
136,V,N,178.441,250.604,47.342
136,V,CA,179.007,250.784,48.672
136,V,C,178.984,249.438,49.386
136,V,O,177.924,248.813,49.501
136,V,CB,178.232,251.846,49.477
136,V,CG1,178.588,251.772,50.943
136,V,CG2,178.522,253.233,48.929
137,V,N,180.149,248.993,49.858
137,V,CA,180.301,247.681,50.473
137,V,C,180.905,247.839,51.862
137,V,O,181.32,248.924,52.272
137,V,CB,181.165,246.731,49.617
137,V,CG1,180.513,246.485,48.265
137,V,CG2,182.564,247.3,49.444
138,Q,N,180.948,246.723,52.589
138,Q,CA,181.531,246.687,53.92
138,Q,C,183.056,246.719,53.835
138,Q,O,183.655,246.599,52.762
138,Q,CB,181.08,245.431,54.668
138,Q,CG,179.577,245.297,54.866
138,Q,CD,179.124,245.725,56.249
138,Q,OE1,179.92,245.782,57.186
138,Q,NE2,177.835,246.017,56.386
139,I,N,183.691,246.881,54.998
139,I,CA,185.145,246.82,55.096
139,I,C,185.536,245.646,55.984
139,I,O,186.283,244.756,55.563
139,I,CB,185.734,248.135,55.636
139,I,CG1,185.444,249.289,54.678
139,I,CG2,187.231,247.993,55.865
139,I,CD1,185.762,250.649,55.258
140,N,N,185.034,245.637,57.214
140,N,CA,185.338,244.568,58.158
140,N,C,184.065,243.87,58.628
140,N,O,182.969,244.421,58.522
140,N,CB,186.113,245.116,59.357
140,N,CG,185.489,246.374,59.934
140,N,OD1,184.475,246.861,59.435
140,N,ND2,186.096,246.904,60.988
141,K,N,180.324,249.677,60.716
141,K,CA,179.689,250.892,60.223
141,K,C,180.561,251.568,59.169
141,K,O,180.091,252.418,58.414
141,K,CB,179.407,251.858,61.374
141,K,CG,178.473,251.307,62.441
141,K,CD,177.235,250.667,61.832
141,K,CE,176.185,250.386,62.892
141,K,NZ,176.048,251.516,63.85
142,E,N,181.834,251.186,59.13
142,E,CA,182.774,251.753,58.172
142,E,C,182.541,251.131,56.8
142,E,O,182.583,249.905,56.652
142,E,CB,184.211,251.522,58.636
142,E,CG,184.528,252.116,59.998
142,E,CD,185.944,252.652,60.087
142,E,OE1,186.711,252.169,60.946
142,E,OE2,186.29,253.556,59.298
143,Y,N,182.302,251.974,55.798
143,Y,CA,182.044,251.534,54.437
143,Y,C,183.075,252.131,53.489
143,Y,O,183.687,253.163,53.779
143,Y,CB,180.636,251.93,53.976
143,Y,CG,179.528,251.06,54.525
143,Y,CD1,179.802,249.817,55.077
143,Y,CD2,178.205,251.475,54.474
143,Y,CE1,178.789,249.023,55.574
143,Y,CE2,177.186,250.688,54.969
143,Y,CZ,177.484,249.462,55.518
143,Y,OH,176.472,248.672,56.012
144,R,N,183.265,251.464,52.354
144,R,CA,184.185,251.918,51.322
144,R,C,183.519,251.796,49.959
144,R,O,182.58,251.019,49.768
144,R,CB,185.503,251.127,51.349
144,R,CG,185.47,249.815,50.58
144,R,CD,186.869,249.307,50.282
144,R,NE,186.892,247.861,50.077
144,R,CZ,186.743,247.271,48.897
144,R,NH1,186.56,248.002,47.807
144,R,NH2,186.778,245.948,48.805
145,L,N,184.005,252.596,49.014
145,L,CA,183.491,252.545,47.656
145,L,C,183.96,251.276,46.951
145,L,O,185.029,250.735,47.248
145,L,CB,183.936,253.778,46.867
145,L,CG,183.334,255.117,47.297
145,L,CD1,183.802,256.234,46.378
145,L,CD2,181.818,255.042,47.326
146,I,N,183.141,250.801,46.011
146,I,CA,183.473,249.58,45.286
146,I,C,184.614,249.809,44.299
146,I,O,185.318,248.859,43.933
146,I,CB,182.208,249.022,44.596
146,I,CG1,182.431,247.592,44.09
146,I,CG2,181.764,249.921,43.453
146,I,CD1,182.647,246.582,45.193
147,N,N,184.847,251.051,43.882
147,N,CA,185.916,251.355,42.942
147,N,C,187.25,251.66,43.614
147,N,O,188.222,251.966,42.917
147,N,CB,185.5,252.515,42.018
147,N,CG,185.261,253.837,42.757
147,N,OD1,185.507,253.969,43.957
147,N,ND2,184.785,254.832,42.017
148,C,N,187.321,251.592,44.945
148,C,CA,188.547,251.987,45.631
148,C,C,189.642,250.933,45.503
148,C,O,190.827,251.284,45.473
148,C,CB,188.265,252.289,47.102
148,C,SG,189.637,253.116,47.957
149,N,N,189.286,249.651,45.425
149,N,CA,190.306,248.633,45.205
149,N,C,190.622,248.433,43.726
149,N,O,191.446,247.577,43.39
149,N,CB,189.92,247.292,45.868
149,N,CG,188.657,246.64,45.284
149,N,OD1,188.077,247.089,44.296
149,N,ND2,188.256,245.533,45.907
150,T,N,189.977,249.194,42.851
150,T,CA,190.222,249.207,41.417
150,T,C,190.693,250.604,41.012
150,T,O,191.035,251.434,41.864
150,T,CB,188.975,248.774,40.64
150,T,OG1,187.874,249.623,40.981
150,T,CG2,188.618,247.33,40.964
151,S,N,190.725,250.847,39.704
151,S,CA,191.336,252.042,39.132
151,S,C,190.685,253.329,39.631
151,S,O,189.474,253.399,39.853
151,S,CB,191.238,251.991,37.61
151,S,OG,189.961,252.444,37.194
152,A,N,191.519,254.354,39.811
152,A,CA,191.033,255.683,40.159
152,A,C,190.28,256.291,38.981
152,A,O,190.598,256.04,37.817
152,A,CB,192.194,256.59,40.563
153,C,N,189.286,257.117,39.297
153,C,CA,188.284,257.493,38.305
153,C,C,187.503,258.722,38.762
153,C,O,187.573,259.136,39.923
153,C,CB,187.397,256.288,38.004
153,C,SG,186.407,255.642,39.359
154,T,N,186.757,259.297,37.816
154,T,CA,186.356,260.704,37.791
154,T,C,184.831,260.861,37.795
154,T,O,184.084,259.896,37.972
154,T,CB,186.951,261.396,36.563
154,T,OG1,186.314,260.893,35.389
154,T,CG2,188.449,261.135,36.461
155,Q,N,184.372,262.11,37.601
155,Q,CA,182.948,262.453,37.615
155,Q,C,182.373,262.685,36.218
155,Q,O,181.153,262.567,36.035
155,Q,CB,182.714,263.702,38.499
155,Q,CG,181.261,264.214,38.592
155,Q,CD,181.092,265.485,39.404
155,Q,OE1,180.097,265.651,40.11
155,Q,NE2,182.046,266.393,39.298
156,A,N,183.224,262.997,35.232
156,A,CA,182.867,263.081,33.808
156,A,C,181.956,264.268,33.488
156,A,O,180.97,264.116,32.764
156,A,CB,182.244,261.778,33.287
157,C,N,182.289,265.453,34.037
157,C,CA,181.902,266.768,33.519
157,C,C,180.412,266.933,33.226
157,C,O,180.007,266.84,32.06
157,C,CB,182.696,267.069,32.245
157,C,SG,184.467,267.284,32.51
158,P,N,179.567,267.157,34.238
158,P,CA,178.11,267.19,34.01
158,P,C,177.614,268.309,33.096
158,P,O,176.404,268.379,32.85
158,P,CB,177.547,267.359,35.427
158,P,CG,178.625,268.07,36.168
158,P,CD,179.916,267.522,35.622
159,K,N,178.484,269.186,32.585
159,K,CA,178.056,270.179,31.605
159,K,C,177.712,269.56,30.256
159,K,O,176.987,270.185,29.473
159,K,CB,179.137,271.246,31.424
159,K,CG,179.48,272.008,32.695
159,K,CD,178.225,272.537,33.375
159,K,CE,178.562,273.515,34.487
159,K,NZ,178.116,273.018,35.82
160,V,N,178.205,268.364,29.964
160,V,CA,177.872,267.673,28.734
160,V,C,176.784,266.648,29.029
160,V,O,176.481,266.339,30.178
160,V,CB,179.111,267.006,28.086
160,V,CG1,180.189,268.042,27.804
160,V,CG2,179.641,265.885,28.964
161,S,N,176.18,266.11,27.972
161,S,CA,175.074,265.174,28.102
161,S,C,175.369,263.902,27.322
161,S,O,176.085,263.92,26.318
161,S,CB,173.759,265.79,27.607
161,S,OG,173.647,265.685,26.199
162,F,N,174.805,262.791,27.802
162,F,CA,174.911,261.5,27.133
162,F,C,173.729,261.225,26.212
162,F,O,173.391,260.057,25.974
162,F,CB,175.046,260.378,28.163
162,F,CG,175.869,260.749,29.363
162,F,CD1,177.219,261.033,29.236
162,F,CD2,175.292,260.805,30.622
162,F,CE1,177.977,261.372,30.339
162,F,CE2,176.045,261.142,31.731
162,F,CZ,177.39,261.427,31.588
163,E,N,173.091,262.267,25.696
163,E,CA,171.916,262.098,24.848
163,E,C,172.315,261.533,23.491
163,E,O,173.157,262.129,22.809
163,E,CB,171.197,263.435,24.675
163,E,CG,169.924,263.368,23.84
163,E,CD,168.825,262.538,24.482
163,E,OE1,168.808,262.411,25.724
163,E,OE2,167.973,262.009,23.737
164,P,N,171.754,260.401,23.067
164,P,CA,172.11,259.854,21.751
164,P,C,171.509,260.651,20.604
164,P,O,170.309,260.562,20.326
164,P,CB,171.551,258.426,21.8
164,P,CG,170.461,258.475,22.817
164,P,CD,170.867,259.504,23.828
165,I,N,172.344,261.436,19.933
165,I,CA,171.94,262.189,18.749
165,I,C,172.284,261.341,17.529
165,I,O,173.397,260.799,17.459
165,I,CB,172.616,263.569,18.708
165,I,CG1,172.17,264.409,19.908
165,I,CG2,172.318,264.297,17.406
165,I,CD1,172.968,265.678,20.1
166,P,N,171.364,261.168,16.578
166,P,CA,171.651,260.322,15.41
166,P,C,172.789,260.882,14.566
166,P,O,172.831,262.074,14.254
166,P,CB,170.324,260.318,14.64
166,P,CG,169.581,261.516,15.142
166,P,CD,169.971,261.646,16.577
167,I,N,173.716,260.0,14.199
167,I,CA,174.905,260.359,13.44
167,I,C,174.921,259.541,12.155
167,I,O,174.457,258.396,12.115
167,I,CB,176.192,260.151,14.279
167,I,CG1,177.417,260.761,13.588
167,I,CG2,176.415,258.677,14.612
167,I,CD1,178.628,260.876,14.488
168,H,N,175.419,260.154,11.085
168,H,CA,175.489,259.524,9.775
168,H,C,176.945,259.242,9.428
168,H,O,177.784,260.148,9.47
168,H,CB,174.86,260.411,8.694
168,H,CG,173.45,260.827,8.981
168,H,ND1,172.388,260.436,8.196
168,H,CD2,172.928,261.617,9.949
168,H,CE1,171.272,260.956,8.674
168,H,NE2,171.572,261.676,9.74
169,Y,N,177.239,257.989,9.09
169,Y,CA,178.558,257.599,8.601
169,Y,C,178.592,257.806,7.093
169,Y,O,177.883,257.121,6.349
169,Y,CB,178.868,256.148,8.962
169,Y,CG,179.385,255.955,10.366
169,Y,CD1,179.64,257.043,11.192
169,Y,CD2,179.637,254.684,10.862
169,Y,CE1,180.119,256.868,12.476
169,Y,CE2,180.117,254.499,12.139
169,Y,CZ,180.356,255.594,12.944
169,Y,OH,180.833,255.415,14.221
170,C,N,179.415,258.747,6.644
170,C,CA,179.507,259.093,5.234
170,C,C,180.746,258.451,4.624
170,C,O,181.802,258.387,5.257
170,C,CB,179.552,260.612,5.054
170,C,SG,177.992,261.469,5.431
171,A,N,180.606,257.969,3.391
171,A,CA,181.697,257.284,2.72
171,A,C,182.75,258.279,2.233
171,A,O,182.426,259.417,1.884
171,A,CB,181.17,256.479,1.537
172,P,N,184.018,257.873,2.2
172,P,CA,185.053,258.734,1.62
172,P,C,184.959,258.762,0.102
172,P,O,184.193,258.024,-0.522
172,P,CB,186.36,258.089,2.089
172,P,CG,186.007,256.661,2.316
172,P,CD,184.589,256.66,2.813
173,A,N,185.756,259.646,-0.492
173,A,CA,185.764,259.799,-1.939
173,A,C,186.337,258.557,-2.611
173,A,O,187.283,257.941,-2.113
173,A,CB,186.569,261.031,-2.34
174,G,N,185.753,258.192,-3.751
174,G,CA,186.167,257.02,-4.487
174,G,C,185.535,255.724,-4.03
174,G,O,185.767,254.686,-4.663
175,F,N,184.747,255.747,-2.962
175,F,CA,184.079,254.568,-2.427
175,F,C,182.568,254.752,-2.526
175,F,O,182.07,255.805,-2.931
175,F,CB,184.502,254.308,-0.979
175,F,CG,185.744,253.471,-0.844
175,F,CD1,186.087,252.914,0.376
175,F,CD2,186.576,253.248,-1.929
175,F,CE1,187.228,252.146,0.508
175,F,CE2,187.72,252.484,-1.802
175,F,CZ,188.045,251.931,-0.58
176,A,N,181.835,253.708,-2.145
176,A,CA,180.382,253.755,-2.148
176,A,C,179.851,252.802,-1.09
176,A,O,180.531,251.861,-0.676
176,A,CB,179.808,253.404,-3.526
177,I,N,178.619,253.059,-0.655
177,I,CA,177.933,252.235,0.331
177,I,C,176.686,251.658,-0.321
177,I,O,175.881,252.399,-0.895
177,I,CB,177.57,253.037,1.593
177,I,CG1,178.808,253.723,2.169
177,I,CG2,176.952,252.129,2.638
177,I,CD1,179.927,252.769,2.526
178,L,N,176.528,250.341,-0.229
178,L,CA,175.413,249.639,-0.848
178,L,C,174.36,249.317,0.205
178,L,O,174.672,248.715,1.237
178,L,CB,175.896,248.357,-1.528
178,L,CG,176.987,248.523,-2.587
178,L,CD1,177.295,247.194,-3.257
178,L,CD2,176.584,249.565,-3.618
179,K,N,173.12,249.718,-0.062
179,K,CA,171.998,249.476,0.836
179,K,C,171.051,248.468,0.198
179,K,O,170.595,248.669,-0.933
179,K,CB,171.256,250.778,1.151
179,K,CG,169.799,250.587,1.546
179,K,CD,169.341,251.643,2.534
179,K,CE,169.279,253.014,1.885
179,K,NZ,168.606,254.012,2.758
180,C,N,170.753,247.396,0.926
180,C,CA,169.852,246.356,0.446
180,C,C,168.428,246.695,0.87
180,C,O,168.146,246.832,2.064
180,C,CB,170.264,244.987,0.985
180,C,SG,169.241,243.623,0.381
181,K,N,167.535,246.824,-0.112
181,K,CA,166.154,247.219,0.126
181,K,C,165.196,246.033,0.133
181,K,O,163.978,246.228,0.044
181,K,CB,165.715,248.246,-0.917
181,K,CG,166.236,249.65,-0.661
181,K,CD,165.575,250.266,0.559
181,K,CE,165.96,251.726,0.716
181,K,NZ,165.359,252.328,1.939
182,D,N,165.716,244.812,0.225
182,D,CA,164.859,243.635,0.242
182,D,C,164.119,243.546,1.573
182,D,O,164.725,243.647,2.644
182,D,CB,165.685,242.372,0.003
182,D,CG,164.826,241.131,-0.129
182,D,OD1,164.02,241.064,-1.081
182,D,OD2,164.961,240.221,0.715
183,K,N,162.8,243.355,1.501
183,K,CA,161.972,243.363,2.702
183,K,C,162.113,242.082,3.516
183,K,O,161.92,242.107,4.734
183,K,CB,160.506,243.583,2.322
183,K,CG,160.144,245.04,2.086
183,K,CD,158.638,245.246,2.096
183,K,CE,157.962,244.401,1.028
183,K,NZ,156.921,245.167,0.289
184,K,N,162.445,240.966,2.871
184,K,CA,162.562,239.672,3.534
184,K,C,163.998,239.159,3.509
184,K,O,164.25,237.972,3.289
184,K,CB,161.62,238.652,2.899
184,K,CG,160.217,239.177,2.648
184,K,CD,159.26,238.049,2.299
184,K,CE,159.07,237.931,0.796
184,K,NZ,158.731,236.539,0.389
185,F,N,164.957,240.053,3.731
185,F,CA,166.37,239.699,3.73
185,F,C,166.812,239.375,5.151
185,F,O,166.746,240.233,6.039
185,F,CB,167.206,240.84,3.15
185,F,CG,168.682,240.684,3.375
185,F,CD1,169.385,239.664,2.758
185,F,CD2,169.363,241.558,4.205
185,F,CE1,170.745,239.518,2.961
185,F,CE2,170.723,241.419,4.414
185,F,CZ,171.413,240.398,3.793
186,N,N,167.263,238.143,5.366
186,N,CA,167.74,237.72,6.672
186,N,C,169.248,237.965,6.761
186,N,O,169.816,238.709,5.955
186,N,CB,167.304,236.278,6.952
186,N,CG,168.137,235.226,6.225
186,N,OD1,168.727,235.471,5.171
186,N,ND2,168.163,234.028,6.807
187,G,N,169.9,237.367,7.759
187,G,CA,171.289,237.639,8.101
187,G,C,172.313,237.582,6.983
187,G,O,172.868,238.616,6.601
188,T,N,172.568,236.395,6.441
188,T,CA,173.544,236.226,5.375
188,T,C,172.887,235.587,4.159
188,T,O,172.04,234.697,4.284
188,T,CB,174.736,235.374,5.829
188,T,OG1,174.261,234.158,6.418
188,T,CG2,175.576,236.131,6.847
189,G,N,173.29,236.052,2.979
189,G,CA,172.751,235.558,1.736
189,G,C,172.737,236.621,0.657
189,G,O,173.111,237.775,0.887
190,P,N,172.314,236.249,-0.551
190,P,CA,172.26,237.226,-1.641
190,P,C,171.141,238.235,-1.442
190,P,O,170.122,237.956,-0.805
190,P,CB,172.01,236.359,-2.88
190,P,CG,171.305,235.157,-2.356
190,P,CD,171.849,234.915,-0.971
191,C,N,171.347,239.423,-1.997
191,C,CA,170.358,240.498,-1.947
191,C,C,169.902,240.818,-3.362
191,C,O,170.692,241.369,-4.151
191,C,CB,170.941,241.739,-1.268
191,C,SG,169.966,243.241,-1.478
192,P,N,168.66,240.496,-3.737
192,P,CA,168.247,240.671,-5.138
192,P,C,168.002,242.115,-5.542
192,P,O,167.933,242.394,-6.743
192,P,CB,166.958,239.844,-5.225
192,P,CG,166.404,239.888,-3.84
192,P,CD,167.585,239.924,-2.906
193,S,N,167.865,243.039,-4.59
193,S,CA,167.606,244.445,-4.906
193,S,C,168.432,245.304,-3.955
193,S,O,168.052,245.497,-2.794
193,S,CB,166.122,244.772,-4.8
193,S,OG,165.911,246.172,-4.76
194,V,N,169.551,245.826,-4.45
194,V,CA,170.45,246.665,-3.668
194,V,C,170.515,248.043,-4.317
194,V,O,170.475,248.168,-5.548
194,V,CB,171.851,246.02,-3.528
194,V,CG1,172.562,245.9,-4.867
194,V,CG2,172.711,246.79,-2.541
195,S,N,170.551,249.08,-3.483
195,S,CA,170.608,250.462,-3.935
195,S,C,171.815,251.143,-3.313
195,S,O,172.002,251.088,-2.09
195,S,CB,169.326,251.212,-3.568
195,S,OG,169.488,252.611,-3.73
196,T,N,172.63,251.784,-4.145
196,T,CA,173.795,252.494,-3.648
196,T,C,173.382,253.803,-2.978
196,T,O,172.309,254.357,-3.239
196,T,CB,174.791,252.765,-4.778
196,T,OG1,175.999,253.313,-4.236
196,T,CG2,174.208,253.734,-5.8
197,V,N,174.247,254.285,-2.087
197,V,CA,174.007,255.527,-1.365
197,V,C,175.356,256.102,-0.955
197,V,O,176.305,255.368,-0.666
197,V,CB,173.062,255.303,-0.153
197,V,CG1,173.701,254.399,0.899
197,V,CG2,172.604,256.628,0.45
198,Q,N,175.451,257.434,-0.974
198,Q,CA,176.695,258.096,-0.599
198,Q,C,176.925,258.036,0.909
198,Q,O,178.037,257.739,1.359
198,Q,CB,176.674,259.549,-1.077
198,Q,CG,177.985,260.316,-0.917
198,Q,CD,179.213,259.471,-1.209
198,Q,OE1,179.912,259.028,-0.299
198,Q,NE2,179.481,259.246,-2.489
199,C,N,175.886,258.288,1.7
199,C,CA,176.034,258.357,3.145
199,C,C,174.78,257.782,3.79
199,C,O,173.672,257.981,3.285
199,C,CB,176.275,259.802,3.596
199,C,SG,176.556,260.03,5.361
200,T,N,174.961,257.078,4.905
200,T,CA,173.871,256.319,5.5
200,T,C,172.879,257.239,6.213
200,T,O,173.076,258.451,6.332
200,T,CB,174.409,255.279,6.482
200,T,OG1,173.329,254.468,6.955
200,T,CG2,175.054,255.957,7.668
201,H,N,171.797,256.632,6.694
201,H,CA,170.733,257.354,7.378
201,H,C,171.119,257.584,8.839
201,H,O,172.251,257.335,9.259
201,H,CB,169.414,256.598,7.245
201,H,CG,169.354,255.336,8.048
201,H,ND1,170.189,254.265,7.814
201,H,CD2,168.558,254.974,9.081
201,H,CE1,169.91,253.297,8.669
201,H,NE2,168.925,253.702,9.45
202,G,N,170.167,258.073,9.631
202,G,CA,170.456,258.403,11.016
202,G,C,170.605,257.154,11.867
202,G,O,169.742,256.267,11.853
203,I,N,171.704,257.079,12.613
203,I,CA,171.983,255.969,13.516
203,I,C,172.183,256.545,14.911
203,I,O,173.115,257.328,15.135
203,I,CB,173.215,255.166,13.074
203,I,CG1,172.981,254.536,11.702
203,I,CG2,173.55,254.097,14.104
203,I,CD1,171.795,253.604,11.654
204,K,N,171.317,256.156,15.843
204,K,CA,171.414,256.635,17.217
204,K,C,172.33,255.718,18.014
204,K,O,172.018,254.53,18.164
204,K,CB,170.04,256.693,17.864
204,K,CG,169.211,257.898,17.444
204,K,CD,167.745,257.718,17.801
204,K,CE,166.999,256.966,16.713
204,K,NZ,167.107,257.646,15.393
205,P,N,173.455,256.213,18.535
205,P,CA,174.407,255.351,19.259
205,P,C,173.994,255.101,20.708
205,P,O,174.658,255.521,21.659
205,P,CB,175.712,256.148,19.147
205,P,CG,175.268,257.57,19.133
205,P,CD,173.941,257.599,18.414
206,V,N,172.879,254.403,20.882
206,V,CA,172.398,254.02,22.203
206,V,C,173.037,252.689,22.581
206,V,O,173.389,251.875,21.72
206,V,CB,170.853,253.966,22.232
206,V,CG1,170.327,252.741,21.497
206,V,CG2,170.325,254.024,23.664
207,V,N,173.232,252.478,23.882
207,V,CA,173.884,251.282,24.403
207,V,C,172.919,250.567,25.337
207,V,O,172.38,251.177,26.268
207,V,CB,175.197,251.622,25.134
207,V,CG1,175.905,250.348,25.568
207,V,CG2,176.105,252.461,24.246
208,S,N,172.704,249.277,25.085
208,S,CA,171.886,248.44,25.949
208,S,C,172.356,247.0,25.815
208,S,O,173.013,246.631,24.84
208,S,CB,170.396,248.56,25.608
208,S,OG,169.631,247.618,26.34
209,T,N,172.009,246.181,26.812
209,T,CA,172.497,244.812,26.878
209,T,C,171.435,243.75,26.631
209,T,O,171.788,242.635,26.234
209,T,CB,173.151,244.54,28.241
209,T,OG1,172.225,244.855,29.289
209,T,CG2,174.411,245.376,28.404
210,Q,N,170.157,244.052,26.852
210,Q,CA,169.102,243.062,26.676
210,Q,C,168.125,243.423,25.568
210,Q,O,167.856,242.593,24.694
210,Q,CB,168.342,242.852,27.996
210,Q,CG,169.175,242.212,29.093
210,Q,CD,168.404,242.035,30.386
210,Q,OE1,167.251,242.451,30.497
210,Q,NE2,169.035,241.407,31.371
211,L,N,167.583,244.637,25.579
211,L,CA,166.569,245.042,24.617
211,L,C,167.075,246.192,23.758
211,L,O,167.85,247.037,24.214
211,L,CB,165.271,245.458,25.321
211,L,CG,164.746,244.524,26.413
211,L,CD1,163.461,245.074,27.009
211,L,CD2,164.527,243.125,25.863
212,L,N,166.637,246.205,22.504
212,L,CA,166.916,247.318,21.607
212,L,C,166.095,248.531,22.023
212,L,O,164.911,248.412,22.343
212,L,CB,166.59,246.938,20.16
212,L,CG,167.613,246.224,19.268
212,L,CD1,168.803,247.122,18.988
212,L,CD2,168.071,244.886,19.845
213,L,N,166.727,249.701,22.02
213,L,CA,166.071,250.945,22.4
213,L,C,166.131,251.93,21.241
213,L,O,167.208,252.168,20.683
213,L,CB,166.716,251.563,23.646
213,L,CG,166.162,251.199,25.029
213,L,CD1,164.708,251.631,25.157
213,L,CD2,166.315,249.722,25.348
214,N,N,164.968,252.489,20.885
214,N,CA,164.838,253.555,19.884
214,N,C,165.393,253.146,18.521
214,N,O,165.899,253.983,17.769
214,N,CB,165.509,254.848,20.362
214,N,CG,164.649,255.628,21.336
214,N,OD1,163.571,255.183,21.728
214,N,ND2,165.132,256.799,21.741
215,G,N,165.305,251.857,18.187
215,G,CA,165.882,251.359,16.957
215,G,C,164.972,251.529,15.752
215,G,O,163.818,251.939,15.862
216,S,N,165.522,251.204,14.586
216,S,CA,164.765,251.265,13.344
216,S,C,163.833,250.064,13.246
216,S,O,164.247,248.924,13.478
216,S,CB,165.71,251.304,12.145
216,S,OG,166.219,252.611,11.94
217,L,N,162.576,250.323,12.9
217,L,CA,161.571,249.277,12.835
217,L,C,161.738,248.445,11.565
217,L,O,162.423,248.833,10.616
217,L,CB,160.17,249.883,12.891
217,L,CG,159.812,250.645,14.167
217,L,CD1,158.494,251.381,13.999
217,L,CD2,159.753,249.701,15.358
218,A,N,161.098,247.278,11.56
218,A,CA,161.068,246.43,10.382
218,A,C,160.004,246.935,9.408
218,A,O,159.265,247.884,9.689
218,A,CB,160.816,244.977,10.777
219,E,N,159.92,246.295,8.244
219,E,CA,158.997,246.747,7.207
219,E,C,157.618,246.108,7.349
219,E,O,156.626,246.805,7.586
219,E,CB,159.587,246.459,5.823
219,E,CG,160.637,247.465,5.376
219,E,CD,160.032,248.674,4.689
219,E,OE1,158.809,248.665,4.438
219,E,OE2,160.779,249.634,4.405
220,E,N,157.538,244.788,7.208
220,E,CA,156.261,244.086,7.271
220,E,C,156.246,242.952,8.283
220,E,O,155.231,242.748,8.956
220,E,CB,155.895,243.556,5.867
220,E,CG,154.475,242.997,5.695
220,E,CD,154.33,241.547,6.126
220,E,OE1,155.327,240.801,6.047
220,E,OE2,153.22,241.158,6.548
221,E,N,157.343,242.212,8.416
221,E,CA,157.389,241.011,9.236
221,E,C,158.621,241.086,10.13
221,E,O,159.652,241.636,9.733
221,E,CB,157.431,239.757,8.341
221,E,CG,157.536,238.409,9.038
221,E,CD,156.547,238.261,10.177
221,E,OE1,155.331,238.416,9.932
221,E,OE2,156.975,237.961,11.305
222,V,N,158.511,240.551,11.35
222,V,CA,159.659,240.55,12.248
222,V,C,160.689,239.537,11.758
222,V,O,160.346,238.436,11.301
222,V,CB,159.233,240.287,13.708
222,V,CG1,158.285,241.375,14.181
222,V,CG2,158.595,238.917,13.889
223,M,N,161.957,239.927,11.803
223,M,CA,163.05,239.121,11.284
223,M,C,163.828,238.466,12.418
223,M,O,163.963,239.025,13.509
223,M,CB,163.995,239.971,10.429
223,M,CG,163.491,240.245,9.024
223,M,SD,162.82,238.769,8.237
223,M,CE,161.116,239.254,7.983
224,I,N,164.34,237.269,12.144
224,I,CA,165.144,236.507,13.093
224,I,C,166.488,236.224,12.439
224,I,O,166.543,235.617,11.361
224,I,CB,164.449,235.201,13.508
224,I,CG1,163.158,235.508,14.27
224,I,CG2,165.383,234.346,14.351
224,I,CD1,162.412,234.278,14.725
225,R,N,167.567,236.661,13.085
225,R,CA,168.911,236.527,12.543
225,R,C,169.806,235.814,13.546
225,R,O,169.75,236.091,14.748
225,R,CB,169.501,237.9,12.187
225,R,CG,168.693,238.667,11.149
225,R,CD,168.964,240.162,11.216
225,R,NE,168.159,240.904,10.247
225,R,CZ,167.278,241.844,10.572
225,R,NH1,167.082,242.164,11.843
225,R,NH2,166.59,242.466,9.623
226,S,N,170.627,234.894,13.046
226,S,CA,171.541,234.133,13.885
226,S,C,172.72,233.679,13.038
226,S,O,172.66,233.69,11.806
226,S,CB,170.847,232.927,14.528
226,S,OG,171.788,232.071,15.151
227,E,N,173.801,233.296,13.72
227,E,CA,174.967,232.734,13.046
227,E,C,174.598,231.425,12.364
227,E,O,174.694,231.315,11.137
227,E,CB,176.124,232.536,14.03
227,E,CG,176.785,233.828,14.542
227,E,CD,177.71,234.52,13.536
227,E,OE1,177.389,234.601,12.33
227,E,OE2,178.781,234.995,13.966
228,N,N,174.06,230.505,13.182
228,N,CA,173.553,229.201,12.683
228,N,C,172.186,229.024,13.346
228,N,O,172.074,229.359,14.533
228,N,CB,174.371,228.031,13.227
228,N,CG,175.819,228.042,12.787
228,N,OD1,176.319,229.051,12.304
228,N,ND2,176.507,226.926,12.951
229,I,N,171.2,228.49,12.627
229,I,CA,169.908,228.254,13.256
229,I,C,169.969,227.103,14.255
229,I,O,169.074,226.968,15.097
229,I,CB,168.828,228.017,12.179
229,I,CG1,167.45,228.441,12.697
229,I,CG2,168.817,226.563,11.719
229,I,CD1,167.355,229.912,13.039
230,T,N,171.01,226.271,14.194
230,T,CA,171.195,225.176,15.137
230,T,C,172.199,225.502,16.235
230,T,O,172.51,224.626,17.049
230,T,CB,171.641,223.91,14.399
230,T,OG1,173.03,224.016,14.06
230,T,CG2,170.827,223.715,13.133
231,N,N,172.712,226.728,16.278
231,N,CA,173.72,227.085,17.264
231,N,C,173.102,227.246,18.648
231,N,O,171.906,227.505,18.799
231,N,CB,174.434,228.376,16.867
231,N,CG,175.807,228.496,17.5
231,N,OD1,175.941,229.007,18.61
231,N,ND2,176.833,228.047,16.789
232,N,N,173.942,227.085,19.666
232,N,CA,173.536,227.208,21.058
232,N,C,173.887,228.592,21.609
232,N,O,173.392,228.979,22.671
232,N,CB,174.222,226.08,21.862
232,N,CG,173.712,225.922,23.302
232,N,OD1,172.844,226.647,23.779
232,N,ND2,174.272,224.939,23.999
233,A,N,174.656,229.383,20.869
233,A,CA,175.2,230.627,21.404
233,A,C,175.265,231.658,20.278
233,A,O,174.591,231.518,19.251
233,A,CB,176.566,230.372,22.063
234,K,N,176.049,232.718,20.502
234,K,CA,176.24,233.858,19.599
234,K,C,174.977,234.69,19.39
234,K,O,174.815,235.298,18.327
234,K,CB,176.834,233.453,18.237
234,K,CG,178.365,233.309,18.22
234,K,CD,178.878,232.065,18.918
234,K,CE,178.516,230.816,18.136
234,K,NZ,179.062,229.582,18.762
235,N,N,174.081,234.725,20.383
235,N,CA,173.103,235.802,20.574
235,N,C,172.148,235.942,19.383
235,N,O,172.23,236.885,18.591
235,N,CB,173.821,237.131,20.847
235,N,CG,174.622,237.109,22.133
235,N,OD1,175.848,237.201,22.112
235,N,ND2,173.932,236.995,23.261
236,I,N,171.258,234.953,19.252
236,I,CA,170.154,235.083,18.307
236,I,C,169.298,236.285,18.69
236,I,O,169.01,236.522,19.87
236,I,CB,169.345,233.774,18.229
236,I,CG1,168.349,233.826,17.064
236,I,CG2,168.665,233.419,19.554
236,I,CD1,167.747,232.486,16.718
237,L,N,168.942,237.093,17.693
237,L,CA,168.274,238.362,17.94
237,L,C,167.124,238.544,16.96
237,L,O,167.133,237.996,15.855
237,L,CB,169.241,239.557,17.83
237,L,CG,169.77,240.031,16.469
237,L,CD1,170.371,241.417,16.614
237,L,CD2,170.806,239.084,15.881
238,V,N,166.132,239.325,17.385
238,V,CA,164.962,239.635,16.575
238,V,C,164.824,241.152,16.475
238,V,O,165.482,241.91,17.19
238,V,CB,163.67,239.01,17.138
238,V,CG1,163.839,237.514,17.36
238,V,CG2,163.265,239.704,18.43
239,Q,N,163.952,241.587,15.567
239,Q,CA,163.653,243.001,15.381
239,Q,C,162.157,243.164,15.172
239,Q,O,161.586,242.543,14.27
239,Q,CB,164.425,243.581,14.191
239,Q,CG,164.002,244.988,13.804
239,Q,CD,164.721,245.494,12.57
239,Q,OE1,165.426,244.743,11.895
239,Q,NE2,164.544,246.775,12.265
240,F,N,161.53,243.998,15.995
240,F,CA,160.088,244.186,15.935
240,F,C,159.694,245.017,14.72
240,F,O,160.457,245.861,14.239
240,F,CB,159.577,244.862,17.207
240,F,CG,159.572,243.966,18.414
240,F,CD1,159.526,242.588,18.272
240,F,CD2,159.605,244.503,19.691
240,F,CE1,159.521,241.764,19.382
240,F,CE2,159.599,243.685,20.803
240,F,CZ,159.557,242.313,20.648
241,N,N,158.482,244.769,14.223
241,N,CA,157.922,245.537,13.118
241,N,C,157.003,246.657,13.579
241,N,O,156.871,247.663,12.876
241,N,CB,157.155,244.617,12.162
241,N,CG,155.943,243.978,12.811
241,N,OD1,155.913,243.763,14.024
241,N,ND2,154.932,243.675,12.006
242,T,N,156.368,246.507,14.74
242,T,CA,155.543,247.544,15.328
242,T,C,156.172,248.036,16.627
242,T,O,156.784,247.249,17.359
242,T,CB,154.098,247.039,15.573
242,T,OG1,153.264,248.125,15.998
242,T,CG2,154.044,245.905,16.598
243,P,N,156.099,249.335,16.911
243,P,CA,156.738,249.851,18.128
243,P,C,155.85,249.689,19.351
243,P,O,154.636,249.902,19.303
243,P,CB,156.97,251.33,17.797
243,P,CG,155.878,251.671,16.847
243,P,CD,155.562,250.417,16.065
244,V,N,156.478,249.301,20.458
244,V,CA,155.829,249.233,21.759
244,V,C,156.611,250.118,22.724
244,V,O,157.846,250.076,22.767
244,V,CB,155.702,247.777,22.264
244,V,CG1,157.046,247.059,22.271
244,V,CG2,155.058,247.734,23.645
245,Q,N,155.889,250.951,23.463
245,Q,CA,156.48,252.024,24.248
245,Q,C,156.706,251.604,25.697
245,Q,O,156.067,250.685,26.215
245,Q,CB,155.593,253.27,24.196
245,Q,CG,154.124,252.985,24.458
245,Q,CD,153.71,253.328,25.87
245,Q,OE1,154.286,254.215,26.496
245,Q,NE2,152.707,252.625,26.381
246,I,N,157.638,252.3,26.345
246,I,CA,157.988,252.064,27.741
246,I,C,158.23,253.411,28.417
246,I,O,158.749,254.347,27.797
246,I,CB,159.215,251.125,27.864
246,I,CG1,159.427,250.678,29.315
246,I,CG2,160.478,251.748,27.269
246,I,CD1,160.395,249.525,29.464
247,N,N,157.803,253.525,29.672
247,N,CA,158.082,254.692,30.5
247,N,C,158.87,254.242,31.721
247,N,O,158.398,253.397,32.488
247,N,CB,156.795,255.396,30.937
247,N,CG,155.926,255.811,29.769
247,N,OD1,156.42,256.076,28.673
247,N,ND2,154.62,255.878,30.001
248,C,N,160.059,254.811,31.906
248,C,CA,160.892,254.541,33.071
248,C,C,161.065,255.84,33.844
248,C,O,161.587,256.821,33.302
248,C,CB,162.246,253.963,32.661
248,C,SG,162.149,252.3,31.962
249,T,N,160.626,255.846,35.102
249,T,CA,160.569,257.057,35.907
249,T,C,161.382,256.898,37.184
249,T,O,161.508,255.798,37.73
249,T,CB,159.122,257.421,36.284
249,T,OG1,158.701,256.622,37.397
249,T,CG2,158.171,257.193,35.117
250,R,N,161.932,258.018,37.649
250,R,CA,162.537,258.124,38.974
250,R,C,161.725,259.117,39.791
250,R,O,161.921,260.335,39.662
250,R,CB,163.998,258.573,38.877
250,R,CG,164.775,258.412,40.17
250,R,CD,166.257,258.635,39.949
250,R,NE,166.591,260.055,39.89
250,R,CZ,167.571,260.624,40.581
250,R,NH1,168.326,259.894,41.393
250,R,NH2,167.803,261.923,40.457
251,P,N,160.815,258.659,40.651
251,P,CA,159.863,259.568,41.3
251,P,C,160.392,260.29,42.528
251,P,O,159.588,260.84,43.287
251,P,CB,158.717,258.619,41.682
251,P,CG,159.395,257.322,41.946
251,P,CD,160.587,257.251,41.025
252,N,N,161.702,260.315,42.758
252,N,CA,162.267,261.004,43.908
252,N,C,162.582,262.453,43.562
252,N,O,163.058,262.757,42.466
252,N,CB,163.533,260.297,44.395
252,N,CG,163.346,258.799,44.534
252,N,OD1,162.224,258.311,44.67
252,N,ND2,164.45,258.06,44.503
253,N,N,162.311,263.351,44.514
253,N,CA,162.588,264.779,44.35
253,N,C,164.044,265.046,44.741
253,N,O,164.356,265.667,45.759
253,N,CB,161.619,265.608,45.178
253,N,CG,160.194,265.554,44.642
253,N,OD1,159.447,264.652,45.02
253,N,ND2,159.791,266.505,43.772
254,N,N,164.944,264.555,43.896
254,N,CA,166.366,264.571,44.2
254,N,C,166.918,265.968,43.908
254,N,O,166.429,266.682,43.028
254,N,CB,167.061,263.476,43.372
254,N,CG,168.575,263.372,43.591
254,N,OD1,169.241,264.285,44.072
254,N,ND2,169.12,262.218,43.224
255,T,N,167.942,266.36,44.669
255,T,CA,168.567,267.67,44.534
255,T,C,170.084,267.523,44.501
255,T,O,170.648,266.515,44.932
255,T,CB,168.155,268.616,45.675
255,T,OG1,168.755,269.902,45.472
255,T,CG2,168.602,268.065,47.017
256,R,N,170.749,268.563,44.005
256,R,CA,172.18,268.527,43.731
256,R,C,172.88,269.668,44.453
256,R,O,172.492,270.833,44.308
256,R,CB,172.438,268.605,42.223
256,R,CG,173.854,268.971,41.825
256,R,CD,174.137,268.526,40.398
256,R,NE,173.215,269.136,39.442
256,R,CZ,173.433,270.283,38.808
256,R,NH1,174.548,270.965,39.025
256,R,NH2,172.53,270.751,37.957
257,K,N,173.909,269.327,45.224
257,K,CA,174.705,270.289,45.972
257,K,C,176.147,270.252,45.486
257,K,O,176.641,269.218,45.028
257,K,CB,174.655,270.006,47.481
257,K,CG,175.024,268.579,47.858
257,K,CD,174.721,268.285,49.319
257,K,CE,175.476,269.227,50.24
257,K,NZ,175.292,268.877,51.677
258,S,N,176.82,271.395,45.589
258,S,CA,178.196,271.543,45.133
258,S,C,179.14,271.4,46.321
258,S,O,179.087,272.2,47.262
258,S,CB,178.396,272.896,44.452
258,S,OG,179.773,273.192,44.295
259,I,N,179.998,270.384,46.276
259,I,CA,181.037,270.171,47.278
259,I,C,182.377,270.188,46.557
259,I,O,182.668,269.289,45.76
259,I,CB,180.841,268.85,48.038
259,I,CG1,179.444,268.792,48.657
259,I,CG2,181.909,268.694,49.107
259,I,CD1,178.995,267.396,49.013
260,R,N,183.238,271.086,47.056
260,R,CA,184.521,271.376,46.371
260,R,C,185.649,270.405,46.657
260,R,O,186.053,270.3,47.806
260,R,CB,185.021,272.73,46.862
260,R,CG,184.35,273.215,48.137
260,R,CD,184.58,274.705,48.291
260,R,NE,183.754,275.525,47.414
260,R,CZ,184.093,275.915,46.192
260,R,NH1,185.254,275.55,45.675
260,R,NH2,183.268,276.664,45.485
261,I,N,186.168,269.761,45.607
261,I,CA,187.348,268.961,45.928
261,I,C,188.491,269.874,46.354
261,I,O,189.152,269.641,47.374
261,I,CB,187.763,268.085,44.731
261,I,CG1,186.624,267.173,44.267
261,I,CG2,188.991,267.252,45.077
261,I,CD1,186.154,266.197,45.275
262,G,N,188.727,270.931,45.583
262,G,CA,189.795,271.864,45.839
262,G,C,189.731,273.05,44.897
262,G,O,188.66,273.608,44.637
263,P,N,190.884,273.461,44.366
263,P,CA,190.909,274.631,43.476
263,P,C,190.342,274.35,42.09
263,P,O,190.989,273.697,41.264
263,P,CB,192.399,274.988,43.412
263,P,CG,193.113,273.718,43.727
263,P,CD,192.232,272.944,44.659
264,G,N,189.146,274.87,41.827
264,G,CA,188.494,274.673,40.535
264,G,C,188.194,273.224,40.23
264,G,O,188.348,272.783,39.087
265,Q,N,187.761,272.476,41.236
265,Q,CA,187.669,271.025,41.189
265,Q,C,186.273,270.599,41.624
265,Q,O,186.095,269.69,42.431
265,Q,CB,188.756,270.438,42.093
265,Q,CG,190.174,270.475,41.503
265,Q,CD,190.453,269.423,40.449
265,Q,OE1,189.888,268.331,40.49
265,Q,NE2,191.245,269.777,39.451
266,A,N,185.257,271.28,41.092
266,A,CA,183.907,271.227,41.648
266,A,C,183.279,269.847,41.466
266,A,O,183.178,269.339,40.345
266,A,CB,183.033,272.299,41.001
267,F,N,182.856,269.25,42.579
267,F,CA,182.228,267.937,42.607
267,F,C,180.791,268.063,43.097
267,F,O,180.504,268.838,44.014
267,F,CB,183.027,266.982,43.5
267,F,CG,182.233,265.824,44.033
267,F,CD1,181.856,264.782,43.203
267,F,CD2,181.897,265.761,45.376
267,F,CE1,181.137,263.711,43.697
267,F,CE2,181.181,264.692,45.875
267,F,CZ,180.8,263.667,45.036
268,Y,N,179.89,267.308,42.477
268,Y,CA,178.463,267.389,42.754
268,Y,C,178.0,266.087,43.395
268,Y,O,178.249,265.003,42.857
268,Y,CB,177.678,267.67,41.469
268,Y,CG,177.911,269.053,40.886
268,Y,CD1,178.512,270.06,41.635
268,Y,CD2,177.555,269.339,39.573
268,Y,CE1,178.733,271.317,41.103
268,Y,CE2,177.775,270.593,39.031
268,Y,CZ,178.363,271.577,39.8
268,Y,OH,178.582,272.826,39.262
269,A,N,177.328,266.197,44.541
269,A,CA,176.884,265.04,45.304
269,A,C,175.398,265.16,45.615
269,A,O,174.808,266.241,45.539
269,A,CB,177.675,264.883,46.607
270,T,N,174.798,264.02,45.958
270,T,CA,173.367,263.968,46.229
270,T,C,173.046,264.694,47.529
270,T,O,173.693,264.466,48.558
270,T,CB,172.899,262.514,46.306
270,T,OG1,173.282,261.82,45.114
270,T,CG2,171.386,262.444,46.456
271,G,N,172.045,265.569,47.486
271,G,CA,171.657,266.328,48.657
271,G,C,170.611,265.637,49.507
271,G,O,170.724,264.444,49.8
272,D,N,169.586,266.383,49.908
272,D,CA,168.514,265.869,50.751
272,D,C,167.28,265.621,49.893
272,D,O,166.751,266.553,49.279
272,D,CB,168.199,266.851,51.878
272,D,CG,167.533,266.184,53.064
272,D,OD1,166.926,266.901,53.889
272,D,OD2,167.612,264.944,53.171
273,I,N,166.824,264.367,49.854
273,I,CA,165.629,264.039,49.088
273,I,C,164.4,264.617,49.783
273,I,O,164.366,264.782,51.011
273,I,CB,165.499,262.517,48.888
273,I,CG1,165.358,261.801,50.233
273,I,CG2,166.693,261.978,48.115
273,I,CD1,164.995,260.338,50.108
274,I,N,163.386,264.948,48.986
274,I,CA,162.181,265.614,49.471
274,I,C,160.988,264.709,49.205
274,I,O,160.822,264.2,48.093
274,I,CB,161.981,266.986,48.8
274,I,CG1,163.311,267.739,48.701
274,I,CG2,160.952,267.804,49.565
274,I,CD1,163.184,269.141,48.147
275,G,N,160.164,264.511,50.228
275,G,CA,158.943,263.75,50.075
275,G,C,159.141,262.258,50.23
275,G,O,160.215,261.756,50.576
276,D,N,158.054,261.535,49.965
276,D,CA,158.069,260.082,50.064
276,D,C,158.901,259.486,48.935
276,D,O,158.78,259.892,47.774
276,D,CB,156.642,259.537,50.017
276,D,CG,156.563,258.071,50.396
276,D,OD1,157.53,257.554,50.993
276,D,OD2,155.533,257.434,50.094
277,I,N,159.746,258.522,49.277
277,I,CA,160.6,257.851,48.304
277,I,C,159.862,256.64,47.749
277,I,O,159.097,255.972,48.456
277,I,CB,161.956,257.469,48.939
277,I,CG1,162.951,256.998,47.874
277,I,CG2,161.792,256.438,50.055
277,I,CD1,164.378,256.916,48.37
278,R,N,160.045,256.387,46.454
278,R,CA,159.438,255.244,45.792
278,R,C,160.473,254.598,44.881
278,R,O,161.385,255.263,44.383
278,R,CB,158.195,255.656,44.987
278,R,CG,157.223,254.521,44.696
278,R,CD,156.359,254.205,45.909
278,R,NE,155.947,255.411,46.622
278,R,CZ,154.909,256.167,46.28
278,R,NH1,154.166,255.845,45.228
278,R,NH2,154.612,257.247,46.989
279,Q,N,160.327,253.291,44.68
279,Q,CA,161.243,252.554,43.818
279,Q,C,161.078,252.978,42.365
279,Q,O,159.962,253.196,41.887
279,Q,CB,161.001,251.052,43.953
279,Q,CG,162.161,250.188,43.485
279,Q,CD,161.839,248.708,43.535
279,Q,OE1,160.673,248.314,43.526
279,Q,NE2,162.875,247.88,43.587
280,A,N,162.203,253.1,41.663
280,A,CA,162.165,253.383,40.234
280,A,C,161.637,252.169,39.484
280,A,O,162.124,251.05,39.67
280,A,CB,163.556,253.761,39.731
281,H,N,160.637,252.387,38.633
281,H,CA,159.961,251.295,37.951
281,H,C,159.714,251.662,36.495
281,H,O,159.627,252.84,36.141
281,H,CB,158.631,250.94,38.633
281,H,CG,157.609,252.032,38.573
281,H,ND1,157.809,253.273,39.139
281,H,CD2,156.375,252.067,38.017
281,H,CE1,156.744,254.026,38.932
281,H,NE2,155.859,253.318,38.252
282,C,N,159.602,250.634,35.659
282,C,CA,159.294,250.785,34.242
282,C,C,157.99,250.061,33.941
282,C,O,157.814,248.904,34.339
282,C,CB,160.425,250.237,33.369
282,C,SG,162.006,251.086,33.583
283,N,N,157.084,250.738,33.242
283,N,CA,155.762,250.204,32.941
283,N,C,155.673,249.816,31.472
283,N,O,156.044,250.599,30.591
283,N,CB,154.667,251.217,33.279
283,N,CG,154.178,251.089,34.707
283,N,OD1,154.329,250.041,35.334
283,N,ND2,153.577,252.154,35.225
284,V,N,155.18,248.605,31.219
284,V,CA,154.917,248.103,29.878
284,V,C,153.47,247.633,29.837
284,V,O,153.005,246.966,30.769
284,V,CB,155.881,246.955,29.497
284,V,CG1,155.528,246.372,28.137
284,V,CG2,157.32,247.439,29.507
285,S,N,152.752,248.007,28.777
285,S,CA,151.367,247.579,28.615
285,S,C,151.286,246.062,28.507
285,S,O,152.016,245.441,27.73
285,S,CB,150.753,248.233,27.377
285,S,OG,150.695,249.642,27.52
286,K,N,150.392,245.465,29.301
286,K,CA,150.318,244.01,29.375
286,K,C,149.728,243.416,28.102
286,K,O,150.228,242.405,27.594
286,K,CB,149.5,243.592,30.598
286,K,CG,149.294,242.092,30.735
286,K,CD,148.182,241.777,31.722
286,K,CE,148.684,241.831,33.158
286,K,NZ,149.497,240.635,33.509
287,A,N,148.669,244.029,27.57
287,A,CA,148.037,243.498,26.366
287,A,C,148.902,243.731,25.132
287,A,O,148.937,242.89,24.227
287,A,CB,146.655,244.121,26.179
288,T,N,149.6,244.867,25.077
288,T,CA,150.437,245.168,23.92
288,T,C,151.667,244.271,23.871
288,T,O,152.057,243.8,22.797
288,T,CB,150.85,246.64,23.938
288,T,OG1,149.712,247.453,24.25
288,T,CG2,151.405,247.056,22.585
289,W,N,152.293,244.023,25.027
289,W,CA,153.48,243.176,25.059
289,W,C,153.134,241.713,24.807
289,W,O,153.923,240.99,24.189
289,W,CB,154.198,243.33,26.397
289,W,CG,155.266,242.308,26.637
289,W,CD1,155.176,241.196,27.423
289,W,CD2,156.59,242.307,26.092
289,W,NE1,156.361,240.5,27.396
289,W,CE2,157.245,241.162,26.586
289,W,CE3,157.284,243.164,25.232
289,W,CZ2,158.56,240.851,26.248
289,W,CZ3,158.59,242.852,24.899
289,W,CH2,159.214,241.706,25.405
290,N,N,151.971,241.263,25.283
290,N,CA,151.579,239.868,25.101
290,N,C,151.297,239.554,23.638
290,N,O,151.665,238.481,23.145
290,N,CB,150.362,239.552,25.97
290,N,CG,149.912,238.112,25.843
290,N,OD1,150.616,237.191,26.254
290,N,ND2,148.726,237.91,25.279
291,E,N,150.643,240.474,22.924
291,E,CA,150.386,240.252,21.504
291,E,C,151.647,240.435,20.669
291,E,O,151.794,239.789,19.626
291,E,CB,149.277,241.185,21.012
291,E,CG,148.578,240.746,19.716
291,E,CD,147.756,239.461,19.834
291,E,OE1,147.591,238.918,20.947
291,E,OE2,147.268,238.986,18.785
292,T,N,152.554,241.317,21.1
292,T,CA,153.847,241.437,20.433
292,T,C,154.656,240.155,20.583
292,T,O,155.275,239.686,19.622
292,T,CB,154.615,242.637,20.995
292,T,OG1,153.857,243.832,20.774
292,T,CG2,155.968,242.778,20.312
293,L,N,154.647,239.565,21.782
293,L,CA,155.246,238.25,21.972
293,L,C,154.459,237.156,21.263
293,L,O,155.02,236.096,20.966
293,L,CB,155.356,237.935,23.466
293,L,CG,156.362,236.857,23.875
293,L,CD1,157.785,237.376,23.756
293,L,CD2,156.082,236.378,25.288
294,G,N,153.177,237.39,20.979
294,G,CA,152.386,236.448,20.213
294,G,C,152.661,236.447,18.725
294,G,O,152.153,235.573,18.015
295,K,N,153.446,237.405,18.234
295,K,CA,153.82,237.452,16.827
295,K,C,155.174,236.804,16.569
295,K,O,155.356,236.14,15.544
295,K,CB,153.833,238.901,16.334
295,K,CG,152.452,239.481,16.078
295,K,CD,152.458,240.414,14.878
295,K,CE,153.336,241.629,15.13
295,K,NZ,152.74,242.869,14.558
296,V,N,156.132,236.987,17.484
296,V,CA,157.441,236.365,17.333
296,V,C,157.359,234.856,17.55
296,V,O,158.135,234.1,16.95
296,V,CB,158.449,237.045,18.287
296,V,CG1,157.952,237.014,19.725
296,V,CG2,159.852,236.447,18.166
297,V,N,156.403,234.392,18.362
297,V,CA,156.241,232.959,18.587
297,V,C,155.771,232.255,17.313
297,V,O,156.079,231.078,17.099
297,V,CB,155.296,232.713,19.785
297,V,CG1,153.859,233.105,19.461
297,V,CG2,155.367,231.264,20.249
298,K,N,155.044,232.96,16.444
298,K,CA,154.699,232.394,15.143
298,K,C,155.892,232.427,14.196
298,K,O,156.065,231.517,13.378
298,K,CB,153.515,233.148,14.538
298,K,CG,152.857,232.436,13.367
298,K,CD,152.306,233.428,12.356
298,K,CE,153.399,233.944,11.438
298,K,NZ,153.995,232.852,10.621
299,Q,N,156.722,233.468,14.295
299,Q,CA,157.915,233.561,13.461
299,Q,C,158.97,232.543,13.876
299,Q,O,159.753,232.085,13.037
299,Q,CB,158.482,234.982,13.529
299,Q,CG,159.557,235.296,12.499
299,Q,CD,159.178,234.857,11.099
299,Q,OE1,159.881,234.062,10.476
299,Q,NE2,158.066,235.378,10.595
300,L,N,159.005,232.176,15.158
300,L,CA,159.96,231.194,15.651
300,L,C,159.569,229.76,15.319
300,L,O,160.4,228.859,15.473
300,L,CB,160.12,231.338,17.167
300,L,CG,161.296,232.174,17.672
300,L,CD1,161.223,232.335,19.182
300,L,CD2,162.616,231.542,17.265
301,R,N,158.337,229.524,14.866
301,R,CA,157.843,228.172,14.643
301,R,C,158.178,227.62,13.263
301,R,O,157.966,226.425,13.028
301,R,CB,156.326,228.125,14.853
301,R,CG,155.912,227.89,16.296
301,R,CD,154.407,227.997,16.466
301,R,NE,154.013,227.938,17.871
301,R,CZ,152.754,227.869,18.292
301,R,NH1,151.76,227.853,17.417
301,R,NH2,152.491,227.82,19.591
302,K,N,158.691,228.441,12.348
302,K,CA,159.076,227.954,11.03
302,K,C,160.557,227.626,10.919
302,K,O,160.924,226.725,10.158
302,K,CB,158.706,228.974,9.946
302,K,CG,159.033,230.414,10.294
302,K,CD,158.393,231.376,9.302
302,K,CE,156.901,231.121,9.153
302,K,NZ,156.203,232.275,8.521
303,H,N,161.416,228.34,11.652
303,H,CA,162.824,227.963,11.71
303,H,C,163.004,226.641,12.446
303,H,O,163.838,225.814,12.058
303,H,CB,163.64,229.068,12.379
303,H,CG,163.867,230.263,11.505
303,H,ND1,164.08,231.526,12.013
303,H,CD2,163.914,230.386,10.158
303,H,CE1,164.249,232.376,11.018
303,H,NE2,164.153,231.71,9.879
304,F,N,162.235,226.428,13.508
304,F,CA,162.239,225.184,14.254
304,F,C,161.073,224.313,13.79
304,F,O,160.367,224.639,12.831
304,F,CB,162.185,225.474,15.755
304,F,CG,163.355,226.267,16.259
304,F,CD1,163.285,227.648,16.353
304,F,CD2,164.528,225.632,16.633
304,F,CE1,164.364,228.38,16.813
304,F,CE2,165.609,226.359,17.096
304,F,CZ,165.525,227.735,17.186
305,G,N,160.865,223.19,14.471
305,G,CA,159.803,222.284,14.083
305,G,C,158.431,222.816,14.45
305,G,O,158.257,223.564,15.412
306,N,N,157.439,222.42,13.656
306,N,CA,156.064,222.807,13.923
306,N,C,155.498,222.002,15.09
306,N,O,155.973,220.909,15.413
306,N,CB,155.196,222.61,12.679
306,N,CG,154.992,223.895,11.901
306,N,OD1,155.343,224.979,12.368
306,N,ND2,154.421,223.779,10.709
307,N,N,154.465,222.573,15.721
307,N,CA,153.775,221.979,16.873
307,N,C,154.739,221.692,18.024
307,N,O,154.615,220.689,18.73
307,N,CB,153.007,220.715,16.476
307,N,CG,151.894,220.996,15.487
307,N,OD1,150.924,221.682,15.807
307,N,ND2,152.028,220.466,14.277
308,T,N,155.711,222.581,18.211
308,T,CA,156.69,222.473,19.284
308,T,C,156.498,223.644,20.237
308,T,O,156.553,224.806,19.819
308,T,CB,158.116,222.456,18.731
308,T,OG1,158.359,223.661,17.995
308,T,CG2,158.32,221.255,17.82
309,I,N,156.277,223.339,21.51
309,I,CA,156.044,224.371,22.512
309,I,C,157.375,224.974,22.936
309,I,O,158.404,224.288,22.983
309,I,CB,155.27,223.793,23.711
309,I,CG1,156.029,222.627,24.347
309,I,CG2,153.887,223.338,23.279
309,I,CD1,155.436,222.161,25.66
310,I,N,157.368,226.274,23.218
310,I,CA,158.545,226.985,23.7
310,I,C,158.179,227.714,24.986
310,I,O,157.053,228.201,25.143
310,I,CB,159.117,227.962,22.646
310,I,CG1,158.109,229.055,22.281
310,I,CG2,159.57,227.213,21.401
310,I,CD1,158.7,230.16,21.436
311,R,N,159.121,227.751,25.924
311,R,CA,158.924,228.388,27.219
311,R,C,159.985,229.459,27.424
311,R,O,161.182,229.184,27.291
311,R,CB,158.981,227.359,28.352
311,R,CG,158.777,227.948,29.737
311,R,CD,158.855,226.871,30.808
311,R,NE,160.161,226.219,30.833
311,R,CZ,161.219,226.689,31.488
311,R,NH1,161.129,227.817,32.179
311,R,NH2,162.367,226.028,31.455
312,F,N,159.547,230.67,27.747
312,F,CA,160.461,231.765,28.027
312,F,C,160.925,231.714,29.48
312,F,O,160.265,231.144,30.351
312,F,CB,159.801,233.112,27.733
312,F,CG,159.647,233.407,26.266
312,F,CD1,160.627,234.105,25.583
312,F,CD2,158.525,232.985,25.575
312,F,CE1,160.486,234.38,24.234
312,F,CE2,158.376,233.259,24.23
312,F,CZ,159.359,233.955,23.558
313,A,N,162.08,232.324,29.731
313,A,CA,162.662,232.338,31.062
313,A,C,163.501,233.595,31.23
313,A,O,163.849,234.268,30.256
313,A,CB,163.511,231.088,31.322
314,N,N,163.823,233.905,32.482
314,N,CA,164.621,235.08,32.804
314,N,C,166.105,234.755,32.626
314,N,O,166.478,233.695,32.117
314,N,CB,164.302,235.563,34.216
314,N,CG,164.502,234.484,35.263
314,N,OD1,164.623,233.302,34.941
314,N,ND2,164.537,234.888,36.526
315,S,N,166.969,235.678,33.042
315,S,CA,168.406,235.489,32.898
315,S,C,168.907,234.382,33.819
315,S,O,168.389,234.174,34.919
315,S,CB,169.148,236.791,33.196
315,S,OG,170.544,236.568,33.295
316,S,N,169.929,233.665,33.353
316,S,CA,170.472,232.546,34.115
316,S,C,171.368,233.031,35.249
316,S,O,171.113,232.746,36.425
316,S,CB,171.241,231.603,33.187
316,S,OG,172.442,232.201,32.734
317,G,N,172.423,233.765,34.918
317,G,CA,173.337,234.248,35.934
317,G,C,174.429,235.091,35.314
317,G,O,174.485,235.284,34.095
318,G,N,175.304,235.594,36.183
318,G,CA,176.404,236.452,35.81
318,G,C,176.451,237.667,36.708
318,G,O,175.926,237.659,37.826
319,D,N,177.087,238.726,36.212
319,D,CA,177.177,239.97,36.958
319,D,C,175.894,240.784,36.786
319,D,O,174.956,240.382,36.091
319,D,CB,178.416,240.757,36.528
319,D,CG,178.576,240.838,35.017
319,D,OD1,179.691,240.56,34.528
319,D,OD2,177.605,241.194,34.317
320,L,N,175.853,241.951,37.433
320,L,CA,174.671,242.801,37.362
320,L,C,174.522,243.48,36.005
320,L,O,173.423,243.936,35.671
320,L,CB,174.714,243.853,38.47
320,L,CG,173.365,244.364,38.982
320,L,CD1,172.478,243.207,39.411
320,L,CD2,173.565,245.341,40.126
321,E,N,175.595,243.555,35.218
321,E,CA,175.541,244.202,33.913
321,E,C,174.967,243.307,32.822
321,E,O,174.754,243.784,31.703
321,E,CB,176.939,244.676,33.506
321,E,CG,177.372,245.971,34.174
321,E,CD,178.169,245.742,35.444
321,E,OE1,178.077,244.636,36.019
321,E,OE2,178.887,246.67,35.871
322,V,N,174.713,242.034,33.114
322,V,CA,174.154,241.121,32.126
322,V,C,172.805,240.545,32.549
322,V,O,171.976,240.234,31.676
322,V,CB,175.154,239.985,31.804
322,V,CG1,175.402,239.094,33.018
322,V,CG2,174.729,239.169,30.58
323,T,N,172.515,240.446,33.845
323,T,CA,171.256,239.885,34.316
323,T,C,170.144,240.918,34.426
323,T,O,168.999,240.545,34.7
323,T,CB,171.45,239.21,35.678
323,T,OG1,171.882,240.182,36.637
323,T,CG2,172.491,238.107,35.58
324,T,N,170.448,242.198,34.224
324,T,CA,169.462,243.264,34.321
324,T,C,169.487,244.103,33.051
324,T,O,170.514,244.207,32.375
324,T,CB,169.715,244.166,35.539
324,T,OG1,171.069,244.635,35.518
324,T,CG2,169.464,243.406,36.835
325,H,N,168.341,244.7,32.737
325,H,CA,168.208,245.56,31.564
325,H,C,168.898,246.886,31.848
325,H,O,168.358,247.745,32.55
325,H,CB,166.735,245.763,31.222
325,H,CG,166.507,246.527,29.955
325,H,ND1,165.304,247.13,29.658
325,H,CD2,167.323,246.782,28.904
325,H,CE1,165.39,247.727,28.483
325,H,NE2,166.606,247.53,28.005
326,S,N,170.098,247.062,31.304
326,S,CA,170.896,248.258,31.536
326,S,C,170.76,249.209,30.355
326,S,O,170.993,248.818,29.206
326,S,CB,172.366,247.899,31.759
326,S,OG,172.944,247.37,30.58
327,F,N,170.39,250.452,30.643
327,F,CA,170.236,251.484,29.624
327,F,C,170.384,252.842,30.302
327,F,O,170.8,252.932,31.462
327,F,CB,168.896,251.344,28.889
327,F,CG,167.701,251.285,29.799
327,F,CD1,167.222,250.068,30.26
327,F,CD2,167.043,252.445,30.178
327,F,CE1,166.122,250.011,31.095
327,F,CE2,165.942,252.393,31.011
327,F,CZ,165.482,251.174,31.467
328,N,N,170.044,253.901,29.574
328,N,CA,170.168,255.266,30.064
328,N,C,168.807,255.953,30.07
328,N,O,167.941,255.665,29.241
328,N,CB,171.152,256.063,29.203
328,N,CG,171.761,257.233,29.944
328,N,OD1,171.049,258.069,30.497
328,N,ND2,173.087,257.298,29.959
329,C,N,168.629,256.872,31.023
329,C,CA,167.393,257.653,31.14
329,C,C,167.774,259.058,31.612
329,C,O,167.92,259.306,32.811
329,C,CB,166.4,256.995,32.089
329,C,SG,164.817,257.871,32.244
330,G,N,167.932,259.966,30.653
330,G,CA,168.211,261.353,30.964
330,G,C,169.569,261.619,31.569
330,G,O,169.753,262.65,32.219
331,G,N,170.536,260.728,31.357
331,G,CA,171.845,260.867,31.958
331,G,C,172.068,260.052,33.211
331,G,O,173.127,260.187,33.837
332,E,N,171.11,259.216,33.604
332,E,CA,171.226,258.375,34.786
332,E,C,171.018,256.921,34.387
332,E,O,170.069,256.602,33.662
332,E,CB,170.211,258.788,35.852
332,E,CG,170.42,258.134,37.202
332,E,CD,169.496,258.704,38.256
332,E,OE1,168.658,259.558,37.899
332,E,OE2,169.61,258.309,39.435
333,F,N,171.903,256.05,34.859
333,F,CA,171.891,254.654,34.447
333,F,C,170.882,253.849,35.256
333,F,O,170.683,254.076,36.454
333,F,CB,173.287,254.054,34.594
333,F,CG,174.357,254.854,33.911
333,F,CD1,175.242,255.625,34.648
333,F,CD2,174.474,254.841,32.531
333,F,CE1,176.226,256.365,34.021
333,F,CE2,175.457,255.579,31.898
333,F,CZ,176.334,256.342,32.644
334,F,N,170.241,252.897,34.583
334,F,CA,169.231,252.036,35.178
334,F,C,169.666,250.581,35.058
334,F,O,170.366,250.203,34.118
334,F,CB,167.862,252.223,34.501
334,F,CG,167.07,253.394,35.02
334,F,CD1,165.789,253.211,35.516
334,F,CD2,167.594,254.676,34.999
334,F,CE1,165.051,254.279,35.989
334,F,CE2,166.861,255.749,35.472
334,F,CZ,165.589,255.55,35.969
335,Y,N,169.251,249.767,36.033
335,Y,CA,169.528,248.325,36.036
335,Y,C,168.242,247.635,36.487
335,Y,O,168.022,247.429,37.682
335,Y,CB,170.705,247.986,36.94
335,Y,CG,172.051,248.334,36.347
335,Y,CD1,172.609,249.592,36.535
335,Y,CD2,172.763,247.405,35.6
335,Y,CE1,173.839,249.916,35.993
335,Y,CE2,173.995,247.72,35.056
335,Y,CZ,174.527,248.977,35.256
335,Y,OH,175.751,249.295,34.715
336,C,N,167.4,247.279,35.52
336,C,CA,166.029,246.86,35.788
336,C,C,165.913,245.341,35.8
336,C,O,166.408,244.666,34.89
336,C,CB,165.073,247.445,34.746
336,C,SG,164.9,249.249,34.773
337,N,N,165.26,244.816,36.832
337,N,CA,164.88,243.41,36.864
337,N,C,163.83,243.142,35.791
337,N,O,162.885,243.918,35.62
337,N,CB,164.351,243.051,38.254
337,N,CG,164.118,241.561,38.44
337,N,OD1,164.47,240.742,37.592
337,N,ND2,163.522,241.205,39.576
338,T,N,163.997,242.035,35.063
338,T,CA,163.199,241.765,33.874
338,T,C,162.453,240.436,33.949
338,T,O,162.096,239.872,32.909
338,T,CB,164.081,241.8,32.625
338,T,OG1,163.302,241.45,31.474
338,T,CG2,165.245,240.828,32.761
339,S,N,162.205,239.923,35.155
339,S,CA,161.487,238.66,35.282
339,S,C,160.006,238.79,34.952
339,S,O,159.385,237.797,34.557
339,S,CB,161.646,238.105,36.699
339,S,OG,161.008,238.949,37.639
340,G,N,159.428,239.983,35.095
340,G,CA,157.999,240.161,34.903
340,G,C,157.535,240.218,33.464
340,G,O,156.327,240.158,33.217
341,L,N,158.464,240.332,32.516
341,L,CA,158.131,240.356,31.1
341,L,C,158.483,239.067,30.379
341,L,O,158.022,238.864,29.251
341,L,CB,158.843,241.525,30.397
341,L,CG,158.394,242.946,30.749
341,L,CD1,159.277,243.977,30.064
341,L,CD2,156.938,243.159,30.368
342,F,N,159.28,238.194,30.996
342,F,CA,159.778,236.991,30.343
342,F,C,159.368,235.703,31.055
342,F,O,160.121,234.725,31.023
342,F,CB,161.301,237.049,30.202
342,F,CG,161.787,238.013,29.15
342,F,CD1,162.171,237.551,27.903
342,F,CD2,161.896,239.367,29.419
342,F,CE1,162.63,238.425,26.933
342,F,CE2,162.361,240.247,28.456
342,F,CZ,162.728,239.774,27.211
343,N,N,158.194,235.662,31.689
343,N,CA,157.665,234.394,32.186
343,N,C,156.643,234.005,31.126
343,N,O,155.517,234.51,31.134
343,N,CB,156.903,234.442,33.505
343,N,CG,156.945,233.107,34.234
343,N,OD1,156.836,232.052,33.609
343,N,ND2,156.972,233.146,35.57
344,S,N,157.007,233.114,30.213
344,S,CA,155.999,232.748,29.231
344,S,C,156.119,231.277,28.87
344,S,O,157.217,230.723,28.764
344,S,CB,156.088,233.608,27.962
344,S,OG,155.805,234.963,28.241
345,T,N,154.959,230.659,28.67
345,T,CA,154.85,229.329,28.099
345,T,C,153.757,229.371,27.044
345,T,O,152.629,229.795,27.319
345,T,CB,154.53,228.276,29.17
345,T,OG1,155.55,228.303,30.179
345,T,CG2,154.471,226.886,28.554
346,W,N,154.102,228.952,25.834
346,W,CA,153.185,228.983,24.708
346,W,C,152.925,227.563,24.227
346,W,O,153.799,226.696,24.298
346,W,CB,153.736,229.837,23.559
346,W,CG,153.842,231.296,23.893
346,W,CD1,154.984,232.035,23.986
346,W,CD2,152.759,232.198,24.155
346,W,NE1,154.682,233.338,24.303
346,W,CE2,153.323,233.465,24.411
346,W,CE3,151.368,232.057,24.202
346,W,CZ2,152.542,234.583,24.712
346,W,CZ3,150.598,233.167,24.5
346,W,CH2,151.185,234.412,24.75
347,I,N,151.712,227.338,23.738
347,I,CA,151.28,226.027,23.283
347,I,C,150.706,226.198,21.883
347,I,O,150.231,227.278,21.517
347,I,CB,150.255,225.399,24.268
347,I,CG1,149.985,223.925,23.946
347,I,CG2,148.962,226.21,24.311
347,I,CD1,149.256,223.18,25.042
348,S,N,150.788,225.136,21.086
348,S,CA,150.258,225.174,19.734
348,S,C,148.73,225.176,19.762
348,S,O,148.099,224.94,20.798
348,S,CB,150.775,223.987,18.924
348,S,OG,149.979,223.774,17.771
349,N,N,148.145,225.453,18.593
349,N,CA,146.697,225.582,18.401
349,N,C,146.116,226.657,19.325
349,N,O,145.282,226.393,20.193
349,N,CB,145.988,224.234,18.59
349,N,CG,144.575,224.238,18.043
349,N,OD1,143.607,224.383,18.791
349,N,ND2,144.448,224.075,16.731
350,D,N,146.526,245.257,33.629
350,D,CA,146.533,246.264,32.576
350,D,C,147.957,246.545,32.107
350,D,O,148.214,246.674,30.911
350,D,CB,145.869,247.555,33.063
350,D,CG,145.85,248.639,32.001
350,D,OD1,145.956,249.828,32.362
350,D,OD2,145.721,248.301,30.804
351,S,N,148.879,246.642,33.064
351,S,CA,150.279,246.904,32.767
351,S,C,151.151,246.066,33.689
351,S,O,150.725,245.641,34.766
351,S,CB,150.621,248.392,32.917
351,S,OG,150.505,248.81,34.266
352,I,N,152.385,245.833,33.251
352,I,CA,153.357,245.04,33.997
352,I,C,154.429,245.987,34.516
352,I,O,155.044,246.728,33.741
352,I,CB,153.967,243.931,33.126
352,I,CG1,152.998,242.752,33.009
352,I,CG2,155.294,243.454,33.7
352,I,CD1,153.495,241.639,32.112
353,T,N,154.643,245.974,35.831
353,T,CA,155.68,246.788,36.443
353,T,C,156.986,246.007,36.53
353,T,O,156.996,244.772,36.577
353,T,CB,155.251,247.267,37.836
353,T,OG1,156.241,248.158,38.365
353,T,CG2,155.054,246.093,38.788
354,L,N,158.096,246.74,36.52
354,L,CA,159.429,246.147,36.572
354,L,C,160.213,246.816,37.691
354,L,O,160.44,248.042,37.635
354,L,CB,160.171,246.295,35.24
354,L,CG,159.858,245.394,34.04
354,L,CD1,158.511,245.705,33.394
354,L,CD2,160.98,245.498,33.018
355,P,N,160.629,246.08,38.722
355,P,CA,161.55,246.656,39.71
355,P,C,162.888,246.987,39.067
355,P,O,163.372,246.267,38.189
355,P,CB,161.682,245.55,40.764
355,P,CG,161.299,244.295,40.05
355,P,CD,160.265,244.69,39.04
356,C,N,163.489,248.089,39.511
356,C,CA,164.699,248.592,38.874
356,C,C,165.575,249.277,39.911
356,C,O,165.088,250.099,40.694
356,C,CB,164.351,249.563,37.743
356,C,SG,165.679,249.835,36.554
357,R,N,166.859,248.938,39.911
357,R,CA,167.839,249.55,40.796
357,R,C,168.748,250.489,40.009
357,R,O,168.938,250.341,38.799
357,R,CB,168.669,248.481,41.511
357,R,CG,168.068,248.026,42.833
357,R,CD,169.121,247.425,43.75
357,R,NE,169.5,246.076,43.341
357,R,CZ,168.86,244.973,43.717
357,R,NH1,167.804,245.057,44.515
357,R,NH2,169.275,243.788,43.296
358,I,N,169.308,251.468,40.717
358,I,CA,170.059,252.56,40.11
358,I,C,171.478,252.551,40.661
358,I,O,171.676,252.462,41.879
358,I,CB,169.383,253.92,40.366
358,I,CG1,167.913,253.873,39.949
358,I,CG2,170.108,255.029,39.624
358,I,CD1,167.103,255.052,40.43
359,K,N,172.459,252.642,39.766
359,K,CA,173.865,252.732,40.13
359,K,C,174.403,254.115,39.787
359,K,O,173.927,254.771,38.854
359,K,CB,174.692,251.666,39.404
359,K,CG,174.547,250.268,39.973
359,K,CD,175.441,249.281,39.241
359,K,CE,176.909,249.57,39.498
359,K,NZ,177.791,248.578,38.825
360,Q,N,175.405,254.555,40.549
360,Q,CA,176.064,255.832,40.301
360,Q,C,177.395,255.672,39.576
360,Q,O,177.628,256.334,38.561
360,Q,CB,176.275,256.589,41.619
360,Q,CG,174.987,257.041,42.283
360,Q,CD,175.234,257.77,43.589
360,Q,OE1,176.372,257.886,44.042
360,Q,NE2,174.166,258.269,44.2
361,I,N,178.276,254.808,40.076
361,I,CA,179.537,254.503,39.412
361,I,C,179.411,253.156,38.712
361,I,O,178.981,252.163,39.316
361,I,CB,180.722,254.532,40.399
361,I,CG1,180.492,253.621,41.606
361,I,CG2,180.984,255.941,40.88
361,I,CD1,181.696,253.492,42.501
362,I,N,179.727,253.132,37.416
362,I,CA,179.651,251.921,36.611
362,I,C,180.902,251.814,35.752
362,I,O,181.633,252.785,35.548
362,I,CB,178.404,251.873,35.694
362,I,CG1,178.435,253.026,34.688
362,I,CG2,177.112,251.878,36.507
362,I,CD1,177.383,252.917,33.612
363,N,N,181.14,250.607,35.251
363,N,CA,182.097,250.37,34.179
363,N,C,181.292,250.221,32.892
363,N,O,180.579,249.229,32.715
363,N,CB,182.942,249.129,34.456
363,N,CG,183.827,249.289,35.676
363,N,OD1,184.731,250.125,35.698
363,N,ND2,183.57,248.485,36.702
364,M,N,181.39,251.222,32.013
364,M,CA,180.575,251.237,30.8
364,M,C,180.944,250.089,29.868
364,M,O,180.068,249.481,29.24
364,M,CB,180.723,252.582,30.088
364,M,CG,179.891,252.734,28.816
364,M,SD,178.193,253.29,29.092
364,M,CE,177.307,251.736,29.216
365,W,N,182.227,249.774,29.77
365,W,CA,182.719,248.671,28.963
365,W,C,183.489,247.706,29.864
365,W,O,183.496,247.842,31.092
365,W,CB,183.58,249.195,27.811
365,W,CG,183.04,250.45,27.194
365,W,CD1,183.394,251.731,27.5
365,W,CD2,182.042,250.543,26.171
365,W,NE1,182.681,252.617,26.729
365,W,CE2,181.844,251.913,25.904
365,W,CE3,181.297,249.602,25.452
365,W,CZ2,180.933,252.364,24.95
365,W,CZ3,180.394,250.052,24.506
365,W,CH2,180.22,251.421,24.266
366,Q,N,184.143,246.725,29.248
366,Q,CA,184.946,245.755,29.982
366,Q,C,186.326,246.288,30.357
366,Q,O,187.173,245.506,30.803
366,Q,CB,185.087,244.466,29.167
366,Q,CG,183.765,243.878,28.697
366,Q,CD,182.706,243.877,29.785
366,Q,OE1,181.689,244.562,29.676
366,Q,NE2,182.938,243.101,30.838
367,R,N,186.567,247.585,30.18
367,R,CA,187.834,248.183,30.574
367,R,C,187.97,248.203,32.091
367,R,O,187.008,248.474,32.816
367,R,CB,187.943,249.604,30.022
367,R,CG,188.044,249.682,28.507
367,R,CD,188.581,251.027,27.998
367,R,NE,189.835,251.446,28.625
367,R,CZ,189.926,252.327,29.618
367,R,NH1,188.832,252.896,30.107
367,R,NH2,191.112,252.642,30.121
368,I,N,189.18,247.91,32.571
368,I,CA,189.462,247.908,34.002
368,I,C,190.158,249.18,34.464
368,I,O,190.456,249.306,35.665
368,I,CB,190.307,246.679,34.398
368,I,CG1,191.664,246.715,33.692
368,I,CG2,189.563,245.394,34.069
368,I,CD1,192.638,245.67,34.188
369,G,N,190.427,250.121,33.565
369,G,CA,191.224,251.287,33.873
369,G,C,190.487,252.56,34.218
369,G,O,191.135,253.524,34.633
370,Q,N,189.15,252.534,34.163
370,Q,CA,188.366,253.771,34.418
370,Q,C,186.964,253.481,34.959
370,Q,O,186.495,252.347,34.798
370,Q,CB,188.181,254.555,33.12
370,Q,CG,189.401,255.345,32.668
370,Q,CD,189.964,256.23,33.752
370,Q,OE1,191.1,256.689,33.674
370,Q,NE2,189.173,256.47,34.786
371,C,N,186.348,254.457,35.623
371,C,CA,184.94,254.334,36.066
371,C,C,184.335,255.733,36.007
371,C,O,185.101,256.694,35.999
371,C,CB,184.771,253.781,37.474
371,C,SG,186.227,253.775,38.557
372,M,N,183.019,255.847,35.927
372,M,CA,182.412,257.186,35.774
372,M,C,181.463,257.415,36.943
372,M,O,180.604,256.555,37.161
372,M,CB,181.607,257.2,34.478
372,M,CG,180.712,258.397,34.314
372,M,SD,179.95,258.322,32.68
372,M,CE,181.343,257.754,31.709
373,Y,N,181.589,258.535,37.649
373,Y,CA,180.598,258.788,38.72
373,Y,C,179.447,259.588,38.129
373,Y,O,179.588,260.798,37.931
373,Y,CB,181.189,259.598,39.866
373,Y,CG,180.163,260.107,40.841
373,Y,CD1,179.588,259.26,41.767
373,Y,CD2,179.76,261.428,40.827
373,Y,CE1,178.643,259.713,42.668
373,Y,CE2,178.814,261.898,41.719
373,Y,CZ,178.255,261.038,42.644
373,Y,OH,177.322,261.49,43.529
374,A,N,178.336,258.909,37.876
374,A,CA,177.166,259.599,37.304
374,A,C,176.813,260.731,38.255
374,A,O,176.595,260.429,39.433
374,A,CB,176.015,258.649,37.206
375,P,N,176.76,262.012,37.858
375,P,CA,176.377,263.037,38.832
375,P,C,174.897,262.956,39.148
375,P,O,174.084,262.621,38.273
375,P,CB,176.724,264.349,38.113
375,P,CG,176.638,263.995,36.661
375,P,CD,177.19,262.604,36.58
376,P,N,174.508,263.239,40.39
376,P,CA,173.078,263.247,40.725
376,P,C,172.372,264.418,40.057
376,P,O,172.663,265.583,40.34
376,P,CB,173.076,263.374,42.254
376,P,CG,174.39,264.007,42.568
376,P,CD,175.35,263.421,41.583
377,I,N,171.444,264.097,39.172
377,I,CA,170.741,265.08,38.358
377,I,C,169.381,265.379,38.979
377,I,O,168.671,264.476,39.443
377,I,CB,170.636,264.594,36.899
377,I,CG1,170.016,263.199,36.83
377,I,CG2,172.0,264.623,36.228
377,I,CD1,170.039,262.609,35.448
378,Q,N,169.029,266.659,38.997
378,Q,CA,167.932,267.152,39.82
378,Q,C,166.573,266.918,39.172
378,Q,O,166.446,266.883,37.945
378,Q,CB,168.123,268.644,40.092
378,Q,CG,168.368,269.471,38.839
378,Q,CD,168.169,270.955,39.067
378,Q,OE1,167.667,271.371,40.112
378,Q,NE2,168.558,271.763,38.088
379,G,N,165.556,266.752,40.013
379,G,CA,164.175,266.728,39.579
379,G,C,163.687,265.342,39.196
379,G,O,164.459,264.407,38.989
380,V,N,162.361,265.221,39.115
380,V,CA,161.743,263.979,38.668
380,V,C,161.944,263.833,37.164
380,V,O,161.818,264.801,36.399
380,V,CB,160.261,263.935,39.085
380,V,CG1,159.432,265.024,38.398
380,V,CG2,159.662,262.561,38.804
381,I,N,162.327,262.636,36.738
381,I,CA,162.694,262.368,35.355
381,I,C,161.747,261.319,34.792
381,I,O,161.467,260.306,35.445
381,I,CB,164.162,261.917,35.262
381,I,CG1,165.075,263.041,35.742
381,I,CG2,164.534,261.528,33.841
381,I,CD1,166.481,262.616,35.933
382,R,N,161.252,261.563,33.58
382,R,CA,160.318,260.661,32.911
382,R,C,160.751,260.555,31.452
382,R,O,160.503,261.468,30.661
382,R,CB,158.887,261.172,33.031
382,R,CG,158.215,260.833,34.353
382,R,CD,156.796,261.371,34.407
382,R,NE,156.768,262.781,34.786
382,R,CZ,155.753,263.369,35.409
382,R,NH1,154.675,262.671,35.739
382,R,NH2,155.817,264.659,35.707
383,C,N,161.391,259.445,31.097
383,C,CA,161.877,259.219,29.744
383,C,C,160.977,258.213,29.041
383,C,O,160.654,257.161,29.601
383,C,CB,163.331,258.732,29.745
383,C,SG,163.682,257.226,30.688
384,V,N,160.571,258.544,27.817
384,V,CA,159.732,257.681,26.996
384,V,C,160.582,257.123,25.86
384,V,O,161.416,257.831,25.281
384,V,CB,158.478,258.425,26.479
384,V,CG1,158.831,259.572,25.53
384,V,CG2,157.508,257.452,25.819
385,S,N,160.418,255.83,25.588
385,S,CA,161.225,255.159,24.581
385,S,C,160.448,253.978,24.025
385,S,O,159.459,253.527,24.608
385,S,CB,162.567,254.688,25.157
385,S,OG,163.397,255.785,25.489
386,N,N,160.91,253.482,22.88
386,N,CA,160.348,252.299,22.245
386,N,C,161.352,251.16,22.318
386,N,O,162.513,251.328,21.931
386,N,CB,159.992,252.565,20.782
386,N,CG,159.077,253.757,20.602
386,N,OD1,158.406,254.2,21.535
386,N,ND2,159.049,254.281,19.384
387,I,N,160.911,250.013,22.808
387,I,CA,161.7,248.792,22.714
387,I,C,161.304,248.059,21.439
387,I,O,160.117,247.9,21.131
387,I,CB,161.532,247.917,23.975
387,I,CG1,160.06,247.62,24.27
387,I,CG2,162.19,248.584,25.176
387,I,CD1,159.852,246.586,25.355
388,T,N,162.308,247.647,20.664
388,T,CA,162.054,247.116,19.334
388,T,C,162.861,245.872,18.987
388,T,O,162.825,245.445,17.828
388,T,CB,162.319,248.196,18.27
388,T,OG1,161.947,247.701,16.98
388,T,CG2,163.789,248.584,18.26
389,G,N,163.58,245.279,19.934
389,G,CA,164.35,244.088,19.634
389,G,C,164.707,243.326,20.887
389,G,O,164.685,243.864,21.998
390,L,N,165.04,242.053,20.69
390,L,CA,165.429,241.161,21.771
390,L,C,166.778,240.539,21.448
390,L,O,167.135,240.367,20.28
390,L,CB,164.385,240.053,21.992
390,L,CG,163.32,240.253,23.074
390,L,CD1,162.404,241.419,22.745
390,L,CD2,162.512,238.977,23.257
391,I,N,167.528,240.215,22.491
391,I,CA,168.811,239.525,22.366
391,I,C,168.682,238.237,23.17
391,I,O,168.867,238.221,24.39
391,I,CB,169.989,240.376,22.848
391,I,CG1,169.985,241.737,22.143
391,I,CG2,171.301,239.641,22.612
391,I,CD1,171.261,242.536,22.32
392,L,N,168.359,237.143,22.49
392,L,CA,168.066,235.876,23.138
392,L,C,169.231,234.901,23.001
392,L,O,170.048,234.991,22.082
392,L,CB,166.793,235.257,22.555
392,L,CG,165.54,236.133,22.634
392,L,CD1,164.321,235.386,22.118
392,L,CD2,165.314,236.608,24.06
393,T,N,169.305,233.969,23.951
393,T,CA,170.29,232.892,23.936
393,T,C,169.572,231.595,24.271
393,T,O,168.971,231.481,25.344
393,T,CB,171.425,233.137,24.941
393,T,OG1,170.879,233.299,26.256
393,T,CG2,172.242,234.368,24.57
394,R,N,169.63,230.625,23.365
394,R,CA,168.981,229.349,23.616
394,R,C,169.88,228.441,24.454
394,R,O,171.055,228.729,24.698
394,R,CB,168.601,228.661,22.304
394,R,CG,167.503,229.376,21.543
394,R,CD,167.087,228.631,20.282
394,R,NE,168.12,228.635,19.252
394,R,CZ,168.771,227.55,18.849
394,R,NH1,168.489,226.369,19.38
394,R,NH2,169.698,227.645,17.905
395,D,N,169.302,227.331,24.903
395,D,CA,170.004,226.336,25.699
395,D,C,169.959,224.99,24.988
395,D,O,169.03,224.701,24.229
395,D,CB,169.391,226.209,27.101
395,D,CG,170.389,225.725,28.136
395,D,OD1,170.179,225.998,29.335
395,D,OD2,171.383,225.074,27.75
396,T,N,165.934,217.354,24.119
396,T,CA,164.693,216.976,24.793
396,T,C,163.555,216.769,23.797
396,T,O,162.475,217.344,23.935
396,T,CB,164.325,218.028,25.832
396,T,OG1,163.808,219.192,25.176
396,T,CG2,165.548,218.416,26.653
397,N,N,163.816,215.936,22.784
397,N,CA,162.854,215.575,21.735
397,N,C,162.319,216.797,20.991
397,N,O,161.169,216.798,20.539
397,N,CB,161.697,214.742,22.298
397,N,CG,162.164,213.44,22.917
397,N,OD1,162.819,213.434,23.959
397,N,ND2,161.828,212.327,22.276
398,S,N,163.157,217.833,20.864
398,S,CA,162.822,219.09,20.18
398,S,C,161.575,219.751,20.765
398,S,O,160.786,220.362,20.04
398,S,CB,162.66,218.884,18.672
398,S,OG,162.297,220.093,18.028
399,T,N,161.388,219.634,22.077
399,T,CA,160.236,220.198,22.762
399,T,C,160.704,221.009,23.961
399,T,O,161.799,220.795,24.491
399,T,CB,159.254,219.109,23.223
399,T,OG1,159.957,218.115,23.98
399,T,CG2,158.573,218.452,22.032
400,T,N,159.841,221.94,24.382
400,T,CA,160.081,222.841,25.518
400,T,C,161.388,223.615,25.352
400,T,O,162.263,223.606,26.222
400,T,CB,160.053,222.087,26.851
400,T,OG1,161.255,221.32,27.0
400,T,CG2,158.845,221.16,26.925
401,E,N,161.522,224.281,24.207
401,E,CA,162.694,225.106,23.953
401,E,C,162.687,226.331,24.859
401,E,O,161.637,226.921,25.125
401,E,CB,162.734,225.534,22.485
401,E,CG,163.356,224.506,21.556
401,E,CD,164.813,224.237,21.876
401,E,OE1,165.148,223.077,22.194
401,E,OE2,165.623,225.185,21.809
402,T,N,163.87,226.714,25.331
402,T,CA,164.02,227.798,26.293
402,T,C,164.651,229.01,25.62
402,T,O,165.663,228.884,24.924
402,T,CB,164.869,227.36,27.486
402,T,OG1,166.224,227.161,27.064
402,T,CG2,164.33,226.064,28.075
403,F,N,164.05,230.177,25.838
403,F,CA,164.565,231.448,25.348
403,F,C,164.716,232.395,26.527
403,F,O,163.768,232.589,27.292
403,F,CB,163.632,232.061,24.296
403,F,CG,163.651,231.349,22.973
403,F,CD1,164.499,231.765,21.962
403,F,CD2,162.821,230.263,22.741
403,F,CE1,164.516,231.119,20.742
403,F,CE2,162.837,229.609,21.524
403,F,CZ,163.687,230.036,20.524
404,R,N,165.904,232.982,26.672
404,R,CA,166.172,233.91,27.759
404,R,C,166.957,235.104,27.234
404,R,O,167.804,234.944,26.342
404,R,CB,166.953,233.236,28.895
404,R,CG,168.073,232.323,28.432
404,R,CD,168.442,231.316,29.509
404,R,NE,167.282,230.562,29.976
404,R,CZ,167.336,229.595,30.884
404,R,NH1,168.496,229.262,31.432
404,R,NH2,166.23,228.961,31.248
405,P,N,166.704,236.304,27.761
405,P,CA,167.463,237.487,27.324
405,P,C,168.865,237.48,27.914
405,P,O,169.04,237.47,29.135
405,P,CB,166.629,238.659,27.856
405,P,CG,165.867,238.097,29.003
405,P,CD,165.617,236.65,28.694
406,G,N,169.868,237.482,27.042
406,G,CA,171.25,237.505,27.479
406,G,C,171.958,238.787,27.099
406,G,O,171.706,239.844,27.688
407,G,N,172.849,238.708,26.116
407,G,CA,173.542,239.882,25.631
407,G,C,174.736,240.291,26.467
407,G,O,174.801,241.423,26.953
408,G,N,175.69,239.374,26.644
408,G,CA,176.933,239.722,27.311
408,G,C,177.842,240.6,26.479
408,G,O,178.74,241.246,27.029
409,D,N,177.628,240.633,25.169
409,D,CA,178.394,241.451,24.241
409,D,C,177.532,242.618,23.776
409,D,O,176.424,242.412,23.272
409,D,CB,178.863,240.605,23.057
409,D,CG,179.684,241.39,22.067
409,D,OD1,180.805,241.814,22.416
409,D,OD2,179.206,241.557,20.929
410,M,N,178.043,243.838,23.944
410,M,CA,177.242,245.046,23.785
410,M,C,177.349,245.686,22.405
410,M,O,176.643,246.664,22.143
410,M,CB,177.628,246.077,24.85
410,M,CG,178.979,246.732,24.621
410,M,SD,180.354,245.591,24.847
410,M,CE,180.272,245.323,26.615
411,R,N,178.2,245.172,21.52
411,R,CA,178.298,245.74,20.18
411,R,C,177.239,245.19,19.236
411,R,O,177.158,245.639,18.088
411,R,CB,179.694,245.5,19.589
411,R,CG,179.945,244.075,19.143
411,R,CD,181.344,243.596,19.51
411,R,NE,182.402,244.408,18.919
411,R,CZ,183.688,244.297,19.235
411,R,NH1,184.073,243.406,20.139
411,R,NH2,184.589,245.072,18.65
412,D,N,176.426,244.233,19.694
412,D,CA,175.336,243.701,18.884
412,D,C,174.177,244.683,18.759
412,D,O,173.272,244.448,17.951
412,D,CB,174.836,242.386,19.485
412,D,CG,175.85,241.266,19.362
412,D,OD1,176.647,241.285,18.4
412,D,OD2,175.852,240.368,20.229
413,N,N,174.18,245.758,19.552
413,N,CA,173.147,246.784,19.453
413,N,C,173.18,247.477,18.096
413,N,O,172.124,247.757,17.515
413,N,CB,173.33,247.793,20.593
413,N,CG,172.098,248.659,20.843
413,N,OD1,171.315,248.943,19.938
413,N,ND2,171.927,249.08,22.09
414,W,N,174.372,247.737,17.562
414,W,CA,174.512,248.433,16.291
414,W,C,174.383,247.513,15.086
414,W,O,174.339,248.008,13.954
414,W,CB,175.859,249.159,16.239
414,W,CG,176.103,250.028,17.433
414,W,CD1,175.32,251.056,17.872
414,W,CD2,177.199,249.938,18.35
414,W,NE1,175.865,251.615,19.002
414,W,CE2,177.018,250.946,19.315
414,W,CE3,178.318,249.105,18.446
414,W,CZ2,177.914,251.144,20.364
414,W,CZ3,179.205,249.301,19.487
414,W,CH2,178.998,250.313,20.433
415,R,N,174.323,246.194,15.291
415,R,CA,174.14,245.283,14.166
415,R,C,172.734,245.374,13.591
415,R,O,172.549,245.19,12.382
415,R,CB,174.446,243.848,14.59
415,R,CG,175.887,243.611,14.995
415,R,CD,176.14,242.136,15.252
415,R,NE,177.438,241.897,15.875
415,R,CZ,178.574,241.748,15.2
415,R,NH1,178.573,241.814,13.876
415,R,NH2,179.709,241.533,15.848
416,S,N,171.735,245.655,14.43
416,S,CA,170.372,245.825,13.946
416,S,C,170.161,247.16,13.244
416,S,O,169.12,247.346,12.605
416,S,CB,169.382,245.686,15.101
416,S,OG,169.142,244.323,15.405
417,E,N,171.111,248.087,13.349
417,E,CA,171.014,249.381,12.69
417,E,C,171.845,249.471,11.42
417,E,O,171.522,250.272,10.537
417,E,CB,171.447,250.496,13.649
417,E,CG,170.841,250.393,15.038
417,E,CD,169.607,251.256,15.202
417,E,OE1,169.107,251.78,14.184
417,E,OE2,169.14,251.414,16.35
418,L,N,172.906,248.67,11.305
418,L,CA,173.784,248.687,10.141
418,L,C,173.673,247.41,9.316
418,L,O,174.607,247.067,8.585
418,L,CB,175.235,248.912,10.571
418,L,CG,175.716,250.349,10.796
418,L,CD1,175.212,250.918,12.117
418,L,CD2,177.234,250.417,10.731
419,Y,N,172.549,246.698,9.418
419,Y,CA,172.393,245.446,8.688
419,Y,C,172.143,245.661,7.202
419,Y,O,172.427,244.762,6.403
419,Y,CB,171.259,244.62,9.305
419,Y,CG,169.86,245.08,8.954
419,Y,CD1,169.113,244.425,7.981
419,Y,CD2,169.279,246.159,9.61
419,Y,CE1,167.833,244.837,7.662
419,Y,CE2,167.998,246.579,9.299
419,Y,CZ,167.281,245.913,8.325
419,Y,OH,166.006,246.325,8.011
420,K,N,171.623,246.825,6.812
420,K,CA,171.338,247.091,5.41
420,K,C,172.576,247.474,4.613
420,K,O,172.533,247.445,3.377
420,K,CB,170.311,248.219,5.278
420,K,CG,169.08,248.085,6.155
420,K,CD,168.274,249.377,6.126
420,K,CE,167.044,249.296,7.013
420,K,NZ,166.066,248.291,6.514
421,Y,N,173.674,247.817,5.28
421,Y,CA,174.768,248.542,4.654
421,Y,C,176.044,247.71,4.656
421,Y,O,176.264,246.881,5.545
421,Y,CB,175.008,249.864,5.387
421,Y,CG,173.865,250.843,5.248
421,Y,CD1,173.721,251.625,4.112
421,Y,CD2,172.911,250.961,6.251
421,Y,CE1,172.671,252.516,3.983
421,Y,CE2,171.854,251.841,6.131
421,Y,CZ,171.741,252.619,4.997
421,Y,OH,170.691,253.502,4.879
422,K,N,176.884,247.946,3.65
422,K,CA,178.203,247.335,3.579
422,K,C,179.147,248.303,2.88
422,K,O,178.714,249.182,2.129
422,K,CB,178.175,245.986,2.85
422,K,CG,177.973,246.082,1.349
422,K,CD,177.913,244.702,0.714
422,K,CE,179.259,244.001,0.786
422,K,NZ,180.282,244.675,-0.058
423,V,N,180.441,248.135,3.135
423,V,CA,181.476,249.0,2.581
423,V,C,182.138,248.277,1.417
423,V,O,182.599,247.139,1.566
423,V,CB,182.511,249.39,3.651
423,V,CG1,183.654,250.168,3.024
423,V,CG2,181.85,250.202,4.751
424,V,N,182.186,248.936,0.26
424,V,CA,182.727,248.339,-0.952
424,V,C,183.668,249.345,-1.609
424,V,O,183.553,250.557,-1.406
424,V,CB,181.587,247.897,-1.907
424,V,CG1,180.936,249.094,-2.597
424,V,CG2,182.062,246.844,-2.899
425,K,N,184.625,248.829,-2.377
425,K,CA,185.651,249.634,-3.028
425,K,C,185.383,249.694,-4.525
425,K,O,185.228,248.653,-5.172
425,K,CB,187.042,249.054,-2.763
425,K,CG,188.119,249.505,-3.732
425,K,CD,189.477,248.95,-3.334
425,K,CE,189.538,247.444,-3.531
425,K,NZ,190.883,246.893,-3.206
426,I,N,185.345,250.905,-5.071
426,I,CA,185.063,251.117,-6.486
426,I,C,186.369,251.076,-7.268
426,I,O,187.309,251.822,-6.965
426,I,CB,184.334,252.452,-6.708
426,I,CG1,183.017,252.482,-5.93
426,I,CG2,184.085,252.687,-8.19
426,I,CD1,182.039,251.407,-6.344
427,E,N,186.431,250.205,-8.272
427,E,CA,187.577,250.132,-9.172
427,E,C,187.154,250.608,-10.552
427,E,O,186.466,249.866,-11.272
427,E,CB,188.127,248.707,-9.238
427,E,CG,189.274,248.44,-8.277
427,E,CD,190.083,247.216,-8.655
427,E,OE1,190.111,246.867,-9.855
427,E,OE2,190.692,246.603,-7.754
428,P,N,187.531,251.82,-10.972
428,P,CA,187.0,252.358,-12.232
428,P,C,187.665,251.812,-13.483
428,P,O,187.095,251.964,-14.574
428,P,CB,187.249,253.865,-12.096
428,P,CG,188.47,253.95,-11.242
428,P,CD,188.412,252.782,-10.285
429,L,N,188.832,251.186,-13.376
429,L,CA,189.561,250.748,-14.558
429,L,C,189.019,249.408,-15.042
429,L,O,188.623,248.554,-14.242
429,L,CB,191.06,250.654,-14.248
429,L,CG,192.108,250.388,-15.34
429,L,CD1,193.433,250.99,-14.902
429,L,CD2,192.308,248.909,-15.661
430,G,N,189.001,249.232,-16.36
430,G,CA,188.551,247.987,-16.95
430,G,C,189.145,247.796,-18.325
430,G,O,189.63,248.743,-18.952
431,V,N,189.105,246.547,-18.792
431,V,CA,189.643,246.18,-20.095
431,V,C,188.624,245.321,-20.833
431,V,O,187.785,244.651,-20.228
431,V,CB,190.99,245.434,-19.981
431,V,CG1,192.111,246.403,-19.636
431,V,CG2,190.896,244.326,-18.945
432,A,N,188.716,245.347,-22.167
432,A,CA,187.82,244.586,-23.026
432,A,C,188.462,244.442,-24.393
432,A,O,189.151,245.371,-24.836
432,A,CB,186.453,245.267,-23.156
433,P,N,188.276,243.315,-25.083
433,P,CA,188.838,243.173,-26.43
433,P,C,187.907,243.707,-27.51
433,P,O,186.707,243.421,-27.541
433,P,CB,189.023,241.655,-26.563
433,P,CG,187.953,241.072,-25.698
433,P,CD,187.672,242.063,-24.594
434,T,N,188.479,244.51,-28.405
434,T,CA,187.75,245.1,-29.526
434,T,C,188.606,244.967,-30.777
434,T,O,189.61,244.247,-30.801
434,T,CB,187.404,246.579,-29.278
434,T,OG1,188.611,247.336,-29.119
434,T,CG2,186.515,246.762,-28.061
435,R,N,188.192,245.663,-31.833
435,R,CA,189.015,245.878,-33.021
435,R,C,189.538,247.312,-32.945
435,R,O,188.815,248.27,-33.229
435,R,CB,188.218,245.59,-34.291
435,R,CG,186.792,246.145,-34.315
435,R,CD,185.918,245.418,-35.325
435,R,NE,185.973,246.034,-36.648
435,R,CZ,185.047,245.868,-37.588
435,R,NH1,183.992,245.102,-37.353
435,R,NH2,185.177,246.469,-38.763
436,C,N,190.799,247.465,-32.54
436,C,CA,191.333,248.78,-32.209
436,C,C,192.353,249.289,-33.219
436,C,O,192.072,250.275,-33.908
436,C,CB,191.96,248.729,-30.811
436,C,SG,193.008,250.138,-30.42
437,K,N,193.485,248.599,-33.375
437,K,CA,194.571,248.97,-34.292
437,K,C,194.934,250.455,-34.185
437,K,O,194.683,251.249,-35.094
437,K,CB,194.213,248.594,-35.734
437,K,CG,193.967,247.107,-35.959
437,K,CD,195.033,246.237,-35.298
437,K,CE,196.387,246.351,-35.993
437,K,NZ,197.462,245.662,-35.227
438,R,N,195.491,250.819,-33.026
438,R,CA,195.876,252.207,-32.784
438,R,C,196.924,252.654,-33.795
438,R,O,198.001,252.058,-33.893
438,R,CB,196.411,252.386,-31.362
438,R,CG,196.857,253.819,-31.086
438,R,CD,197.983,253.926,-30.064
438,R,NE,197.628,253.396,-28.75
438,R,CZ,198.435,252.647,-28.008
438,R,NH1,199.648,252.338,-28.448
438,R,NH2,198.037,252.212,-26.819
439,R,N,196.6,253.703,-34.544
439,R,CA,197.441,254.146,-35.646
439,R,C,198.65,254.923,-35.137
439,R,O,198.61,255.566,-34.084
439,R,CB,196.636,255.011,-36.616
439,R,CG,195.876,256.145,-35.949
439,R,CD,194.867,256.764,-36.901
439,R,NE,195.491,257.212,-38.143
439,R,CZ,196.036,258.413,-38.314
439,R,NH1,196.034,259.292,-37.322
439,R,NH2,196.582,258.734,-39.479
440,V,N,199.732,254.854,-35.904
440,V,CA,200.966,255.561,-35.588
440,V,C,200.971,256.893,-36.325
440,V,O,200.829,256.935,-37.555
440,V,CB,202.194,254.717,-35.964
440,V,CG1,203.472,255.418,-35.539
440,V,CG2,202.101,253.337,-35.332
