resid_num,wildtype,atom,x,y,z
1,N,N,189.981,240.376,-36.307
1,N,CA,190.571,239.978,-35.035
1,N,C,190.373,241.073,-33.989
1,N,O,190.304,242.259,-34.314
1,N,CB,192.044,239.651,-35.201
1,N,CG,192.292,238.492,-36.153
1,N,OD1,191.975,238.582,-37.34
1,N,ND2,192.858,237.407,-35.642
2,L,N,190.28,240.664,-32.73
2,L,CA,190.017,241.589,-31.628
2,L,C,191.285,242.044,-30.915
2,L,O,192.284,241.326,-30.864
2,L,CB,189.074,240.931,-30.614
2,L,CG,187.605,240.826,-31.028
2,L,CD1,186.927,239.675,-30.303
2,L,CD2,186.86,242.107,-30.691
3,W,N,191.232,243.252,-30.362
3,W,CA,192.4,243.905,-29.789
3,W,C,192.111,244.306,-28.346
3,W,O,190.956,244.351,-27.933
3,W,CB,192.79,245.14,-30.606
3,W,CG,193.555,244.817,-31.852
3,W,CD1,193.038,244.432,-33.055
3,W,CD2,194.978,244.851,-32.014
3,W,NE1,194.049,244.221,-33.96
3,W,CE2,195.252,244.474,-33.344
3,W,CE3,196.044,245.162,-31.166
3,W,CZ2,196.551,244.4,-33.848
3,W,CZ3,197.331,245.09,-31.665
3,W,CH2,197.578,244.712,-32.995
4,V,N,193.158,244.601,-27.584
4,V,CA,192.979,245.054,-26.209
4,V,C,192.605,246.532,-26.162
4,V,O,193.376,247.399,-26.571
4,V,CB,194.251,244.829,-25.37
4,V,CG1,194.401,243.357,-25.015
4,V,CG2,195.484,245.263,-26.145
5,T,N,191.395,246.806,-25.672
5,T,CA,190.902,248.172,-25.542
5,T,C,190.783,248.548,-24.075
5,T,O,190.305,247.761,-23.257
5,T,CB,189.534,248.359,-26.224
5,T,OG1,189.584,247.83,-27.555
5,T,CG2,189.17,249.833,-26.293
6,V,N,191.229,249.755,-23.748
6,V,CA,191.28,250.194,-22.36
6,V,C,190.079,251.056,-21.999
6,V,O,189.715,251.97,-22.742
6,V,CB,192.571,250.981,-22.072
6,V,CG1,192.595,251.457,-20.628
6,V,CG2,193.793,250.107,-22.308
7,Y,N,189.462,250.751,-20.867
7,Y,CA,188.268,251.454,-20.418
7,Y,C,188.476,252.013,-19.015
7,Y,O,189.208,251.433,-18.214
7,Y,CB,187.049,250.531,-20.449
7,Y,CG,186.542,250.23,-21.843
7,Y,CD1,186.533,251.214,-22.824
7,Y,CD2,186.075,248.965,-22.173
7,Y,CE1,186.073,250.949,-24.098
7,Y,CE2,185.611,248.681,-23.444
7,Y,CZ,185.611,249.674,-24.405
7,Y,OH,185.151,249.402,-25.672
8,Y,N,187.831,253.136,-18.722
8,Y,CA,187.943,253.76,-17.409
8,Y,C,186.607,254.333,-16.956
8,Y,O,185.852,254.884,-17.752
8,Y,CB,189.008,254.861,-17.43
8,Y,CG,189.328,255.429,-16.066
8,Y,CD1,190.262,254.814,-15.24
8,Y,CD2,188.694,256.575,-15.606
8,Y,CE1,190.559,255.324,-13.993
8,Y,CE2,188.979,257.101,-14.36
8,Y,CZ,189.911,256.473,-13.555
8,Y,OH,190.202,256.988,-12.314
9,G,N,186.322,254.195,-15.665
9,G,CA,185.01,254.518,-15.136
9,G,C,184.085,253.317,-15.125
9,G,O,182.865,253.462,-15.159
10,V,N,184.674,252.124,-15.076
10,V,CA,183.9,250.894,-15.138
10,V,C,183.162,250.643,-13.825
10,V,O,183.762,250.677,-12.753
10,V,CB,184.792,249.68,-15.455
10,V,CG1,185.521,249.884,-16.774
10,V,CG2,185.828,249.479,-14.36
11,P,N,181.846,250.412,-13.91
11,P,CA,181.01,250.23,-12.722
11,P,C,181.206,248.858,-12.077
11,P,O,180.307,248.022,-12.132
11,P,CB,179.594,250.414,-13.275
11,P,CG,179.761,251.423,-14.388
11,P,CD,180.922,250.86,-15.188
12,V,N,182.374,248.641,-11.48
12,V,CA,182.647,247.4,-10.757
12,V,C,183.32,247.686,-9.425
12,V,O,183.857,248.77,-9.209
12,V,CB,183.537,246.449,-11.579
12,V,CG1,182.902,246.159,-12.93
12,V,CG2,184.905,247.07,-11.814
13,W,N,183.294,246.702,-8.529
13,W,CA,183.806,246.904,-7.178
13,W,C,184.149,245.584,-6.492
13,W,O,183.642,244.528,-6.865
13,W,CB,182.784,247.663,-6.333
13,W,CG,181.41,247.066,-6.369
13,W,CD1,180.902,246.128,-5.516
13,W,CD2,180.37,247.365,-7.308
13,W,NE1,179.61,245.822,-5.864
13,W,CE2,179.258,246.57,-6.965
13,W,CE3,180.271,248.227,-8.404
13,W,CZ2,178.061,246.61,-7.676
13,W,CZ3,179.085,248.266,-9.11
13,W,CH2,177.99,247.463,-8.747
14,K,N,185.009,245.663,-5.487
14,K,CA,185.322,244.516,-4.643
14,K,C,185.043,244.849,-3.179
14,K,O,185.283,245.976,-2.74
14,K,CB,186.774,244.084,-4.824
14,K,CG,187.774,245.23,-4.806
14,K,CD,189.09,244.809,-4.173
14,K,CE,190.103,245.942,-4.2
14,K,NZ,191.482,245.461,-3.904
15,D,N,184.536,243.873,-2.44
15,D,CA,184.339,244.026,-1.003
15,D,C,185.653,244.324,-0.297
15,D,O,186.609,243.559,-0.391
15,D,CB,183.711,242.759,-0.41
15,D,CG,182.99,243.026,0.895
15,D,OD1,183.255,244.074,1.52
15,D,OD2,182.157,242.186,1.294
16,A,N,185.695,245.453,0.405
16,A,CA,186.929,245.929,1.012
16,A,C,186.629,246.863,2.176
16,A,O,185.609,247.545,2.192
16,A,CB,187.792,246.632,-0.021
17,E,N,187.531,246.887,3.15
17,E,CA,187.373,247.742,4.319
17,E,C,188.214,249.003,4.178
17,E,O,189.385,248.935,3.793
17,E,CB,187.759,246.992,5.594
17,E,CG,187.16,247.576,6.865
17,E,CD,187.865,247.091,8.117
17,E,OE1,187.981,245.86,8.295
17,E,OE2,188.303,247.941,8.92
18,T,N,187.619,250.15,4.487
18,T,CA,188.379,251.384,4.623
18,T,C,187.963,252.172,5.856
18,T,O,187.128,251.725,6.64
18,T,CB,188.219,252.276,3.378
18,T,OG1,189.216,253.304,3.39
18,T,CG2,186.843,252.925,3.361
19,T,N,188.553,253.351,6.019
19,T,CA,188.271,254.198,7.17
19,T,C,187.058,255.085,6.907
19,T,O,187.124,256.021,6.109
19,T,CB,189.475,255.087,7.531
19,T,OG1,190.656,254.281,7.624
19,T,CG2,189.246,255.78,8.864
20,L,N,185.952,254.783,7.579
20,L,CA,184.736,255.577,7.455
20,L,C,184.795,256.821,8.332
20,L,O,185.557,256.865,9.297
20,L,CB,183.512,254.736,7.837
20,L,CG,182.358,254.73,6.834
20,L,CD1,182.861,254.383,5.441
20,L,CD2,181.308,253.703,7.228
21,F,N,183.992,257.825,7.998
21,F,CA,183.935,259.037,8.806
21,F,C,182.489,259.51,8.946
21,F,O,181.634,259.165,8.13
21,F,CB,184.79,260.146,8.179
21,F,CG,184.705,260.199,6.682
21,F,CD1,183.66,260.857,6.056
21,F,CD2,185.667,259.588,5.896
21,F,CE1,183.58,260.904,4.678
21,F,CE2,185.589,259.632,4.518
21,F,CZ,184.544,260.291,3.907
22,C,N,182.223,260.302,9.977
22,C,CA,180.853,260.637,10.348
22,C,C,180.268,261.83,9.594
22,C,O,180.966,262.525,8.859
22,C,CB,180.777,260.924,11.847
22,C,SG,179.242,260.353,12.648
23,A,N,178.964,262.036,9.798
23,A,CA,178.187,263.156,9.256
23,A,C,177.049,263.424,10.255
23,A,O,176.498,262.469,10.802
23,A,CB,177.633,262.809,7.887
24,S,N,176.681,264.684,10.508
24,S,CA,175.59,264.927,11.471
24,S,C,174.588,266.094,11.288
24,S,O,174.465,266.939,12.176
24,S,CB,176.166,264.966,12.895
24,S,OG,176.424,263.658,13.372
25,D,N,173.868,266.144,10.171
25,D,CA,172.855,267.193,9.961
25,D,C,173.386,268.612,10.19
25,D,O,174.46,268.965,9.703
25,D,CB,171.635,266.941,10.851
25,D,CG,170.331,267.293,10.162
25,D,OD1,169.984,268.493,10.121
25,D,OD2,169.654,266.369,9.666
26,A,N,172.632,269.416,10.947
26,A,CA,173.069,270.768,11.266
26,A,C,172.351,271.283,12.495
26,A,O,172.861,272.201,13.149
26,A,CB,172.826,271.722,10.087
27,K,N,171.192,270.71,12.839
27,K,CA,170.465,271.064,14.049
27,K,C,171.075,270.354,15.249
27,K,O,170.99,270.851,16.379
27,K,CB,168.973,270.753,13.952
27,K,CG,168.657,269.411,13.311
27,K,CD,167.167,269.25,13.066
27,K,CE,166.866,267.963,12.314
27,K,NZ,167.441,267.973,10.941
28,K,N,175.489,273.207,24.253
28,K,CA,175.722,272.763,25.618
28,K,C,177.148,272.22,25.771
28,K,O,177.356,271.15,26.348
28,K,CB,174.698,271.698,26.012
28,K,CG,173.275,272.22,26.136
28,K,CD,172.26,271.105,25.953
28,K,CE,170.84,271.61,26.163
28,K,NZ,170.499,272.712,25.222
29,H,N,178.137,272.958,25.259
29,H,CA,179.546,272.545,25.385
29,H,C,179.812,271.135,24.855
29,H,O,180.262,270.245,25.583
29,H,CB,180.096,272.753,26.793
29,H,CG,181.593,272.746,26.868
29,H,ND1,182.277,272.754,28.064
29,H,CD2,182.536,272.728,25.898
29,H,CE1,183.575,272.742,27.823
29,H,NE2,183.761,272.725,26.52
30,N,N,179.496,270.937,23.57
30,N,CA,179.726,269.65,22.92
30,N,C,179.003,268.502,23.59
30,N,O,179.554,267.838,24.476
30,N,CB,181.232,269.35,22.986
30,N,CG,182.076,270.531,22.561
30,N,OD1,181.832,271.144,21.522
30,N,ND2,183.076,270.856,23.369
31,V,N,177.769,268.245,23.17
31,V,CA,177.047,267.116,23.725
31,V,C,177.475,265.878,22.955
31,V,O,177.507,265.881,21.718
31,V,CB,175.516,267.261,23.632
31,V,CG1,174.829,266.009,24.154
31,V,CG2,175.043,268.448,24.457
32,W,N,177.816,264.84,23.711
32,W,CA,178.279,263.592,23.142
32,W,C,179.697,263.848,22.673
32,W,O,180.33,264.822,23.081
32,W,CB,177.396,263.172,21.968
32,W,CG,177.357,261.691,21.744
32,W,CD1,177.643,261.03,20.584
32,W,CD2,177.007,260.688,22.706
32,W,NE1,177.494,259.677,20.761
32,W,CE2,177.104,259.441,22.058
32,W,CE3,176.624,260.725,24.049
32,W,CZ2,176.832,258.238,22.708
32,W,CZ3,176.354,259.533,24.693
32,W,CH2,176.459,258.301,24.025
33,A,N,180.193,262.976,21.809
33,A,CA,181.531,263.127,21.261
33,A,C,181.436,263.878,19.936
33,A,O,182.42,263.992,19.206
33,A,CB,182.181,261.767,21.062
34,T,N,180.24,264.375,19.624
34,T,CA,180.006,265.065,18.363
34,T,C,179.788,266.587,18.342
34,T,O,178.969,267.154,19.063
34,T,CB,178.8,264.374,17.703
34,T,OG1,177.709,264.32,18.632
34,T,CG2,179.16,262.957,17.285
35,H,N,180.571,267.191,17.459
35,H,CA,180.604,268.589,17.073
35,H,C,181.615,268.609,15.934
35,H,O,181.386,269.203,14.88
35,H,CB,181.023,269.514,18.221
35,H,CG,182.282,269.088,18.908
35,H,ND1,183.506,269.661,18.642
35,H,CD2,182.507,268.143,19.852
35,H,CE1,184.429,269.086,19.392
35,H,NE2,183.851,268.164,20.134
36,A,N,182.727,267.923,16.164
36,A,CA,183.808,267.843,15.2
36,A,C,183.389,266.82,14.159
36,A,O,183.919,265.71,14.108
36,A,CB,185.098,267.421,15.881
37,C,N,182.441,267.197,13.313
37,C,CA,181.858,266.26,12.367
37,C,C,181.198,267.013,11.224
37,C,O,180.494,267.993,11.444
37,C,CB,180.823,265.365,13.051
37,C,SG,179.879,264.299,11.914
38,V,N,181.433,266.553,10.001
38,V,CA,180.941,267.252,8.822
38,V,C,179.422,267.209,8.742
38,V,O,178.819,266.137,8.836
38,V,CB,181.53,266.656,7.532
38,V,CG1,180.988,267.384,6.311
38,V,CG2,183.046,266.783,7.531
39,P,N,178.816,268.374,8.563
39,P,CA,177.364,268.479,8.426
39,P,C,176.89,267.64,7.251
39,P,O,177.619,267.479,6.275
39,P,CB,177.124,269.973,8.206
39,P,CG,178.362,270.634,8.767
39,P,CD,179.463,269.646,8.421
40,T,N,175.675,267.116,7.348
40,T,CA,175.114,266.294,6.287
40,T,C,174.612,267.166,5.144
40,T,O,174.426,268.373,5.309
40,T,CB,173.957,265.413,6.795
40,T,OG1,174.422,264.577,7.861
40,T,CG2,173.427,264.532,5.675
41,D,N,174.399,266.554,3.981
41,D,CA,173.804,267.258,2.854
41,D,C,172.313,267.431,3.11
41,D,O,171.686,266.565,3.722
41,D,CB,174.036,266.502,1.545
41,D,CG,173.923,267.396,0.326
41,D,OD1,174.908,268.095,0.008
41,D,OD2,172.849,267.402,-0.311
42,P,N,171.742,268.528,2.636
42,P,CA,170.299,268.753,2.784
42,P,C,169.48,267.824,1.898
42,P,O,168.283,267.645,2.124
42,P,CB,170.141,270.222,2.384
42,P,CG,171.347,270.901,2.991
42,P,CD,172.5,270.032,2.521
43,N,N,170.127,267.238,0.9
43,N,CA,169.477,266.28,0.014
43,N,C,170.266,264.987,-0.171
43,N,O,170.877,264.77,-1.219
43,N,CB,169.211,266.924,-1.333
43,N,CG,168.181,268.042,-1.266
43,N,OD1,168.532,269.2,-1.04
43,N,ND2,166.913,267.701,-1.466
44,P,N,170.249,264.126,0.839
44,P,CA,170.929,262.831,0.718
44,P,C,170.407,262.083,-0.526
44,P,O,169.197,261.922,-0.673
44,P,CB,170.578,262.106,2.019
44,P,CG,170.425,263.217,3.032
44,P,CD,169.954,264.387,2.186
45,Q,N,171.309,261.65,-1.408
45,Q,CA,170.921,261.007,-2.676
45,Q,C,170.942,259.477,-2.62
45,Q,O,171.634,258.9,-1.782
45,Q,CB,171.84,261.482,-3.801
45,Q,CG,171.936,262.995,-3.927
45,Q,CD,173.293,263.53,-3.513
45,Q,OE1,174.342,262.917,-4.057
45,Q,NE2,173.291,264.607,-2.735
46,E,N,170.191,258.815,-3.505
46,E,CA,170.236,257.363,-3.549
46,E,C,169.888,256.911,-4.953
46,E,O,169.544,257.727,-5.806
46,E,CB,169.267,256.746,-2.536
46,E,CG,167.827,257.202,-2.701
46,E,CD,166.85,256.319,-1.951
46,E,OE1,167.008,256.167,-0.72
46,E,OE2,165.924,255.777,-2.593
47,I,N,169.976,255.61,-5.195
47,I,CA,169.57,255.085,-6.496
47,I,C,169.55,253.56,-6.505
47,I,O,170.488,252.917,-6.029
47,I,CB,170.503,255.583,-7.615
47,I,CG1,170.17,254.888,-8.937
47,I,CG2,171.955,255.288,-7.269
47,I,CD1,170.602,255.664,-10.16
48,H,N,168.112,253.491,-6.818
48,H,CA,167.953,252.044,-6.889
48,H,C,168.695,251.486,-8.094
48,H,O,168.653,252.064,-9.18
48,H,CB,166.471,251.66,-6.966
48,H,CG,165.596,252.448,-6.045
48,H,ND1,164.584,253.269,-6.496
48,H,CD2,165.58,252.545,-4.693
48,H,CE1,163.987,253.834,-5.463
48,H,NE2,164.569,253.412,-4.359
49,L,N,169.365,250.358,-7.9
49,L,CA,170.162,249.743,-8.95
49,L,C,169.434,248.538,-9.546
49,L,O,169.882,247.404,-9.405
49,L,CB,171.525,249.31,-8.4
49,L,CG,172.165,250.242,-7.37
49,L,CD1,173.347,249.563,-6.695
49,L,CD2,172.664,251.514,-8.035
50,E,N,168.65,248.406,-10.616
50,E,CA,167.926,247.349,-11.31
50,E,C,168.898,246.367,-11.96
50,E,O,169.895,246.779,-12.559
50,E,CB,166.996,247.942,-12.367
50,E,CG,166.077,246.925,-13.026
50,E,CD,165.276,246.124,-12.017
50,E,OE1,164.243,246.635,-11.536
50,E,OE2,165.683,244.983,-11.708
51,N,N,168.621,245.073,-11.802
51,N,CA,169.474,243.997,-12.301
51,N,C,170.755,243.775,-11.493
51,N,O,171.52,242.855,-11.775
51,N,CB,169.825,244.254,-13.752
51,N,CG,168.733,243.819,-14.718
51,N,OD1,168.118,244.657,-15.379
51,N,ND2,168.492,242.518,-14.805
52,V,N,170.98,244.613,-10.496
52,V,CA,172.133,244.431,-9.619
52,V,C,171.783,243.697,-8.331
52,V,O,171.064,244.222,-7.479
52,V,CB,172.769,245.789,-9.268
52,V,CG1,173.991,245.593,-8.385
52,V,CG2,173.203,246.515,-10.532
53,T,N,172.433,242.546,-8.156
53,T,CA,172.228,241.645,-7.025
53,T,C,173.616,241.223,-6.501
53,T,O,174.559,241.12,-7.285
53,T,CB,171.422,240.386,-7.389
53,T,OG1,172.028,239.734,-8.513
53,T,CG2,169.991,240.755,-7.75
54,E,N,173.744,240.975,-5.196
54,E,CA,174.96,240.358,-4.633
54,E,C,174.797,240.021,-3.142
54,E,O,173.724,240.261,-2.583
54,E,CB,176.16,241.288,-4.817
54,E,CG,175.9,242.727,-4.398
54,E,CD,177.025,243.661,-4.797
54,E,OE1,178.203,243.3,-4.586
54,E,OE2,176.731,244.755,-5.323
55,E,N,175.821,239.39,-2.575
55,E,CA,175.818,238.933,-1.19
55,E,C,175.962,239.989,-0.102
55,E,O,176.706,240.959,-0.241
55,E,CB,176.889,237.854,-0.995
55,E,CG,176.435,236.458,-1.385
55,E,CD,177.546,235.646,-2.024
55,E,OE1,178.493,235.263,-1.303
55,E,OE2,177.471,235.392,-3.244
56,F,N,175.238,239.766,0.989
56,F,CA,175.285,240.634,2.152
56,F,C,175.639,239.742,3.336
56,F,O,174.992,238.717,3.557
56,F,CB,173.934,241.31,2.379
56,F,CG,173.647,242.431,1.422
56,F,CD1,173.248,242.167,0.122
56,F,CD2,173.769,243.751,1.818
56,F,CE1,172.981,243.196,-0.758
56,F,CE2,173.503,244.783,0.94
56,F,CZ,173.109,244.507,-0.35
57,N,N,176.659,240.121,4.096
57,N,CA,177.064,239.326,5.242
57,N,C,177.255,240.216,6.462
57,N,O,178.314,240.821,6.643
57,N,CB,178.33,238.543,4.942
57,N,CG,178.067,237.072,4.665
57,N,OD1,178.665,236.201,5.294
57,N,ND2,177.17,236.792,3.727
58,M,N,176.224,240.302,7.294
58,M,CA,176.242,241.172,8.465
58,M,C,177.192,240.672,9.551
58,M,O,177.542,241.417,10.465
58,M,CB,174.83,241.313,9.029
58,M,CG,174.368,240.124,9.856
58,M,SD,172.809,240.432,10.704
58,M,CE,173.36,241.465,12.062
59,W,N,177.607,239.415,9.442
59,W,CA,178.381,238.776,10.498
59,W,C,179.876,238.973,10.294
59,W,O,180.685,238.633,11.158
59,W,CB,178.043,237.288,10.573
59,W,CG,176.622,236.974,10.213
59,W,CD1,176.169,236.471,9.029
59,W,CD2,175.471,237.147,11.048
59,W,NE1,174.803,236.319,9.069
59,W,CE2,174.351,236.728,10.301
59,W,CE3,175.278,237.614,12.352
59,W,CZ2,173.055,236.76,10.815
59,W,CZ3,173.993,237.647,12.86
59,W,CH2,172.894,237.223,12.095
60,K,N,180.246,239.53,9.144
60,K,CA,181.64,239.846,8.858
60,K,C,181.767,241.309,8.444
60,K,O,182.768,241.716,7.863
60,K,CB,182.188,238.929,7.768
60,K,CG,182.147,237.451,8.118
60,K,CD,181.45,236.642,7.037
60,K,CE,181.468,235.157,7.357
60,K,NZ,180.662,234.369,6.384
61,N,N,180.737,242.092,8.747
61,N,CA,180.693,243.5,8.379
61,N,C,181.543,244.341,9.328
61,N,O,181.114,244.651,10.442
61,N,CB,179.261,244.0,8.351
61,N,CG,179.159,245.502,8.135
61,N,OD1,180.107,246.13,7.664
61,N,ND2,178.012,246.079,8.472
62,N,N,182.735,244.715,8.879
62,N,CA,183.687,245.414,9.737
62,N,C,183.306,246.865,10.04
62,N,O,183.974,247.533,10.829
62,N,CB,185.07,245.367,9.11
62,N,CG,185.506,243.96,8.739
62,N,OD1,185.752,243.132,9.616
62,N,ND2,185.603,243.685,7.444
63,M,N,182.234,247.349,9.424
63,M,CA,181.681,248.65,9.795
63,M,C,181.334,248.689,11.277
63,M,O,181.505,249.714,11.937
63,M,CB,180.45,248.964,8.947
63,M,CG,179.927,250.383,9.108
63,M,SD,179.111,250.996,7.625
63,M,CE,178.234,252.415,8.283
64,V,N,180.853,247.567,11.794
64,V,CA,180.491,247.453,13.197
64,V,C,181.708,247.663,14.093
64,V,O,181.648,248.408,15.073
64,V,CB,179.864,246.083,13.51
64,V,CG1,179.298,246.065,14.922
64,V,CG2,178.735,245.778,12.538
65,E,N,182.809,247.006,13.751
65,E,CA,184.017,247.049,14.563
65,E,C,184.548,248.474,14.696
65,E,O,184.903,248.911,15.79
65,E,CB,185.096,246.147,13.962
65,E,CG,185.247,244.808,14.667
65,E,CD,184.185,243.809,14.253
65,E,OE1,183.087,244.243,13.844
65,E,OE2,184.45,242.591,14.335
66,Q,N,184.608,249.192,13.582
66,Q,CA,185.06,250.579,13.586
66,Q,C,184.152,251.431,14.465
66,Q,O,184.622,252.114,15.371
66,Q,CB,185.092,251.143,12.163
66,Q,CG,185.295,252.648,12.097
66,Q,CD,186.634,253.078,12.665
66,Q,OE1,187.649,253.071,11.806
66,Q,NE2,186.631,253.506,13.922
67,M,N,182.85,251.391,14.182
67,M,CA,181.885,252.168,14.944
67,M,C,182.057,251.94,16.44
67,M,O,182.065,252.885,17.225
67,M,CB,180.461,251.813,14.513
67,M,CG,180.112,252.251,13.1
67,M,SD,178.393,251.923,12.673
67,M,CE,178.44,250.149,12.424
68,H,N,182.201,250.672,16.821
68,H,CA,182.338,250.304,18.225
68,H,C,183.505,251.033,18.877
68,H,O,183.339,251.704,19.892
68,H,CB,182.528,248.79,18.367
68,H,CG,183.199,248.384,19.642
68,H,ND1,182.781,248.829,20.878
68,H,CD2,184.259,247.575,19.875
68,H,CE1,183.556,248.311,21.812
68,H,NE2,184.459,247.547,21.232
69,T,N,184.691,250.902,18.289
69,T,CA,185.906,251.446,18.885
69,T,C,185.925,252.968,18.796
69,T,O,186.514,253.634,19.649
69,T,CB,187.168,250.886,18.205
69,T,OG1,188.328,251.259,18.961
69,T,CG2,187.303,251.435,16.794
70,D,N,185.278,253.514,17.773
70,D,CA,185.163,254.96,17.627
70,D,C,184.325,255.56,18.754
70,D,O,184.696,256.581,19.333
70,D,CB,184.543,255.313,16.273
70,D,CG,184.357,256.807,16.09
70,D,OD1,185.371,257.535,16.083
70,D,OD2,183.198,257.249,15.953
71,I,N,183.199,254.927,19.058
71,I,CA,182.353,255.362,20.162
71,I,C,183.112,255.311,21.485
71,I,O,183.018,256.229,22.301
71,I,CB,181.082,254.499,20.277
71,I,CG1,180.251,254.6,18.996
71,I,CG2,180.227,254.962,21.445
71,I,CD1,179.416,253.372,18.71
72,I,N,183.868,254.236,21.693
72,I,CA,184.69,254.1,22.889
72,I,C,185.681,255.252,22.989
72,I,O,185.833,255.863,24.049
72,I,CB,185.462,252.768,22.906
72,I,CG1,184.491,251.588,22.813
72,I,CG2,186.262,252.632,24.192
72,I,CD1,183.534,251.491,23.979
73,S,N,186.351,255.552,21.881
73,S,CA,187.348,256.618,21.855
73,S,C,186.714,257.945,22.249
73,S,O,187.27,258.705,23.044
73,S,CB,187.967,256.725,20.475
73,S,OG,187.094,257.372,19.558
74,L,N,185.543,258.216,21.683
74,L,CA,184.788,259.43,21.971
74,L,C,184.527,259.542,23.47
74,L,O,184.753,260.587,24.084
74,L,CB,183.457,259.43,21.206
74,L,CG,183.493,258.846,19.794
74,L,CD1,182.101,258.847,19.181
74,L,CD2,184.408,259.663,18.897
75,W,N,184.053,258.444,24.046
75,W,CA,183.753,258.362,25.472
75,W,C,184.918,258.843,26.325
75,W,O,184.77,259.756,27.137
75,W,CB,183.403,256.924,25.857
75,W,CG,182.062,256.478,25.358
75,W,CD1,181.141,257.235,24.693
75,W,CD2,181.493,255.169,25.489
75,W,NE1,180.031,256.483,24.401
75,W,CE2,180.223,255.208,24.88
75,W,CE3,181.933,253.973,26.061
75,W,CZ2,179.386,254.094,24.824
75,W,CZ3,181.103,252.869,26.006
75,W,CH2,179.842,252.932,25.392
76,D,N,186.085,258.232,26.13
76,D,CA,187.283,258.596,26.876
76,D,C,187.652,260.074,26.707
76,D,O,187.978,260.751,27.678
76,D,CB,188.459,257.723,26.434
76,D,CG,188.446,256.356,27.087
76,D,OD1,187.922,256.24,28.215
76,D,OD2,188.962,255.398,26.472
77,Q,N,187.605,260.557,25.471
77,Q,CA,188.007,261.927,25.17
77,Q,C,187.118,262.939,25.884
77,Q,O,187.56,264.031,26.24
77,Q,CB,187.973,262.177,23.66
77,Q,CG,188.27,263.614,23.263
77,Q,CD,189.655,264.06,23.687
77,Q,OE1,190.652,263.661,22.902
77,Q,NE2,189.717,264.877,24.734
78,S,N,185.861,262.565,26.099
78,S,CA,184.901,263.441,26.753
78,S,C,185.083,263.47,28.269
78,S,O,184.485,264.291,28.955
78,S,CB,183.49,262.998,26.42
78,S,OG,183.113,261.845,27.165
79,L,N,185.915,262.57,28.788
79,L,CA,186.107,262.462,30.232
79,L,C,187.447,263.029,30.682
79,L,O,187.595,263.448,31.83
79,L,CB,186.004,260.993,30.665
79,L,CG,184.61,260.371,30.607
79,L,CD1,184.706,258.861,30.45
79,L,CD2,183.835,260.669,31.881
80,K,N,188.439,263.0,29.802
80,K,CA,189.782,263.421,30.185
80,K,C,189.792,264.834,30.739
80,K,O,190.506,265.12,31.702
80,K,CB,190.732,263.321,28.994
80,K,CG,190.769,261.95,28.339
80,K,CD,191.99,261.793,27.45
80,K,CE,191.933,260.497,26.655
80,K,NZ,193.16,259.675,26.844
81,P,N,188.961,265.738,30.096
81,P,CA,189.102,267.119,30.558
81,P,C,188.227,267.383,31.767
81,P,O,188.091,268.53,32.187
81,P,CB,188.675,267.944,29.343
81,P,CG,188.939,267.032,28.166
81,P,CD,188.262,265.738,28.582
82,C,N,187.633,266.332,32.323
82,C,CA,186.754,266.494,33.47
82,C,C,187.444,266.153,34.785
82,C,O,188.563,265.648,34.799
82,C,CB,185.516,265.608,33.315
82,C,SG,184.712,265.717,31.684
83,V,N,186.775,266.462,35.895
83,V,CA,187.316,266.324,37.248
83,V,C,187.481,264.856,37.637
83,V,O,186.515,264.116,37.772
83,V,CB,186.417,267.021,38.285
83,V,CG1,186.954,266.803,39.691
83,V,CG2,186.361,268.518,38.02
84,K,N,188.698,264.485,38.038
84,K,CA,188.976,263.181,38.651
84,K,C,188.514,263.179,40.107
84,K,O,188.834,264.108,40.842
84,K,CB,190.464,262.851,38.541
84,K,CG,190.754,261.465,37.99
84,K,CD,192.238,261.275,37.72
84,K,CE,192.473,260.242,36.629
84,K,NZ,193.833,259.641,36.72
85,L,N,187.993,262.048,40.573
85,L,CA,187.496,261.876,41.943
85,L,C,188.405,260.995,42.792
85,L,O,187.97,260.326,43.719
85,L,CB,186.078,261.314,41.907
85,L,CG,185.072,262.061,41.026
85,L,CD1,183.715,261.376,41.056
85,L,CD2,184.893,263.491,41.512
86,T,N,189.705,261.067,42.566
86,T,CA,190.658,260.276,43.343
86,T,C,190.586,260.495,44.858
86,T,O,190.609,259.499,45.577
86,T,CB,192.089,260.57,42.858
86,T,OG1,192.379,261.963,43.028
86,T,CG2,192.24,260.213,41.387
87,P,N,190.451,261.727,45.4
87,P,CA,190.468,261.893,46.85
87,P,C,189.172,261.428,47.538
87,P,O,189.071,261.584,48.749
87,P,CB,190.695,263.398,46.996
87,P,CG,191.348,263.803,45.695
87,P,CD,190.643,262.926,44.673
88,L,N,188.168,260.93,46.796
88,L,CA,186.956,260.337,47.376
88,L,C,187.208,258.962,48.001
88,L,O,186.378,258.48,48.768
88,L,CB,185.876,260.186,46.295
88,L,CG,185.04,261.431,46.002
88,L,CD1,185.875,262.476,45.279
88,L,CD2,183.848,261.084,45.124
89,C,N,188.297,258.298,47.615
89,C,CA,188.699,256.991,48.113
89,C,C,189.092,257.045,49.607
89,C,O,190.275,257.044,49.946
89,C,CB,189.862,256.488,47.231
89,C,SG,189.505,256.511,45.451
90,V,N,188.107,257.116,50.507
90,V,CA,188.293,257.217,51.965
90,V,C,187.346,256.269,52.696
90,V,O,186.374,255.781,52.119
90,V,CB,188.06,258.653,52.471
90,V,CG1,189.061,259.61,51.844
90,V,CG2,186.657,259.122,52.112
91,T,N,187.644,255.98,53.962
91,T,CA,186.714,255.245,54.836
91,T,C,185.448,256.061,55.06
91,T,O,185.528,257.235,55.433
91,T,CB,187.346,254.911,56.2
91,T,OG1,188.518,254.108,56.003
91,T,CG2,186.364,254.141,57.069
92,L,N,184.29,255.461,54.781
92,L,CA,183.002,256.117,54.965
92,L,C,182.291,255.649,56.228
92,L,O,182.258,254.454,56.527
92,L,CB,182.105,255.856,53.751
92,L,CG,182.4,256.688,52.502
92,L,CD1,181.316,256.486,51.454
92,L,CD2,182.46,258.168,52.844
93,Q,N,181.734,256.592,56.977
93,Q,CA,180.965,256.269,58.174
93,Q,C,179.477,256.404,57.873
93,Q,O,178.962,257.51,57.73
93,Q,CB,181.358,257.175,59.343
93,Q,CG,182.85,257.197,59.636
93,Q,CD,183.264,258.408,60.449
93,Q,OE1,183.724,258.146,61.671
93,Q,NE2,183.216,259.582,59.83
94,C,N,178.792,255.27,57.772
94,C,CA,177.441,255.236,57.216
94,C,C,176.406,254.622,58.151
94,C,O,176.734,253.829,59.036
94,C,CB,177.439,254.458,55.905
94,C,SG,178.896,254.75,54.847
95,T,N,175.151,254.996,57.93
95,T,CA,174.04,254.591,58.776
95,T,C,172.783,254.435,57.929
95,T,O,172.687,255.01,56.843
95,T,CB,173.764,255.602,59.904
95,T,OG1,172.812,255.05,60.822
95,T,CG2,173.205,256.897,59.334
96,N,N,171.82,253.659,58.417
96,N,CA,170.559,253.484,57.704
96,N,C,169.771,254.784,57.599
96,N,O,169.872,255.654,58.465
96,N,CB,169.717,252.41,58.374
96,N,CG,170.389,251.046,58.376
96,N,OD1,171.21,250.754,57.507
96,N,ND2,170.045,250.213,59.349
97,V,N,168.961,254.899,56.562
97,V,CA,168.153,256.094,56.381
97,V,C,166.726,255.701,56.719
97,V,O,166.152,254.822,56.075
97,V,CB,168.193,256.666,54.952
97,V,CG1,167.32,257.908,54.85
97,V,CG2,169.615,257.046,54.569
98,T,N,166.159,256.315,57.748
98,T,CA,164.797,255.985,58.173
98,T,C,163.67,256.456,57.255
98,T,O,162.971,257.421,57.554
98,T,CB,164.57,256.556,59.585
98,T,OG1,165.717,256.293,60.402
98,T,CG2,163.35,255.915,60.228
99,N,N,163.493,255.742,56.149
99,N,CA,162.375,255.971,55.25
99,N,C,161.089,255.643,55.996
99,N,O,161.116,254.915,56.989
99,N,CB,162.503,255.145,53.982
99,N,CG,161.857,255.805,52.775
99,N,OD1,160.632,255.822,52.655
99,N,ND2,162.673,256.351,51.882
100,N,N,160.029,256.273,55.495
100,N,CA,158.702,256.197,56.041
100,N,C,158.477,254.851,56.656
100,N,O,158.523,253.829,55.973
100,N,CB,157.659,256.488,54.977
100,N,CG,157.961,257.744,54.175
100,N,OD1,157.857,258.855,54.696
100,N,ND2,158.336,257.573,52.915
101,I,N,158.244,254.812,57.962
101,I,CA,158.138,253.529,58.652
101,I,C,156.946,252.748,58.103
101,I,O,155.96,253.353,57.678
101,I,CB,157.971,253.696,60.173
101,I,CG1,156.819,254.653,60.483
101,I,CG2,159.243,254.259,60.791
101,I,CD1,156.542,254.819,61.96
102,T,N,157.022,251.419,58.094
102,T,CA,158.191,250.669,58.567
102,T,C,159.323,250.616,57.54
102,T,O,160.335,251.297,57.701
102,T,CB,157.792,249.233,58.953
102,T,OG1,156.645,249.267,59.812
102,T,CG2,158.932,248.54,59.682
103,D,N,159.169,249.812,56.485
103,D,CA,160.216,249.769,55.468
103,D,C,159.932,249.013,54.159
103,D,O,160.141,247.805,54.047
103,D,CB,161.474,249.167,56.1
103,D,CG,162.691,249.296,55.208
103,D,OD1,162.712,250.211,54.357
103,D,OD2,163.626,248.482,55.355
104,D,N,159.467,249.781,53.173
104,D,CA,159.072,249.328,51.849
104,D,C,160.214,249.641,50.892
104,D,O,160.431,248.93,49.914
104,D,CB,157.78,250.007,51.389
104,D,CG,157.46,249.723,49.935
104,D,OD1,156.964,248.615,49.64
104,D,OD2,157.704,250.608,49.088
105,M,N,160.912,250.744,51.151
105,M,CA,162.005,251.184,50.285
105,M,C,163.275,250.381,50.519
105,M,O,164.172,250.356,49.677
105,M,CB,162.273,252.672,50.498
105,M,CG,161.167,253.584,49.986
105,M,SD,161.397,254.053,48.261
105,M,CE,162.362,255.551,48.445
106,R,N,163.348,249.73,51.672
106,R,CA,164.533,248.969,52.041
106,R,C,165.78,249.844,52.138
106,R,O,166.896,249.359,51.962
106,R,CB,164.776,247.86,51.03
106,R,CG,165.145,246.515,51.645
106,R,CD,165.777,245.586,50.623
106,R,NE,166.297,244.368,51.238
106,R,CZ,165.536,243.399,51.736
106,R,NH1,164.216,243.505,51.696
106,R,NH2,166.099,242.327,52.277
107,G,N,165.591,251.132,52.413
107,G,CA,166.719,252.045,52.472
107,G,C,167.385,252.281,51.133
107,G,O,167.092,253.255,50.444
108,E,N,168.286,251.367,50.785
108,E,CA,169.008,251.407,49.522
108,E,C,170.057,252.509,49.461
108,E,O,170.986,252.445,48.65
108,E,CB,168.02,251.583,48.364
108,E,CG,168.618,251.309,46.995
108,E,CD,167.593,251.418,45.882
108,E,OE1,166.995,252.505,45.728
108,E,OE2,167.388,250.418,45.164
109,L,N,169.933,253.527,50.311
109,L,CA,170.919,254.593,50.395
109,L,C,171.277,254.831,51.853
109,L,O,170.442,254.68,52.747
109,L,CB,170.405,255.897,49.768
109,L,CG,169.103,256.454,50.343
109,L,CD1,169.372,257.72,51.142
109,L,CD2,168.124,256.791,49.231
110,K,N,172.535,255.202,52.082
110,K,CA,173.055,255.453,53.418
110,K,C,173.614,256.866,53.478
110,K,O,174.375,257.273,52.594
110,K,CB,174.139,254.437,53.787
110,K,CG,173.614,253.035,54.045
110,K,CD,174.696,252.138,54.62
110,K,CE,175.558,251.535,53.522
110,K,NZ,175.94,250.128,53.825
111,N,N,173.236,257.608,54.517
111,N,CA,173.71,258.977,54.711
111,N,C,175.022,258.913,55.483
111,N,O,175.046,258.874,56.713
111,N,CB,172.667,259.813,55.44
111,N,CG,171.712,260.522,54.495
111,N,OD1,172.134,261.085,53.486
111,N,ND2,170.425,260.494,54.819
112,C,N,176.128,258.902,54.745
112,C,CA,177.447,258.798,55.35
112,C,C,177.998,260.185,55.675
112,C,O,177.423,261.215,55.316
112,C,CB,178.402,258.051,54.416
112,C,SG,178.958,259.021,52.976
113,S,N,179.135,260.198,56.366
113,S,CA,179.785,261.443,56.744
113,S,C,181.258,261.169,56.998
113,S,O,181.635,260.074,57.424
113,S,CB,179.135,262.063,57.986
113,S,OG,177.907,262.688,57.657
114,F,N,182.087,262.175,56.731
114,F,CA,183.526,262.055,56.914
114,F,C,184.156,263.422,56.708
114,F,O,183.566,264.31,56.085
114,F,CB,184.133,261.033,55.946
114,F,CG,184.164,261.498,54.519
114,F,CD1,183.01,261.507,53.754
114,F,CD2,185.345,261.926,53.94
114,F,CE1,183.038,261.934,52.44
114,F,CE2,185.376,262.353,52.626
114,F,CZ,184.222,262.355,51.876
115,N,N,185.365,263.581,57.242
115,N,CA,186.11,264.829,57.115
115,N,C,186.771,264.869,55.744
115,N,O,187.709,264.109,55.474
115,N,CB,187.146,264.949,58.229
115,N,CG,186.517,265.165,59.594
115,N,OD1,186.498,264.258,60.426
115,N,ND2,186.004,266.367,59.827
116,M,N,186.289,265.753,54.875
116,M,CA,186.799,265.887,53.522
116,M,C,187.616,267.167,53.393
116,M,O,187.339,268.171,54.059
116,M,CB,185.65,265.9,52.506
116,M,CG,186.109,265.917,51.058
116,M,SD,187.283,264.604,50.681
116,M,CE,186.725,264.108,49.051
117,T,N,188.626,267.12,52.533
117,T,CA,189.49,268.271,52.308
117,T,C,188.78,269.306,51.45
117,T,O,187.99,268.968,50.564
117,T,CB,190.812,267.871,51.627
117,T,OG1,191.564,269.049,51.31
117,T,CG2,190.54,267.101,50.344
118,T,N,189.068,270.577,51.716
118,T,CA,188.481,271.694,50.988
118,T,C,189.599,272.558,50.401
118,T,O,190.782,272.205,50.458
118,T,CB,187.583,272.571,51.879
118,T,OG1,188.397,273.364,52.751
118,T,CG2,186.658,271.705,52.72
119,E,N,189.213,273.701,49.831
119,E,CA,190.197,274.601,49.243
119,E,C,191.155,275.14,50.299
119,E,O,192.367,275.218,50.069
119,E,CB,189.493,275.753,48.525
119,E,CG,190.429,276.851,48.045
119,E,CD,189.791,278.225,48.1
119,E,OE1,188.57,278.327,47.852
119,E,OE2,190.511,279.203,48.395
120,L,N,190.629,275.516,51.466
120,L,CA,191.463,276.02,52.55
120,L,C,192.473,274.962,52.975
120,L,O,192.222,274.197,53.913
120,L,CB,190.597,276.442,53.74
120,L,CG,189.495,277.464,53.447
120,L,CD1,188.187,276.761,53.117
120,L,CD2,189.263,278.361,54.653
121,R,N,193.613,274.91,52.291
121,R,CA,194.631,273.906,52.579
121,R,C,195.261,274.153,53.945
121,R,O,196.408,274.599,54.037
121,R,CB,195.704,273.91,51.489
121,R,CG,195.206,273.465,50.125
121,R,CD,194.716,272.027,50.156
121,R,NE,195.799,271.086,50.431
121,R,CZ,195.616,269.804,50.729
121,R,NH1,194.391,269.306,50.792
121,R,NH2,196.662,269.023,50.965
122,D,N,194.515,273.859,55.01
122,D,CA,195.008,274.046,56.369
122,D,C,194.046,273.424,57.372
122,D,O,194.472,272.729,58.301
122,D,CB,195.205,275.533,56.67
122,D,CG,195.873,275.774,58.009
122,D,OD1,196.813,275.025,58.347
122,D,OD2,195.454,276.71,58.721
123,K,N,192.751,273.669,57.192
123,K,CA,191.715,273.133,58.062
123,K,C,190.66,272.431,57.218
123,K,O,190.296,272.909,56.139
123,K,CB,191.065,274.243,58.899
123,K,CG,190.751,275.503,58.114
123,K,CD,189.921,276.473,58.94
123,K,CE,190.651,277.792,59.141
123,K,NZ,191.441,277.802,60.402
124,K,N,190.174,271.301,57.714
124,K,CA,189.166,270.51,57.024
124,K,C,187.789,270.756,57.635
124,K,O,187.636,271.473,58.627
124,K,CB,189.521,269.021,57.084
124,K,CG,190.523,268.581,56.031
124,K,CD,190.97,267.148,56.261
124,K,CE,192.243,267.093,57.092
124,K,NZ,192.199,266.0,58.102
125,Q,N,186.778,270.145,57.024
125,Q,CA,185.402,270.279,57.475
125,Q,C,184.665,268.97,57.238
125,Q,O,184.92,268.276,56.248
125,Q,CB,184.685,271.427,56.747
125,Q,CG,185.427,272.749,56.807
125,Q,CD,184.898,273.754,55.802
125,Q,OE1,183.721,274.296,56.099
125,Q,NE2,185.704,274.055,54.79
126,K,N,183.756,268.639,58.149
126,K,CA,182.976,267.413,58.039
126,K,C,181.75,267.653,57.168
126,K,O,181.011,268.621,57.373
126,K,CB,182.557,266.925,59.424
126,K,CG,181.795,265.61,59.417
126,K,CD,181.735,264.996,60.806
126,K,CE,180.845,265.809,61.733
126,K,NZ,180.652,265.136,63.047
127,V,N,181.538,266.77,56.193
127,V,CA,180.418,266.855,55.272
127,V,C,179.703,265.507,55.247
127,V,O,180.137,264.541,55.874
127,V,CB,180.848,267.224,53.84
127,V,CG1,181.778,268.427,53.856
127,V,CG2,181.58,266.061,53.188
128,Y,N,178.596,265.454,54.51
128,Y,CA,177.805,264.241,54.379
128,Y,C,177.289,264.138,52.951
128,Y,O,177.316,265.104,52.185
128,Y,CB,176.642,264.221,55.378
128,Y,CG,175.573,265.249,55.088
128,Y,CD1,175.676,266.542,55.586
128,Y,CD2,174.462,264.924,54.321
128,Y,CE1,174.702,267.487,55.329
128,Y,CE2,173.477,265.857,54.053
128,Y,CZ,173.601,267.138,54.558
128,Y,OH,172.626,268.073,54.297
129,S,N,176.812,262.947,52.598
129,S,CA,176.3,262.693,51.259
129,S,C,175.615,261.335,51.253
129,S,O,175.873,260.486,52.111
129,S,CB,177.418,262.735,50.21
129,S,OG,176.886,262.665,48.9
130,L,N,174.738,261.145,50.271
130,L,CA,174.004,259.896,50.104
130,L,C,174.637,259.073,48.992
130,L,O,175.08,259.618,47.974
130,L,CB,172.533,260.167,49.779
130,L,CG,171.654,258.937,49.547
130,L,CD1,171.75,257.978,50.724
130,L,CD2,170.196,259.344,49.386
131,F,N,174.677,257.757,49.188
131,F,CA,175.241,256.842,48.207
131,F,C,174.449,255.543,48.216
131,F,O,174.092,255.033,49.281
131,F,CB,176.72,256.55,48.497
131,F,CG,177.59,257.77,48.472
131,F,CD1,177.804,258.463,47.292
131,F,CD2,178.2,258.229,49.627
131,F,CE1,178.608,259.585,47.268
131,F,CE2,179.005,259.352,49.605
131,F,CZ,179.209,260.031,48.425
132,Y,N,174.18,255.019,47.025
132,Y,CA,173.456,253.761,46.909
132,Y,C,174.313,252.605,47.409
132,Y,O,175.541,252.613,47.292
132,Y,CB,173.039,253.517,45.461
132,Y,CG,171.773,254.239,45.054
132,Y,CD1,171.768,255.614,44.864
132,Y,CD2,170.587,253.542,44.86
132,Y,CE1,170.618,256.282,44.491
132,Y,CE2,169.425,254.192,44.487
132,Y,CZ,169.444,255.562,44.303
132,Y,OH,168.295,256.22,43.933
133,R,N,173.647,251.595,47.974
133,R,CA,174.388,250.466,48.529
133,R,C,174.934,249.577,47.422
133,R,O,175.669,248.623,47.681
133,R,CB,173.502,249.639,49.449
133,R,CG,172.375,248.901,48.741
133,R,CD,171.224,248.595,49.685
133,R,NE,171.588,247.596,50.685
133,R,CZ,170.785,247.193,51.666
133,R,NH1,169.569,247.708,51.781
133,R,NH2,171.203,246.278,52.53
134,L,N,174.579,249.902,46.183
134,L,CA,175.168,249.256,45.019
134,L,C,176.529,249.86,44.681
134,L,O,177.336,249.244,43.981
134,L,CB,174.231,249.385,43.808
134,L,CG,172.889,248.664,43.917
134,L,CD1,171.855,249.563,44.578
134,L,CD2,172.372,248.277,42.54
135,D,N,176.783,251.064,45.185
135,D,CA,178.038,251.763,44.925
135,D,C,179.074,251.503,46.009
135,D,O,180.274,251.454,45.738
135,D,CB,177.791,253.269,44.802
135,D,CG,177.034,253.634,43.54
135,D,OD1,177.225,252.949,42.513
135,D,OD2,176.25,254.604,43.578
136,V,N,178.608,251.337,47.248
136,V,CA,179.51,251.173,48.382
136,V,C,179.495,249.759,48.956
136,V,O,178.552,249.0,48.754
136,V,CB,179.162,252.174,49.497
136,V,CG1,179.274,253.603,48.987
136,V,CG2,177.74,251.952,49.989
137,V,N,180.558,249.417,49.677
137,V,CA,180.668,248.1,50.297
137,V,C,181.323,248.198,51.673
137,V,O,182.23,249.005,51.884
137,V,CB,181.48,247.128,49.422
137,V,CG1,182.883,247.664,49.186
137,V,CG2,181.591,245.769,50.097
138,Q,N,180.863,247.371,52.602
138,Q,CA,181.377,247.384,53.968
138,Q,C,182.853,246.999,54.009
138,Q,O,183.272,246.051,53.342
138,Q,CB,180.565,246.436,54.855
138,Q,CG,180.632,244.98,54.429
138,Q,CD,179.526,244.142,55.042
138,Q,OE1,178.295,244.426,54.626
138,Q,NE2,179.909,243.159,55.849
139,I,N,183.641,247.738,54.779
139,I,CA,185.043,247.391,54.992
139,I,C,185.14,246.403,56.154
139,I,O,184.652,246.675,57.251
139,I,CB,185.917,248.621,55.302
139,I,CG1,185.693,249.712,54.252
139,I,CG2,187.39,248.244,55.297
139,I,CD1,186.127,251.089,54.701
140,N,N,177.673,253.254,63.82
140,N,CA,177.816,253.182,62.378
140,N,C,178.861,252.154,61.978
140,N,O,179.531,251.575,62.829
140,N,CB,178.164,254.548,61.81
140,N,CG,179.192,255.293,62.643
140,N,OD1,180.064,254.677,63.256
140,N,ND2,179.095,256.616,62.668
141,K,N,178.985,251.929,60.672
141,K,CA,179.962,250.99,60.149
141,K,C,180.789,251.648,59.058
141,K,O,180.444,252.712,58.549
141,K,CB,179.273,249.734,59.613
141,K,CG,179.686,248.45,60.315
141,K,CD,179.479,247.241,59.418
141,K,CE,179.397,245.959,60.234
141,K,NZ,179.366,244.75,59.363
142,E,N,181.898,251.005,58.72
142,E,CA,182.822,251.524,57.719
142,E,C,182.488,250.976,56.333
142,E,O,182.217,249.784,56.175
142,E,CB,184.263,251.168,58.091
142,E,CG,184.502,249.68,58.29
142,E,CD,184.488,249.282,59.754
142,E,OE1,183.568,249.714,60.48
142,E,OE2,185.397,248.536,60.175
143,Y,N,182.503,251.849,55.333
143,Y,CA,182.183,251.464,53.964
143,Y,C,183.198,252.002,52.963
143,Y,O,184.014,252.869,53.285
143,Y,CB,180.78,251.944,53.594
143,Y,CG,179.671,251.231,54.336
143,Y,CD1,179.28,251.65,55.602
143,Y,CD2,179.018,250.146,53.769
143,Y,CE1,178.267,251.006,56.286
143,Y,CE2,178.002,249.489,54.437
143,Y,CZ,177.629,249.921,55.697
143,Y,OH,176.62,249.275,56.373
144,R,N,183.158,251.493,51.736
144,R,CA,184.134,251.892,50.731
144,R,C,183.497,252.018,49.351
144,R,O,182.607,251.25,49.0
144,R,CB,185.272,250.886,50.665
144,R,CG,186.388,251.261,49.699
144,R,CD,187.545,250.277,49.771
144,R,NE,188.225,250.324,51.062
144,R,CZ,188.902,249.309,51.588
144,R,NH1,188.992,248.161,50.932
144,R,NH2,189.488,249.444,52.771
145,L,N,183.957,252.991,48.574
145,L,CA,183.502,253.141,47.191
145,L,C,184.003,251.942,46.397
145,L,O,185.199,251.669,46.373
145,L,CB,184.026,254.444,46.575
145,L,CG,183.993,255.677,47.479
145,L,CD1,184.495,256.903,46.729
145,L,CD2,182.576,255.958,47.953
146,I,N,183.094,251.215,45.755
146,I,CA,183.46,249.918,45.192
146,I,C,184.594,250.007,44.168
146,I,O,185.392,249.076,44.03
146,I,CB,182.237,249.254,44.533
146,I,CG1,182.588,247.84,44.061
146,I,CG2,181.774,250.06,43.329
146,I,CD1,182.984,246.904,45.18
147,N,N,184.674,251.127,43.456
147,N,CA,185.648,251.267,42.383
147,N,C,187.096,251.267,42.868
147,N,O,188.006,250.93,42.116
147,N,CB,185.367,252.537,41.596
147,N,CG,185.852,253.792,42.305
147,N,OD1,185.105,254.406,43.066
147,N,ND2,187.099,254.173,42.057
148,C,N,187.31,251.638,44.126
148,C,CA,188.65,251.899,44.635
148,C,C,189.507,250.638,44.753
148,C,O,190.717,250.721,44.939
148,C,CB,188.572,252.57,46.007
148,C,SG,187.406,253.966,46.098
149,N,N,188.868,249.486,44.643
149,N,CA,189.614,248.231,44.668
149,N,C,190.024,247.792,43.273
149,N,O,190.791,246.842,43.109
149,N,CB,188.872,247.191,45.49
149,N,CG,189.755,246.028,45.912
149,N,OD1,190.925,246.222,46.244
149,N,ND2,189.2,244.823,45.905
150,T,N,189.521,248.475,42.266
150,T,CA,189.808,248.13,40.875
150,T,C,190.565,249.193,40.085
150,T,O,191.469,248.879,39.317
150,T,CB,188.491,247.804,40.148
150,T,OG1,187.631,248.949,40.173
150,T,CG2,187.782,246.64,40.824
151,S,N,190.185,250.453,40.282
151,S,CA,190.811,251.557,39.57
151,S,C,190.34,252.918,40.073
151,S,O,189.53,253.001,40.994
151,S,CB,190.524,251.438,38.087
151,S,OG,191.28,252.374,37.329
152,A,N,190.958,254.019,39.635
152,A,CA,190.457,255.365,39.884
152,A,C,189.115,255.599,39.172
152,A,O,188.833,254.995,38.139
152,A,CB,191.52,256.368,39.414
153,C,N,188.404,256.638,39.602
153,C,CA,187.112,257.036,39.041
153,C,C,187.092,258.527,38.715
153,C,O,187.727,259.342,39.398
153,C,CB,185.979,256.694,40.01
153,C,SG,184.31,257.061,39.375
154,T,N,186.439,258.874,37.61
154,T,CA,186.38,260.251,37.134
154,T,C,184.937,260.733,37.09
154,T,O,184.049,260.011,36.633
154,T,CB,187.006,260.404,35.736
154,T,OG1,188.334,259.868,35.741
154,T,CG2,187.067,261.87,35.337
155,Q,N,184.703,261.951,37.563
155,Q,CA,183.376,262.551,37.491
155,Q,C,183.076,263.059,36.086
155,Q,O,183.84,263.841,35.527
155,Q,CB,183.251,263.698,38.497
155,Q,CG,181.954,264.483,38.385
155,Q,CD,182.178,265.982,38.4
155,Q,OE1,183.158,266.408,39.192
155,Q,NE2,181.445,266.698,37.553
156,A,N,181.958,262.608,35.527
156,A,CA,181.469,263.15,34.265
156,A,C,181.068,264.607,34.45
156,A,O,180.418,264.958,35.432
156,A,CB,180.298,262.336,33.747
157,C,N,181.465,265.452,33.503
157,C,CA,181.141,266.87,33.567
157,C,C,179.629,267.068,33.628
157,C,O,178.877,266.318,33.009
157,C,CB,181.708,267.613,32.36
157,C,SG,183.482,268.013,32.483
158,P,N,179.195,268.06,34.391
158,P,CA,177.766,268.317,34.566
158,P,C,177.159,268.952,33.33
158,P,O,175.946,268.926,33.148
158,P,CB,177.726,269.252,35.777
158,P,CG,178.994,268.928,36.533
158,P,CD,179.944,268.485,35.435
159,K,N,178.008,269.524,32.485
159,K,CA,177.531,270.17,31.273
159,K,C,177.29,269.173,30.147
159,K,O,176.266,269.235,29.469
159,K,CB,178.529,271.237,30.82
159,K,CG,178.946,272.203,31.915
159,K,CD,177.805,273.128,32.303
159,K,CE,178.154,274.581,32.026
159,K,NZ,177.043,275.499,32.401
160,V,N,178.23,268.261,29.943
160,V,CA,178.092,267.262,28.891
160,V,C,176.941,266.302,29.171
160,V,O,176.695,265.94,30.325
160,V,CB,179.391,266.453,28.719
160,V,CG1,180.511,267.345,28.206
160,V,CG2,179.826,265.853,30.047
161,S,N,176.243,265.9,28.119
161,S,CA,175.11,264.995,28.251
161,S,C,175.439,263.625,27.671
161,S,O,176.576,263.367,27.28
161,S,CB,173.896,265.576,27.549
161,S,OG,173.151,266.427,28.409
162,F,N,174.444,262.75,27.629
162,F,CA,174.633,261.411,27.087
162,F,C,173.556,261.081,26.059
162,F,O,173.485,259.955,25.562
162,F,CB,174.612,260.371,28.209
162,F,CG,175.818,260.418,29.101
162,F,CD1,175.925,261.378,30.094
162,F,CD2,176.846,259.505,28.952
162,F,CE1,177.034,261.422,30.916
162,F,CE2,177.958,259.547,29.771
162,F,CZ,178.052,260.507,30.756
163,E,N,172.725,262.069,25.751
163,E,CA,171.667,261.895,24.755
163,E,C,172.239,261.369,23.446
163,E,O,173.066,262.026,22.815
163,E,CB,170.937,263.219,24.51
163,E,CG,170.181,263.743,25.721
163,E,CD,169.217,264.857,25.364
163,E,OE1,169.681,265.927,24.915
163,E,OE2,167.995,264.66,25.533
164,P,N,171.797,260.172,23.032
164,P,CA,172.123,259.605,21.719
164,P,C,171.712,260.518,20.567
164,P,O,170.551,260.926,20.485
164,P,CB,171.344,258.289,21.721
164,P,CG,170.045,258.63,22.416
164,P,CD,170.478,259.626,23.478
165,I,N,172.658,260.83,19.689
165,I,CA,172.39,261.667,18.526
165,I,C,172.592,260.871,17.235
165,I,O,173.596,260.178,17.086
165,I,CB,173.295,262.912,18.496
165,I,CG1,172.979,263.831,19.678
165,I,CG2,173.083,263.696,17.208
165,I,CD1,174.185,264.564,20.222
166,P,N,171.629,260.96,16.303
166,P,CA,171.73,260.321,14.984
166,P,C,173.04,260.627,14.262
166,P,O,173.338,261.788,13.99
166,P,CB,170.517,260.898,14.25
166,P,CG,170.253,262.211,14.952
166,P,CD,170.238,261.817,16.418
167,I,N,173.811,259.585,13.973
167,I,CA,175.066,259.731,13.245
167,I,C,174.992,259.069,11.87
167,I,O,174.526,257.939,11.739
167,I,CB,176.245,259.128,14.031
167,I,CG1,176.046,257.624,14.222
167,I,CG2,176.357,259.777,15.402
167,I,CD1,177.31,256.882,14.592
168,H,N,175.456,259.787,10.854
168,H,CA,175.566,259.227,9.509
168,H,C,177.012,258.861,9.202
168,H,O,177.937,259.575,9.589
168,H,CB,175.043,260.214,8.463
168,H,CG,173.688,260.766,8.778
168,H,ND1,172.542,260.333,8.144
168,H,CD2,173.292,261.716,9.658
168,H,CE1,171.504,260.994,8.623
168,H,NE2,171.928,261.836,9.54
169,Y,N,177.206,257.746,8.501
169,Y,CA,178.543,257.315,8.114
169,Y,C,178.746,257.461,6.611
169,Y,O,177.861,257.116,5.824
169,Y,CB,178.788,255.867,8.547
169,Y,CG,179.38,255.734,9.933
169,Y,CD1,180.735,255.948,10.151
169,Y,CD2,178.582,255.396,11.017
169,Y,CE1,181.284,255.829,11.412
169,Y,CE2,179.114,255.272,12.287
169,Y,CZ,180.465,255.49,12.482
169,Y,OH,181.005,255.37,13.741
170,C,N,179.904,257.98,6.219
170,C,CA,180.22,258.125,4.803
170,C,C,181.554,257.477,4.435
170,C,O,182.483,257.449,5.239
170,C,CB,180.232,259.604,4.415
170,C,SG,180.675,259.924,2.677
171,A,N,181.629,256.973,3.208
171,A,CA,182.872,256.43,2.671
171,A,C,183.576,257.463,1.806
171,A,O,182.921,258.27,1.146
171,A,CB,182.595,255.161,1.877
172,P,N,184.92,257.442,1.799
172,P,CA,185.711,258.316,0.925
172,P,C,185.592,257.956,-0.552
172,P,O,185.208,256.832,-0.887
172,P,CB,187.131,258.11,1.459
172,P,CG,187.062,256.787,2.19
172,P,CD,185.642,256.768,2.726
173,A,N,185.923,258.908,-1.424
173,A,CA,185.805,258.711,-2.862
173,A,C,186.517,257.441,-3.316
173,A,O,187.64,257.163,-2.892
173,A,CB,186.359,259.919,-3.603
174,G,N,185.861,256.674,-4.178
174,G,CA,186.394,255.403,-4.624
174,G,C,185.724,254.253,-3.906
174,G,O,185.837,253.094,-4.317
175,F,N,185.029,254.565,-2.824
175,F,CA,184.264,253.575,-2.079
175,F,C,182.785,253.923,-2.092
175,F,O,182.409,255.097,-2.095
175,F,CB,184.765,253.481,-0.637
175,F,CG,185.937,252.559,-0.46
175,F,CD1,187.167,252.863,-1.017
175,F,CD2,185.81,251.386,0.266
175,F,CE1,188.244,252.016,-0.852
175,F,CE2,186.887,250.536,0.43
175,F,CZ,188.106,250.85,-0.128
176,A,N,181.945,252.893,-2.104
176,A,CA,180.51,253.077,-2.245
176,A,C,179.787,252.496,-1.04
176,A,O,180.19,251.462,-0.509
176,A,CB,180.01,252.434,-3.532
177,I,N,178.727,253.166,-0.607
177,I,CA,177.838,252.609,0.403
177,I,C,176.664,251.897,-0.255
177,I,O,175.794,252.534,-0.846
177,I,CB,177.301,253.693,1.356
177,I,CG1,178.435,254.259,2.213
177,I,CG2,176.242,253.113,2.28
177,I,CD1,177.984,255.3,3.212
178,L,N,176.647,250.572,-0.154
178,L,CA,175.6,249.78,-0.779
178,L,C,174.479,249.505,0.22
178,L,O,174.731,249.273,1.403
178,L,CB,176.171,248.46,-1.307
178,L,CG,176.902,248.527,-2.648
178,L,CD1,176.097,249.33,-3.658
178,L,CD2,178.261,249.191,-2.487
179,K,N,173.235,249.58,-0.226
179,K,CA,172.135,249.315,0.69
179,K,C,170.994,248.539,0.068
179,K,O,170.329,249.021,-0.841
179,K,CB,171.605,250.631,1.255
179,K,CG,172.554,251.32,2.223
179,K,CD,172.2,252.788,2.396
179,K,CE,170.885,252.955,3.142
179,K,NZ,169.732,253.094,2.21
180,C,N,170.762,247.336,0.577
180,C,CA,169.689,246.514,0.057
180,C,C,168.389,247.095,0.576
180,C,O,168.343,247.648,1.674
180,C,CB,169.831,245.054,0.494
180,C,SG,169.904,244.814,2.298
181,K,N,167.33,246.98,-0.216
181,K,CA,166.023,247.448,0.205
181,K,C,165.11,246.251,0.364
181,K,O,163.907,246.393,0.589
181,K,CB,165.442,248.444,-0.801
181,K,CG,165.43,247.941,-2.234
181,K,CD,164.663,248.885,-3.144
181,K,CE,163.638,248.136,-3.982
181,K,NZ,162.378,248.914,-4.144
182,D,N,165.686,245.059,0.243
182,D,CA,164.904,243.838,0.362
182,D,C,164.348,243.726,1.779
182,D,O,165.108,243.678,2.749
182,D,CB,165.747,242.609,0.024
182,D,CG,164.901,241.389,-0.292
182,D,OD1,163.749,241.326,0.186
182,D,OD2,165.391,240.498,-1.016
183,K,N,163.028,243.702,1.902
183,K,CA,162.391,243.583,3.206
183,K,C,162.698,242.24,3.858
183,K,O,162.602,242.094,5.079
183,K,CB,160.877,243.77,3.078
183,K,CG,160.212,242.801,2.116
183,K,CD,158.699,242.829,2.262
183,K,CE,158.099,244.039,1.566
183,K,NZ,158.379,244.034,0.103
184,K,N,163.074,241.266,3.046
184,K,CA,163.496,239.962,3.554
184,K,C,165.016,239.877,3.624
184,K,O,165.72,240.385,2.747
184,K,CB,162.943,238.836,2.68
184,K,CG,161.453,238.938,2.403
184,K,CD,160.637,238.278,3.502
184,K,CE,159.797,237.134,2.956
184,K,NZ,158.683,236.778,3.876
185,F,N,165.52,239.207,4.653
185,F,CA,166.953,239.047,4.833
185,F,C,167.239,238.045,5.939
185,F,O,166.726,238.169,7.05
185,F,CB,167.608,240.388,5.163
185,F,CG,169.109,240.341,5.185
185,F,CD1,169.811,239.686,4.189
185,F,CD2,169.82,240.954,6.203
185,F,CE1,171.191,239.644,4.208
185,F,CE2,171.202,240.913,6.225
185,F,CZ,171.888,240.257,5.227
186,N,N,168.069,237.055,5.635
186,N,CA,168.337,235.986,6.583
186,N,C,169.523,236.338,7.475
186,N,O,169.902,235.572,8.357
186,N,CB,168.358,234.64,5.883
186,N,CG,167.835,233.507,6.753
186,N,OD1,167.067,233.743,7.685
186,N,ND2,168.246,232.282,6.451
187,G,N,170.16,237.468,7.162
187,G,CA,171.413,237.853,7.786
187,G,C,172.566,237.752,6.806
187,G,O,173.628,238.335,7.031
188,T,N,172.371,237.012,5.722
188,T,CA,173.395,236.884,4.694
188,T,C,172.867,236.197,3.436
188,T,O,171.97,235.361,3.503
188,T,CB,174.612,236.102,5.222
188,T,OG1,175.465,235.744,4.127
188,T,CG2,174.164,234.834,5.931
189,G,N,173.441,236.556,2.288
189,G,CA,173.012,235.999,1.017
189,G,C,172.659,237.062,-0.004
189,G,O,172.758,238.254,0.28
190,P,N,172.243,236.636,-1.204
190,P,CA,171.962,237.542,-2.319
190,P,C,170.699,238.368,-2.094
190,P,O,169.714,237.851,-1.573
190,P,CB,171.825,236.585,-3.504
190,P,CG,171.476,235.259,-2.869
190,P,CD,172.51,235.126,-1.765
191,C,N,170.728,239.641,-2.488
191,C,CA,169.549,240.494,-2.406
191,C,C,169.062,240.907,-3.794
191,C,O,169.754,241.63,-4.506
191,C,CB,169.849,241.748,-1.586
191,C,SG,169.955,241.466,0.211
192,P,N,167.865,240.437,-4.179
192,P,CA,167.237,240.78,-5.462
192,P,C,167.135,242.288,-5.694
192,P,O,167.25,242.743,-6.834
192,P,CB,165.864,240.118,-5.341
192,P,CG,166.101,238.936,-4.428
192,P,CD,167.252,239.407,-3.556
193,S,N,166.912,243.047,-4.626
193,S,CA,166.718,244.488,-4.74
193,S,C,167.805,245.259,-4.002
193,S,O,167.705,245.494,-2.795
193,S,CB,165.358,244.872,-4.195
193,S,OG,164.319,244.58,-5.123
194,V,N,168.84,245.661,-4.732
194,V,CA,169.94,246.43,-4.153
194,V,C,169.943,247.866,-4.658
194,V,O,169.78,248.112,-5.851
194,V,CB,171.302,245.782,-4.467
194,V,CG1,172.425,246.539,-3.776
194,V,CG2,171.33,244.339,-3.988
195,S,N,170.125,248.81,-3.739
195,S,CA,170.325,250.207,-4.104
195,S,C,171.674,250.694,-3.584
195,S,O,172.452,249.915,-3.037
195,S,CB,169.207,251.063,-3.543
195,S,OG,169.343,251.249,-2.139
196,T,N,171.952,251.985,-3.758
196,T,CA,173.129,252.59,-3.146
196,T,C,172.878,254.03,-2.719
196,T,O,172.024,254.719,-3.282
196,T,CB,174.332,252.552,-4.107
196,T,OG1,175.512,252.983,-3.418
196,T,CG2,174.093,253.471,-5.296
197,V,N,173.624,254.476,-1.712
197,V,CA,173.412,255.785,-1.103
197,V,C,174.731,256.53,-0.985
197,V,O,175.803,255.927,-1.05
197,V,CB,172.769,255.673,0.292
197,V,CG1,173.833,255.419,1.35
197,V,CG2,172.038,256.958,0.646
198,Q,N,174.652,257.832,-0.731
198,Q,CA,175.848,258.614,-0.471
198,Q,C,176.293,258.125,0.901
198,Q,O,177.379,257.57,1.047
198,Q,CB,175.581,260.121,-0.484
198,Q,CG,176.775,260.967,-0.07
198,Q,CD,177.952,260.81,-1.012
198,Q,OE1,178.002,261.679,-2.017
198,Q,NE2,178.855,259.892,-0.681
199,C,N,175.435,258.318,1.905
199,C,CA,175.779,257.981,3.281
199,C,C,174.646,257.213,3.95
199,C,O,173.566,257.068,3.378
199,C,CB,176.078,259.246,4.087
199,C,SG,174.614,260.259,4.468
200,T,N,174.894,256.718,5.158
200,T,CA,173.904,255.923,5.871
200,T,C,172.849,256.823,6.49
200,T,O,173.027,258.041,6.568
200,T,CB,174.545,255.064,6.976
200,T,OG1,175.161,255.916,7.951
200,T,CG2,175.605,254.144,6.389
201,H,N,171.743,256.231,6.932
201,H,CA,170.739,256.971,7.691
201,H,C,171.222,257.228,9.115
201,H,O,172.118,256.544,9.606
201,H,CB,169.411,256.205,7.724
201,H,CG,168.209,257.079,7.556
201,H,ND1,167.895,257.693,6.364
201,H,CD2,167.241,257.444,8.431
201,H,CE1,166.788,258.398,6.514
201,H,NE2,166.372,258.264,7.756
202,G,N,170.627,258.218,9.767
202,G,CA,171.009,258.578,11.116
202,G,C,170.809,257.435,12.093
202,G,O,169.688,256.989,12.319
203,I,N,171.908,256.959,12.674
203,I,CA,171.841,255.924,13.696
203,I,C,172.247,256.468,15.061
203,I,O,173.352,256.994,15.232
203,I,CB,172.741,254.724,13.344
203,I,CG1,172.461,254.248,11.916
203,I,CG2,172.484,253.567,14.297
203,I,CD1,173.616,253.507,11.284
204,K,N,171.351,256.341,16.03
204,K,CA,171.628,256.77,17.395
204,K,C,172.456,255.729,18.139
204,K,O,172.122,254.543,18.13
204,K,CB,170.326,257.046,18.146
204,K,CG,169.799,258.461,17.976
204,K,CD,168.634,258.735,18.913
204,K,CE,167.966,260.062,18.592
204,K,NZ,167.666,260.844,19.823
205,P,N,173.54,256.17,18.789
205,P,CA,174.426,255.269,19.531
205,P,C,173.858,254.876,20.888
205,P,O,174.441,255.203,21.923
205,P,CB,175.709,256.094,19.658
205,P,CG,175.237,257.528,19.559
205,P,CD,174.07,257.436,18.591
206,V,N,172.724,254.18,20.882
206,V,CA,172.038,253.82,22.115
206,V,C,172.677,252.596,22.762
206,V,O,172.72,251.517,22.165
206,V,CB,170.545,253.537,21.868
206,V,CG1,169.821,253.309,23.185
206,V,CG2,169.89,254.714,21.158
207,V,N,173.187,252.765,23.978
207,V,CA,173.78,251.659,24.717
207,V,C,172.748,251.001,25.634
207,V,O,172.178,251.654,26.508
207,V,CB,174.983,252.118,25.56
207,V,CG1,175.685,250.922,26.187
207,V,CG2,175.988,252.864,24.695
208,S,N,172.512,249.714,25.425
208,S,CA,171.582,248.962,26.257
208,S,C,171.831,247.462,26.164
208,S,O,172.397,246.977,25.187
208,S,CB,170.153,249.272,25.851
208,S,OG,169.216,248.599,26.681
209,T,N,171.399,246.735,27.191
209,T,CA,171.505,245.28,27.191
209,T,C,170.123,244.633,27.134
209,T,O,169.134,245.238,27.542
209,T,CB,172.251,244.766,28.436
209,T,OG1,171.446,244.982,29.602
209,T,CG2,173.573,245.499,28.608
210,Q,N,170.063,243.396,26.657
210,Q,CA,168.801,242.663,26.618
210,Q,C,167.777,243.228,25.645
210,Q,O,167.43,242.599,24.645
210,Q,CB,168.188,242.62,28.02
210,Q,CG,169.104,242.027,29.078
210,Q,CD,168.342,241.52,30.288
210,Q,OE1,167.315,242.272,30.675
210,Q,NE2,168.715,240.34,30.768
211,L,N,167.289,244.422,25.953
211,L,CA,166.328,245.129,25.109
211,L,C,167.008,246.181,24.231
211,L,O,167.927,246.865,24.675
211,L,CB,165.258,245.8,25.979
211,L,CG,164.216,246.637,25.238
211,L,CD1,163.472,245.787,24.22
211,L,CD2,163.199,247.213,26.21
212,L,N,166.544,246.299,22.99
212,L,CA,167.038,247.336,22.087
212,L,C,166.073,248.516,22.084
212,L,O,164.86,248.334,22.002
212,L,CB,167.195,246.779,20.665
212,L,CG,167.092,247.796,19.529
212,L,CD1,168.461,248.374,19.206
212,L,CD2,166.544,247.141,18.271
213,L,N,166.618,249.727,22.162
213,L,CA,165.789,250.925,22.281
213,L,C,166.011,251.927,21.149
213,L,O,167.135,252.127,20.695
213,L,CB,166.069,251.612,23.627
213,L,CG,165.184,251.185,24.796
213,L,CD1,163.731,251.093,24.356
213,L,CD2,165.607,249.824,25.324
214,N,N,164.915,252.55,20.717
214,N,CA,164.941,253.61,19.709
214,N,C,165.703,253.243,18.441
214,N,O,166.406,254.074,17.869
214,N,CB,165.52,254.878,20.313
214,N,CG,164.817,255.302,21.592
214,N,OD1,163.65,254.972,21.802
214,N,ND2,165.523,256.029,22.451
215,G,N,165.558,251.998,17.997
215,G,CA,166.153,251.565,16.747
215,G,C,165.213,251.71,15.564
215,G,O,164.213,252.42,15.638
216,S,N,165.539,251.02,14.475
216,S,CA,164.698,251.027,13.285
216,S,C,163.698,249.875,13.309
216,S,O,163.893,248.889,14.023
216,S,CB,165.555,250.935,12.036
216,S,OG,166.634,251.861,12.074
217,L,N,162.634,250.003,12.524
217,L,CA,161.582,248.994,12.477
217,L,C,161.751,248.072,11.277
217,L,O,162.297,248.47,10.246
217,L,CB,160.206,249.669,12.416
217,L,CG,159.562,250.009,13.761
217,L,CD1,159.658,248.829,14.713
217,L,CD2,160.26,251.197,14.405
218,A,N,161.288,246.834,11.418
218,A,CA,161.289,245.893,10.305
218,A,C,159.973,245.949,9.536
218,A,O,158.929,246.288,10.091
218,A,CB,161.549,244.483,10.81
219,E,N,160.033,245.614,8.25
219,E,CA,158.839,245.507,7.428
219,E,C,158.373,244.057,7.34
219,E,O,159.096,243.146,7.751
219,E,CB,159.104,246.057,6.024
219,E,CG,158.425,247.388,5.743
219,E,CD,156.956,247.231,5.406
219,E,OE1,156.251,246.503,6.138
219,E,OE2,156.507,247.836,4.41
220,E,N,157.176,243.859,6.802
220,E,CA,156.564,242.531,6.686
220,E,C,156.327,241.887,8.051
220,E,O,155.43,242.294,8.791
220,E,CB,157.445,241.617,5.83
220,E,CG,156.801,241.185,4.523
220,E,CD,155.549,240.357,4.739
220,E,OE1,154.471,240.952,4.948
220,E,OE2,155.645,239.112,4.697
221,E,N,157.13,240.88,8.37
221,E,CA,156.953,240.129,9.607
221,E,C,158.131,240.368,10.548
221,E,O,159.064,241.093,10.213
221,E,CB,156.81,238.635,9.312
221,E,CG,158.102,237.961,8.876
221,E,CD,157.894,236.518,8.461
221,E,OE1,157.13,235.806,9.146
221,E,OE2,158.494,236.098,7.448
222,V,N,158.082,239.754,11.732
222,V,CA,159.167,239.902,12.695
222,V,C,160.427,239.251,12.142
222,V,O,160.378,238.162,11.575
222,V,CB,158.832,239.272,14.06
222,V,CG1,159.89,239.634,15.09
222,V,CG2,157.485,239.772,14.561
223,M,N,161.574,239.898,12.282
223,M,CA,162.783,239.313,11.717
223,M,C,163.659,238.559,12.704
223,M,O,163.993,239.06,13.776
223,M,CB,163.608,240.415,11.05
223,M,CG,164.987,239.968,10.592
223,M,SD,166.015,241.339,10.037
223,M,CE,167.596,240.518,9.838
224,I,N,164.023,237.338,12.327
224,I,CA,164.91,236.508,13.122
224,I,C,166.252,236.37,12.426
224,I,O,166.335,235.805,11.338
224,I,CB,164.325,235.106,13.371
224,I,CG1,162.9,235.211,13.916
224,I,CG2,165.172,234.345,14.38
224,I,CD1,162.774,236.107,15.129
225,R,N,167.308,236.881,13.048
225,R,CA,168.631,236.777,12.445
225,R,C,169.632,236.183,13.434
225,R,O,169.693,236.607,14.585
225,R,CB,169.125,238.144,11.986
225,R,CG,169.055,239.226,13.053
225,R,CD,169.891,240.437,12.676
225,R,NE,169.527,241.618,13.451
225,R,CZ,169.017,242.729,12.928
225,R,NH1,168.813,242.812,11.621
225,R,NH2,168.716,243.754,13.714
226,S,N,170.415,235.21,12.981
226,S,CA,171.432,234.579,13.825
226,S,C,172.581,234.019,12.991
226,S,O,172.368,233.538,11.886
226,S,CB,170.812,233.468,14.651
226,S,OG,171.79,232.529,15.082
227,E,N,173.799,234.084,13.527
227,E,CA,174.953,233.55,12.812
227,E,C,174.767,232.058,12.548
227,E,O,175.235,231.527,11.535
227,E,CB,176.237,233.784,13.607
227,E,CG,177.182,234.795,12.974
227,E,CD,177.676,235.83,13.966
227,E,OE1,176.856,236.325,14.769
227,E,OE2,178.885,236.146,13.944
228,N,N,174.076,231.39,13.464
228,N,CA,173.825,229.958,13.363
228,N,C,172.687,229.558,14.293
228,N,O,172.901,229.328,15.485
228,N,CB,175.082,229.165,13.676
228,N,CG,175.04,227.745,13.131
228,N,OD1,174.611,226.824,13.825
228,N,ND2,175.482,227.568,11.893
229,I,N,171.479,229.485,13.747
229,I,CA,170.284,229.243,14.543
229,I,C,170.403,227.952,15.355
229,I,O,169.974,227.886,16.508
229,I,CB,169.027,229.166,13.656
229,I,CG1,168.862,230.458,12.852
229,I,CG2,167.784,228.968,14.509
229,I,CD1,167.683,230.441,11.905
230,T,N,171.003,226.933,14.747
230,T,CA,171.062,225.606,15.354
230,T,C,172.104,225.555,16.467
230,T,O,172.077,224.669,17.318
230,T,CB,171.387,224.522,14.31
230,T,OG1,172.517,224.93,13.529
230,T,CG2,170.202,224.301,13.383
231,N,N,173.028,226.513,16.452
231,N,CA,174.1,226.556,17.433
231,N,C,173.722,227.436,18.62
231,N,O,173.634,228.658,18.494
231,N,CB,175.39,227.039,16.793
231,N,CG,176.426,225.938,16.635
231,N,OD1,176.207,224.811,17.078
231,N,ND2,177.547,226.258,16.005
232,N,N,173.495,226.814,19.769
232,N,CA,173.029,227.532,20.953
232,N,C,174.17,228.196,21.715
232,N,O,173.97,228.758,22.791
232,N,CB,172.255,226.598,21.865
232,N,CG,173.155,225.68,22.677
232,N,OD1,174.257,225.342,22.242
232,N,ND2,172.693,225.278,23.854
233,A,N,175.362,228.137,21.124
233,A,CA,176.503,228.906,21.592
233,A,C,176.457,230.298,20.974
233,A,O,177.199,231.194,21.372
233,A,CB,177.799,228.204,21.22
234,K,N,175.57,230.477,19.999
234,K,CA,175.359,231.775,19.371
234,K,C,174.161,232.46,20.016
234,K,O,173.695,232.039,21.068
234,K,CB,175.15,231.628,17.864
234,K,CG,176.229,230.819,17.163
234,K,CD,177.609,231.407,17.406
234,K,CE,178.686,230.604,16.694
234,K,NZ,180.054,231.069,17.054
235,N,N,173.662,233.515,19.379
235,N,CA,172.488,234.207,19.887
235,N,C,171.544,234.639,18.775
235,N,O,171.825,234.414,17.599
235,N,CB,172.901,235.406,20.722
235,N,CG,174.041,236.198,20.102
235,N,OD1,175.207,235.829,20.249
235,N,ND2,173.711,237.28,19.411
236,I,N,170.431,235.257,19.142
236,I,CA,169.399,235.572,18.16
236,I,C,169.038,237.052,18.219
236,I,O,168.784,237.596,19.292
236,I,CB,168.127,234.733,18.381
236,I,CG1,168.457,233.24,18.34
236,I,CG2,167.098,235.029,17.3
236,I,CD1,167.276,232.344,18.637
237,L,N,169.02,237.699,17.06
237,L,CA,168.541,239.072,16.961
237,L,C,167.095,239.122,16.476
237,L,O,166.767,238.6,15.413
237,L,CB,169.435,239.878,16.011
237,L,CG,170.935,239.833,16.298
237,L,CD1,171.643,238.926,15.302
237,L,CD2,171.545,241.222,16.192
238,V,N,166.241,239.751,17.272
238,V,CA,164.833,239.906,16.927
238,V,C,164.506,241.371,16.675
238,V,O,164.712,242.211,17.546
238,V,CB,163.908,239.364,18.032
238,V,CG1,162.46,239.369,17.566
238,V,CG2,164.289,237.937,18.396
239,Q,N,164.01,241.681,15.481
239,Q,CA,163.63,243.045,15.143
239,Q,C,162.116,243.156,15.038
239,Q,O,161.478,242.378,14.334
239,Q,CB,164.285,243.483,13.83
239,Q,CG,163.993,244.923,13.443
239,Q,CD,165.146,245.571,12.702
239,Q,OE1,165.96,244.733,12.063
239,Q,NE2,165.166,246.899,12.684
240,F,N,161.547,244.127,15.744
240,F,CA,160.095,244.294,15.778
240,F,C,159.545,245.002,14.547
240,F,O,160.288,245.588,13.764
240,F,CB,159.687,245.07,17.031
240,F,CG,159.952,244.334,18.314
240,F,CD1,159.75,242.968,18.398
240,F,CD2,160.405,245.007,19.435
240,F,CE1,159.995,242.29,19.576
240,F,CE2,160.651,244.332,20.615
240,F,CZ,160.444,242.972,20.687
241,N,N,158.224,244.928,14.408
241,N,CA,157.503,245.604,13.344
241,N,C,156.83,246.866,13.864
241,N,O,156.649,247.835,13.132
241,N,CB,156.484,244.67,12.712
241,N,CG,155.501,245.394,11.805
241,N,OD1,154.289,245.213,11.926
241,N,ND2,156.018,246.212,10.897
242,T,N,156.457,246.841,15.14
242,T,CA,155.736,247.951,15.746
242,T,C,156.421,248.373,17.04
242,T,O,156.755,247.53,17.872
242,T,CB,154.269,247.595,16.046
242,T,OG1,154.2,246.286,16.626
242,T,CG2,153.445,247.612,14.768
243,P,N,156.636,249.671,17.208
243,P,CA,157.246,250.167,18.443
243,P,C,156.484,249.73,19.69
243,P,O,155.268,249.907,19.767
243,P,CB,157.213,251.685,18.247
243,P,CG,157.523,251.873,16.779
243,P,CD,156.927,250.631,16.142
244,V,N,157.201,249.153,20.65
244,V,CA,156.607,248.801,21.933
244,V,C,156.987,249.845,22.978
244,V,O,158.135,249.912,23.414
244,V,CB,157.056,247.412,22.421
244,V,CG1,156.317,247.031,23.695
244,V,CG2,156.767,246.356,21.365
245,Q,N,156.013,250.663,23.369
245,Q,CA,156.255,251.754,24.307
245,Q,C,156.707,251.232,25.668
245,Q,O,156.129,250.291,26.2
245,Q,CB,154.994,252.606,24.469
245,Q,CG,153.789,251.839,24.989
245,Q,CD,152.548,252.703,25.085
245,Q,OE1,152.744,253.942,25.528
245,Q,NE2,151.419,252.168,24.631
246,I,N,157.745,251.855,26.221
246,I,CA,158.1,251.638,27.617
246,I,C,158.365,252.971,28.321
246,I,O,159.08,253.831,27.806
246,I,CB,159.343,250.739,27.757
246,I,CG1,160.5,251.297,26.924
246,I,CG2,159.039,249.328,27.275
246,I,CD1,161.807,250.563,27.128
247,N,N,157.755,253.145,29.492
247,N,CA,157.801,254.419,30.2
247,N,C,158.372,254.278,31.606
247,N,O,157.723,253.726,32.489
247,N,CB,156.417,255.041,30.254
247,N,CG,156.343,256.247,31.175
247,N,OD1,156.665,257.364,30.766
247,N,ND2,155.917,256.031,32.413
248,C,N,159.579,254.797,31.809
248,C,CA,160.307,254.557,33.051
248,C,C,160.444,255.837,33.867
248,C,O,160.607,256.927,33.319
248,C,CB,161.697,253.996,32.757
248,C,SG,161.726,252.676,31.499
249,T,N,160.374,255.704,35.191
249,T,CA,160.264,256.868,36.067
249,T,C,161.125,256.754,37.32
249,T,O,161.309,255.668,37.87
249,T,CB,158.799,257.094,36.48
249,T,OG1,158.708,258.258,37.312
249,T,CG2,158.272,255.895,37.255
250,R,N,161.652,257.896,37.754
250,R,CA,162.384,257.996,39.007
250,R,C,161.798,259.136,39.831
250,R,O,162.233,260.28,39.709
250,R,CB,163.867,258.239,38.761
250,R,CG,164.701,256.971,38.644
250,R,CD,166.18,257.287,38.51
250,R,NE,166.625,258.263,39.499
250,R,CZ,166.871,257.976,40.773
250,R,NH1,166.712,256.739,41.218
250,R,NH2,167.273,258.933,41.601
251,P,N,160.797,258.825,40.668
251,P,CA,160.02,259.836,41.384
251,P,C,160.728,260.384,42.621
251,P,O,160.247,260.196,43.737
251,P,CB,158.745,259.069,41.739
251,P,CG,159.167,257.618,41.714
251,P,CD,160.144,257.569,40.552
252,N,N,161.851,261.066,42.418
252,N,CA,162.647,261.599,43.516
252,N,C,163.13,263.019,43.224
252,N,O,164.122,263.207,42.522
252,N,CB,163.823,260.686,43.81
252,N,CG,164.382,260.869,45.212
252,N,OD1,164.201,261.924,45.823
252,N,ND2,165.054,259.847,45.726
253,N,N,162.423,264.008,43.759
253,N,CA,162.828,265.402,43.592
253,N,C,163.999,265.732,44.514
253,N,O,163.856,266.506,45.46
253,N,CB,161.657,266.337,43.85
253,N,CG,161.607,267.504,42.879
253,N,OD1,162.612,268.182,42.665
253,N,ND2,160.442,267.741,42.29
254,N,N,165.151,265.13,44.235
254,N,CA,166.326,265.276,45.084
254,N,C,167.226,266.439,44.682
254,N,O,167.203,266.894,43.533
254,N,CB,167.119,263.982,45.091
254,N,CG,167.714,263.641,43.734
254,N,OD1,168.811,264.095,43.403
254,N,ND2,167.001,262.844,42.95
255,T,N,168.019,266.912,45.635
255,T,CA,168.851,268.095,45.448
255,T,C,170.311,267.691,45.24
255,T,O,170.66,266.518,45.365
255,T,CB,168.761,269.057,46.646
255,T,OG1,168.726,268.304,47.865
255,T,CG2,167.501,269.905,46.555
256,R,N,171.15,268.664,44.908
256,R,CA,172.557,268.388,44.664
256,R,C,173.474,269.238,45.545
256,R,O,173.935,270.302,45.137
256,R,CB,172.895,268.643,43.2
256,R,CG,174.292,268.198,42.794
256,R,CD,174.656,268.701,41.405
256,R,NE,174.017,267.915,40.354
256,R,CZ,173.579,268.42,39.205
256,R,NH1,173.708,269.715,38.959
256,R,NH2,173.009,267.628,38.307
257,K,N,173.719,268.761,46.761
257,K,CA,174.632,269.445,47.673
257,K,C,176.052,269.34,47.146
257,K,O,176.845,268.531,47.628
257,K,CB,174.539,268.859,49.083
257,K,CG,175.131,269.747,50.164
257,K,CD,174.596,269.377,51.537
257,K,CE,174.788,270.512,52.531
257,K,NZ,173.669,270.589,53.508
258,S,N,176.375,270.156,46.147
258,S,CA,177.725,270.183,45.605
258,S,C,178.746,270.608,46.656
258,S,O,178.514,271.555,47.407
258,S,CB,177.788,271.125,44.419
258,S,OG,177.166,272.372,44.707
259,I,N,179.874,269.902,46.713
259,I,CA,180.885,270.184,47.72
259,I,C,182.187,270.591,47.028
259,I,O,182.665,269.894,46.131
259,I,CB,181.158,268.976,48.635
259,I,CG1,181.423,267.721,47.8
259,I,CG2,179.963,268.709,49.537
259,I,CD1,182.159,266.633,48.546
260,R,N,182.743,271.72,47.441
260,R,CA,183.944,272.244,46.812
260,R,C,185.216,271.51,47.235
260,R,O,186.06,272.062,47.933
260,R,CB,184.1,273.725,47.13
260,R,CG,182.962,274.6,46.624
260,R,CD,182.939,275.948,47.323
260,R,NE,181.92,276.835,46.772
260,R,CZ,182.01,277.427,45.583
260,R,NH1,183.076,277.227,44.821
260,R,NH2,181.033,278.219,45.164
261,I,N,185.379,270.278,46.766
261,I,CA,186.581,269.51,47.075
261,I,C,187.701,269.922,46.115
261,I,O,188.09,269.156,45.235
261,I,CB,186.356,267.992,46.964
261,I,CG1,185.972,267.612,45.531
261,I,CG2,185.239,267.547,47.895
261,I,CD1,186.163,266.145,45.217
262,G,N,188.208,271.141,46.29
262,G,CA,189.262,271.681,45.445
262,G,C,190.604,270.972,45.504
262,G,O,190.669,269.767,45.743
263,P,N,191.678,271.727,45.277
263,P,CA,191.568,273.148,45.001
263,P,C,190.933,273.391,43.632
263,P,O,191.274,272.716,42.659
263,P,CB,193.017,273.636,45.063
263,P,CG,193.803,272.546,44.37
263,P,CD,193.248,271.277,44.993
264,G,N,189.906,274.242,43.589
264,G,CA,189.373,274.667,42.31
264,G,C,188.267,273.787,41.772
264,G,O,187.145,274.239,41.557
265,Q,N,188.586,272.524,41.509
265,Q,CA,187.621,271.57,40.97
265,Q,C,186.484,271.317,41.961
265,Q,O,186.709,271.238,43.172
265,Q,CB,188.323,270.261,40.6
265,Q,CG,188.812,269.461,41.796
265,Q,CD,189.465,268.153,41.393
265,Q,OE1,190.397,268.246,40.448
265,Q,NE2,189.113,267.077,42.086
266,A,N,185.273,271.113,41.434
266,A,CA,184.097,270.905,42.274
266,A,C,183.469,269.527,42.109
266,A,O,183.508,268.946,41.031
266,A,CB,183.076,272.007,42.016
267,F,N,182.9,269.003,43.189
267,F,CA,182.291,267.686,43.165
267,F,C,180.803,267.846,43.424
267,F,O,180.388,268.635,44.274
267,F,CB,182.92,266.765,44.21
267,F,CG,182.284,265.406,44.284
267,F,CD1,181.946,264.719,43.13
267,F,CD2,182.026,264.812,45.508
267,F,CE1,181.364,263.47,43.198
267,F,CE2,181.443,263.56,45.578
267,F,CZ,181.111,262.888,44.421
268,Y,N,179.996,267.084,42.699
268,Y,CA,178.552,267.11,42.915
268,Y,C,178.092,265.903,43.721
268,Y,O,177.912,264.812,43.177
268,Y,CB,177.814,267.17,41.58
268,Y,CG,177.783,268.548,40.954
268,Y,CD1,176.929,269.53,41.44
268,Y,CD2,178.61,268.861,39.882
268,Y,CE1,176.897,270.79,40.876
268,Y,CE2,178.59,270.117,39.306
268,Y,CZ,177.734,271.081,39.805
268,Y,OH,177.707,272.334,39.239
269,A,N,177.915,266.105,45.021
269,A,CA,177.437,265.048,45.904
269,A,C,175.919,264.954,45.885
269,A,O,175.25,265.774,45.257
269,A,CB,177.926,265.285,47.324
270,T,N,175.363,263.976,46.582
270,T,CA,173.91,263.855,46.662
270,T,C,173.333,264.572,47.879
270,T,O,173.656,264.242,49.015
270,T,CB,173.484,262.375,46.701
270,T,OG1,173.923,261.718,45.505
270,T,CG2,171.972,262.259,46.801
271,G,N,172.472,265.552,47.626
271,G,CA,171.882,266.355,48.68
271,G,C,170.894,265.631,49.575
271,G,O,171.285,264.845,50.438
272,D,N,169.611,265.895,49.369
272,D,CA,168.54,265.232,50.101
272,D,C,167.535,264.632,49.128
272,D,O,167.385,265.104,48.002
272,D,CB,167.834,266.211,51.043
272,D,CG,168.68,266.573,52.247
272,D,OD1,168.838,265.716,53.142
272,D,OD2,169.185,267.713,52.296
273,I,N,166.847,263.579,49.563
273,I,CA,165.827,262.947,48.744
273,I,C,164.428,263.2,49.298
273,I,O,164.099,262.764,50.4
273,I,CB,166.058,261.429,48.636
273,I,CG1,166.245,260.816,50.026
273,I,CG2,167.3,261.135,47.809
273,I,CD1,165.993,259.327,50.076
274,I,N,163.611,263.91,48.525
274,I,CA,162.263,264.257,48.955
274,I,C,161.249,263.992,47.845
274,I,O,161.614,263.823,46.683
274,I,CB,162.168,265.732,49.383
274,I,CG1,162.565,266.651,48.226
274,I,CG2,163.095,266.009,50.558
274,I,CD1,161.431,267.504,47.704
275,G,N,159.971,263.953,48.21
275,G,CA,158.927,263.639,47.254
275,G,C,158.349,262.247,47.409
275,G,O,158.327,261.69,48.508
276,D,N,157.889,261.682,46.301
276,D,CA,157.207,260.396,46.316
276,D,C,158.188,259.235,46.437
276,D,O,158.592,258.641,45.438
276,D,CB,156.368,260.222,45.045
276,D,CG,155.498,261.427,44.754
276,D,OD1,154.835,261.924,45.69
276,D,OD2,155.476,261.876,43.589
277,I,N,158.56,258.912,47.672
277,I,CA,159.585,257.903,47.919
277,I,C,159.077,256.54,47.478
277,I,O,158.717,255.695,48.303
277,I,CB,159.991,257.836,49.403
277,I,CG1,160.708,259.121,49.82
277,I,CG2,160.927,256.662,49.645
277,I,CD1,161.92,259.446,48.977
278,R,N,159.119,256.294,46.172
278,R,CA,158.821,254.976,45.613
278,R,C,160.029,254.488,44.804
278,R,O,160.831,255.295,44.343
278,R,CB,157.585,255.019,44.722
278,R,CG,156.41,255.779,45.32
278,R,CD,155.466,256.285,44.241
278,R,NE,154.247,256.857,44.803
278,R,CZ,153.552,257.84,44.237
278,R,NH1,153.959,258.364,43.091
278,R,NH2,152.454,258.296,44.823
279,Q,N,160.16,253.177,44.635
279,Q,CA,161.261,252.607,43.87
279,Q,C,161.069,252.962,42.41
279,Q,O,159.951,252.92,41.906
279,Q,CB,161.338,251.087,44.051
279,Q,CG,162.282,250.396,43.083
279,Q,CD,162.193,248.885,43.166
279,Q,OE1,161.027,248.401,43.587
279,Q,NE2,163.245,248.206,42.72
280,A,N,162.149,253.308,41.722
280,A,CA,162.033,253.594,40.304
280,A,C,161.615,252.324,39.587
280,A,O,161.975,251.223,39.998
280,A,CB,163.351,254.111,39.755
281,H,N,160.85,252.49,38.514
281,H,CA,160.261,251.367,37.811
281,H,C,159.876,251.759,36.396
281,H,O,159.873,252.936,36.043
281,H,CB,159.032,250.841,38.557
281,H,CG,158.0,251.89,38.834
281,H,ND1,157.941,252.581,40.025
281,H,CD2,156.985,252.365,38.075
281,H,CE1,156.935,253.434,39.984
281,H,NE2,156.339,253.325,38.815
282,C,N,159.54,250.755,35.593
282,C,CA,159.093,250.988,34.233
282,C,C,157.671,250.472,34.024
282,C,O,157.266,249.471,34.604
282,C,CB,160.027,250.311,33.233
282,C,SG,161.685,251.063,33.12
283,N,N,156.931,251.182,33.189
283,N,CA,155.581,250.794,32.79
283,N,C,155.501,250.267,31.364
283,N,O,155.883,250.947,30.418
283,N,CB,154.631,251.963,32.963
283,N,CG,153.207,251.643,32.533
283,N,OD1,152.4,251.19,33.345
283,N,ND2,152.896,251.88,31.265
284,V,N,154.995,249.046,31.232
284,V,CA,154.875,248.393,29.941
284,V,C,153.415,248.02,29.706
284,V,O,152.759,247.485,30.598
284,V,CB,155.741,247.125,29.835
284,V,CG1,155.513,246.431,28.501
284,V,CG2,157.217,247.477,29.945
285,S,N,152.931,248.32,28.5
285,S,CA,151.623,247.876,28.039
285,S,C,151.616,246.364,27.841
285,S,O,152.209,245.845,26.892
285,S,CB,151.252,248.572,26.743
285,S,OG,150.996,249.955,26.947
286,K,N,150.936,245.675,28.747
286,K,CA,150.946,244.221,28.81
286,K,C,150.37,243.505,27.588
286,K,O,150.993,242.591,27.05
286,K,CB,150.186,243.769,30.06
286,K,CG,150.135,242.262,30.24
286,K,CD,148.757,241.713,29.906
286,K,CE,148.39,240.549,30.811
286,K,NZ,149.334,239.407,30.657
287,A,N,149.177,243.91,27.16
287,A,CA,148.564,243.315,25.98
287,A,C,149.444,243.484,24.742
287,A,O,149.542,242.575,23.917
287,A,CB,147.19,243.919,25.738
288,T,N,150.078,244.644,24.626
288,T,CA,151.002,244.91,23.529
288,T,C,152.185,243.946,23.537
288,T,O,152.537,243.37,22.509
288,T,CB,151.53,246.356,23.587
288,T,OG1,150.457,247.27,23.334
288,T,CG2,152.615,246.569,22.543
289,W,N,152.793,243.773,24.705
289,W,CA,153.88,242.813,24.864
289,W,C,153.454,241.402,24.479
289,W,O,154.191,240.693,23.793
289,W,CB,154.376,242.818,26.311
289,W,CG,155.794,242.355,26.462
289,W,CD1,156.215,241.141,26.918
289,W,CD2,156.975,243.106,26.157
289,W,NE1,157.588,241.084,26.917
289,W,CE2,158.077,242.28,26.453
289,W,CE3,157.206,244.392,25.663
289,W,CZ2,159.395,242.699,26.271
289,W,CZ3,158.512,244.808,25.483
289,W,CH2,159.594,243.966,25.786
290,N,N,152.284,240.994,24.946
290,N,CA,151.801,239.648,24.692
290,N,C,151.614,239.434,23.204
290,N,O,152.046,238.43,22.642
290,N,CB,150.509,239.384,25.443
290,N,CG,150.736,238.951,26.883
290,N,OD1,150.606,237.77,27.207
290,N,ND2,151.077,239.899,27.747
291,E,N,150.968,240.404,22.571
291,E,CA,150.723,240.378,21.137
291,E,C,152.0,240.27,20.307
291,E,O,152.117,239.403,19.442
291,E,CB,149.953,241.63,20.722
291,E,CG,148.504,241.652,21.183
291,E,CD,147.809,240.319,20.985
291,E,OE1,147.857,239.784,19.857
291,E,OE2,147.217,239.808,21.959
292,T,N,152.953,241.155,20.571
292,T,CA,154.221,241.145,19.848
292,T,C,155.0,239.856,20.115
292,T,O,155.594,239.286,19.203
292,T,CB,155.096,242.353,20.228
292,T,OG1,154.319,243.554,20.155
292,T,CG2,156.279,242.473,19.28
293,L,N,155.017,239.426,21.37
293,L,CA,155.764,238.236,21.727
293,L,C,155.25,237.085,20.887
293,L,O,156.028,236.29,20.355
293,L,CB,155.616,237.916,23.22
293,L,CG,156.835,238.203,24.095
293,L,CD1,157.322,239.627,23.882
293,L,CD2,156.494,238.033,25.566
294,G,N,153.933,237.008,20.763
294,G,CA,153.308,235.987,19.952
294,G,C,153.832,236.042,18.535
294,G,O,154.164,235.013,17.947
295,K,N,153.918,237.245,17.981
295,K,CA,154.382,237.39,16.606
295,K,C,155.807,236.858,16.483
295,K,O,156.167,236.252,15.471
295,K,CB,154.318,238.85,16.16
295,K,CG,154.139,239.036,14.662
295,K,CD,154.113,240.508,14.285
295,K,CE,153.603,240.706,12.866
295,K,NZ,152.12,240.602,12.789
296,V,N,156.607,237.085,17.515
296,V,CA,157.964,236.553,17.571
296,V,C,157.957,235.027,17.574
296,V,O,158.73,234.395,16.851
296,V,CB,158.717,237.057,18.816
296,V,CG1,160.19,236.685,18.737
296,V,CG2,158.61,238.571,18.927
297,V,N,157.072,234.439,18.378
297,V,CA,156.982,232.987,18.494
297,V,C,156.588,232.346,17.162
297,V,O,157.011,231.231,16.846
297,V,CB,155.966,232.572,19.572
297,V,CG1,155.989,231.065,19.776
297,V,CG2,156.295,233.238,20.9
298,K,N,155.842,233.086,16.352
298,K,CA,155.414,232.576,15.068
298,K,C,156.671,232.27,14.258
298,K,O,156.697,231.327,13.465
298,K,CB,154.518,233.581,14.339
298,K,CG,153.219,233.892,15.062
298,K,CD,152.462,232.622,15.411
298,K,CE,151.137,232.937,16.088
298,K,NZ,151.324,233.344,17.508
299,Q,N,157.71,233.066,14.465
299,Q,CA,158.889,233.003,13.618
299,Q,C,159.772,231.846,14.052
299,Q,O,160.351,231.148,13.22
299,Q,CB,159.672,234.32,13.672
299,Q,CG,158.812,235.558,13.474
299,Q,CD,157.854,235.416,12.307
299,Q,OE1,158.404,235.046,11.155
299,Q,NE2,156.564,235.58,12.582
300,L,N,159.606,231.941,15.481
300,L,CA,160.352,230.812,16.02
300,L,C,159.78,229.489,15.527
300,L,O,160.522,228.565,15.203
300,L,CB,160.335,230.848,17.555
300,L,CG,160.488,232.225,18.198
300,L,CD1,160.567,232.1,19.712
300,L,CD2,161.758,232.907,17.711
301,R,N,158.459,229.4,15.466
301,R,CA,157.828,228.178,15.003
301,R,C,158.399,227.829,13.633
301,R,O,158.911,226.731,13.415
301,R,CB,156.316,228.335,14.914
301,R,CG,155.619,227.254,14.098
301,R,CD,155.4,227.693,12.661
301,R,NE,154.651,228.943,12.577
301,R,CZ,153.328,229.029,12.674
301,R,NH1,152.604,227.935,12.855
301,R,NH2,152.732,230.21,12.586
302,K,N,158.313,228.787,12.72
302,K,CA,158.867,228.653,11.379
302,K,C,160.312,228.165,11.322
302,K,O,160.765,227.701,10.275
302,K,CB,158.758,229.992,10.65
302,K,CG,157.339,230.376,10.265
302,K,CD,156.831,229.531,9.107
302,K,CE,157.571,229.856,7.82
302,K,NZ,157.027,229.098,6.66
303,H,N,161.328,227.992,12.314
303,H,CA,162.714,227.549,12.312
303,H,C,162.967,226.423,13.316
303,H,O,164.119,226.081,13.595
303,H,CB,163.648,228.725,12.615
303,H,CG,163.663,229.775,11.549
303,H,ND1,162.756,230.812,11.511
303,H,CD2,164.474,229.947,10.478
303,H,CE1,163.01,231.575,10.463
303,H,NE2,164.045,231.074,9.822
304,F,N,161.896,225.869,13.868
304,F,CA,162.019,224.819,14.864
304,F,C,160.936,223.752,14.752
304,F,O,161.109,222.633,15.231
304,F,CB,161.984,225.431,16.268
304,F,CG,163.162,226.307,16.575
304,F,CD1,164.442,225.782,16.623
304,F,CD2,162.994,227.66,16.817
304,F,CE1,165.527,226.588,16.905
304,F,CE2,164.077,228.47,17.1
304,F,CZ,165.346,227.933,17.145
305,G,N,159.82,224.1,14.128
305,G,CA,158.823,223.104,13.799
305,G,C,157.408,223.482,14.193
305,G,O,157.191,224.411,14.97
306,N,N,156.444,222.75,13.651
306,N,CA,155.041,223.041,13.885
306,N,C,154.513,222.17,15.015
306,N,O,153.307,221.984,15.158
306,N,CB,154.225,222.842,12.618
306,N,CG,153.171,223.918,12.414
306,N,OD1,153.443,225.103,12.613
306,N,ND2,151.972,223.512,12.019
307,N,N,155.43,221.632,15.813
307,N,CA,155.053,220.818,16.965
307,N,C,156.076,220.897,18.094
307,N,O,156.491,219.876,18.641
307,N,CB,154.844,219.376,16.54
307,N,CG,153.942,218.601,17.488
307,N,OD1,154.337,217.558,18.009
307,N,ND2,152.737,219.108,17.715
308,T,N,156.481,222.116,18.442
308,T,CA,157.431,222.325,19.527
308,T,C,156.908,223.346,20.538
308,T,O,155.959,224.078,20.262
308,T,CB,158.796,222.797,18.993
308,T,OG1,159.768,222.745,20.044
308,T,CG2,158.702,224.227,18.48
309,I,N,157.538,223.386,21.708
309,I,CA,157.081,224.249,22.791
309,I,C,158.103,225.343,23.093
309,I,O,159.296,225.073,23.218
309,I,CB,156.81,223.445,24.076
309,I,CG1,155.745,222.376,23.821
309,I,CG2,156.315,224.361,25.185
309,I,CD1,156.313,221.018,23.475
310,I,N,157.622,226.576,23.207
310,I,CA,158.493,227.726,23.401
310,I,C,158.276,228.35,24.777
310,I,O,157.174,228.784,25.107
310,I,CB,158.265,228.798,22.32
310,I,CG1,158.905,228.368,20.999
310,I,CG2,158.88,230.122,22.744
310,I,CD1,157.925,227.783,20.005
311,R,N,159.34,228.395,25.578
311,R,CA,159.272,229.016,26.896
311,R,C,160.244,230.184,27.017
311,R,O,161.351,230.145,26.477
311,R,CB,159.582,227.993,27.981
311,R,CG,158.818,226.683,27.845
311,R,CD,159.464,225.573,28.657
311,R,NE,159.031,225.59,30.051
311,R,CZ,157.938,224.981,30.501
311,R,NH1,157.161,224.31,29.664
311,R,NH2,157.623,225.051,31.787
312,F,N,159.821,231.224,27.729
312,F,CA,160.664,232.389,27.959
312,F,C,160.951,232.567,29.455
312,F,O,160.05,232.468,30.281
312,F,CB,159.998,233.651,27.408
312,F,CG,159.916,233.686,25.909
312,F,CD1,161.044,233.927,25.144
312,F,CD2,158.709,233.475,25.261
312,F,CE1,160.969,233.958,23.765
312,F,CE2,158.631,233.507,23.882
312,F,CZ,159.762,233.748,23.133
313,A,N,162.214,232.823,29.777
313,A,CA,162.633,232.987,31.162
313,A,C,163.711,234.059,31.267
313,A,O,164.194,234.556,30.25
313,A,CB,163.131,231.668,31.728
314,N,N,164.08,234.417,32.492
314,N,CA,165.145,235.388,32.71
314,N,C,166.531,234.775,32.55
314,N,O,166.666,233.597,32.219
314,N,CB,165.003,236.021,34.084
314,N,CG,164.999,235.001,35.21
314,N,OD1,163.942,234.508,35.602
314,N,ND2,166.177,234.68,35.73
315,S,N,167.564,235.586,32.78
315,S,CA,168.942,235.187,32.521
315,S,C,169.449,234.15,33.517
315,S,O,168.744,233.771,34.454
315,S,CB,169.846,236.402,32.554
315,S,OG,169.68,237.211,31.396
316,S,N,170.683,233.692,33.302
316,S,CA,171.3,232.705,34.176
316,S,C,171.793,233.335,35.473
316,S,O,172.196,232.635,36.405
316,S,CB,172.456,232.032,33.461
316,S,OG,173.618,232.853,33.459
317,G,N,171.761,234.663,35.53
317,G,CA,172.237,235.39,36.692
317,G,C,173.729,235.666,36.637
317,G,O,174.396,235.334,35.655
318,G,N,174.25,236.281,37.695
318,G,CA,175.657,236.632,37.751
318,G,C,175.89,238.127,37.836
318,G,O,175.291,238.813,38.669
319,D,N,176.763,238.634,36.973
319,D,CA,177.066,240.059,36.93
319,D,C,175.822,240.889,36.634
319,D,O,175.164,240.699,35.611
319,D,CB,178.143,240.345,35.879
319,D,CG,178.781,241.708,36.057
319,D,OD1,178.078,242.723,35.878
319,D,OD2,179.987,241.76,36.377
320,L,N,175.503,241.815,37.536
320,L,CA,174.279,242.602,37.43
320,L,C,174.147,243.217,36.039
320,L,O,173.049,243.306,35.49
320,L,CB,174.263,243.707,38.495
320,L,CG,173.198,244.788,38.327
320,L,CD1,171.812,244.166,38.27
320,L,CD2,173.233,245.765,39.493
321,E,N,175.274,243.637,35.476
321,E,CA,175.28,244.298,34.177
321,E,C,174.677,243.417,33.085
321,E,O,174.031,243.91,32.165
321,E,CB,176.708,244.696,33.79
321,E,CG,177.183,245.992,34.425
321,E,CD,176.756,247.215,33.635
321,E,OE1,176.817,247.169,32.387
321,E,OE2,176.361,248.22,34.264
322,V,N,174.894,242.109,33.196
322,V,CA,174.312,241.159,32.256
322,V,C,172.958,240.645,32.741
322,V,O,172.023,240.484,31.952
322,V,CB,175.251,239.962,32.019
322,V,CG1,174.717,239.08,30.901
322,V,CG2,176.639,240.443,31.627
323,T,N,172.85,240.399,34.041
323,T,CA,171.625,239.864,34.624
323,T,C,170.401,240.713,34.307
323,T,O,169.371,240.192,33.873
323,T,CB,171.765,239.733,36.151
323,T,OG1,171.964,241.028,36.731
323,T,CG2,172.951,238.848,36.503
324,T,N,170.503,242.02,34.534
324,T,CA,169.36,242.909,34.346
324,T,C,169.478,243.763,33.088
324,T,O,170.512,243.754,32.415
324,T,CB,169.183,243.831,35.565
324,T,OG1,170.245,244.793,35.601
324,T,CG2,169.207,243.022,36.853
325,H,N,168.414,244.496,32.783
325,H,CA,168.405,245.409,31.647
325,H,C,169.007,246.757,32.049
325,H,O,168.454,247.473,32.886
325,H,CB,166.98,245.612,31.117
325,H,CG,166.788,246.904,30.388
325,H,ND1,167.11,247.064,29.057
325,H,CD2,166.311,248.1,30.805
325,H,CE1,166.838,248.302,28.689
325,H,NE2,166.353,248.952,29.728
326,S,N,170.148,247.084,31.455
326,S,CA,170.814,248.351,31.728
326,S,C,170.567,249.347,30.607
326,S,O,170.565,248.977,29.437
326,S,CB,172.306,248.129,31.904
326,S,OG,172.93,249.25,32.515
327,F,N,170.355,250.612,30.966
327,F,CA,170.21,251.673,29.972
327,F,C,170.366,253.049,30.61
327,F,O,170.233,253.199,31.826
327,F,CB,168.848,251.578,29.28
327,F,CG,167.738,252.251,30.035
327,F,CD1,167.322,253.527,29.693
327,F,CD2,167.103,251.607,31.083
327,F,CE1,166.299,254.145,30.386
327,F,CE2,166.08,252.224,31.778
327,F,CZ,165.677,253.494,31.429
328,N,N,170.649,254.052,29.782
328,N,CA,170.82,255.417,30.258
328,N,C,169.603,256.274,29.941
328,N,O,169.122,256.293,28.807
328,N,CB,172.074,256.032,29.67
328,N,CG,173.327,255.719,30.474
328,N,OD1,174.387,255.466,29.901
328,N,ND2,173.212,255.74,31.796
329,C,N,169.102,256.99,30.945
329,C,CA,168.075,258.001,30.73
329,C,C,168.449,259.312,31.412
329,C,O,168.375,259.427,32.634
329,C,CB,166.72,257.509,31.243
329,C,SG,166.772,256.75,32.9
330,G,N,168.853,260.292,30.614
330,G,CA,169.134,261.627,31.119
330,G,C,170.41,261.707,31.932
330,G,O,170.606,262.649,32.7
331,G,N,171.285,260.72,31.765
331,G,CA,172.517,260.659,32.528
331,G,C,172.469,259.64,33.652
331,G,O,173.509,259.208,34.154
332,E,N,171.261,259.259,34.055
332,E,CA,171.088,258.267,35.109
332,E,C,171.102,256.853,34.532
332,E,O,170.615,256.616,33.429
332,E,CB,169.776,258.509,35.86
332,E,CG,169.503,257.506,36.969
332,E,CD,170.602,257.485,38.015
332,E,OE1,170.632,258.399,38.865
332,E,OE2,171.432,256.551,37.984
333,F,N,171.666,255.917,35.289
333,F,CA,171.82,254.55,34.818
333,F,C,170.857,253.618,35.541
333,F,O,170.887,253.511,36.764
333,F,CB,173.265,254.078,34.996
333,F,CG,174.27,254.91,34.254
333,F,CD1,174.451,256.247,34.568
333,F,CD2,175.039,254.358,33.245
333,F,CE1,175.376,257.013,33.884
333,F,CE2,175.964,255.121,32.56
333,F,CZ,176.133,256.451,32.88
334,F,N,170.002,252.952,34.772
334,F,CA,168.974,252.084,35.34
334,F,C,169.314,250.61,35.173
334,F,O,169.898,250.2,34.173
334,F,CB,167.622,252.372,34.689
334,F,CG,167.651,252.336,33.187
334,F,CD1,168.06,253.442,32.461
334,F,CD2,167.274,251.197,32.498
334,F,CE1,168.089,253.409,31.08
334,F,CE2,167.301,251.16,31.117
334,F,CZ,167.709,252.268,30.407
335,Y,N,168.951,249.82,36.178
335,Y,CA,169.064,248.369,36.128
335,Y,C,167.72,247.769,36.517
335,Y,O,167.317,247.826,37.677
335,Y,CB,170.181,247.869,37.044
335,Y,CG,171.547,248.428,36.71
335,Y,CD1,171.921,249.695,37.14
335,Y,CD2,172.458,247.688,35.968
335,Y,CE1,173.167,250.213,36.842
335,Y,CE2,173.708,248.189,35.66
335,Y,CZ,174.06,249.451,36.098
335,Y,OH,175.302,249.961,35.797
336,C,N,167.03,247.193,35.537
336,C,CA,165.666,246.707,35.743
336,C,C,165.509,245.193,35.641
336,C,O,166.124,244.54,34.798
336,C,CB,164.732,247.361,34.728
336,C,SG,164.957,249.16,34.542
337,N,N,164.663,244.656,36.512
337,N,CA,164.385,243.227,36.588
337,N,C,163.375,242.806,35.529
337,N,O,162.163,242.914,35.741
337,N,CB,163.896,242.85,37.973
337,N,CG,165.02,242.728,38.99
337,N,OD1,165.813,241.788,38.93
337,N,ND2,165.095,243.673,39.917
338,T,N,163.86,242.327,34.389
338,T,CA,162.999,242.055,33.248
338,T,C,162.293,240.709,33.361
338,T,O,161.683,240.236,32.402
338,T,CB,163.802,242.094,31.935
338,T,OG1,165.01,241.34,32.086
338,T,CG2,164.157,243.527,31.572
339,S,N,162.381,240.092,34.538
339,S,CA,161.629,238.878,34.816
339,S,C,160.139,239.102,34.572
339,S,O,159.421,238.184,34.171
339,S,CB,161.857,238.435,36.251
339,S,OG,162.213,237.06,36.321
340,G,N,159.684,240.33,34.806
340,G,CA,158.29,240.68,34.608
340,G,C,157.859,240.644,33.152
340,G,O,156.669,240.603,32.849
341,L,N,158.834,240.665,32.249
341,L,CA,158.554,240.557,30.822
341,L,C,158.783,239.137,30.325
341,L,O,157.883,238.506,29.766
341,L,CB,159.44,241.532,30.031
341,L,CG,159.135,243.016,30.215
341,L,CD1,160.131,243.864,29.44
341,L,CD2,157.739,243.346,29.71
342,F,N,160.013,238.661,30.502
342,F,CA,160.43,237.348,30.028
342,F,C,159.989,236.224,30.952
342,F,O,160.82,235.528,31.539
342,F,CB,161.952,237.306,29.869
342,F,CG,162.508,238.44,29.058
342,F,CD1,162.234,238.544,27.705
342,F,CD2,163.306,239.406,29.647
342,F,CE1,162.745,239.587,26.959
342,F,CE2,163.819,240.451,28.902
342,F,CZ,163.538,240.542,27.556
343,N,N,158.68,236.017,31.023
343,N,CA,158.097,234.932,31.807
343,N,C,156.838,234.377,31.142
343,N,O,155.724,234.759,31.496
343,N,CB,157.798,235.392,33.218
343,N,CG,157.35,234.262,34.133
343,N,OD1,158.04,233.251,34.255
343,N,ND2,156.204,234.431,34.781
344,S,N,157.011,233.478,30.177
344,S,CA,155.877,232.976,29.416
344,S,C,156.236,231.632,28.791
344,S,O,157.313,231.09,29.041
344,S,CB,155.481,233.965,28.341
344,S,OG,154.692,235.026,28.867
345,T,N,155.031,231.42,28.009
345,T,CA,155.172,230.136,27.34
345,T,C,154.192,230.039,26.181
345,T,O,153.174,230.724,26.161
345,T,CB,154.939,228.955,28.298
345,T,OG1,155.223,227.723,27.623
345,T,CG2,153.495,228.934,28.774
346,W,N,154.507,229.184,25.214
346,W,CA,153.567,228.883,24.141
346,W,C,153.513,227.395,23.834
346,W,O,154.509,226.68,23.975
346,W,CB,153.952,229.647,22.873
346,W,CG,153.356,231.019,22.794
346,W,CD1,152.21,231.38,22.144
346,W,CD2,153.879,232.215,23.385
346,W,NE1,151.985,232.725,22.293
346,W,CE2,152.997,233.262,23.052
346,W,CE3,155.005,232.499,24.163
346,W,CZ2,153.205,234.576,23.471
346,W,CZ3,155.211,233.801,24.576
346,W,CH2,154.317,234.828,24.232
347,I,N,152.344,226.936,23.413
347,I,CA,152.057,225.51,23.348
347,I,C,152.765,224.865,22.156
347,I,O,153.933,225.152,21.897
347,I,CB,150.545,225.238,23.243
347,I,CG1,149.936,226.051,22.098
347,I,CG2,149.842,225.626,24.535
347,I,CD1,148.463,225.789,21.88
348,S,N,152.058,223.998,21.434
348,S,CA,152.669,223.205,20.376
348,S,C,152.319,223.725,18.991
348,S,O,153.117,223.608,18.058
348,S,CB,152.234,221.759,20.501
348,S,OG,150.823,221.647,20.647
349,N,N,151.129,224.3,18.84
349,N,CA,150.723,224.796,17.532
349,N,C,149.565,225.787,17.631
349,N,O,149.586,226.845,17.004
349,N,CB,150.35,223.636,16.624
349,N,CG,149.775,224.085,15.291
349,N,OD1,148.761,223.556,14.838
349,N,ND2,150.417,225.062,14.663
350,D,N,145.823,246.099,30.442
350,D,CA,146.679,245.776,31.585
350,D,C,148.105,246.253,31.353
350,D,O,148.491,246.561,30.225
350,D,CB,146.68,244.268,31.849
350,D,CG,145.742,243.873,32.972
350,D,OD1,144.973,244.74,33.437
350,D,OD2,145.777,242.696,33.388
351,S,N,148.888,246.311,32.426
351,S,CA,150.247,246.839,32.335
351,S,C,151.2,246.093,33.263
351,S,O,150.769,245.432,34.21
351,S,CB,150.255,248.318,32.674
351,S,OG,150.276,248.534,34.079
352,I,N,152.494,246.206,32.985
352,I,CA,153.509,245.521,33.779
352,I,C,154.438,246.522,34.453
352,I,O,154.931,247.455,33.81
352,I,CB,154.345,244.556,32.919
352,I,CG1,153.432,243.658,32.083
352,I,CG2,155.214,243.673,33.802
352,I,CD1,153.883,243.493,30.65
353,T,N,154.673,246.329,35.742
353,T,CA,155.618,247.155,36.489
353,T,C,156.959,246.442,36.653
353,T,O,157.023,245.336,37.194
353,T,CB,155.071,247.526,37.879
353,T,OG1,153.789,248.152,37.74
353,T,CG2,156.014,248.486,38.585
354,L,N,158.029,247.077,36.181
354,L,CA,159.37,246.508,36.283
354,L,C,160.219,247.249,37.315
354,L,O,160.572,248.406,37.113
354,L,CB,160.064,246.553,34.917
354,L,CG,159.466,245.665,33.825
354,L,CD1,159.767,246.235,32.448
354,L,CD2,160.045,244.262,33.896
355,P,N,160.545,246.572,38.426
355,P,CA,161.401,247.138,39.483
355,P,C,162.795,247.483,38.97
355,P,O,163.442,246.638,38.351
355,P,CB,161.43,246.022,40.53
355,P,CG,161.331,244.75,39.717
355,P,CD,160.522,245.182,38.507
356,C,N,163.254,248.704,39.224
356,C,CA,164.575,249.12,38.78
356,C,C,165.46,249.62,39.922
356,C,O,164.967,249.998,40.987
356,C,CB,164.455,250.226,37.728
356,C,SG,163.811,249.666,36.119
357,R,N,166.765,249.628,39.68
357,R,CA,167.728,250.1,40.66
357,R,C,168.579,251.177,40.011
357,R,O,168.707,251.224,38.793
357,R,CB,168.613,248.967,41.16
357,R,CG,167.853,247.803,41.779
357,R,CD,168.756,246.603,42.009
357,R,NE,168.921,246.304,43.429
357,R,CZ,169.999,245.729,43.952
357,R,NH1,171.013,245.386,43.17
357,R,NH2,170.057,245.496,45.257
358,I,N,169.161,252.05,40.827
358,I,CA,169.997,253.125,40.307
358,I,C,171.432,252.947,40.757
358,I,O,171.688,252.666,41.926
358,I,CB,169.494,254.508,40.756
358,I,CG1,168.41,255.018,39.804
358,I,CG2,170.636,255.513,40.766
358,I,CD1,167.1,254.27,39.913
359,K,N,172.373,253.115,39.839
359,K,CA,173.774,253.032,40.2
359,K,C,174.452,254.337,39.835
359,K,O,173.992,255.041,38.935
359,K,CB,174.462,251.856,39.502
359,K,CG,175.262,250.963,40.436
359,K,CD,176.258,250.113,39.665
359,K,CE,177.211,249.389,40.605
359,K,NZ,178.307,248.706,39.864
360,Q,N,175.535,254.677,40.52
360,Q,CA,176.264,255.887,40.172
360,Q,C,177.667,255.574,39.666
360,Q,O,178.261,256.359,38.93
360,Q,CB,176.348,256.825,41.382
360,Q,CG,174.997,257.195,41.971
360,Q,CD,174.287,258.264,41.163
360,Q,OE1,174.583,259.519,41.485
360,Q,NE2,173.525,257.837,40.16
361,I,N,178.197,254.422,40.063
361,I,CA,179.48,253.946,39.561
361,I,C,179.262,252.865,38.513
361,I,O,178.739,251.793,38.821
361,I,CB,180.369,253.388,40.685
361,I,CG1,180.526,254.419,41.806
361,I,CG2,181.752,253.043,40.152
361,I,CD1,181.084,253.847,43.089
362,I,N,179.663,253.143,37.276
362,I,CA,179.434,252.205,36.185
362,I,C,180.69,251.892,35.371
362,I,O,181.658,252.653,35.374
362,I,CB,178.343,252.743,35.24
362,I,CG1,178.596,254.217,34.919
362,I,CG2,176.971,252.619,35.885
362,I,CD1,179.435,254.437,33.68
363,N,N,180.653,250.756,34.677
363,N,CA,181.748,250.307,33.821
363,N,C,181.271,250.065,32.392
363,N,O,180.434,249.197,32.148
363,N,CB,182.386,249.052,34.391
363,N,CG,183.298,249.334,35.574
363,N,OD1,182.834,249.773,36.628
363,N,ND2,184.589,249.081,35.408
364,M,N,181.804,250.839,31.45
364,M,CA,181.356,250.771,30.059
364,M,C,182.035,249.654,29.267
364,M,O,183.261,249.573,29.211
364,M,CB,181.593,252.117,29.379
364,M,CG,180.801,253.267,29.981
364,M,SD,181.231,254.861,29.259
364,M,CE,180.53,255.981,30.468
365,W,N,181.171,248.975,28.516
365,W,CA,181.546,248.046,27.483
365,W,C,182.456,247.002,28.04
365,W,O,183.433,246.607,27.411
365,W,CB,182.242,248.768,26.325
365,W,CG,181.297,249.268,25.277
365,W,CD1,179.934,249.203,25.304
365,W,CD2,181.647,249.91,24.044
365,W,NE1,179.409,249.763,24.166
365,W,CE2,180.442,250.206,23.376
365,W,CE3,182.858,250.261,23.444
365,W,CZ2,180.415,250.84,22.134
365,W,CZ3,182.831,250.889,22.213
365,W,CH2,181.617,251.175,21.567
366,Q,N,182.134,246.564,29.247
366,Q,CA,182.797,245.413,29.827
366,Q,C,184.25,245.783,30.057
366,Q,O,185.106,244.917,30.215
366,Q,CB,182.683,244.187,28.915
366,Q,CG,181.278,243.616,28.821
366,Q,CD,181.192,242.198,29.351
366,Q,OE1,182.023,241.324,28.787
366,Q,NE2,180.375,242.0,30.38
367,R,N,184.529,247.088,30.064
367,R,CA,185.925,247.463,30.201
367,R,C,186.35,247.668,31.645
367,R,O,185.744,248.443,32.386
367,R,CB,186.2,248.741,29.422
367,R,CG,187.643,249.222,29.493
367,R,CD,187.949,250.239,28.405
367,R,NE,187.39,251.552,28.708
367,R,CZ,187.546,252.627,27.941
367,R,NH1,188.249,252.543,26.821
367,R,NH2,187.001,253.781,28.298
368,I,N,187.405,246.964,32.043
368,I,CA,187.925,247.073,33.393
368,I,C,189.21,247.889,33.315
368,I,O,189.834,247.97,32.264
368,I,CB,188.23,245.713,34.046
368,I,CG1,188.531,245.891,35.535
368,I,CG2,189.437,245.062,33.385
368,I,CD1,188.51,244.6,36.323
369,G,N,189.591,248.494,34.431
369,G,CA,190.771,249.336,34.463
369,G,C,190.41,250.798,34.622
369,G,O,191.268,251.637,34.886
370,Q,N,189.124,251.099,34.471
370,Q,CA,188.629,252.449,34.701
370,Q,C,187.125,252.454,34.954
370,Q,O,186.425,251.498,34.618
370,Q,CB,188.964,253.348,33.508
370,Q,CG,188.182,253.018,32.246
370,Q,CD,188.51,253.956,31.1
370,Q,OE1,189.263,253.439,30.133
370,Q,NE2,187.932,255.153,31.134
371,C,N,186.639,253.538,35.547
371,C,CA,185.225,253.654,35.887
371,C,C,184.791,255.11,35.866
371,C,O,185.613,256.018,36.006
371,C,CB,184.945,253.035,37.258
371,C,SG,186.088,253.572,38.573
372,M,N,183.494,255.332,35.689
372,M,CA,182.97,256.691,35.573
372,M,C,181.857,256.961,36.58
372,M,O,180.952,256.143,36.749
372,M,CB,182.472,256.939,34.151
372,M,CG,182.116,258.388,33.858
372,M,SD,180.434,258.805,34.352
372,M,CE,179.494,258.028,33.04
373,Y,N,181.93,258.113,37.236
373,Y,CA,180.938,258.494,38.228
373,Y,C,179.871,259.361,37.575
373,Y,O,180.172,260.419,37.028
373,Y,CB,181.591,259.234,39.399
373,Y,CG,180.608,259.971,40.281
373,Y,CD1,179.986,259.328,41.344
373,Y,CD2,180.306,261.306,40.048
373,Y,CE1,179.086,259.994,42.153
373,Y,CE2,179.409,261.989,40.848
373,Y,CZ,178.8,261.33,41.899
373,Y,OH,177.906,261.999,42.702
374,A,N,178.621,258.925,37.663
374,A,CA,177.518,259.712,37.148
374,A,C,177.169,260.742,38.204
374,A,O,177.039,260.4,39.383
374,A,CB,176.322,258.829,36.856
375,P,N,177.017,262.05,37.768
375,P,CA,176.545,262.98,38.794
375,P,C,175.059,262.78,39.03
375,P,O,174.342,262.481,38.078
375,P,CB,176.858,264.36,38.212
375,P,CG,178.125,264.145,37.415
375,P,CD,177.989,262.712,36.938
376,P,N,174.603,262.945,40.329
376,P,CA,173.142,262.858,40.462
376,P,C,172.44,263.954,39.685
376,P,O,172.855,265.11,39.739
376,P,CB,172.925,262.987,41.97
376,P,CG,174.226,262.507,42.572
376,P,CD,175.255,262.92,41.536
377,I,N,171.379,263.601,38.97
377,I,CA,170.603,264.574,38.213
377,I,C,169.478,265.151,39.06
377,I,O,168.63,264.414,39.568
377,I,CB,170.007,263.952,36.938
377,I,CG1,171.09,263.219,36.144
377,I,CG2,169.406,265.032,36.049
377,I,CD1,171.192,261.745,36.469
378,Q,N,169.467,266.473,39.208
378,Q,CA,168.549,267.131,40.132
378,Q,C,167.109,267.048,39.627
378,Q,O,166.848,267.218,38.439
378,Q,CB,168.949,268.594,40.332
378,Q,CG,169.02,269.399,39.044
378,Q,CD,169.727,270.728,39.229
378,Q,OE1,170.994,270.765,38.828
378,Q,NE2,168.982,271.735,39.675
379,G,N,166.181,266.783,40.542
379,G,CA,164.772,266.732,40.201
379,G,C,164.276,265.368,39.773
379,G,O,165.048,264.416,39.66
380,V,N,162.969,265.277,39.536
380,V,CA,162.338,264.023,39.145
380,V,C,162.691,263.673,37.705
380,V,O,162.566,264.504,36.806
380,V,CB,160.806,264.085,39.286
380,V,CG1,160.189,262.721,39.015
380,V,CG2,160.418,264.514,40.694
381,I,N,163.136,262.437,37.491
381,I,CA,163.538,261.988,36.164
381,I,C,162.584,260.939,35.608
381,I,O,162.396,259.883,36.212
381,I,CB,164.966,261.413,36.181
381,I,CG1,165.916,262.365,36.911
381,I,CG2,165.479,261.214,34.763
381,I,CD1,167.263,261.758,37.23
382,R,N,161.984,261.231,34.46
382,R,CA,161.083,260.287,33.798
382,R,C,161.173,260.431,32.288
382,R,O,161.271,261.539,31.76
382,R,CB,159.644,260.512,34.241
382,R,CG,158.614,259.702,33.465
382,R,CD,157.224,259.846,34.063
382,R,NE,157.239,259.737,35.519
382,R,CZ,156.255,260.151,36.31
382,R,NH1,155.171,260.706,35.785
382,R,NH2,156.357,260.01,37.624
383,C,N,161.145,259.303,31.583
383,C,CA,161.274,259.315,30.128
383,C,C,160.584,258.11,29.498
383,C,O,160.157,257.186,30.194
383,C,CB,162.748,259.323,29.727
383,C,SG,163.073,259.991,28.062
384,V,N,160.48,258.129,28.173
384,V,CA,159.765,257.097,27.438
384,V,C,160.507,256.785,26.145
384,V,O,161.071,257.677,25.514
384,V,CB,158.322,257.512,27.103
384,V,CG1,158.31,258.792,26.282
384,V,CG2,157.625,256.422,26.302
385,S,N,160.513,255.514,25.754
385,S,CA,161.207,255.106,24.54
385,S,C,160.526,253.942,23.828
385,S,O,159.568,253.355,24.338
385,S,CB,162.636,254.728,24.875
385,S,OG,163.47,255.875,24.983
386,N,N,161.033,253.623,22.642
386,N,CA,160.494,252.539,21.827
386,N,C,161.371,251.298,21.894
386,N,O,162.544,251.348,21.534
386,N,CB,160.329,252.99,20.388
386,N,CG,159.243,254.04,20.213
386,N,OD1,158.073,253.78,20.502
386,N,ND2,159.621,255.223,19.746
387,I,N,160.811,250.189,22.36
387,I,CA,161.528,248.921,22.292
387,I,C,161.387,248.395,20.87
387,I,O,160.277,248.198,20.379
387,I,CB,160.995,247.862,23.276
387,I,CG1,161.216,248.316,24.719
387,I,CG2,161.713,246.536,23.073
387,I,CD1,160.697,247.341,25.752
388,T,N,162.523,248.181,20.208
388,T,CA,162.517,247.849,18.789
388,T,C,163.18,246.513,18.48
388,T,O,163.378,246.174,17.312
388,T,CB,163.212,248.957,17.977
388,T,OG1,164.421,249.351,18.639
388,T,CG2,162.306,250.171,17.845
389,G,N,163.532,245.76,19.514
389,G,CA,164.108,244.446,19.304
389,G,C,164.611,243.756,20.549
389,G,O,164.689,244.351,21.621
390,L,N,164.969,242.48,20.399
390,L,CA,165.425,241.667,21.518
390,L,C,166.797,241.066,21.253
390,L,O,167.13,240.725,20.12
390,L,CB,164.415,240.545,21.798
390,L,CG,162.941,240.945,21.778
390,L,CD1,162.083,239.793,21.275
390,L,CD2,162.465,241.318,23.172
391,I,N,167.593,240.943,22.309
391,I,CA,168.819,240.156,22.268
391,I,C,168.577,238.857,23.027
391,I,O,168.632,238.826,24.256
391,I,CB,170.026,240.886,22.887
391,I,CG1,170.081,242.334,22.399
391,I,CG2,171.324,240.195,22.497
391,I,CD1,170.02,242.475,20.896
392,L,N,168.3,237.791,22.287
392,L,CA,167.935,236.518,22.892
392,L,C,169.018,235.453,22.732
392,L,O,169.803,235.491,21.785
392,L,CB,166.624,236.009,22.274
392,L,CG,165.341,236.66,22.788
392,L,CD1,164.124,236.03,22.129
392,L,CD2,165.212,236.482,24.292
393,T,N,169.046,234.515,23.67
393,T,CA,169.954,233.376,23.606
393,T,C,169.163,232.075,23.692
393,T,O,168.091,232.032,24.288
393,T,CB,170.999,233.403,24.735
393,T,OG1,170.337,233.389,26.006
393,T,CG2,171.854,234.659,24.639
394,R,N,169.698,231.017,23.091
394,R,CA,169.016,229.726,23.064
394,R,C,169.577,228.783,24.124
394,R,O,170.778,228.529,24.169
394,R,CB,169.15,229.085,21.691
394,R,CG,168.354,227.797,21.518
394,R,CD,168.244,227.398,20.056
394,R,NE,167.657,226.073,19.892
394,R,CZ,166.35,225.827,19.905
394,R,NH1,165.491,226.82,20.078
394,R,NH2,165.907,224.587,19.747
395,D,N,168.694,228.262,24.975
395,D,CA,169.099,227.388,26.07
395,D,C,169.905,226.188,25.58
395,D,O,169.823,225.799,24.418
395,D,CB,167.867,226.898,26.838
395,D,CG,168.214,226.364,28.213
395,D,OD1,168.734,227.142,29.04
395,D,OD2,167.969,225.166,28.462
396,T,N,167.217,215.278,25.838
396,T,CA,166.078,216.131,26.246
396,T,C,165.799,217.345,25.349
396,T,O,165.336,218.384,25.818
396,T,CB,166.306,216.615,27.691
396,T,OG1,167.565,217.292,27.778
396,T,CG2,166.312,215.437,28.652
397,N,N,166.097,217.199,24.061
397,N,CA,165.879,218.261,23.092
397,N,C,165.051,217.778,21.911
397,N,O,165.572,217.571,20.816
397,N,CB,167.207,218.826,22.617
397,N,CG,168.172,217.752,22.142
397,N,OD1,168.679,216.969,22.947
397,N,ND2,168.427,217.712,20.841
398,S,N,163.756,217.589,22.141
398,S,CA,162.88,217.052,21.109
398,S,C,161.525,217.745,21.094
398,S,O,160.579,217.26,20.477
398,S,CB,162.69,215.563,21.319
398,S,OG,163.81,214.821,20.851
399,T,N,161.432,218.883,21.772
399,T,CA,160.151,219.59,21.866
399,T,C,160.253,220.948,22.545
399,T,O,160.169,221.998,21.907
399,T,CB,159.122,218.726,22.618
399,T,OG1,159.802,217.85,23.526
399,T,CG2,158.312,217.889,21.641
400,T,N,160.41,220.949,23.864
400,T,CA,160.43,222.219,24.596
400,T,C,161.792,222.912,24.592
400,T,O,162.8,222.327,24.98
400,T,CB,159.981,221.998,26.051
400,T,OG1,158.878,221.085,26.081
400,T,CG2,159.551,223.312,26.683
401,E,N,161.796,224.159,24.138
401,E,CA,162.999,224.974,24.156
401,E,C,162.769,226.251,24.949
401,E,O,161.677,226.823,24.923
401,E,CB,163.442,225.315,22.732
401,E,CG,162.49,226.241,21.991
401,E,CD,162.285,225.83,20.546
401,E,OE1,163.293,225.67,19.824
401,E,OE2,161.117,225.666,20.134
402,T,N,163.794,226.71,25.65
402,T,CA,163.665,227.905,26.473
402,T,C,164.586,228.986,25.931
402,T,O,165.718,228.705,25.533
402,T,CB,164.01,227.644,27.95
402,T,OG1,163.129,226.647,28.483
402,T,CG2,163.86,228.918,28.767
403,F,N,164.098,230.22,25.903
403,F,CA,164.917,231.341,25.456
403,F,C,165.022,232.436,26.506
403,F,O,164.094,232.656,27.285
403,F,CB,164.346,231.927,24.164
403,F,CG,164.482,231.021,22.975
403,F,CD1,165.706,230.847,22.351
403,F,CD2,163.384,230.337,22.479
403,F,CE1,165.829,230.012,21.259
403,F,CE2,163.506,229.502,21.385
403,F,CZ,164.73,229.339,20.774
404,R,N,166.159,233.123,26.526
404,R,CA,166.391,234.209,27.509
404,R,C,167.232,235.417,27.021
404,R,O,168.023,235.293,26.093
404,R,CB,167.071,233.627,28.74
404,R,CG,168.529,233.241,28.53
404,R,CD,168.698,231.735,28.415
404,R,NE,170.104,231.342,28.394
404,R,CZ,170.674,230.557,29.303
404,R,NH1,169.959,230.08,30.311
404,R,NH2,171.962,230.253,29.2
405,P,N,167.046,236.581,27.665
405,P,CA,167.717,237.826,27.274
405,P,C,169.2,237.833,27.637
405,P,O,169.586,237.283,28.667
405,P,CB,166.927,238.886,28.046
405,P,CG,166.625,238.228,29.373
405,P,CD,166.042,236.887,28.964
406,G,N,170.015,238.466,26.797
406,G,CA,171.44,238.574,27.059
406,G,C,172.002,239.9,26.579
406,G,O,171.301,240.911,26.548
407,G,N,173.275,239.89,26.197
407,G,CA,173.924,241.085,25.679
407,G,C,175.421,241.08,25.914
407,G,O,176.131,240.193,25.441
408,G,N,175.901,242.079,26.646
408,G,CA,177.309,242.165,26.993
408,G,C,178.125,242.824,25.901
408,G,O,178.678,243.903,26.099
409,D,N,178.2,242.167,24.747
409,D,CA,178.982,242.673,23.625
409,D,C,178.161,243.662,22.805
409,D,O,177.244,243.273,22.082
409,D,CB,179.456,241.526,22.735
409,D,CG,180.5,241.962,21.723
409,D,OD1,180.192,242.849,20.9
409,D,OD2,181.623,241.417,21.753
410,M,N,178.503,244.942,22.915
410,M,CA,177.657,246.013,22.406
410,M,C,177.857,246.245,20.907
410,M,O,177.136,247.029,20.294
410,M,CB,177.929,247.302,23.179
410,M,CG,177.276,247.356,24.551
410,M,SD,175.514,246.981,24.497
410,M,CE,175.522,245.253,24.975
411,R,N,178.734,245.429,20.33
411,R,CA,178.973,245.463,18.906
411,R,C,177.675,244.892,18.32
411,R,O,177.305,245.201,17.186
411,R,CB,180.184,244.639,18.499
411,R,CG,181.524,245.255,18.882
411,R,CD,182.688,244.466,18.306
411,R,NE,182.996,243.282,19.103
411,R,CZ,184.128,242.591,19.006
411,R,NH1,185.061,242.963,18.142
411,R,NH2,184.319,241.526,19.774
412,D,N,176.982,244.064,19.115
412,D,CA,175.7,243.497,18.715
412,D,C,174.7,244.598,18.389
412,D,O,173.97,244.516,17.399
412,D,CB,175.138,242.602,19.824
412,D,CG,174.672,241.258,19.305
412,D,OD1,174.278,241.18,18.123
412,D,OD2,174.697,240.281,20.082
413,N,N,174.677,245.636,19.223
413,N,CA,173.768,246.762,19.039
413,N,C,174.016,247.511,17.736
413,N,O,173.084,247.805,16.991
413,N,CB,173.865,247.711,20.219
413,N,CG,173.089,247.228,21.436
413,N,OD1,172.891,246.026,21.611
413,N,ND2,172.654,248.158,22.275
414,W,N,175.276,247.783,17.44
414,W,CA,175.591,248.495,16.213
414,W,C,175.225,247.61,15.02
414,W,O,174.67,248.079,14.028
414,W,CB,177.072,248.869,16.165
414,W,CG,177.603,249.395,17.464
414,W,CD1,178.809,249.11,18.031
414,W,CD2,176.938,250.298,18.357
414,W,NE1,178.943,249.776,19.224
414,W,CE2,177.804,250.515,19.445
414,W,CE3,175.698,250.943,18.339
414,W,CZ2,177.472,251.351,20.511
414,W,CZ3,175.368,251.77,19.395
414,W,CH2,176.249,251.97,20.47
415,R,N,175.531,246.323,15.132
415,R,CA,175.287,245.373,14.051
415,R,C,173.805,245.209,13.748
415,R,O,173.425,244.886,12.626
415,R,CB,175.875,244.016,14.398
415,R,CG,176.329,243.199,13.195
415,R,CD,177.517,242.315,13.531
415,R,NE,178.761,242.831,12.966
415,R,CZ,179.975,242.488,13.388
415,R,NH1,180.109,241.627,14.388
415,R,NH2,181.049,243.009,12.813
416,S,N,172.971,245.449,14.749
416,S,CA,171.536,245.294,14.576
416,S,C,170.999,246.338,13.609
416,S,O,169.876,246.222,13.123
416,S,CB,170.833,245.413,15.914
416,S,OG,169.599,244.705,15.923
417,E,N,171.8,247.361,13.331
417,E,CA,171.387,248.403,12.396
417,E,C,172.195,248.389,11.102
417,E,O,171.656,248.617,10.025
417,E,CB,171.509,249.777,13.057
417,E,CG,170.407,250.083,14.056
417,E,CD,169.17,250.664,13.399
417,E,OE1,169.319,251.514,12.496
417,E,OE2,168.05,250.267,13.784
418,L,N,173.487,248.119,11.218
418,L,CA,174.411,248.277,10.101
418,L,C,174.321,247.111,9.123
418,L,O,175.053,247.067,8.134
418,L,CB,175.847,248.401,10.618
418,L,CG,176.182,249.684,11.379
418,L,CD1,177.623,249.657,11.867
418,L,CD2,176.007,250.901,10.486
419,Y,N,173.421,246.175,9.401
419,Y,CA,173.302,244.996,8.554
419,Y,C,172.746,245.416,7.195
419,Y,O,172.838,244.672,6.222
419,Y,CB,172.413,243.941,9.208
419,Y,CG,170.944,244.305,9.234
419,Y,CD1,170.48,245.333,10.044
419,Y,CD2,170.027,243.618,8.448
419,Y,CE1,169.143,245.674,10.072
419,Y,CE2,168.684,243.944,8.463
419,Y,CZ,168.243,244.973,9.276
419,Y,OH,166.909,245.307,9.3
420,K,N,172.173,246.611,7.136
420,K,CA,171.527,247.091,5.927
420,K,C,172.572,247.654,4.97
420,K,O,172.271,247.971,3.819
420,K,CB,170.473,248.15,6.259
420,K,CG,169.473,247.72,7.319
420,K,CD,168.201,248.549,7.247
420,K,CE,168.205,249.66,8.283
420,K,NZ,167.457,250.859,7.816
421,Y,N,173.804,247.773,5.455
421,Y,CA,174.864,248.459,4.721
421,Y,C,176.085,247.573,4.503
421,Y,O,176.361,246.671,5.29
421,Y,CB,175.27,249.739,5.456
421,Y,CG,174.131,250.411,6.191
421,Y,CD1,173.044,250.929,5.497
421,Y,CD2,174.147,250.528,7.575
421,Y,CE1,172.001,251.544,6.16
421,Y,CE2,173.113,251.14,8.255
421,Y,CZ,172.041,251.647,7.545
421,Y,OH,171.004,252.26,8.212
422,K,N,176.809,247.842,3.421
422,K,CA,178.13,247.263,3.213
422,K,C,178.99,248.224,2.388
422,K,O,178.468,249.038,1.629
422,K,CB,178.027,245.905,2.519
422,K,CG,177.59,245.98,1.066
422,K,CD,177.393,244.595,0.473
422,K,CE,177.601,244.603,-1.034
422,K,NZ,177.843,243.234,-1.568
423,V,N,180.307,248.126,2.55
423,V,CA,181.228,249.002,1.837
423,V,C,182.084,248.257,0.817
423,V,O,182.662,247.213,1.122
423,V,CB,182.149,249.74,2.825
423,V,CG1,182.802,250.938,2.152
423,V,CG2,181.355,250.238,4.023
424,V,N,182.159,248.8,-0.396
424,V,CA,182.919,248.184,-1.477
424,V,C,183.888,249.184,-2.097
424,V,O,183.666,250.394,-2.047
424,V,CB,181.996,247.629,-2.576
424,V,CG1,180.817,246.892,-1.96
424,V,CG2,181.456,248.758,-3.441
425,K,N,184.978,248.675,-2.674
425,K,CA,185.966,249.528,-3.315
425,K,C,185.818,249.473,-4.832
425,K,O,185.943,248.408,-5.432
425,K,CB,187.382,249.114,-2.904
425,K,CG,188.472,250.036,-3.424
425,K,CD,189.317,249.349,-4.484
425,K,CE,190.581,250.14,-4.782
425,K,NZ,190.383,251.097,-5.905
426,I,N,185.546,250.623,-5.44
426,I,CA,185.411,250.703,-6.89
426,I,C,186.759,250.586,-7.593
426,I,O,187.755,251.162,-7.149
426,I,CB,184.735,252.019,-7.313
426,I,CG1,183.401,252.192,-6.584
426,I,CG2,184.468,252.025,-8.81
426,I,CD1,182.344,251.193,-6.997
427,E,N,186.787,249.831,-8.684
427,E,CA,187.958,249.757,-9.55
427,E,C,187.608,250.311,-10.926
427,E,O,187.098,249.591,-11.783
427,E,CB,188.457,248.314,-9.666
427,E,CG,189.189,247.812,-8.432
427,E,CD,189.971,246.539,-8.7
427,E,OE1,189.599,245.797,-9.634
427,E,OE2,190.955,246.284,-7.976
428,P,N,187.892,251.606,-11.138
428,P,CA,187.62,252.331,-12.385
428,P,C,188.239,251.708,-13.634
428,P,O,187.664,251.837,-14.715
428,P,CB,188.209,253.708,-12.072
428,P,CG,187.918,253.909,-10.602
428,P,CD,188.317,252.577,-9.991
429,L,N,189.383,251.051,-13.492
429,L,CA,190.144,250.612,-14.659
429,L,C,189.755,249.199,-15.073
429,L,O,189.729,248.281,-14.253
429,L,CB,191.649,250.666,-14.363
429,L,CG,192.181,251.991,-13.82
429,L,CD1,192.36,251.916,-12.31
429,L,CD2,193.527,252.326,-14.441
430,G,N,189.453,249.035,-16.358
430,G,CA,189.153,247.732,-16.913
430,G,C,189.536,247.667,-18.376
430,G,O,189.771,248.695,-19.013
431,V,N,189.615,246.455,-18.915
431,V,CA,189.914,246.262,-20.326
431,V,C,188.979,245.227,-20.943
431,V,O,188.363,244.431,-20.228
431,V,CB,191.372,245.816,-20.543
431,V,CG1,192.331,246.95,-20.219
431,V,CG2,191.707,244.635,-19.644
432,A,N,188.866,245.244,-22.262
432,A,CA,187.983,244.323,-22.966
432,A,C,188.36,244.227,-24.445
432,A,O,188.985,245.139,-24.99
432,A,CB,186.536,244.763,-22.821
433,P,N,188.037,243.089,-25.048
433,P,CA,188.308,242.863,-26.464
433,P,C,187.379,243.643,-27.367
433,P,O,186.157,243.539,-27.246
433,P,CB,188.117,241.35,-26.601
433,P,CG,186.942,241.044,-25.699
433,P,CD,187.334,241.712,-24.393
434,T,N,187.958,244.425,-28.268
434,T,CA,187.173,245.198,-29.212
434,T,C,187.847,245.24,-30.571
434,T,O,189.068,245.341,-30.681
434,T,CB,186.948,246.639,-28.716
434,T,OG1,186.058,246.627,-27.593
434,T,CG2,186.34,247.492,-29.817
435,R,N,187.026,245.162,-31.605
435,R,CA,187.493,245.19,-32.99
435,R,C,188.061,246.618,-33.21
435,R,O,187.298,247.535,-33.502
435,R,CB,186.37,244.888,-33.97
435,R,CG,185.506,243.691,-33.59
435,R,CD,184.139,244.123,-33.09
435,R,NE,183.377,244.83,-34.115
435,R,CZ,182.246,244.379,-34.648
435,R,NH1,181.744,243.218,-34.255
435,R,NH2,181.622,245.091,-35.576
436,C,N,189.38,246.816,-33.058
436,C,CA,189.984,248.127,-33.273
436,C,C,191.507,248.046,-33.342
436,C,O,192.155,247.568,-32.413
436,C,CB,189.588,249.089,-32.15
436,C,SG,190.059,248.533,-30.481
437,K,N,192.068,248.521,-34.448
437,K,CA,193.515,248.592,-34.615
437,K,C,193.978,250.048,-34.612
437,K,O,194.038,250.69,-35.656
437,K,CB,193.945,247.902,-35.911
437,K,CG,195.427,248.032,-36.222
437,K,CD,196.005,246.718,-36.719
437,K,CE,195.337,246.272,-38.01
437,K,NZ,195.727,247.132,-39.162
438,R,N,194.58,250.579,-33.532
438,R,CA,194.956,252.058,-33.407
438,R,C,196.1,252.758,-34.303
438,R,O,197.281,252.56,-34.018
438,R,CB,195.338,252.296,-31.953
438,R,CG,195.864,253.696,-31.664
438,R,CD,194.87,254.765,-32.084
438,R,NE,195.454,256.103,-32.046
438,R,CZ,195.426,256.9,-30.982
438,R,NH1,194.837,256.497,-29.866
438,R,NH2,195.985,258.102,-31.04
439,R,N,195.751,253.548,-35.367
439,R,CA,196.731,254.304,-36.277
439,R,C,197.604,255.552,-35.758
439,R,O,197.185,256.189,-34.793
439,R,CB,195.945,254.794,-37.48
439,R,CG,196.748,254.865,-38.774
439,R,CD,195.986,255.592,-39.869
439,R,NE,196.639,255.465,-41.169
439,R,CZ,197.471,256.368,-41.678
439,R,NH1,197.751,257.471,-40.998
439,R,NH2,198.019,256.167,-42.869
440,V,N,198.786,255.908,-36.359
440,V,CA,199.556,257.049,-35.884
440,V,C,199.124,258.336,-36.578
440,V,O,198.846,258.345,-37.777
440,V,CB,201.066,256.839,-36.105
440,V,CG1,201.562,255.646,-35.305
440,V,CG2,201.358,256.586,-37.576
440,V,OXT,199.089,259.386,-35.89
