resid_num,wildtype,atom,x,y,z
1,M,N,39.533,414.98,65.561
1,M,CA,38.564,414.16,64.767
1,M,C,39.231,412.876,64.283
1,M,O,40.364,412.906,63.794
1,M,CB,38.026,414.963,63.579
1,M,CG,36.92,414.28,62.784
1,M,SD,37.492,413.253,61.41
1,M,CE,38.201,414.48,60.311
2,R,N,38.509,411.762,64.414
2,R,CA,39.037,410.434,64.104
2,R,C,38.106,409.668,63.154
2,R,O,36.962,409.374,63.503
2,R,CB,39.264,409.642,65.4
2,R,CG,40.004,410.421,66.479
2,R,CD,40.647,409.52,67.523
2,R,NE,41.732,408.714,66.948
2,R,CZ,41.842,407.379,66.993
2,R,NH1,40.947,406.61,67.619
2,R,NH2,42.891,406.799,66.412
3,E,N,38.621,409.308,61.979
3,E,CA,37.791,408.833,60.862
3,E,C,37.313,407.387,61.027
3,E,O,37.835,406.638,61.853
3,E,CB,38.544,408.98,59.529
3,E,CG,38.78,410.422,59.079
3,E,CD,40.016,411.08,59.676
3,E,OE1,40.573,410.566,60.668
3,E,OE2,40.437,412.129,59.146
4,C,N,36.307,407.023,60.23
4,C,CA,35.742,405.666,60.201
4,C,C,35.377,405.255,58.77
4,C,O,34.45,405.816,58.177
4,C,CB,34.5,405.58,61.095
4,C,SG,34.859,405.566,62.866
5,I,N,36.106,404.275,58.233
5,I,CA,35.876,403.757,56.875
5,I,C,34.886,402.589,56.937
5,I,O,35.068,401.664,57.725
5,I,CB,37.199,403.307,56.206
5,I,CG1,38.127,404.513,55.999
5,I,CG2,36.939,402.628,54.86
5,I,CD1,39.586,404.15,55.809
6,S,N,33.856,402.633,56.091
6,S,CA,32.791,401.62,56.078
6,S,C,32.837,400.75,54.817
6,S,O,32.536,401.223,53.722
6,S,CB,31.425,402.3,56.183
6,S,OG,31.322,403.06,57.373
7,I,N,33.196,399.477,54.981
7,I,CA,33.3,398.535,53.857
7,I,C,32.003,397.73,53.711
7,I,O,31.42,397.299,54.705
7,I,CB,34.501,397.579,54.024
7,I,CG1,35.803,398.381,54.184
7,I,CG2,34.613,396.643,52.823
7,I,CD1,36.967,397.585,54.735
8,H,N,31.575,397.529,52.462
8,H,CA,30.324,396.822,52.141
8,H,C,30.6,395.677,51.17
8,H,O,30.994,395.908,50.026
8,H,CB,29.306,397.795,51.545
8,H,CG,29.148,399.052,52.338
8,H,ND1,28.233,399.184,53.36
8,H,CD2,29.816,400.226,52.276
8,H,CE1,28.336,400.392,53.885
8,H,NE2,29.29,401.044,53.244
9,V,N,30.377,394.447,51.635
9,V,CA,30.755,393.236,50.904
9,V,C,29.513,392.412,50.553
9,V,O,28.692,392.12,51.422
9,V,CB,31.737,392.375,51.726
9,V,CG1,32.194,391.156,50.934
9,V,CG2,32.944,393.203,52.153
10,G,N,29.393,392.042,49.28
10,G,CA,28.262,391.249,48.789
10,G,C,26.975,392.041,48.649
10,G,O,26.931,393.227,48.96
11,Q,N,25.925,391.365,48.187
11,Q,CA,24.615,391.984,47.946
11,Q,C,24.013,392.588,49.215
11,Q,O,23.627,393.756,49.222
11,Q,CB,23.644,390.959,47.348
11,Q,CG,22.257,391.5,47.015
11,Q,CD,21.339,390.432,46.445
11,Q,OE1,21.692,389.75,45.482
11,Q,NE2,20.154,390.28,47.035
12,A,N,23.93,391.784,50.272
12,A,CA,23.374,392.224,51.556
12,A,C,24.103,393.449,52.102
12,A,O,23.466,394.423,52.503
12,A,CB,23.414,391.094,52.57
13,G,N,25.432,393.396,52.091
13,G,CA,26.272,394.52,52.512
13,G,C,26.052,395.803,51.724
13,G,O,25.975,396.886,52.309
14,V,N,25.944,395.678,50.402
14,V,CA,25.752,396.833,49.509
14,V,C,24.361,397.456,49.678
14,V,O,24.24,398.675,49.837
14,V,CB,25.989,396.448,48.023
14,V,CG1,25.583,397.572,47.067
14,V,CG2,27.451,396.075,47.792
15,Q,N,23.324,396.622,49.636
15,Q,CA,21.935,397.091,49.743
15,Q,C,21.591,397.665,51.123
15,Q,O,20.795,398.601,51.223
15,Q,CB,20.956,395.975,49.366
15,Q,CG,21.06,395.538,47.909
15,Q,CD,19.837,394.788,47.401
15,Q,OE1,19.382,395.031,46.282
15,Q,NE2,19.303,393.871,48.208
16,I,N,22.183,397.102,52.176
16,I,CA,22.108,397.685,53.523
16,I,C,22.949,398.965,53.584
16,I,O,22.561,399.933,54.239
16,I,CB,22.53,396.667,54.611
16,I,CG1,21.492,395.538,54.678
16,I,CG2,22.656,397.327,55.985
16,I,CD1,21.974,394.278,55.356
17,G,N,24.096,398.955,52.904
17,G,CA,24.918,400.155,52.717
17,G,C,24.136,401.312,52.118
17,G,O,24.207,402.434,52.617
18,N,N,23.376,401.031,51.059
18,N,CA,22.482,402.023,50.446
18,N,C,21.483,402.616,51.436
18,N,O,21.267,403.825,51.45
18,N,CB,21.714,401.412,49.269
18,N,CG,22.568,401.244,48.027
18,N,OD1,23.739,401.627,47.997
18,N,ND2,21.976,400.666,46.986
19,A,N,20.883,401.754,52.255
19,A,CA,19.919,402.181,53.275
19,A,C,20.551,403.064,54.356
19,A,O,19.94,404.042,54.792
19,A,CB,19.253,400.967,53.907
20,C,N,21.771,402.72,54.775
20,C,CA,22.487,403.466,55.816
20,C,C,22.91,404.86,55.356
20,C,O,22.595,405.851,56.013
20,C,CB,23.715,402.687,56.288
20,C,SG,23.319,401.141,57.137
21,W,N,23.621,404.929,54.232
21,W,CA,24.113,406.211,53.694
21,W,C,23.015,407.115,53.117
21,W,O,23.19,408.332,53.059
21,W,CB,25.233,405.982,52.67
21,W,CG,26.474,405.444,53.312
21,W,CD1,26.837,404.136,53.42
21,W,CD2,27.502,406.199,53.969
21,W,NE1,28.027,404.025,54.086
21,W,CE2,28.461,405.273,54.437
21,W,CE3,27.712,407.565,54.202
21,W,CZ2,29.613,405.665,55.125
21,W,CZ3,28.863,407.957,54.892
21,W,CH2,29.797,407.004,55.34
22,E,N,21.9,406.523,52.687
22,E,CA,20.677,407.284,52.396
22,E,C,20.171,407.962,53.668
22,E,O,19.849,409.151,53.66
22,E,CB,19.579,406.372,51.828
22,E,CG,18.219,407.043,51.63
22,E,CD,17.187,406.13,50.988
22,E,OE1,17.108,404.943,51.372
22,E,OE2,16.44,406.606,50.108
23,L,N,20.097,407.185,54.746
23,L,CA,19.623,407.678,56.038
23,L,C,20.573,408.729,56.612
23,L,O,20.138,409.835,56.926
23,L,CB,19.431,406.521,57.027
23,L,CG,18.644,406.811,58.312
23,L,CD1,17.233,407.301,58.02
23,L,CD2,18.585,405.564,59.181
24,Y,N,21.859,408.386,56.714
24,Y,CA,22.906,409.321,57.173
24,Y,C,22.825,410.684,56.481
24,Y,O,22.951,411.722,57.133
24,Y,CB,24.319,408.764,56.935
24,Y,CG,24.71,407.482,57.657
24,Y,CD1,24.017,407.014,58.78
24,Y,CD2,25.817,406.75,57.225
24,Y,CE1,24.408,405.848,59.427
24,Y,CE2,26.212,405.585,57.865
24,Y,CZ,25.508,405.137,58.963
24,Y,OH,25.906,403.982,59.592
25,C,N,22.623,410.659,55.164
25,C,CA,22.462,411.883,54.363
25,C,C,21.268,412.738,54.803
25,C,O,21.378,413.963,54.869
25,C,CB,22.351,411.549,52.87
25,C,SG,23.95,411.311,52.063
26,L,N,20.142,412.09,55.096
26,L,CA,18.953,412.782,55.608
26,L,C,19.125,413.308,57.038
26,L,O,18.596,414.371,57.371
26,L,CB,17.72,411.872,55.535
26,L,CG,17.248,411.458,54.137
26,L,CD1,16.144,410.416,54.245
26,L,CD2,16.775,412.652,53.316
27,E,N,19.858,412.569,57.872
27,E,CA,20.098,412.968,59.268
27,E,C,21.012,414.191,59.391
27,E,O,20.777,415.054,60.239
27,E,CB,20.67,411.801,60.085
27,E,CG,19.796,410.551,60.065
27,E,CD,19.988,409.626,61.256
27,E,OE1,19.171,408.695,61.41
27,E,OE2,20.947,409.806,62.035
28,H,N,22.042,414.257,58.548
28,H,CA,22.977,415.393,58.519
28,H,C,22.55,416.553,57.606
28,H,O,23.172,417.615,57.63
28,H,CB,24.369,414.915,58.097
28,H,CG,24.962,413.896,59.018
28,H,ND1,25.084,414.099,60.376
28,H,CD2,25.481,412.67,58.774
28,H,CE1,25.643,413.039,60.93
28,H,NE2,25.895,412.157,59.979
29,G,N,21.502,416.353,56.81
29,G,CA,21.053,417.36,55.843
29,G,C,21.947,417.459,54.617
29,G,O,22.118,418.544,54.056
30,I,N,22.517,416.325,54.209
30,I,CA,23.316,416.218,52.987
30,I,C,22.383,415.811,51.846
30,I,O,21.64,414.836,51.962
30,I,CB,24.459,415.183,53.144
30,I,CG1,25.448,415.64,54.225
30,I,CG2,25.201,414.968,51.825
30,I,CD1,26.35,414.543,54.75
31,Q,N,22.434,416.564,50.75
31,Q,CA,21.594,416.314,49.576
31,Q,C,22.144,415.147,48.743
31,Q,O,23.278,414.714,48.965
31,Q,CB,21.52,417.582,48.721
31,Q,CG,20.748,418.722,49.37
31,Q,CD,20.83,420.022,48.587
31,Q,OE1,21.311,420.057,47.452
31,Q,NE2,20.357,421.106,49.196
32,P,N,21.342,414.624,47.79
32,P,CA,21.816,413.594,46.852
32,P,C,23.106,413.945,46.101
32,P,O,24.016,413.115,46.023
32,P,CB,20.652,413.457,45.869
32,P,CG,19.446,413.804,46.664
32,P,CD,19.876,414.792,47.711
33,D,N,23.173,415.162,45.56
33,D,CA,24.367,415.637,44.831
33,D,C,25.624,415.803,45.705
33,D,O,26.741,415.769,45.186
33,D,CB,24.07,416.932,44.056
33,D,CG,23.827,418.131,44.961
33,D,OD1,23.181,417.968,46.017
33,D,OD2,24.272,419.244,44.607
34,G,N,25.432,415.993,47.01
34,G,CA,26.537,416.065,47.98
34,G,C,26.698,417.392,48.705
34,G,O,27.539,417.503,49.6
35,Q,N,25.908,418.398,48.324
35,Q,CA,25.932,419.705,48.982
35,Q,C,25.282,419.633,50.366
35,Q,O,24.245,418.988,50.537
35,Q,CB,25.216,420.757,48.126
35,Q,CG,25.93,421.101,46.826
35,Q,CD,27.184,421.939,47.037
35,Q,OE1,27.129,423.014,47.634
35,Q,NE2,28.323,421.454,46.541
36,M,N,25.908,420.297,51.336
36,M,CA,25.419,420.372,52.715
36,M,C,25.319,421.857,53.105
36,M,O,26.316,422.455,53.52
36,M,CB,26.365,419.611,53.65
36,M,CG,25.833,419.358,55.051
36,M,SD,26.965,418.324,56.004
36,M,CE,26.518,418.761,57.68
37,P,N,24.125,422.469,52.934
37,P,CA,23.892,423.881,53.294
37,P,C,24.254,424.274,54.737
37,P,O,24.695,425.401,54.968
37,P,CB,22.389,424.054,53.059
37,P,CG,22.065,423.077,51.987
37,P,CD,22.961,421.895,52.228
38,S,N,24.059,423.357,55.683
38,S,CA,24.411,423.584,57.093
38,S,C,25.921,423.708,57.346
38,S,O,26.339,424.415,58.264
38,S,CB,23.831,422.471,57.974
38,S,OG,24.186,421.187,57.488
39,D,N,26.725,423.02,56.535
39,D,CA,28.187,423.043,56.664
39,D,C,28.764,424.353,56.117
39,D,O,28.763,424.58,54.905
39,D,CB,28.803,421.843,55.933
39,D,CG,30.327,421.807,56.018
39,D,OD1,30.9,422.199,57.06
39,D,OD2,30.954,421.362,55.034
40,K,N,29.258,425.199,57.021
40,K,CA,29.863,426.49,56.665
40,K,C,31.369,426.396,56.382
40,K,O,31.92,427.258,55.693
40,K,CB,29.599,427.525,57.766
40,K,CG,28.134,427.676,58.169
40,K,CD,27.222,427.982,56.986
40,K,CE,25.808,428.31,57.438
40,K,NZ,24.848,428.321,56.298
41,T,N,32.022,425.363,56.916
41,T,CA,33.438,425.085,56.632
41,T,C,33.569,424.274,55.34
41,T,O,33.297,423.073,55.328
41,T,CB,34.104,424.306,57.784
41,T,OG1,33.309,423.158,58.115
41,T,CG2,34.253,425.189,59.014
42,I,N,34.002,424.937,54.266
42,I,CA,34.086,424.325,52.932
42,I,C,35.435,423.618,52.764
42,I,O,36.487,424.207,53.022
42,I,CB,33.91,425.373,51.799
42,I,CG1,32.654,426.24,52.01
42,I,CG2,33.86,424.699,50.427
42,I,CD1,31.336,425.489,52.046
43,G,N,35.388,422.363,52.321
43,G,CA,36.595,421.564,52.072
43,G,C,37.375,421.145,53.309
43,G,O,38.588,420.938,53.235
44,G,N,36.683,421.01,54.438
44,G,CA,37.309,420.629,55.71
44,G,C,36.429,420.959,56.904
44,G,O,35.199,420.965,56.791
45,G,N,37.063,421.226,58.047
45,G,CA,36.362,421.64,59.277
45,G,C,36.378,420.645,60.431
45,G,O,36.13,421.027,61.576
46,D,N,36.655,419.377,60.122
46,D,CA,36.748,418.263,61.095
46,D,C,35.673,418.219,62.215
46,D,O,35.974,418.015,63.395
46,D,CB,38.201,418.083,61.609
46,D,CG,38.57,419.007,62.769
46,D,OD1,38.645,420.237,62.573
46,D,OD2,38.831,418.488,63.877
47,D,N,34.415,418.386,61.809
47,D,CA,33.258,418.245,62.71
47,D,C,33.077,416.781,63.135
47,D,O,33.833,415.904,62.71
47,D,CB,31.978,418.745,62.021
47,D,CG,32.035,420.223,61.66
47,D,OD1,33.104,420.701,61.228
47,D,OD2,30.997,420.907,61.796
48,S,N,32.083,416.519,63.98
48,S,CA,31.762,415.146,64.385
48,S,C,31.269,414.292,63.205
48,S,O,31.602,413.108,63.119
48,S,CB,30.732,415.136,65.517
48,S,OG,30.79,413.914,66.233
49,F,N,30.48,414.894,62.309
49,F,CA,29.987,414.202,61.105
49,F,C,31.076,413.879,60.066
49,F,O,30.886,412.996,59.228
49,F,CB,28.81,414.962,60.456
49,F,CG,29.202,416.233,59.746
49,F,CD1,29.626,416.206,58.418
49,F,CD2,29.111,417.463,60.39
49,F,CE1,29.978,417.377,57.759
49,F,CE2,29.458,418.637,59.734
49,F,CZ,29.894,418.594,58.418
50,N,N,32.204,414.595,60.121
50,N,CA,33.353,414.323,59.243
50,N,C,34.065,412.981,59.483
50,N,O,34.882,412.561,58.658
50,N,CB,34.377,415.468,59.306
50,N,CG,33.905,416.721,58.588
50,N,OD1,33.76,417.78,59.198
50,N,ND2,33.667,416.606,57.285
51,T,N,33.766,412.321,60.602
51,T,CA,34.219,410.946,60.855
51,T,C,33.728,409.941,59.797
51,T,O,34.392,408.933,59.552
51,T,CB,33.784,410.454,62.254
51,T,OG1,32.365,410.59,62.396
51,T,CG2,34.466,411.261,63.349
52,F,N,32.57,410.221,59.193
52,F,CA,32.003,409.407,58.101
52,F,C,32.082,410.052,56.703
52,F,O,32.071,409.335,55.702
52,F,CB,30.549,409.035,58.426
52,F,CG,30.415,407.854,59.356
52,F,CD1,30.938,407.905,60.646
52,F,CD2,29.767,406.691,58.946
52,F,CE1,30.821,406.821,61.505
52,F,CE2,29.646,405.604,59.802
52,F,CZ,30.174,405.67,61.084
53,F,N,32.159,411.383,56.635
53,F,CA,32.177,412.117,55.358
53,F,C,33.441,412.966,55.187
53,F,O,33.743,413.805,56.033
53,F,CB,30.959,413.042,55.263
53,F,CG,29.642,412.32,55.178
53,F,CD1,29.035,411.817,56.326
53,F,CD2,28.994,412.161,53.955
53,F,CE1,27.816,411.158,56.254
53,F,CE2,27.774,411.501,53.877
53,F,CZ,27.183,411.001,55.028
54,S,N,34.172,412.739,54.097
54,S,CA,35.228,413.662,53.659
54,S,C,34.606,414.774,52.822
54,S,O,33.454,414.664,52.391
54,S,CB,36.295,412.928,52.846
54,S,OG,35.725,412.236,51.75
55,E,N,35.377,415.836,52.592
55,E,CA,34.918,416.993,51.809
55,E,C,35.885,417.362,50.685
55,E,O,37.103,417.212,50.827
55,E,CB,34.711,418.21,52.714
55,E,CG,33.638,418.028,53.778
55,E,CD,33.421,419.271,54.626
55,E,OE1,33.615,420.397,54.12
55,E,OE2,33.049,419.122,55.809
56,T,N,35.324,417.842,49.575
56,T,CA,36.092,418.395,48.455
56,T,C,35.988,419.921,48.457
56,T,O,35.173,420.499,49.182
56,T,CB,35.586,417.862,47.097
56,T,OG1,34.227,418.267,46.889
56,T,CG2,35.674,416.341,47.039
57,G,N,36.812,420.561,47.633
57,G,CA,36.794,422.022,47.469
57,G,C,35.517,422.572,46.845
57,G,O,35.135,423.715,47.108
58,A,N,34.861,421.755,46.019
58,A,CA,33.574,422.106,45.401
58,A,C,32.373,422.081,46.362
58,A,O,31.3,422.577,46.014
58,A,CB,33.305,421.188,44.215
59,G,N,32.552,421.495,47.547
59,G,CA,31.494,421.4,48.561
59,G,C,30.688,420.111,48.518
59,G,O,29.531,420.092,48.942
60,K,N,31.301,419.039,48.01
60,K,CA,30.686,417.71,47.964
60,K,C,31.108,416.924,49.203
60,K,O,32.28,416.942,49.58
60,K,CB,31.124,416.959,46.701
60,K,CG,30.358,415.667,46.425
60,K,CD,31.164,414.688,45.579
60,K,CE,31.242,415.102,44.116
60,K,NZ,30.14,414.523,43.3
61,H,N,30.153,416.224,49.809
61,H,CA,30.378,415.459,51.04
61,H,C,30.371,413.968,50.722
61,H,O,29.312,413.369,50.518
61,H,CB,29.327,415.823,52.084
61,H,CG,29.467,417.223,52.594
61,H,ND1,29.228,418.329,51.806
61,H,CD2,29.85,417.698,53.803
61,H,CE1,29.453,419.424,52.507
61,H,NE2,29.824,419.069,53.724
62,V,N,31.568,413.388,50.694
62,V,CA,31.81,412.055,50.137
62,V,C,31.945,411.014,51.257
62,V,O,32.827,411.149,52.108
62,V,CB,33.1,412.048,49.278
62,V,CG1,33.262,410.726,48.534
62,V,CG2,33.094,413.207,48.287
63,P,N,31.073,409.98,51.264
63,P,CA,31.175,408.862,52.205
63,P,C,32.547,408.194,52.243
63,P,O,33.117,407.891,51.195
63,P,CB,30.146,407.873,51.658
63,P,CG,29.081,408.744,51.113
63,P,CD,29.809,409.911,50.505
64,R,N,33.064,407.977,53.451
64,R,CA,34.257,407.158,53.654
64,R,C,33.818,405.702,53.573
64,R,O,33.656,405.023,54.592
64,R,CB,34.915,407.467,54.999
64,R,CG,35.404,408.899,55.124
64,R,CD,36.024,409.167,56.485
64,R,NE,36.1,410.601,56.773
64,R,CZ,37.001,411.45,56.269
64,R,NH1,37.953,411.039,55.43
64,R,NH2,36.953,412.735,56.616
65,A,N,33.609,405.24,52.343
65,A,CA,32.987,403.945,52.087
65,A,C,33.571,403.256,50.858
65,A,O,33.997,403.917,49.91
65,A,CB,31.483,404.11,51.924
66,V,N,33.586,401.924,50.899
66,V,CA,34.021,401.093,49.775
66,V,C,32.994,399.979,49.57
66,V,O,32.786,399.151,50.46
66,V,CB,35.414,400.464,50.012
66,V,CG1,35.928,399.793,48.742
66,V,CG2,36.415,401.512,50.478
67,F,N,32.356,399.977,48.402
67,F,CA,31.382,398.951,48.027
67,F,C,32.047,397.885,47.163
67,F,O,32.599,398.195,46.106
67,F,CB,30.205,399.583,47.285
67,F,CG,29.288,400.375,48.175
67,F,CD1,29.65,401.641,48.617
67,F,CD2,28.066,399.852,48.582
67,F,CE1,28.806,402.37,49.444
67,F,CE2,27.218,400.575,49.406
67,F,CZ,27.589,401.838,49.839
68,V,N,31.984,396.637,47.625
68,V,CA,32.627,395.503,46.96
68,V,C,31.604,394.389,46.729
68,V,O,30.833,394.045,47.623
68,V,CB,33.801,394.938,47.794
68,V,CG1,34.594,393.915,46.987
68,V,CG2,34.724,396.056,48.26
69,D,N,31.602,393.849,45.515
69,D,CA,30.807,392.666,45.177
69,D,C,31.429,391.983,43.963
69,D,O,31.967,392.647,43.079
69,D,CB,29.346,393.05,44.895
69,D,CG,28.405,391.843,44.835
69,D,OD1,28.794,390.723,45.233
69,D,OD2,27.255,392.024,44.383
70,L,N,31.341,390.658,43.921
70,L,CA,31.942,389.871,42.836
70,L,C,31.093,389.817,41.553
70,L,O,31.491,389.17,40.583
70,L,CB,32.284,388.461,43.335
70,L,CG,33.218,388.412,44.555
70,L,CD1,33.401,386.984,45.043
70,L,CD2,34.573,389.045,44.269
71,E,N,29.937,390.486,41.549
71,E,CA,29.138,390.696,40.334
71,E,C,28.533,392.112,40.326
71,E,O,28.259,392.673,41.392
71,E,CB,28.062,389.612,40.199
71,E,CG,27.04,389.553,41.336
71,E,CD,25.702,390.205,41.017
71,E,OE1,24.769,390.04,41.831
71,E,OE2,25.567,390.87,39.968
72,P,N,28.317,392.69,39.126
72,P,CA,28.069,394.132,39.011
72,P,C,26.643,394.642,39.277
72,P,O,26.498,395.789,39.698
72,P,CB,28.455,394.418,37.56
72,P,CG,28.059,393.177,36.84
72,P,CD,28.27,392.036,37.802
73,T,N,25.619,393.816,39.044
73,T,CA,24.215,394.287,39.013
73,T,C,23.72,395.014,40.273
73,T,O,22.878,395.908,40.172
73,T,CB,23.22,393.144,38.702
73,T,OG1,23.368,392.092,39.663
73,T,CG2,23.44,392.597,37.3
74,V,N,24.241,394.635,41.438
74,V,CA,23.833,395.245,42.712
74,V,C,24.493,396.617,42.881
74,V,O,23.823,397.592,43.22
74,V,CB,24.165,394.339,43.922
74,V,CG1,23.678,394.969,45.225
74,V,CG2,23.537,392.959,43.754
75,I,N,25.803,396.674,42.657
75,I,CA,26.563,397.934,42.708
75,I,C,26.232,398.862,41.518
75,I,O,26.416,400.077,41.619
75,I,CB,28.085,397.654,42.862
75,I,CG1,28.373,397.191,44.298
75,I,CG2,28.943,398.88,42.551
75,I,CD1,29.715,396.522,44.5
76,D,N,25.732,398.304,40.413
76,D,CA,25.213,399.114,39.295
76,D,C,23.993,399.964,39.688
76,D,O,23.8,401.051,39.141
76,D,CB,24.866,398.232,38.082
76,D,CG,26.097,397.769,37.301
76,D,OD1,27.193,398.356,37.448
76,D,OD2,25.959,396.804,36.52
77,E,N,23.178,399.465,40.618
77,E,CA,22.05,400.237,41.167
77,E,C,22.511,401.445,41.999
77,E,O,21.809,402.457,42.065
77,E,CB,21.121,399.345,41.995
77,E,CG,20.383,398.297,41.171
77,E,CD,19.388,397.477,41.98
77,E,OE1,19.376,397.577,43.228
77,E,OE2,18.609,396.72,41.361
78,V,N,23.682,401.325,42.627
78,V,CA,24.331,402.451,43.324
78,V,C,24.808,403.482,42.294
78,V,O,24.578,404.682,42.458
78,V,CB,25.538,402.009,44.192
78,V,CG1,26.14,403.192,44.946
78,V,CG2,25.141,400.925,45.182
79,R,N,25.48,402.996,41.249
79,R,CA,25.967,403.835,40.143
79,R,C,24.856,404.539,39.356
79,R,O,25.088,405.607,38.793
79,R,CB,26.795,403.0,39.16
79,R,CG,28.119,402.495,39.708
79,R,CD,28.671,401.369,38.85
79,R,NE,29.931,400.838,39.372
79,R,CZ,30.456,399.649,39.067
79,R,NH1,29.844,398.806,38.233
79,R,NH2,31.615,399.289,39.614
80,T,N,23.675,403.923,39.288
80,T,CA,22.531,404.478,38.551
80,T,C,21.528,405.239,39.441
80,T,O,20.776,406.081,38.945
80,T,CB,21.81,403.371,37.733
80,T,OG1,21.224,403.939,36.555
80,T,CG2,20.728,402.653,38.542
81,G,N,21.525,404.944,40.741
81,G,CA,20.506,405.456,41.663
81,G,C,20.62,406.927,42.031
81,G,O,21.414,407.671,41.452
82,T,N,19.81,407.328,43.01
82,T,CA,19.718,408.726,43.462
82,T,C,21.016,409.286,44.057
82,T,O,21.282,410.484,43.936
82,T,CB,18.587,408.913,44.501
82,T,OG1,18.611,407.837,45.448
82,T,CG2,17.23,408.955,43.82
83,Y,N,21.81,408.422,44.69
83,Y,CA,23.067,408.821,45.335
83,Y,C,24.318,408.401,44.544
83,Y,O,25.323,407.997,45.133
83,Y,CB,23.11,408.259,46.763
83,Y,CG,22.039,408.827,47.665
83,Y,CD1,22.215,410.056,48.297
83,Y,CD2,20.847,408.14,47.888
83,Y,CE1,21.235,410.587,49.126
83,Y,CE2,19.862,408.662,48.715
83,Y,CZ,20.06,409.885,49.332
83,Y,OH,19.085,410.405,50.152
84,R,N,24.261,408.515,43.216
84,R,CA,25.424,408.227,42.359
84,R,C,26.489,409.325,42.474
84,R,O,27.687,409.038,42.485
84,R,CB,25.007,408.016,40.891
84,R,CG,25.004,409.251,39.989
84,R,CD,24.283,408.994,38.678
84,R,NE,22.834,409.094,38.849
84,R,CZ,22.11,410.215,38.764
84,R,NH1,22.668,411.397,38.492
84,R,NH2,20.794,410.15,38.953
85,Q,N,26.033,410.576,42.557
85,Q,CA,26.914,411.739,42.699
85,Q,C,27.618,411.791,44.058
85,Q,O,28.656,412.44,44.195
85,Q,CB,26.12,413.031,42.485
85,Q,CG,25.604,413.22,41.067
85,Q,CD,24.641,414.391,40.948
85,Q,OE1,25.038,415.546,41.095
85,Q,NE2,23.369,414.097,40.674
86,L,N,27.041,411.118,45.054
86,L,CA,27.635,411.017,46.39
86,L,C,28.997,410.31,46.355
86,L,O,29.972,410.81,46.92
86,L,CB,26.679,410.285,47.351
86,L,CG,26.676,410.775,48.802
86,L,CD1,25.93,412.095,48.923
86,L,CD2,26.057,409.738,49.729
87,F,N,29.052,409.166,45.673
87,F,CA,30.258,408.323,45.626
87,F,C,31.147,408.621,44.42
87,F,O,30.651,408.788,43.304
87,F,CB,29.868,406.842,45.587
87,F,CG,28.972,406.42,46.716
87,F,CD1,29.485,406.219,47.991
87,F,CD2,27.611,406.223,46.504
87,F,CE1,28.659,405.832,49.035
87,F,CE2,26.778,405.835,47.544
87,F,CZ,27.303,405.638,48.812
88,H,N,32.457,408.681,44.659
88,H,CA,33.452,408.683,43.578
88,H,C,33.566,407.25,43.021
88,H,O,33.585,406.299,43.806
88,H,CB,34.824,409.178,44.073
88,H,CG,35.032,410.654,43.914
88,H,ND1,35.661,411.201,42.816
88,H,CD2,34.703,411.696,44.714
88,H,CE1,35.707,412.514,42.943
88,H,NE2,35.131,412.842,44.088
89,P,N,33.636,407.088,41.678
89,P,CA,33.734,405.77,41.016
89,P,C,34.761,404.771,41.577
89,P,O,34.522,403.564,41.52
89,P,CB,34.107,406.131,39.576
89,P,CG,33.513,407.473,39.357
89,P,CD,33.448,408.169,40.687
90,E,N,35.883,405.271,42.096
90,E,CA,36.921,404.423,42.705
90,E,C,36.442,403.636,43.937
90,E,O,36.972,402.562,44.227
90,E,CB,38.152,405.26,43.076
90,E,CG,38.868,405.881,41.885
90,E,CD,40.249,406.419,42.228
90,E,OE1,40.441,406.913,43.362
90,E,OE2,41.145,406.356,41.361
91,Q,N,35.457,404.175,44.651
91,Q,CA,34.866,403.507,45.818
91,Q,C,34.063,402.249,45.458
91,Q,O,34.019,401.295,46.241
91,Q,CB,33.966,404.482,46.586
91,Q,CG,34.697,405.683,47.169
91,Q,CD,33.751,406.729,47.73
91,Q,OE1,33.622,407.821,47.173
91,Q,NE2,33.079,406.401,48.828
92,L,N,33.437,402.257,44.28
92,L,CA,32.576,401.159,43.823
92,L,C,33.372,400.144,42.994
92,L,O,33.843,400.462,41.9
92,L,CB,31.4,401.723,43.013
92,L,CG,30.638,402.9,43.641
92,L,CD1,29.484,403.322,42.748
92,L,CD2,30.124,402.576,45.037
93,I,N,33.509,398.929,43.529
93,I,CA,34.344,397.87,42.94
93,I,C,33.473,396.653,42.616
93,I,O,32.736,396.174,43.477
93,I,CB,35.466,397.431,43.914
93,I,CG1,36.307,398.634,44.367
93,I,CG2,36.372,396.38,43.271
93,I,CD1,37.073,398.39,45.65
94,T,N,33.579,396.154,41.383
94,T,CA,32.778,395.011,40.918
94,T,C,33.61,393.978,40.155
94,T,O,34.441,394.339,39.319
94,T,CB,31.618,395.462,40.004
94,T,OG1,32.132,396.222,38.904
94,T,CG2,30.622,396.306,40.778
95,G,N,33.377,392.7,40.455
95,G,CA,33.941,391.584,39.687
95,G,C,33.004,391.154,38.57
95,G,O,31.913,391.715,38.418
96,K,N,33.426,390.157,37.793
96,K,CA,32.608,389.623,36.69
96,K,C,31.607,388.586,37.193
96,K,O,30.399,388.835,37.19
96,K,CB,33.477,389.02,35.572
96,K,CG,33.917,390.018,34.51
96,K,CD,34.451,389.322,33.265
96,K,CE,35.905,388.905,33.415
96,K,NZ,36.83,390.022,33.084
97,E,N,32.119,387.432,37.618
97,E,CA,31.282,386.309,38.053
97,E,C,31.353,386.143,39.572
97,E,O,32.405,386.356,40.177
97,E,CB,31.67,385.021,37.309
97,E,CG,32.817,384.204,37.888
97,E,CD,33.208,383.048,36.987
97,E,OE1,32.306,382.344,36.483
97,E,OE2,34.422,382.831,36.788
98,D,N,30.225,385.758,40.165
98,D,CA,30.057,385.768,41.627
98,D,C,30.447,384.441,42.292
98,D,O,30.817,383.481,41.614
98,D,CB,28.628,386.215,41.997
98,D,CG,27.563,385.175,41.682
98,D,OD1,27.44,384.187,42.436
98,D,OD2,26.818,385.366,40.698
99,A,N,30.36,384.407,43.622
99,A,CA,30.783,383.251,44.427
99,A,C,29.777,382.088,44.516
99,A,O,30.068,381.083,45.163
99,A,CB,31.159,383.715,45.827
100,A,N,28.605,382.232,43.896
100,A,CA,27.622,381.142,43.763
100,A,C,27.202,380.508,45.101
100,A,O,26.996,379.294,45.186
100,A,CB,28.15,380.074,42.809
101,N,N,27.073,381.347,46.128
101,N,CA,26.785,380.909,47.505
101,N,C,27.77,379.851,48.018
101,N,O,27.379,378.888,48.684
101,N,CB,25.336,380.415,47.624
101,N,CG,24.325,381.455,47.172
101,N,OD1,24.518,382.654,47.373
101,N,ND2,23.241,381.003,46.563
102,N,N,29.045,380.058,47.703
102,N,CA,30.129,379.159,48.091
102,N,C,31.215,379.984,48.785
102,N,O,31.809,380.873,48.171
102,N,CB,30.681,378.448,46.848
102,N,CG,31.557,377.249,47.179
102,N,OD1,32.087,377.123,48.282
102,N,ND2,31.725,376.365,46.205
103,Y,N,31.439,379.701,50.07
103,Y,CA,32.509,380.334,50.856
103,Y,C,33.875,380.14,50.205
103,Y,O,34.638,381.095,50.055
103,Y,CB,32.537,379.765,52.284
103,Y,CG,33.721,380.216,53.119
103,Y,CD1,34.922,379.496,53.11
103,Y,CD2,33.646,381.353,53.92
103,Y,CE1,36.01,379.903,53.866
103,Y,CE2,34.732,381.768,54.681
103,Y,CZ,35.912,381.039,54.653
103,Y,OH,36.989,381.443,55.404
104,A,N,34.166,378.893,49.84
104,A,CA,35.442,378.512,49.222
104,A,C,35.731,379.277,47.93
104,A,O,36.871,379.655,47.67
104,A,CB,35.47,377.014,48.958
105,R,N,34.691,379.502,47.136
105,R,CA,34.802,380.239,45.876
105,R,C,35.05,381.731,46.12
105,R,O,35.91,382.337,45.48
105,R,CB,33.53,380.04,45.051
105,R,CG,33.678,380.333,43.57
105,R,CD,32.409,379.949,42.827
105,R,NE,32.335,380.555,41.499
105,R,CZ,32.952,380.103,40.405
105,R,NH1,33.726,379.018,40.436
105,R,NH2,32.794,380.754,39.255
106,G,N,34.29,382.304,47.052
106,G,CA,34.437,383.71,47.438
106,G,C,35.733,384.029,48.166
106,G,O,36.299,385.108,47.983
107,H,N,36.194,383.095,48.996
107,H,CA,37.438,383.257,49.752
107,H,C,38.671,382.98,48.891
107,H,O,39.501,383.867,48.691
107,H,CB,37.435,382.343,50.985
107,H,CG,38.56,382.609,51.938
107,H,ND1,38.506,383.593,52.9
107,H,CD2,39.769,382.016,52.076
107,H,CE1,39.633,383.596,53.588
107,H,NE2,40.417,382.649,53.109
108,Y,N,38.773,381.756,48.375
108,Y,CA,39.996,381.283,47.708
108,Y,C,40.06,381.612,46.224
108,Y,O,41.0,382.259,45.774
108,Y,CB,40.155,379.771,47.879
108,Y,CG,40.344,379.336,49.309
108,Y,CD1,41.6,379.379,49.911
108,Y,CD2,39.268,378.88,50.065
108,Y,CE1,41.78,378.979,51.228
108,Y,CE2,39.434,378.478,51.382
108,Y,CZ,40.692,378.527,51.959
108,Y,OH,40.864,378.132,53.263
109,T,N,39.073,381.142,45.47
109,T,CA,39.12,381.186,44.002
109,T,C,39.027,382.613,43.453
109,T,O,39.982,383.113,42.853
109,T,CB,38.019,380.3,43.38
109,T,OG1,38.086,378.989,43.952
109,T,CG2,38.179,380.189,41.86
110,I,N,37.887,383.257,43.678
110,I,CA,37.599,384.577,43.104
110,I,C,38.178,385.702,43.97
110,I,O,38.689,386.691,43.438
110,I,CB,36.081,384.778,42.865
110,I,CG1,35.555,383.66,41.947
110,I,CG2,35.803,386.154,42.257
110,I,CD1,34.085,383.734,41.601
111,G,N,38.093,385.548,45.291
111,G,CA,38.603,386.547,46.24
111,G,C,40.076,386.887,46.088
111,G,O,40.46,388.054,46.178
112,K,N,40.889,385.86,45.848
112,K,CA,42.338,385.996,45.629
112,K,C,42.705,386.927,44.465
112,K,O,43.712,387.634,44.527
112,K,CB,42.931,384.602,45.401
112,K,CG,44.421,384.52,45.118
112,K,CD,44.871,383.067,45.167
112,K,CE,46.377,382.916,45.06
112,K,NZ,46.857,383.095,43.665
113,E,N,41.882,386.92,43.418
113,E,CA,42.109,387.751,42.23
113,E,C,41.755,389.231,42.432
113,E,O,42.289,390.086,41.724
113,E,CB,41.324,387.195,41.031
113,E,CG,41.582,385.725,40.705
113,E,CD,43.051,385.404,40.467
113,E,OE1,43.721,386.167,39.739
113,E,OE2,43.532,384.385,41.006
114,I,N,40.865,389.522,43.385
114,I,CA,40.374,390.895,43.632
114,I,C,40.821,391.528,44.972
114,I,O,40.582,392.716,45.189
114,I,CB,38.821,390.941,43.482
114,I,CG1,38.333,392.347,43.088
114,I,CG2,38.114,390.43,44.737
114,I,CD1,36.905,392.382,42.583
115,I,N,41.474,390.763,45.851
115,I,CA,41.829,391.252,47.201
115,I,C,42.832,392.415,47.193
115,I,O,42.69,393.358,47.976
115,I,CB,42.324,390.103,48.133
115,I,CG1,42.419,390.558,49.601
115,I,CG2,43.662,389.531,47.676
115,I,CD1,41.093,390.916,50.244
116,D,N,43.834,392.346,46.318
116,D,CA,44.842,393.408,46.195
116,D,C,44.269,394.709,45.629
116,D,O,44.765,395.79,45.95
116,D,CB,46.023,392.938,45.335
116,D,CG,46.82,391.807,45.982
116,D,OD1,46.638,391.527,47.188
116,D,OD2,47.645,391.195,45.272
117,L,N,43.235,394.599,44.794
117,L,CA,42.524,395.77,44.268
117,L,C,41.725,396.484,45.361
117,L,O,41.769,397.71,45.458
117,L,CB,41.592,395.365,43.115
117,L,CG,40.756,396.458,42.431
117,L,CD1,41.627,397.566,41.854
117,L,CD2,39.889,395.847,41.34
118,V,N,41.005,395.711,46.173
118,V,CA,40.143,396.256,47.235
118,V,C,40.953,396.951,48.337
118,V,O,40.581,398.038,48.783
118,V,CB,39.215,395.158,47.819
118,V,CG1,38.469,395.638,49.062
118,V,CG2,38.211,394.711,46.763
119,L,N,42.053,396.329,48.763
119,L,CA,42.957,396.926,49.757
119,L,C,43.635,398.211,49.267
119,L,O,43.971,399.078,50.077
119,L,CB,44.025,395.917,50.194
119,L,CG,43.533,394.699,50.981
119,L,CD1,44.646,393.673,51.111
119,L,CD2,43.006,395.085,52.357
120,D,N,43.841,398.323,47.955
120,D,CA,44.38,399.544,47.347
120,D,C,43.392,400.716,47.42
120,D,O,43.797,401.85,47.682
120,D,CB,44.779,399.289,45.888
120,D,CG,45.745,400.334,45.355
120,D,OD1,46.892,400.393,45.849
120,D,OD2,45.363,401.09,44.436
121,R,N,42.109,400.439,47.181
121,R,CA,41.055,401.463,47.264
121,R,C,40.739,401.863,48.713
121,R,O,40.356,403.007,48.971
121,R,CB,39.776,400.996,46.555
121,R,CG,39.952,400.616,45.088
121,R,CD,40.336,401.789,44.2
121,R,NE,40.544,401.37,42.813
121,R,CZ,39.578,401.081,41.932
121,R,NH1,38.288,401.153,42.264
121,R,NH2,39.909,400.707,40.699
122,I,N,40.883,400.914,49.639
122,I,CA,40.806,401.196,51.081
122,I,C,41.998,402.06,51.516
122,I,O,41.836,402.985,52.314
122,I,CB,40.741,399.891,51.917
122,I,CG1,39.42,399.156,51.65
122,I,CG2,40.857,400.178,53.416
122,I,CD1,39.447,397.682,52.003
123,R,N,43.183,401.743,50.994
123,R,CA,44.397,402.533,51.241
123,R,C,44.279,403.969,50.718
123,R,O,44.827,404.887,51.325
123,R,CB,45.627,401.832,50.636
123,R,CG,46.975,402.517,50.863
123,R,CD,47.356,402.641,52.333
123,R,NE,47.486,401.346,53.004
123,R,CZ,47.823,401.179,54.284
123,R,NH1,48.077,402.224,55.073
123,R,NH2,47.911,399.947,54.786
124,K,N,43.575,404.154,49.597
124,K,CA,43.278,405.505,49.079
124,K,C,42.442,406.333,50.061
124,K,O,42.708,407.521,50.251
124,K,CB,42.583,405.462,47.702
124,K,CG,43.465,405.877,46.528
124,K,CD,44.274,404.721,45.967
124,K,CE,45.411,405.218,45.089
124,K,NZ,46.135,404.1,44.424
125,L,N,41.435,405.705,50.668
125,L,CA,40.641,406.34,51.727
125,L,C,41.441,406.522,53.017
125,L,O,41.331,407.559,53.673
125,L,CB,39.371,405.532,52.022
125,L,CG,38.316,405.384,50.921
125,L,CD1,37.105,404.661,51.487
125,L,CD2,37.894,406.72,50.323
126,A,N,42.24,405.515,53.369
126,A,CA,43.058,405.535,54.591
126,A,C,44.178,406.584,54.556
126,A,O,44.498,407.18,55.587
126,A,CB,43.639,404.156,54.857
127,D,N,44.77,406.793,53.379
127,D,CA,45.788,407.84,53.178
127,D,C,45.253,409.265,53.375
127,D,O,46.02,410.163,53.733
127,D,CB,46.429,407.722,51.782
127,D,CG,47.435,406.572,51.677
127,D,OD1,47.636,405.825,52.661
127,D,OD2,48.029,406.413,50.589
128,Q,N,43.952,409.463,53.149
128,Q,CA,43.29,410.759,53.386
128,Q,C,42.554,410.838,54.739
128,Q,O,41.531,411.523,54.856
128,Q,CB,42.322,411.066,52.239
128,Q,CG,42.98,411.078,50.867
128,Q,CD,42.195,411.869,49.833
128,Q,OE1,42.756,412.715,49.134
128,Q,NE2,40.893,411.605,49.731
129,C,N,43.084,410.15,55.751
129,C,CA,42.565,410.205,57.119
129,C,C,43.66,410.716,58.048
129,C,O,44.757,410.152,58.086
129,C,CB,42.1,408.823,57.578
129,C,SG,40.585,408.254,56.775
130,T,N,43.359,411.78,58.791
130,T,CA,44.309,412.362,59.742
130,T,C,44.521,411.446,60.95
130,T,O,45.655,411.245,61.39
130,T,CB,43.848,413.746,60.24
130,T,OG1,42.584,413.628,60.905
130,T,CG2,43.722,414.729,59.079
131,G,N,43.423,410.901,61.475
131,G,CA,43.457,409.998,62.63
131,G,C,42.424,408.89,62.569
131,G,O,41.417,408.949,63.255
132,L,N,42.687,407.862,61.77
132,L,CA,41.73,406.761,61.584
132,L,C,41.506,405.907,62.844
132,L,O,42.45,405.613,63.583
132,L,CB,42.174,405.86,60.428
132,L,CG,41.216,404.724,60.037
132,L,CD1,39.921,405.272,59.459
132,L,CD2,41.88,403.785,59.045
133,Q,N,40.249,405.509,63.054
133,Q,CA,39.845,404.641,64.169
133,Q,C,39.897,403.175,63.768
133,Q,O,40.57,402.366,64.406
133,Q,CB,38.409,404.938,64.611
133,Q,CG,38.205,406.241,65.354
133,Q,CD,36.752,406.449,65.752
133,Q,OE1,36.099,405.531,66.247
133,Q,NE2,36.237,407.655,65.539
134,G,N,39.153,402.848,62.716
134,G,CA,38.963,401.466,62.304
134,G,C,37.935,401.318,61.199
134,G,O,37.694,402.26,60.439
135,F,N,37.32,400.137,61.129
135,F,CA,36.439,399.769,60.012
135,F,C,35.064,399.276,60.453
135,F,O,34.907,398.74,61.551
135,F,CB,37.107,398.706,59.137
135,F,CG,38.428,399.137,58.568
135,F,CD1,38.48,399.972,57.454
135,F,CD2,39.623,398.722,59.15
135,F,CE1,39.699,400.377,56.928
135,F,CE2,40.845,399.124,58.627
135,F,CZ,40.883,399.952,57.514
136,L,N,34.082,399.472,59.574
136,L,CA,32.716,398.965,59.746
136,L,C,32.37,398.073,58.551
136,L,O,32.114,398.569,57.451
136,L,CB,31.72,400.125,59.849
136,L,CG,31.885,401.068,61.047
136,L,CD1,31.152,402.377,60.818
136,L,CD2,31.399,400.422,62.331
137,V,N,32.366,396.761,58.776
137,V,CA,32.211,395.772,57.703
137,V,C,30.783,395.22,57.675
137,V,O,30.349,394.559,58.62
137,V,CB,33.235,394.624,57.857
137,V,CG1,33.128,393.625,56.709
137,V,CG2,34.65,395.188,57.921
138,F,N,30.07,395.493,56.581
138,F,CA,28.688,395.041,56.374
138,F,C,28.66,393.884,55.377
138,F,O,29.171,394.017,54.262
138,F,CB,27.829,396.188,55.833
138,F,CG,27.706,397.356,56.77
138,F,CD1,28.729,398.295,56.877
138,F,CD2,26.559,397.532,57.539
138,F,CE1,28.616,399.377,57.739
138,F,CE2,26.439,398.615,58.4
138,F,CZ,27.47,399.537,58.502
139,H,N,28.059,392.761,55.772
139,H,CA,28.005,391.554,54.934
139,H,C,26.97,390.546,55.44
139,H,O,26.383,390.73,56.506
139,H,CB,29.381,390.88,54.894
139,H,CG,29.804,390.303,56.209
139,H,ND1,29.78,388.949,56.469
139,H,CD2,30.235,390.897,57.346
139,H,CE1,30.194,388.734,57.706
139,H,NE2,30.477,389.9,58.258
140,S,N,26.769,389.484,54.661
140,S,CA,25.909,388.354,55.047
140,S,C,26.729,387.125,55.442
140,S,O,27.802,386.882,54.894
140,S,CB,24.968,387.98,53.901
140,S,OG,25.692,387.66,52.725
141,F,N,26.209,386.363,56.4
141,F,CA,26.748,385.041,56.753
141,F,C,26.527,384.007,55.644
141,F,O,27.354,383.117,55.446
141,F,CB,26.088,384.524,58.048
141,F,CG,26.755,384.962,59.335
141,F,CD1,27.776,385.923,59.38
141,F,CD2,26.324,384.406,60.538
141,F,CE1,28.356,386.282,60.59
141,F,CE2,26.895,384.774,61.746
141,F,CZ,27.911,385.715,61.773
142,G,N,25.406,384.127,54.938
142,G,CA,24.98,383.126,53.961
142,G,C,25.581,383.244,52.574
142,G,O,25.847,382.233,51.922
143,G,N,25.782,384.477,52.122
143,G,CA,26.306,384.746,50.782
143,G,C,27.739,384.289,50.593
143,G,O,28.526,384.309,51.536
144,G,N,28.07,383.88,49.371
144,G,CA,29.417,383.405,49.034
144,G,C,30.484,384.481,49.139
144,G,O,31.568,384.237,49.672
145,T,N,30.168,385.671,48.63
145,T,CA,31.031,386.846,48.752
145,T,C,31.044,387.349,50.197
145,T,O,32.108,387.561,50.778
145,T,CB,30.554,387.986,47.828
145,T,OG1,30.405,387.495,46.49
145,T,CG2,31.543,389.151,47.826
146,G,N,29.849,387.539,50.755
146,G,CA,29.675,387.989,52.14
146,G,C,30.335,387.126,53.205
146,G,O,30.745,387.636,54.249
147,S,N,30.415,385.821,52.95
147,S,CA,31.092,384.88,53.847
147,S,C,32.567,384.735,53.47
147,S,O,33.454,384.959,54.295
147,S,CB,30.401,383.513,53.804
147,S,OG,30.506,382.909,52.527
148,G,N,32.805,384.369,52.213
148,G,CA,34.144,384.048,51.713
148,G,C,35.111,385.211,51.619
148,G,O,36.184,385.18,52.224
149,F,N,34.735,386.234,50.853
149,F,CA,35.615,387.386,50.615
149,F,C,35.801,388.264,51.855
149,F,O,36.885,388.813,52.062
149,F,CB,35.118,388.243,49.446
149,F,CG,36.037,389.386,49.115
149,F,CD1,37.236,389.154,48.452
149,F,CD2,35.727,390.69,49.498
149,F,CE1,38.1,390.197,48.157
149,F,CE2,36.588,391.739,49.206
149,F,CZ,37.776,391.492,48.532
150,T,N,34.746,388.405,52.658
150,T,CA,34.81,389.184,53.9
150,T,C,35.865,388.626,54.851
150,T,O,36.674,389.38,55.386
150,T,CB,33.457,389.21,54.638
150,T,OG1,32.43,389.673,53.752
150,T,CG2,33.52,390.134,55.856
151,S,N,35.848,387.311,55.052
151,S,CA,36.819,386.643,55.925
151,S,C,38.263,386.787,55.435
151,S,O,39.185,386.872,56.249
151,S,CB,36.473,385.164,56.087
151,S,OG,36.391,384.517,54.833
152,L,N,38.454,386.809,54.116
152,L,CA,39.765,387.104,53.527
152,L,C,40.172,388.553,53.797
152,L,O,41.313,388.817,54.173
152,L,CB,39.777,386.835,52.015
152,L,CG,41.096,387.119,51.273
152,L,CD1,42.221,386.216,51.763
152,L,CD2,40.915,386.974,49.771
153,L,N,39.236,389.478,53.585
153,L,CA,39.467,390.901,53.844
153,L,C,39.79,391.169,55.316
153,L,O,40.726,391.905,55.62
153,L,CB,38.254,391.732,53.403
153,L,CG,38.367,393.259,53.49
153,L,CD1,39.516,393.8,52.65
153,L,CD2,37.062,393.895,53.05
154,M,N,39.024,390.551,56.215
154,M,CA,39.237,390.685,57.663
154,M,C,40.605,390.165,58.124
154,M,O,41.186,390.706,59.068
154,M,CB,38.114,389.984,58.441
154,M,CG,36.75,390.652,58.305
154,M,SD,36.583,392.18,59.247
154,M,CE,36.339,391.545,60.901
155,E,N,41.109,389.123,57.463
155,E,CA,42.477,388.632,57.693
155,E,C,43.531,389.64,57.232
155,E,O,44.483,389.925,57.961
155,E,CB,42.706,387.285,56.994
155,E,CG,42.133,386.089,57.737
155,E,CD,42.369,384.778,57.011
155,E,OE1,42.062,384.696,55.802
155,E,OE2,42.858,383.821,57.649
156,R,N,43.354,390.169,56.022
156,R,CA,44.288,391.141,55.443
156,R,C,44.25,392.514,56.126
156,R,O,45.271,393.204,56.167
156,R,CB,44.038,391.303,53.938
156,R,CG,44.337,390.063,53.098
156,R,CD,45.804,389.649,53.126
156,R,NE,46.713,390.752,52.811
156,R,CZ,46.968,391.226,51.587
156,R,NH1,46.387,390.708,50.503
156,R,NH2,47.819,392.239,51.445
157,L,N,43.087,392.906,56.647
157,L,CA,42.963,394.15,57.423
157,L,C,43.652,394.064,58.797
157,L,O,44.073,395.086,59.334
157,L,CB,41.492,394.57,57.579
157,L,CG,40.734,395.074,56.337
157,L,CD1,39.324,395.49,56.728
157,L,CD2,41.438,396.222,55.626
158,S,N,43.762,392.859,59.354
158,S,CA,44.532,392.63,60.588
158,S,C,46.045,392.722,60.377
158,S,O,46.787,393.01,61.313
158,S,CB,44.213,391.262,61.184
158,S,OG,42.83,391.124,61.457
159,V,N,46.499,392.428,59.16
159,V,CA,47.909,392.573,58.791
159,V,C,48.203,394.032,58.444
159,V,O,49.053,394.667,59.07
159,V,CB,48.281,391.657,57.601
159,V,CG1,49.719,391.894,57.145
159,V,CG2,48.087,390.193,57.976
160,D,N,47.495,394.544,57.439
160,D,CA,47.734,395.893,56.904
160,D,C,47.363,397.037,57.861
160,D,O,47.975,398.106,57.805
160,D,CB,46.999,396.072,55.569
160,D,CG,47.578,395.209,54.457
160,D,OD1,48.116,394.12,54.752
160,D,OD2,47.488,395.624,53.282
161,Y,N,46.366,396.809,58.719
161,Y,CA,45.918,397.799,59.714
161,Y,C,45.798,397.113,61.081
161,Y,O,44.7,396.954,61.624
161,Y,CB,44.575,398.419,59.298
161,Y,CG,44.557,399.033,57.915
161,Y,CD1,44.274,398.256,56.792
161,Y,CD2,44.806,400.394,57.726
161,Y,CE1,44.248,398.81,55.521
161,Y,CE2,44.781,400.96,56.457
161,Y,CZ,44.503,400.162,55.358
161,Y,OH,44.476,400.709,54.095
162,G,N,46.945,396.721,61.625
162,G,CA,47.023,395.862,62.818
162,G,C,46.339,396.351,64.081
162,G,O,45.568,395.614,64.703
163,K,N,46.622,397.594,64.455
163,K,CA,46.105,398.178,65.7
163,K,C,44.671,398.719,65.596
163,K,O,44.039,398.984,66.621
163,K,CB,47.03,399.303,66.172
163,K,CG,48.472,398.885,66.444
163,K,CD,48.683,398.281,67.832
163,K,CE,49.155,396.836,67.782
163,K,NZ,49.628,396.362,69.112
164,K,N,44.169,398.888,64.372
164,K,CA,42.834,399.462,64.144
164,K,C,41.698,398.544,64.591
164,K,O,41.858,397.323,64.668
164,K,CB,42.633,399.837,62.666
164,K,CG,43.09,401.24,62.305
164,K,CD,44.603,401.344,62.232
164,K,CE,45.059,402.767,61.956
164,K,NZ,44.815,403.696,63.096
165,S,N,40.552,399.159,64.875
165,S,CA,39.344,398.44,65.267
165,S,C,38.629,397.882,64.039
165,S,O,38.758,398.419,62.938
165,S,CB,38.403,399.361,66.041
165,S,OG,39.003,399.807,67.244
166,K,N,37.888,396.799,64.245
166,K,CA,37.079,396.184,63.192
166,K,C,35.722,395.783,63.762
166,K,O,35.638,394.895,64.612
166,K,CB,37.8,394.97,62.596
166,K,CG,38.771,395.317,61.476
166,K,CD,39.608,394.116,61.045
166,K,CE,41.032,394.159,61.586
166,K,NZ,41.141,394.328,63.062
167,L,N,34.673,396.459,63.293
167,L,CA,33.292,396.169,63.684
167,L,C,32.544,395.482,62.548
167,L,O,32.699,395.856,61.381
167,L,CB,32.561,397.453,64.077
167,L,CG,32.568,397.808,65.563
167,L,CD1,33.957,398.241,66.009
167,L,CD2,31.536,398.89,65.842
168,E,N,31.728,394.492,62.905
168,E,CA,30.91,393.748,61.945
168,E,C,29.426,394.048,62.123
168,E,O,28.939,394.196,63.246
168,E,CB,31.126,392.241,62.104
168,E,CG,32.36,391.695,61.412
168,E,CD,32.414,390.18,61.459
168,E,OE1,32.296,389.548,60.381
168,E,OE2,32.55,389.623,62.575
169,F,N,28.727,394.147,60.995
169,F,CA,27.271,394.059,60.945
169,F,C,26.943,392.865,60.061
169,F,O,27.034,392.947,58.833
169,F,CB,26.658,395.338,60.386
169,F,CG,26.765,396.512,61.313
169,F,CD1,25.839,396.693,62.336
169,F,CD2,27.793,397.437,61.17
169,F,CE1,25.936,397.778,63.198
169,F,CE2,27.893,398.523,62.027
169,F,CZ,26.964,398.694,63.044
170,S,N,26.577,391.755,60.698
170,S,CA,26.405,390.469,60.025
170,S,C,24.933,390.096,59.88
170,S,O,24.18,390.157,60.852
170,S,CB,27.122,389.38,60.816
170,S,OG,28.514,389.639,60.896
171,I,N,24.538,389.703,58.669
171,I,CA,23.174,389.235,58.394
171,I,C,23.124,387.71,58.522
171,I,O,23.644,386.983,57.677
171,I,CB,22.659,389.699,57.01
171,I,CG1,22.828,391.219,56.837
171,I,CG2,21.198,389.309,56.811
171,I,CD1,22.204,392.07,57.93
172,Y,N,22.483,387.254,59.598
172,Y,CA,22.355,385.838,59.943
172,Y,C,21.231,385.223,59.09
172,Y,O,20.182,385.85,58.92
172,Y,CB,22.073,385.741,61.453
172,Y,CG,21.783,384.366,62.035
172,Y,CD1,20.555,383.738,61.825
172,Y,CD2,22.716,383.718,62.85
172,Y,CE1,20.277,382.494,62.37
172,Y,CE2,22.442,382.474,63.404
172,Y,CZ,21.223,381.867,63.159
172,Y,OH,20.939,380.635,63.699
173,P,N,21.438,383.995,58.564
173,P,CA,20.515,383.443,57.569
173,P,C,19.168,382.999,58.139
173,P,O,19.112,382.446,59.24
173,P,CB,21.284,382.242,57.024
173,P,CG,22.087,381.776,58.177
173,P,CD,22.5,383.027,58.9
174,A,N,18.104,383.238,57.373
174,A,CA,16.734,382.895,57.758
174,A,C,15.966,382.339,56.553
174,A,O,15.845,383.037,55.547
174,A,CB,16.028,384.123,58.297
175,P,N,15.42,381.103,56.657
175,P,CA,14.734,380.478,55.506
175,P,C,13.487,381.194,54.952
175,P,O,13.091,380.904,53.821
175,P,CB,14.357,379.08,56.021
175,P,CG,14.442,379.158,57.5
175,P,CD,15.486,380.184,57.809
176,Q,N,12.876,382.099,55.72
176,Q,CA,11.814,382.978,55.192
176,Q,C,12.34,383.857,54.071
176,Q,O,11.659,384.097,53.063
176,Q,CB,11.247,383.895,56.282
176,Q,CG,10.295,383.22,57.259
176,Q,CD,10.922,382.89,58.607
176,Q,OE1,12.132,382.678,58.719
176,Q,NE2,10.085,382.824,59.642
177,V,N,13.57,384.316,54.258
177,V,CA,14.238,385.143,53.281
177,V,C,14.632,384.338,52.082
177,V,O,14.981,384.959,51.074
177,V,CB,15.519,385.806,53.81
177,V,CG1,15.962,386.956,52.913
177,V,CG2,15.279,386.351,55.184
178,S,N,14.594,383.009,52.103
178,S,CA,15.003,382.377,50.9
178,S,C,16.494,382.604,50.879
178,S,O,17.02,383.686,50.484
178,S,CB,14.373,383.091,49.664
178,S,OG,14.848,384.489,49.565
179,T,N,17.173,381.568,51.324
179,T,CA,18.574,381.61,51.411
179,T,C,18.952,380.544,50.427
179,T,O,18.148,380.117,49.595
179,T,CB,18.968,381.235,52.83
179,T,OG1,18.722,379.838,53.055
179,T,CG2,18.195,382.052,53.835
180,A,N,20.188,380.117,50.517
180,A,CA,20.63,378.948,49.821
180,A,C,20.538,377.865,50.859
180,A,O,20.349,378.134,52.048
180,A,CB,22.054,379.132,49.354
181,V,N,20.681,376.633,50.413
181,V,CA,20.608,375.5,51.318
181,V,C,21.924,375.323,52.085
181,V,O,21.929,374.77,53.185
181,V,CB,20.211,374.226,50.548
181,V,CG1,21.398,373.588,49.838
181,V,CG2,19.522,373.236,51.469
182,V,N,23.02,375.809,51.498
182,V,CA,24.374,375.682,52.068
182,V,C,24.839,376.888,52.912
182,V,O,26.027,376.997,53.219
182,V,CB,25.43,375.381,50.962
182,V,CG1,25.002,374.187,50.118
182,V,CG2,25.703,376.594,50.072
183,E,N,23.92,377.778,53.29
183,E,CA,24.269,378.946,54.114
183,E,C,24.733,378.622,55.537
183,E,O,25.547,379.364,56.084
183,E,CB,23.123,379.952,54.158
183,E,CG,22.844,380.559,52.799
183,E,CD,22.114,381.891,52.85
183,E,OE1,22.07,382.566,51.802
183,E,OE2,21.582,382.274,53.923
184,P,N,24.217,377.529,56.143
184,P,CA,24.779,377.068,57.419
184,P,C,26.28,376.749,57.379
184,P,O,26.975,377.002,58.364
184,P,CB,23.963,375.81,57.721
184,P,CG,22.642,376.089,57.101
184,P,CD,22.965,376.814,55.827
185,Y,N,26.766,376.205,56.262
185,Y,CA,28.209,376.021,56.055
185,Y,C,28.927,377.36,55.969
185,Y,O,29.894,377.597,56.695
185,Y,CB,28.508,375.238,54.769
185,Y,CG,28.17,373.759,54.757
185,Y,CD1,27.942,373.032,55.934
185,Y,CD2,28.127,373.069,53.55
185,Y,CE1,27.651,371.678,55.896
185,Y,CE2,27.842,371.717,53.504
185,Y,CZ,27.604,371.023,54.678
185,Y,OH,27.321,369.68,54.641
186,N,N,28.445,378.218,55.073
186,N,CA,29.034,379.545,54.845
186,N,C,29.098,380.393,56.109
186,N,O,30.076,381.102,56.327
186,N,CB,28.257,380.313,53.771
186,N,CG,28.326,379.654,52.403
186,N,OD1,29.262,378.915,52.098
186,N,ND2,27.329,379.925,51.571
187,S,N,28.049,380.307,56.927
187,S,CA,27.973,381.022,58.202
187,S,C,29.051,380.59,59.201
187,S,O,29.643,381.429,59.88
187,S,CB,26.602,380.813,58.838
187,S,OG,25.55,381.101,57.937
188,I,N,29.297,379.282,59.272
188,I,CA,30.244,378.696,60.232
188,I,C,31.696,378.769,59.741
188,I,O,32.612,378.933,60.551
188,I,CB,29.807,377.256,60.599
188,I,CG1,28.62,377.337,61.566
188,I,CG2,30.932,376.443,61.24
188,I,CD1,27.751,376.109,61.592
189,L,N,31.902,378.643,58.431
189,L,CA,33.232,378.819,57.839
189,L,C,33.743,380.252,58.007
189,L,O,34.899,380.455,58.382
189,L,CB,33.233,378.436,56.354
189,L,CG,33.091,376.949,56.016
189,L,CD1,32.85,376.771,54.524
189,L,CD2,34.31,376.15,56.454
190,T,N,32.882,381.232,57.735
190,T,CA,33.254,382.65,57.856
190,T,C,33.386,383.125,59.306
190,T,O,34.234,383.965,59.597
190,T,CB,32.302,383.584,57.068
190,T,OG1,32.916,384.869,56.914
190,T,CG2,30.939,383.757,57.757
191,T,N,32.549,382.6,60.201
191,T,CA,32.625,382.946,61.626
191,T,C,33.949,382.471,62.23
191,T,O,34.583,383.213,62.973
191,T,CB,31.425,382.387,62.425
191,T,OG1,30.213,382.966,61.927
191,T,CG2,31.544,382.715,63.921
192,H,N,34.353,381.245,61.901
192,H,CA,35.642,380.683,62.338
192,H,C,36.835,381.524,61.885
192,H,O,37.706,381.867,62.684
192,H,CB,35.803,379.254,61.81
192,H,CG,37.154,378.661,62.068
192,H,ND1,37.765,378.713,63.302
192,H,CD2,38.004,377.99,61.254
192,H,CE1,38.938,378.107,63.236
192,H,NE2,39.106,377.658,62.005
193,T,N,36.857,381.839,60.596
193,T,CA,37.95,382.595,59.979
193,T,C,37.999,384.067,60.431
193,T,O,39.073,384.675,60.439
193,T,CB,37.857,382.52,58.439
193,T,OG1,37.542,381.181,58.038
193,T,CG2,39.163,382.94,57.775
194,T,N,36.847,384.623,60.809
194,T,CA,36.729,386.039,61.207
194,T,C,36.795,386.277,62.732
194,T,O,37.014,387.41,63.166
194,T,CB,35.422,386.653,60.642
194,T,OG1,35.291,386.317,59.256
194,T,CG2,35.401,388.177,60.77
195,L,N,36.652,385.22,63.536
195,L,CA,36.483,385.363,65.0
195,L,C,37.647,386.075,65.7
195,L,O,37.429,386.997,66.488
195,L,CB,36.246,383.995,65.659
195,L,CG,35.639,383.974,67.069
195,L,CD1,34.223,384.531,67.104
195,L,CD2,35.634,382.55,67.598
196,E,N,38.874,385.652,65.402
196,E,CA,40.085,386.303,65.942
196,E,C,40.281,387.755,65.471
196,E,O,40.913,388.553,66.167
196,E,CB,41.344,385.486,65.595
196,E,CG,41.732,384.445,66.635
196,E,CD,42.618,385.01,67.734
196,E,OE1,42.228,386.018,68.358
196,E,OE2,43.706,384.441,67.976
197,H,N,39.736,388.081,64.301
197,H,CA,40.0,389.346,63.606
197,H,C,38.948,390.446,63.809
197,H,O,39.209,391.605,63.48
197,H,CB,40.169,389.057,62.112
197,H,CG,41.208,388.017,61.819
197,H,ND1,42.449,388.33,61.313
197,H,CD2,41.2,386.673,61.986
197,H,CE1,43.158,387.224,61.168
197,H,NE2,42.423,386.205,61.571
198,S,N,37.779,390.086,64.343
198,S,CA,36.699,391.044,64.623
198,S,C,36.65,391.388,66.112
198,S,O,36.769,390.501,66.961
198,S,CB,35.352,390.469,64.187
198,S,OG,34.319,391.433,64.308
199,D,N,36.461,392.672,66.412
199,D,CA,36.439,393.177,67.796
199,D,C,35.03,393.233,68.403
199,D,O,34.865,393.004,69.603
199,D,CB,37.084,394.565,67.86
199,D,CG,38.548,394.544,67.459
199,D,OD1,39.33,393.785,68.069
199,D,OD2,38.921,395.291,66.53
200,C,N,34.036,393.56,67.581
200,C,CA,32.632,393.596,68.004
200,C,C,31.733,393.32,66.797
200,C,O,31.922,393.917,65.739
200,C,CB,32.301,394.957,68.619
200,C,SG,30.705,395.037,69.466
201,A,N,30.756,392.425,66.965
201,A,CA,29.928,391.94,65.849
201,A,C,28.432,391.978,66.165
201,A,O,27.952,391.225,67.011
201,A,CB,30.347,390.529,65.47
202,F,N,27.706,392.848,65.467
202,F,CA,26.256,392.977,65.626
202,F,C,25.517,392.082,64.633
202,F,O,25.33,392.452,63.471
202,F,CB,25.831,394.437,65.452
202,F,CG,26.458,395.366,66.451
202,F,CD1,26.041,395.36,67.779
202,F,CD2,27.474,396.239,66.074
202,F,CE1,26.623,396.21,68.71
202,F,CE2,28.057,397.092,67.0
202,F,CZ,27.632,397.078,68.319
203,M,N,25.112,390.9,65.098
203,M,CA,24.337,389.966,64.282
203,M,C,22.903,390.453,64.113
203,M,O,22.299,390.968,65.055
203,M,CB,24.318,388.574,64.91
203,M,CG,25.631,387.818,64.817
203,M,SD,25.412,386.054,65.126
203,M,CE,24.768,386.061,66.799
204,V,N,22.371,390.273,62.906
204,V,CA,20.996,390.647,62.574
204,V,C,20.318,389.46,61.883
204,V,O,20.556,389.201,60.703
204,V,CB,20.954,391.896,61.665
204,V,CG1,19.52,392.274,61.324
204,V,CG2,21.653,393.073,62.334
205,D,N,19.484,388.743,62.635
205,D,CA,18.717,387.615,62.106
205,D,C,17.578,388.153,61.25
205,D,O,16.696,388.848,61.756
205,D,CB,18.172,386.754,63.261
205,D,CG,17.499,385.458,62.793
205,D,OD1,17.513,385.133,61.585
205,D,OD2,16.945,384.748,63.66
206,N,N,17.608,387.828,59.958
206,N,CA,16.537,388.206,59.031
206,N,C,15.138,387.738,59.452
206,N,O,14.153,388.374,59.093
206,N,CB,16.827,387.7,57.613
206,N,CG,17.687,388.653,56.783
206,N,OD1,17.807,389.838,57.094
206,N,ND2,18.274,388.138,55.702
207,E,N,15.057,386.639,60.205
207,E,CA,13.789,386.15,60.757
207,E,C,13.136,387.195,61.659
207,E,O,11.942,387.472,61.537
207,E,CB,14.018,384.867,61.56
207,E,CG,12.74,384.22,62.079
207,E,CD,12.992,382.928,62.827
207,E,OE1,12.324,381.928,62.504
207,E,OE2,13.853,382.909,63.731
208,A,N,13.933,387.752,62.567
208,A,CA,13.473,388.788,63.491
208,A,C,13.065,390.076,62.771
208,A,O,12.019,390.647,63.074
208,A,CB,14.545,389.081,64.522
209,I,N,13.885,390.508,61.814
209,I,CA,13.608,391.726,61.027
209,I,C,12.355,391.525,60.168
209,I,O,11.533,392.434,60.042
209,I,CB,14.801,392.144,60.117
209,I,CG1,16.139,392.173,60.88
209,I,CG2,14.57,393.52,59.497
209,I,CD1,16.089,392.854,62.228
210,Y,N,12.228,390.334,59.586
210,Y,CA,11.054,389.946,58.798
210,Y,C,9.776,389.94,59.634
210,Y,O,8.767,390.521,59.23
210,Y,CB,11.29,388.561,58.182
210,Y,CG,10.184,388.045,57.292
210,Y,CD1,10.169,388.33,55.925
210,Y,CD2,9.164,387.244,57.809
210,Y,CE1,9.163,387.846,55.104
210,Y,CE2,8.152,386.76,56.996
210,Y,CZ,8.155,387.061,55.648
210,Y,OH,7.148,386.576,54.849
211,D,N,9.828,389.281,60.789
211,D,CA,8.664,389.185,61.681
211,D,C,8.299,390.513,62.355
211,D,O,7.122,390.764,62.603
211,D,CB,8.858,388.075,62.724
211,D,CG,8.683,386.677,62.134
211,D,OD1,7.665,386.43,61.451
211,D,OD2,9.559,385.818,62.364
212,I,N,9.293,391.354,62.645
212,I,CA,9.044,392.721,63.136
212,I,C,8.327,393.564,62.067
212,I,O,7.396,394.302,62.388
212,I,CB,10.345,393.408,63.637
212,I,CG1,10.774,392.801,64.981
212,I,CG2,10.161,394.914,63.823
212,I,CD1,12.232,393.017,65.331
213,C,N,8.763,393.45,60.811
213,C,CA,8.084,394.111,59.68
213,C,C,6.653,393.597,59.477
213,C,O,5.746,394.371,59.173
213,C,CB,8.886,393.934,58.385
213,C,SG,10.403,394.915,58.298
214,R,N,6.469,392.288,59.63
214,R,CA,5.137,391.66,59.599
214,R,C,4.232,392.146,60.736
214,R,O,3.101,392.578,60.505
214,R,CB,5.268,390.134,59.696
214,R,CG,5.459,389.402,58.37
214,R,CD,4.195,388.67,57.916
214,R,NE,4.435,387.261,57.596
214,R,CZ,4.706,386.299,58.486
214,R,NH1,4.808,386.565,59.79
214,R,NH2,4.896,385.051,58.065
215,R,N,4.752,392.065,61.958
215,R,CA,3.979,392.311,63.178
215,R,C,3.646,393.792,63.394
215,R,O,2.485,394.14,63.618
215,R,CB,4.752,391.759,64.384
215,R,CG,3.968,391.636,65.682
215,R,CD,4.862,391.251,66.859
215,R,NE,5.799,390.16,66.547
215,R,CZ,7.12,390.274,66.36
215,R,NH1,7.754,391.447,66.453
215,R,NH2,7.834,389.184,66.077
216,N,N,4.662,394.648,63.317
216,N,CA,4.528,396.072,63.657
216,N,C,4.094,396.964,62.49
216,N,O,3.193,397.792,62.644
216,N,CB,5.835,396.601,64.256
216,N,CG,6.207,395.903,65.556
216,N,OD1,6.06,394.689,65.684
216,N,ND2,6.695,396.668,66.529
217,L,N,4.736,396.796,61.334
217,L,CA,4.432,397.603,60.139
217,L,C,3.235,397.088,59.323
217,L,O,2.782,397.769,58.401
217,L,CB,5.667,397.717,59.233
217,L,CG,6.994,398.119,59.886
217,L,CD1,8.113,398.11,58.854
217,L,CD2,6.9,399.483,60.552
218,D,N,2.741,395.893,59.661
218,D,CA,1.565,395.275,59.021
218,D,C,1.786,395.038,57.517
218,D,O,0.925,395.334,56.683
218,D,CB,0.294,396.104,59.294
218,D,CG,-0.997,395.308,59.094
218,D,OD1,-1.048,394.116,59.477
218,D,OD2,-1.971,395.882,58.561
219,I,N,2.959,394.494,57.2
219,I,CA,3.36,394.184,55.825
219,I,C,3.03,392.707,55.572
219,I,O,3.373,391.847,56.387
219,I,CB,4.878,394.419,55.604
219,I,CG1,5.311,395.831,56.058
219,I,CG2,5.266,394.158,54.148
219,I,CD1,5.137,396.945,55.043
220,E,N,2.362,392.426,54.453
220,E,CA,2.017,391.05,54.062
220,E,C,3.269,390.209,53.809
220,E,O,3.442,389.141,54.402
220,E,CB,1.144,391.048,52.801
220,E,CG,-0.292,391.505,53.022
220,E,CD,-1.223,390.37,53.41
220,E,OE1,-2.168,390.083,52.644
220,E,OE2,-1.004,389.758,54.478
221,R,N,4.126,390.71,52.922
221,R,CA,5.397,390.07,52.577
221,R,C,6.499,391.133,52.459
221,R,O,6.625,391.782,51.416
221,R,CB,5.251,389.246,51.286
221,R,CG,5.171,387.748,51.541
221,R,CD,6.556,387.14,51.734
221,R,NE,7.07,386.467,50.536
221,R,CZ,8.355,386.2,50.28
221,R,NH1,8.677,385.568,49.152
221,R,NH2,9.328,386.563,51.119
222,P,N,7.279,391.338,53.548
222,P,CA,8.387,392.301,53.554
222,P,C,9.461,392.034,52.496
222,P,O,9.98,390.918,52.407
222,P,CB,8.984,392.145,54.959
222,P,CG,7.863,391.657,55.798
222,P,CD,7.01,390.812,54.902
223,T,N,9.766,393.059,51.703
223,T,CA,10.864,393.021,50.734
223,T,C,12.186,393.326,51.438
223,T,O,12.199,393.654,52.625
223,T,CB,10.651,394.057,49.612
223,T,OG1,10.536,395.369,50.178
223,T,CG2,9.396,393.74,48.813
224,Y,N,13.293,393.216,50.704
224,Y,CA,14.603,393.636,51.217
224,Y,C,14.631,395.13,51.555
224,Y,O,15.263,395.527,52.532
224,Y,CB,15.73,393.31,50.226
224,Y,CG,16.149,391.85,50.174
224,Y,CD1,16.432,391.133,51.341
224,Y,CD2,16.299,391.192,48.95
224,Y,CE1,16.825,389.806,51.291
224,Y,CE2,16.696,389.862,48.894
224,Y,CZ,16.959,389.174,50.064
224,Y,OH,17.351,387.859,50.006
225,T,N,13.938,395.941,50.753
225,T,CA,13.83,397.388,50.99
225,T,C,13.148,397.713,52.329
225,T,O,13.51,398.692,52.985
225,T,CB,13.07,398.096,49.847
225,T,OG1,13.524,397.595,48.581
225,T,CG2,13.292,399.609,49.896
226,N,N,12.166,396.899,52.717
226,N,CA,11.559,396.988,54.051
226,N,C,12.526,396.572,55.154
226,N,O,12.627,397.244,56.181
226,N,CB,10.295,396.122,54.146
226,N,CG,9.214,396.535,53.164
226,N,OD1,8.691,395.703,52.423
226,N,ND2,8.862,397.817,53.157
227,L,N,13.221,395.456,54.934
227,L,CA,14.192,394.926,55.898
227,L,C,15.374,395.876,56.106
227,L,O,15.752,396.155,57.242
227,L,CB,14.708,393.551,55.446
227,L,CG,13.701,392.396,55.351
227,L,CD1,14.321,391.197,54.65
227,L,CD2,13.173,391.99,56.715
228,N,N,15.936,396.374,55.005
228,N,CA,17.109,397.259,55.039
228,N,C,16.854,398.607,55.707
228,N,O,17.725,399.122,56.411
228,N,CB,17.65,397.497,53.624
228,N,CG,18.206,396.238,52.988
228,N,OD1,18.466,395.242,53.664
228,N,ND2,18.383,396.272,51.673
229,R,N,15.671,399.173,55.477
229,R,CA,15.29,400.445,56.1
229,R,C,15.093,400.32,57.612
229,R,O,15.429,401.242,58.354
229,R,CB,14.05,401.032,55.425
229,R,CG,14.38,401.673,54.088
229,R,CD,13.164,402.262,53.403
229,R,NE,13.546,402.992,52.195
229,R,CZ,12.698,403.548,51.328
229,R,NH1,11.38,403.475,51.509
229,R,NH2,13.171,404.186,50.262
230,L,N,14.559,399.183,58.054
230,L,CA,14.505,398.853,59.482
230,L,C,15.913,398.628,60.038
230,L,O,16.263,399.186,61.071
230,L,CB,13.625,397.62,59.733
230,L,CG,13.508,397.084,61.171
230,L,CD1,13.203,398.18,62.184
230,L,CD2,12.441,396.002,61.245
231,I,N,16.71,397.819,59.343
231,I,CA,18.095,397.527,59.752
231,I,C,18.962,398.793,59.824
231,I,O,19.766,398.936,60.748
231,I,CB,18.74,396.459,58.829
231,I,CG1,18.092,395.097,59.093
231,I,CG2,20.25,396.348,59.054
231,I,CD1,18.314,394.075,58.001
232,S,N,18.787,399.697,58.862
232,S,CA,19.544,400.954,58.816
232,S,C,19.246,401.893,59.993
232,S,O,20.116,402.668,60.392
232,S,CB,19.299,401.686,57.494
232,S,OG,17.941,402.068,57.364
233,Q,N,18.029,401.829,60.533
233,Q,CA,17.677,402.552,61.769
233,Q,C,18.495,402.07,62.97
233,Q,O,18.921,402.88,63.796
233,Q,CB,16.184,402.408,62.093
233,Q,CG,15.255,403.174,61.163
233,Q,CD,15.224,404.673,61.427
233,Q,OE1,15.378,405.121,62.564
233,Q,NE2,15.008,405.455,60.372
234,I,N,18.702,400.755,63.056
234,I,CA,19.494,400.151,64.134
234,I,C,20.978,400.462,63.933
234,I,O,21.677,400.776,64.897
234,I,CB,19.238,398.624,64.263
234,I,CG1,17.879,398.367,64.934
234,I,CG2,20.323,397.927,65.091
234,I,CD1,16.682,398.444,64.014
235,V,N,21.448,400.374,62.688
235,V,CA,22.822,400.771,62.345
235,V,C,23.05,402.255,62.653
235,V,O,24.092,402.622,63.197
235,V,CB,23.166,400.465,60.865
235,V,CG1,24.516,401.057,60.472
235,V,CG2,23.184,398.963,60.628
236,S,N,22.078,403.094,62.296
236,S,CA,22.133,404.531,62.586
236,S,C,22.163,404.81,64.085
236,S,O,22.949,405.634,64.537
236,S,CB,20.954,405.267,61.944
236,S,OG,21.02,406.661,62.195
237,S,N,21.315,404.116,64.842
237,S,CA,21.282,404.252,66.304
237,S,C,22.598,403.821,66.965
237,S,O,23.008,404.403,67.97
237,S,CB,20.116,403.455,66.892
237,S,OG,19.826,403.883,68.211
238,I,N,23.245,402.807,66.391
238,I,CA,24.556,402.335,66.857
238,I,C,25.661,403.317,66.454
238,I,O,26.459,403.73,67.292
238,I,CB,24.861,400.907,66.339
238,I,CG1,23.902,399.9,66.989
238,I,CG2,26.299,400.489,66.649
238,I,CD1,23.725,398.611,66.212
239,T,N,25.695,403.692,65.178
239,T,CA,26.735,404.593,64.655
239,T,C,26.543,406.08,65.008
239,T,O,27.495,406.852,64.881
239,T,CB,26.883,404.468,63.123
239,T,OG1,25.626,404.727,62.489
239,T,CG2,27.371,403.078,62.743
240,A,N,25.342,406.47,65.453
240,A,CA,25.011,407.885,65.764
240,A,C,26.037,408.583,66.656
240,A,O,26.378,409.744,66.427
240,A,CB,23.632,407.986,66.409
241,S,N,26.514,407.864,67.668
241,S,CA,27.508,408.375,68.615
241,S,C,28.847,408.783,67.976
241,S,O,29.542,409.66,68.491
241,S,CB,27.755,407.331,69.699
241,S,OG,28.092,406.079,69.126
242,L,N,29.2,408.14,66.865
242,L,CA,30.407,408.475,66.101
242,L,C,30.201,409.728,65.245
242,L,O,31.095,410.569,65.135
242,L,CB,30.801,407.309,65.19
242,L,CG,30.945,405.925,65.827
242,L,CD1,31.184,404.885,64.748
242,L,CD2,32.057,405.908,66.866
243,R,N,29.019,409.831,64.645
243,R,CA,28.694,410.884,63.679
243,R,C,28.216,412.189,64.315
243,R,O,28.486,413.265,63.786
243,R,CB,27.618,410.377,62.719
243,R,CG,28.019,409.145,61.911
243,R,CD,26.865,408.165,61.785
243,R,NE,25.654,408.835,61.318
243,R,CZ,24.401,408.532,61.66
243,R,NH1,24.111,407.533,62.496
243,R,NH2,23.41,409.25,61.146
244,F,N,27.48,412.089,65.421
244,F,CA,27.003,413.266,66.157
244,F,C,27.867,413.534,67.377
244,F,O,28.503,412.622,67.914
244,F,CB,25.549,413.081,66.593
244,F,CG,24.577,413.075,65.45
244,F,CD1,24.158,414.27,64.873
244,F,CD2,24.08,411.878,64.945
244,F,CE1,23.26,414.27,63.815
244,F,CE2,23.18,411.871,63.888
244,F,CZ,22.771,413.069,63.322
245,D,N,27.887,414.794,67.802
245,D,CA,28.581,415.187,69.022
245,D,C,27.845,414.596,70.226
245,D,O,26.616,414.594,70.282
245,D,CB,28.678,416.718,69.127
245,D,CG,29.318,417.194,70.436
245,D,OD1,30.02,416.403,71.103
245,D,OD2,29.119,418.375,70.789
246,G,N,28.624,414.08,71.169
246,G,CA,28.101,413.586,72.437
246,G,C,29.241,413.189,73.35
246,G,O,30.374,413.646,73.174
247,A,N,28.938,412.339,74.325
247,A,CA,29.931,411.894,75.305
247,A,C,29.727,410.436,75.739
247,A,O,29.987,410.081,76.892
247,A,CB,29.898,412.828,76.502
248,L,N,29.262,409.599,74.814
248,L,CA,29.089,408.165,75.069
248,L,C,29.058,407.38,73.764
248,L,O,28.424,407.808,72.799
248,L,CB,27.798,407.916,75.829
248,L,CG,27.613,406.516,76.424
248,L,CD1,27.811,406.544,77.932
248,L,CD2,26.236,405.983,76.111
249,N,N,29.727,406.222,73.764
249,N,CA,29.994,405.425,72.548
249,N,C,30.646,406.254,71.449
249,N,O,30.517,405.982,70.253
249,N,CB,28.717,404.756,72.034
249,N,CG,28.4,403.466,72.754
249,N,OD1,29.174,402.966,73.57
249,N,ND2,27.248,402.91,72.44
250,V,N,31.401,407.245,71.894
250,V,CA,31.792,408.364,71.066
250,V,C,32.979,407.989,70.161
250,V,O,33.25,408.664,69.168
250,V,CB,32.055,409.589,71.981
250,V,CG1,33.491,409.635,72.487
250,V,CG2,31.648,410.876,71.291
251,D,N,33.664,406.904,70.526
251,D,CA,34.75,406.311,69.753
251,D,C,34.521,404.791,69.707
251,D,O,34.017,404.211,70.672
251,D,CB,36.077,406.669,70.435
251,D,CG,37.241,405.819,69.966
251,D,OD1,37.61,405.907,68.779
251,D,OD2,37.79,405.064,70.796
252,L,N,34.888,404.157,68.592
252,L,CA,34.646,402.712,68.375
252,L,C,35.234,401.768,69.427
252,L,O,34.714,400.669,69.635
252,L,CB,35.151,402.268,66.994
252,L,CG,34.333,402.632,65.752
252,L,CD1,34.975,402.002,64.531
252,L,CD2,32.899,402.154,65.869
253,T,N,36.319,402.189,70.067
253,T,CA,36.952,401.418,71.134
253,T,C,36.084,401.298,72.4
253,T,O,36.227,400.332,73.15
253,T,CB,38.325,402.014,71.513
253,T,OG1,38.927,402.623,70.363
253,T,CG2,39.25,400.935,72.045
254,E,N,35.194,402.27,72.632
254,E,CA,34.271,402.219,73.78
254,E,C,33.248,401.08,73.673
254,E,O,32.893,400.484,74.693
254,E,CB,33.549,403.562,73.993
254,E,CG,34.373,404.606,74.737
254,E,CD,33.552,405.803,75.185
254,E,OE1,33.85,406.93,74.737
254,E,OE2,32.608,405.622,75.986
255,F,N,32.777,400.785,72.457
255,F,CA,31.934,399.598,72.207
255,F,C,32.622,398.315,72.663
255,F,O,32.002,397.456,73.288
255,F,CB,31.582,399.457,70.721
255,F,CG,30.571,400.452,70.239
255,F,CD1,29.233,400.328,70.595
255,F,CD2,30.949,401.509,69.418
255,F,CE1,28.294,401.241,70.146
255,F,CE2,30.014,402.429,68.968
255,F,CZ,28.685,402.295,69.334
256,Q,N,33.906,398.204,72.338
256,Q,CA,34.726,397.067,72.744
256,Q,C,34.939,397.045,74.261
256,Q,O,34.801,395.996,74.892
256,Q,CB,36.07,397.117,72.011
256,Q,CG,36.816,395.788,71.949
256,Q,CD,37.508,395.415,73.254
256,Q,OE1,38.131,396.257,73.903
256,Q,NE2,37.404,394.148,73.643
257,T,N,35.273,398.201,74.831
257,T,CA,35.508,398.335,76.275
257,T,C,34.259,398.009,77.102
257,T,O,34.346,397.293,78.102
257,T,CB,35.989,399.757,76.643
257,T,OG1,37.079,400.136,75.793
257,T,CG2,36.446,399.826,78.107
258,N,N,33.114,398.54,76.679
258,N,CA,31.854,398.364,77.404
258,N,C,31.236,396.984,77.206
258,N,O,30.984,396.267,78.176
258,N,CB,30.843,399.437,76.983
258,N,CG,31.3,400.848,77.328
258,N,OD1,32.254,401.047,78.084
258,N,ND2,30.607,401.838,76.777
259,L,N,31.006,396.62,75.945
259,L,CA,30.217,395.428,75.594
259,L,C,30.982,394.099,75.552
259,L,O,30.364,393.041,75.682
259,L,CB,29.512,395.647,74.25
259,L,CG,28.566,396.854,74.189
259,L,CD1,28.392,397.348,72.76
259,L,CD2,27.219,396.518,74.812
260,V,N,32.304,394.148,75.374
260,V,CA,33.122,392.939,75.153
260,V,C,34.178,392.754,76.262
260,V,O,35.279,393.3,76.165
260,V,CB,33.801,392.973,73.756
260,V,CG1,34.552,391.675,73.469
260,V,CG2,32.766,393.217,72.664
261,P,N,33.839,391.987,77.324
261,P,CA,34.844,391.622,78.333
261,P,C,35.763,390.494,77.855
261,P,O,36.985,390.651,77.879
261,P,CB,34.01,391.196,79.55
261,P,CG,32.643,390.907,79.04
261,P,CD,32.487,391.52,77.68
262,Y,N,35.174,389.378,77.428
262,Y,CA,35.912,388.266,76.827
262,Y,C,36.012,388.525,75.32
262,Y,O,34.981,388.741,74.679
262,Y,CB,35.196,386.934,77.078
262,Y,CG,35.345,386.395,78.487
262,Y,CD1,34.74,387.037,79.571
262,Y,CD2,36.079,385.23,78.74
262,Y,CE1,34.872,386.544,80.863
262,Y,CE2,36.215,384.73,80.03
262,Y,CZ,35.61,385.389,81.088
262,Y,OH,35.742,384.895,82.367
263,P,N,37.237,388.506,74.747
263,P,CA,37.414,388.89,73.332
263,P,C,36.654,388.038,72.304
263,P,O,36.151,388.585,71.323
263,P,CB,38.932,388.79,73.11
263,P,CG,39.459,387.984,74.241
263,P,CD,38.524,388.181,75.391
264,R,N,36.588,386.726,72.525
264,R,CA,35.817,385.817,71.658
264,R,C,34.308,386.058,71.761
264,R,O,33.598,386.014,70.755
264,R,CB,36.119,384.352,71.991
264,R,CG,37.477,383.867,71.506
264,R,CD,37.832,382.518,72.11
264,R,NE,36.85,381.478,71.788
264,R,CZ,36.78,380.803,70.635
264,R,NH1,37.632,381.035,69.637
264,R,NH2,35.836,379.877,70.478
265,I,N,33.837,386.314,72.981
265,I,CA,32.428,386.62,73.236
265,I,C,32.207,388.099,72.886
265,I,O,32.188,388.963,73.77
265,I,CB,32.033,386.329,74.712
265,I,CG1,32.378,384.884,75.124
265,I,CG2,30.551,386.6,74.954
265,I,CD1,31.62,383.79,74.397
266,H,N,32.06,388.378,71.591
266,H,CA,31.894,389.756,71.09
266,H,C,30.663,389.924,70.186
266,H,O,30.701,390.651,69.189
266,H,CB,33.18,390.249,70.398
266,H,CG,33.575,389.465,69.181
266,H,ND1,34.522,388.466,69.22
266,H,CD2,33.176,389.552,67.889
266,H,CE1,34.679,387.961,68.009
266,H,NE2,33.872,388.6,67.183
267,F,N,29.56,389.287,70.576
267,F,CA,28.306,389.338,69.816
267,F,C,27.168,389.916,70.672
267,F,O,26.422,389.157,71.3
267,F,CB,27.951,387.942,69.286
267,F,CG,29.01,387.347,68.396
267,F,CD1,29.039,387.638,67.033
267,F,CD2,29.98,386.497,68.917
267,F,CE1,30.019,387.095,66.211
267,F,CE2,30.959,385.948,68.099
267,F,CZ,30.979,386.248,66.744
268,P,N,27.04,391.263,70.716
268,P,CA,25.933,391.874,71.455
268,P,C,24.579,391.713,70.77
268,P,O,24.493,391.732,69.54
268,P,CB,26.308,393.364,71.509
268,P,CG,27.75,393.43,71.167
268,P,CD,27.981,392.29,70.232
269,L,N,23.539,391.565,71.585
269,L,CA,22.162,391.48,71.118
269,L,C,21.556,392.879,71.016
269,L,O,21.419,393.576,72.024
269,L,CB,21.345,390.619,72.088
269,L,CG,19.876,390.332,71.77
269,L,CD1,19.702,389.702,70.394
269,L,CD2,19.305,389.424,72.848
270,A,N,21.208,393.282,69.797
270,A,CA,20.549,394.566,69.547
270,A,C,19.041,394.414,69.737
270,A,O,18.454,393.427,69.29
270,A,CB,20.857,395.058,68.142
271,T,N,18.429,395.387,70.412
271,T,CA,16.974,395.428,70.608
271,T,C,16.486,396.858,70.387
271,T,O,16.884,397.764,71.121
271,T,CB,16.568,394.962,72.025
271,T,OG1,17.39,393.864,72.437
271,T,CG2,15.103,394.535,72.046
272,Y,N,15.627,397.051,69.386
272,Y,CA,15.172,398.389,68.975
272,Y,C,13.673,398.578,69.188
272,Y,O,12.887,397.658,68.963
272,Y,CB,15.511,398.637,67.504
272,Y,CG,15.274,400.065,67.041
272,Y,CD1,16.211,401.067,67.301
272,Y,CD2,14.116,400.415,66.343
272,Y,CE1,16.002,402.375,66.881
272,Y,CE2,13.898,401.722,65.919
272,Y,CZ,14.843,402.698,66.19
272,Y,OH,14.633,403.992,65.773
273,A,N,13.295,399.782,69.613
273,A,CA,11.891,400.171,69.755
273,A,C,11.768,401.704,69.81
273,A,O,12.692,402.366,70.29
273,A,CB,11.293,399.547,71.006
274,P,N,10.657,402.285,69.34
274,P,CA,9.503,401.573,68.8
274,P,C,9.532,401.459,67.275
274,P,O,10.015,402.365,66.59
274,P,CB,8.345,402.47,69.224
274,P,CG,8.913,403.849,69.158
274,P,CD,10.393,403.733,69.426
275,V,N,9.011,400.347,66.765
275,V,CA,8.771,400.172,65.334
275,V,C,7.275,400.398,65.137
275,V,O,6.458,399.653,65.678
275,V,CB,9.19,398.769,64.838
275,V,CG1,8.983,398.634,63.333
275,V,CG2,10.646,398.489,65.188
276,I,N,6.933,401.443,64.382
276,I,CA,5.547,401.909,64.227
276,I,C,5.217,402.074,62.741
276,I,O,6.047,402.543,61.959
276,I,CB,5.328,403.253,64.977
276,I,CG1,5.451,403.067,66.501
276,I,CG2,3.984,403.893,64.632
276,I,CD1,4.289,402.367,67.183
277,S,N,3.992,401.699,62.37
277,S,CA,3.51,401.802,60.99
277,S,C,3.156,403.243,60.621
277,S,O,2.651,404.001,61.454
277,S,CB,2.279,400.913,60.792
277,S,OG,1.807,400.966,59.456
278,A,N,3.413,403.606,59.365
278,A,CA,3.065,404.933,58.843
278,A,C,1.56,405.104,58.6
278,A,O,1.067,406.234,58.586
278,A,CB,3.839,405.222,57.566
279,E,N,0.844,403.994,58.4
279,E,CA,-0.625,404.015,58.288
279,E,C,-1.27,404.51,59.579
279,E,O,-2.278,405.219,59.541
279,E,CB,-1.192,402.631,57.943
279,E,CG,-0.605,401.955,56.709
279,E,CD,-0.514,402.861,55.491
279,E,OE1,-1.477,403.611,55.223
279,E,OE2,0.522,402.819,54.795
280,K,N,-0.685,404.13,60.714
280,K,CA,-1.014,404.734,62.004
280,K,C,-0.45,406.162,62.009
280,K,O,0.587,406.441,62.621
280,K,CB,-0.451,403.898,63.163
280,K,CG,-0.931,402.454,63.167
280,K,CD,-0.829,401.821,64.546
280,K,CE,-0.998,400.312,64.473
280,K,NZ,-0.992,399.67,65.816
281,A,N,-1.154,407.049,61.31
281,A,CA,-0.666,408.398,61.008
281,A,C,-0.648,409.284,62.242
281,A,O,0.29,410.06,62.444
281,A,CB,-1.508,409.034,59.92
282,Y,N,-1.702,409.173,63.044
282,Y,CA,-1.675,409.663,64.414
282,Y,C,-1.637,408.439,65.314
282,Y,O,-2.604,407.68,65.409
282,Y,CB,-2.848,410.596,64.741
282,Y,CG,-4.235,409.997,64.666
282,Y,CD1,-4.948,410.0,63.469
282,Y,CD2,-4.849,409.455,65.799
282,Y,CE1,-6.222,409.463,63.395
282,Y,CE2,-6.124,408.914,65.735
282,Y,CZ,-6.807,408.922,64.532
282,Y,OH,-8.07,408.389,64.466
283,H,N,-0.474,408.218,65.913
283,H,CA,-0.322,407.193,66.924
283,H,C,0.007,407.846,68.252
283,H,O,0.599,408.928,68.306
283,H,CB,0.752,406.182,66.543
283,H,CG,0.8,405.011,67.466
283,H,ND1,-0.102,403.973,67.397
283,H,CD2,1.591,404.754,68.533
283,H,CE1,0.154,403.107,68.36
283,H,NE2,1.178,403.557,69.064
284,E,N,-0.381,407.163,69.322
284,E,CA,-0.213,407.665,70.675
284,E,C,1.247,407.457,71.082
284,E,O,1.687,406.322,71.278
284,E,CB,-1.183,406.964,71.641
284,E,CG,-2.616,406.759,71.127
284,E,CD,-3.255,407.993,70.497
284,E,OE1,-2.906,409.136,70.865
284,E,OE2,-4.137,407.815,69.629
285,Q,N,1.986,408.564,71.175
285,Q,CA,3.44,408.552,71.382
285,Q,C,3.86,407.718,72.587
285,Q,O,3.362,407.918,73.697
285,Q,CB,3.995,409.975,71.545
285,Q,CG,3.878,410.862,70.315
285,Q,CD,4.868,410.516,69.209
285,Q,OE1,5.633,409.552,69.307
285,Q,NE2,4.86,411.314,68.149
286,L,N,4.779,406.79,72.345
286,L,CA,5.266,405.884,73.373
286,L,C,6.272,406.592,74.277
286,L,O,7.161,407.301,73.798
286,L,CB,5.892,404.648,72.727
286,L,CG,4.861,403.732,72.052
286,L,CD1,5.482,402.912,70.936
286,L,CD2,4.189,402.822,73.068
287,S,N,6.12,406.39,75.583
287,S,CA,6.959,407.041,76.59
287,S,C,8.301,406.33,76.742
287,S,O,8.53,405.278,76.142
287,S,CB,6.228,407.068,77.934
287,S,OG,5.956,405.756,78.395
288,V,N,9.177,406.919,77.553
288,V,CA,10.486,406.338,77.87
288,V,C,10.313,405.011,78.619
288,V,O,11.043,404.054,78.359
288,V,CB,11.364,407.312,78.695
288,V,CG1,12.676,406.662,79.127
288,V,CG2,11.658,408.574,77.892
289,A,N,9.357,404.973,79.544
289,A,CA,9.002,403.747,80.269
289,A,C,8.628,402.594,79.334
289,A,O,9.124,401.484,79.499
289,A,CB,7.864,404.02,81.242
290,E,N,7.773,402.877,78.352
290,E,CA,7.259,401.857,77.43
290,E,C,8.308,401.302,76.456
290,E,O,8.404,400.085,76.281
290,E,CB,6.061,402.407,76.648
290,E,CG,4.825,402.625,77.506
290,E,CD,3.675,403.25,76.739
290,E,OE1,3.869,404.335,76.153
290,E,OE2,2.569,402.668,76.738
291,I,N,9.08,402.191,75.83
291,I,CA,10.105,401.787,74.846
291,I,C,11.305,401.08,75.493
291,I,O,11.886,400.175,74.893
291,I,CB,10.577,402.96,73.937
291,I,CG1,11.386,404.015,74.72
291,I,CG2,9.378,403.562,73.203
291,I,CD1,11.881,405.178,73.879
292,T,N,11.674,401.502,76.703
292,T,CA,12.687,400.801,77.508
292,T,C,12.169,399.429,77.964
292,T,O,12.944,398.48,78.092
292,T,CB,13.129,401.633,78.734
292,T,OG1,13.415,402.976,78.325
292,T,CG2,14.383,401.044,79.381
293,N,N,10.862,399.337,78.216
293,N,CA,10.197,398.051,78.5
293,N,C,10.269,397.1,77.305
293,N,O,10.519,395.904,77.467
293,N,CB,8.719,398.258,78.889
293,N,CG,8.374,397.656,80.241
293,N,OD1,8.639,396.479,80.495
293,N,ND2,7.775,398.462,81.118
294,A,N,10.041,397.651,76.112
294,A,CA,10.104,396.903,74.849
294,A,C,11.483,396.297,74.542
294,A,O,11.571,395.308,73.811
294,A,CB,9.652,397.788,73.697
295,C,N,12.543,396.884,75.099
295,C,CA,13.908,396.355,74.965
295,C,C,14.168,395.007,75.661
295,C,O,15.219,394.402,75.441
295,C,CB,14.929,397.379,75.472
295,C,SG,14.911,398.956,74.596
296,F,N,13.246,394.563,76.515
296,F,CA,13.324,393.237,77.153
296,F,C,12.285,392.221,76.651
296,F,O,12.278,391.075,77.107
296,F,CB,13.237,393.394,78.673
296,F,CG,14.331,394.252,79.245
296,F,CD1,14.169,395.63,79.345
296,F,CD2,15.533,393.688,79.66
296,F,CE1,15.179,396.429,79.86
296,F,CE2,16.548,394.482,80.177
296,F,CZ,16.37,395.854,80.278
297,E,N,11.421,392.633,75.721
297,E,CA,10.537,391.709,75.004
297,E,C,11.338,391.029,73.886
297,E,O,12.045,391.717,73.144
297,E,CB,9.342,392.453,74.395
297,E,CG,8.395,393.094,75.406
297,E,CD,7.358,392.137,75.977
297,E,OE1,7.609,390.913,76.025
297,E,OE2,6.281,392.618,76.388
298,P,N,11.245,389.685,73.764
298,P,CA,11.904,388.982,72.647
298,P,C,11.459,389.397,71.235
298,P,O,12.249,389.292,70.296
298,P,CB,11.552,387.512,72.894
298,P,CG,11.282,387.42,74.349
298,P,CD,10.682,388.735,74.743
299,A,N,10.213,389.852,71.099
299,A,CA,9.643,390.266,69.808
299,A,C,10.432,391.364,69.083
299,A,O,10.493,391.371,67.852
299,A,CB,8.201,390.71,70.001
300,N,N,11.027,392.278,69.85
300,N,CA,11.743,393.443,69.305
300,N,C,13.265,393.277,69.135
300,N,O,13.941,394.207,68.683
300,N,CB,11.462,394.662,70.188
300,N,CG,9.976,394.948,70.33
300,N,OD1,9.274,395.139,69.335
300,N,ND2,9.487,394.981,71.566
301,Q,N,13.795,392.108,69.49
301,Q,CA,15.227,391.811,69.34
301,Q,C,15.624,391.584,67.879
301,Q,O,14.779,391.273,67.041
301,Q,CB,15.597,390.585,70.175
301,Q,CG,15.702,390.875,71.667
301,Q,CD,15.565,389.652,72.57
301,Q,OE1,15.243,389.795,73.751
301,Q,NE2,15.805,388.45,72.035
302,M,N,16.916,391.753,67.595
302,M,CA,17.486,391.499,66.258
302,M,C,17.758,390.02,66.012
302,M,O,17.74,389.57,64.867
302,M,CB,18.779,392.302,66.04
302,M,CG,18.566,393.627,65.334
302,M,SD,17.301,394.637,66.124
302,M,CE,16.397,395.183,64.683
303,V,N,18.051,389.289,67.082
303,V,CA,18.198,387.837,67.038
303,V,C,17.174,387.248,68.0
303,V,O,17.076,387.682,69.15
303,V,CB,19.623,387.401,67.439
303,V,CG1,19.796,385.896,67.283
303,V,CG2,20.662,388.138,66.601
304,K,N,16.412,386.265,67.523
304,K,CA,15.372,385.632,68.328
304,K,C,15.98,384.671,69.347
304,K,O,16.547,383.638,68.987
304,K,CB,14.365,384.908,67.438
304,K,CG,13.478,385.859,66.655
304,K,CD,12.268,385.172,66.049
304,K,CE,11.129,386.16,65.873
304,K,NZ,10.057,385.631,64.995
305,C,N,15.863,385.044,70.617
305,C,CA,16.372,384.253,71.734
305,C,C,15.696,384.717,73.023
305,C,O,14.89,385.652,73.0
305,C,CB,17.896,384.396,71.831
305,C,SG,18.479,386.098,72.0
306,D,N,16.011,384.053,74.134
306,D,CA,15.426,384.375,75.435
306,D,C,16.522,384.803,76.424
306,D,O,17.191,383.946,77.008
306,D,CB,14.637,383.168,75.968
306,D,CG,13.669,383.534,77.091
306,D,OD1,13.513,384.729,77.422
306,D,OD2,13.047,382.606,77.65
307,P,N,16.716,386.13,76.61
307,P,CA,17.672,386.649,77.604
307,P,C,17.402,386.24,79.059
307,P,O,18.323,386.271,79.878
307,P,CB,17.545,388.171,77.46
307,P,CG,17.039,388.386,76.082
307,P,CD,16.146,387.219,75.793
308,R,N,16.156,385.88,79.367
308,R,CA,15.776,385.365,80.69
308,R,C,16.57,384.115,81.08
308,R,O,16.946,383.955,82.243
308,R,CB,14.275,385.052,80.737
308,R,CG,13.361,386.265,80.583
308,R,CD,11.887,385.893,80.693
308,R,NE,11.47,384.942,79.662
308,R,CZ,10.244,384.438,79.524
308,R,NH1,9.262,384.78,80.355
308,R,NH2,9.995,383.577,78.539
309,H,N,16.817,383.241,80.102
309,H,CA,17.637,382.035,80.292
309,H,C,19.053,382.275,79.784
309,H,O,19.463,381.792,78.727
309,H,CB,16.982,380.836,79.617
309,H,CG,15.638,380.516,80.179
309,H,ND1,14.488,381.138,79.743
309,H,CD2,15.26,379.678,81.173
309,H,CE1,13.456,380.679,80.427
309,H,NE2,13.898,379.793,81.3
310,G,N,19.784,383.042,80.58
310,G,CA,21.147,383.453,80.27
310,G,C,21.614,384.456,81.305
310,G,O,20.997,384.591,82.367
311,K,N,22.706,385.153,81.005
311,K,CA,23.258,386.166,81.909
311,K,C,23.845,387.342,81.131
311,K,O,24.558,387.144,80.146
311,K,CB,24.334,385.562,82.815
311,K,CG,23.835,384.512,83.796
311,K,CD,24.975,383.945,84.63
311,K,CE,24.493,382.873,85.596
311,K,NZ,23.698,383.417,86.729
312,Y,N,23.543,388.558,81.587
312,Y,CA,24.097,389.778,80.997
312,Y,C,25.522,390.018,81.506
312,Y,O,25.794,389.875,82.7
312,Y,CB,23.226,390.996,81.332
312,Y,CG,21.868,391.012,80.658
312,Y,CD1,20.774,390.368,81.235
312,Y,CD2,21.671,391.686,79.451
312,Y,CE1,19.526,390.383,80.627
312,Y,CE2,20.425,391.706,78.835
312,Y,CZ,19.356,391.055,79.426
312,Y,OH,18.121,391.071,78.819
313,M,N,26.419,390.36,80.585
313,M,CA,27.783,390.801,80.909
313,M,C,27.859,392.325,80.887
313,M,O,28.441,392.942,81.781
313,M,CB,28.781,390.215,79.911
313,M,CG,29.055,388.735,80.12
313,M,SD,29.763,387.957,78.659
313,M,CE,28.268,387.573,77.751
314,A,N,27.284,392.911,79.84
314,A,CA,27.092,394.354,79.739
314,A,C,25.729,394.648,79.131
314,A,O,25.182,393.835,78.382
314,A,CB,28.186,394.973,78.893
315,C,N,25.189,395.815,79.471
315,C,CA,23.935,396.308,78.908
315,C,C,24.083,397.808,78.671
315,C,O,24.558,398.533,79.547
315,C,CB,22.769,396.011,79.849
315,C,SG,21.141,396.201,79.088
316,C,N,23.677,398.259,77.486
316,C,CA,23.964,399.616,77.012
316,C,C,22.77,400.179,76.239
316,C,O,22.333,399.578,75.261
316,C,CB,25.204,399.584,76.118
316,C,SG,25.913,401.198,75.729
317,L,N,22.262,401.331,76.681
317,L,CA,21.044,401.943,76.123
317,L,C,21.358,403.207,75.317
317,L,O,21.95,404.146,75.846
317,L,CB,20.072,402.292,77.251
317,L,CG,19.442,401.118,78.006
317,L,CD1,18.917,401.558,79.364
317,L,CD2,18.327,400.484,77.187
318,L,N,20.947,403.222,74.047
318,L,CA,21.17,404.365,73.149
318,L,C,19.844,405.013,72.748
318,L,O,19.21,404.613,71.768
318,L,CB,21.956,403.928,71.904
318,L,CG,23.21,403.083,72.139
318,L,CD1,23.87,402.758,70.811
318,L,CD2,24.199,403.769,73.066
319,Y,N,19.436,406.018,73.518
319,Y,CA,18.196,406.749,73.258
319,Y,C,18.415,407.814,72.188
319,Y,O,19.508,408.369,72.069
319,Y,CB,17.675,407.406,74.537
319,Y,CG,17.247,406.426,75.604
319,Y,CD1,18.161,405.929,76.531
319,Y,CD2,15.923,405.995,75.695
319,Y,CE1,17.771,405.03,77.515
319,Y,CE2,15.527,405.092,76.674
319,Y,CZ,16.453,404.612,77.579
319,Y,OH,16.055,403.718,78.547
320,R,N,17.366,408.079,71.412
320,R,CA,17.36,409.152,70.417
320,R,C,16.05,409.918,70.501
320,R,O,14.982,409.315,70.403
320,R,CB,17.501,408.589,69.003
320,R,CG,18.758,407.776,68.765
320,R,CD,19.018,407.587,67.279
320,R,NE,19.456,408.823,66.626
320,R,CZ,19.777,408.939,65.336
320,R,NH1,19.722,407.89,64.515
320,R,NH2,20.163,410.12,64.86
321,G,N,16.139,411.237,70.679
321,G,CA,14.968,412.12,70.678
321,G,C,14.676,412.748,72.031
321,G,O,15.591,412.978,72.828
322,D,N,13.397,413.027,72.279
322,D,CA,12.955,413.68,73.518
322,D,C,13.064,412.731,74.718
322,D,O,12.104,412.05,75.088
322,D,CB,11.52,414.209,73.365
322,D,CG,11.058,415.026,74.569
322,D,OD1,11.833,415.876,75.057
322,D,OD2,9.909,414.824,75.015
323,V,N,14.263,412.686,75.292
323,V,CA,14.562,411.872,76.477
323,V,C,15.463,412.683,77.413
323,V,O,16.281,413.487,76.958
323,V,CB,15.265,410.542,76.097
323,V,CG1,15.513,409.668,77.324
323,V,CG2,14.445,409.765,75.075
324,V,N,15.291,412.469,78.717
324,V,CA,16.19,413.014,79.746
324,V,C,16.519,411.919,80.78
324,V,O,15.766,410.95,80.897
324,V,CB,15.605,414.274,80.431
324,V,CG1,15.745,415.486,79.52
324,V,CG2,14.148,414.075,80.831
325,P,N,17.648,412.057,81.516
325,P,CA,18.093,411.021,82.467
325,P,C,17.058,410.553,83.501
325,P,O,16.992,409.358,83.793
325,P,CB,19.281,411.685,83.172
325,P,CG,19.828,412.628,82.166
325,P,CD,18.642,413.145,81.407
326,K,N,16.274,411.487,84.039
326,K,CA,15.209,411.182,85.01
326,K,C,14.181,410.172,84.491
326,K,O,13.743,409.291,85.236
326,K,CB,14.48,412.467,85.417
326,K,CG,15.232,413.336,86.411
326,K,CD,14.782,414.787,86.308
326,K,CE,15.129,415.588,87.553
326,K,NZ,14.034,415.542,88.562
327,D,N,13.795,410.322,83.225
327,D,CA,12.859,409.399,82.567
327,D,C,13.43,407.985,82.446
327,D,O,12.711,407.006,82.643
327,D,CB,12.481,409.908,81.169
327,D,CG,11.743,411.242,81.196
327,D,OD1,11.079,411.558,82.207
327,D,OD2,11.815,411.972,80.184
328,V,N,14.719,407.896,82.124
328,V,CA,15.407,406.609,81.961
328,V,C,15.604,405.908,83.311
328,V,O,15.393,404.698,83.416
328,V,CB,16.769,406.779,81.239
328,V,CG1,17.496,405.444,81.116
328,V,CG2,16.572,407.385,79.855
329,N,N,16.02,406.666,84.325
329,N,CA,16.188,406.14,85.69
329,N,C,14.873,405.622,86.284
329,N,O,14.847,404.583,86.943
329,N,CB,16.78,407.208,86.615
329,N,CG,18.194,407.612,86.227
329,N,OD1,18.987,406.788,85.769
329,N,ND2,18.517,408.889,86.413
330,A,N,13.791,406.357,86.043
330,A,CA,12.445,405.942,86.454
330,A,C,11.991,404.673,85.728
330,A,O,11.389,403.785,86.337
330,A,CB,11.453,407.068,86.211
331,A,N,12.281,404.606,84.429
331,A,CA,11.979,403.428,83.607
331,A,C,12.789,402.2,84.029
331,A,O,12.243,401.098,84.111
331,A,CB,12.223,403.734,82.138
332,I,N,14.08,402.399,84.295
332,I,CA,14.978,401.314,84.73
332,I,C,14.559,400.732,86.088
332,I,O,14.596,399.516,86.27
332,I,CB,16.464,401.774,84.739
332,I,CG1,16.981,401.881,83.296
332,I,CG2,17.359,400.807,85.515
332,I,CD1,18.276,402.651,83.143
333,A,N,14.165,401.599,87.021
333,A,CA,13.708,401.177,88.351
333,A,C,12.403,400.374,88.302
333,A,O,12.258,399.378,89.014
333,A,CB,13.542,402.387,89.259
334,T,N,11.464,400.822,87.468
334,T,CA,10.198,400.114,87.232
334,T,C,10.441,398.741,86.598
334,T,O,9.883,397.736,87.043
334,T,CB,9.266,400.925,86.304
334,T,OG1,9.171,402.277,86.774
334,T,CG2,7.863,400.313,86.245
335,I,N,11.262,398.729,85.552
335,I,CA,11.65,397.5,84.842
335,I,C,12.463,396.538,85.729
335,I,O,12.326,395.317,85.602
335,I,CB,12.411,397.85,83.534
335,I,CG1,11.437,398.46,82.516
335,I,CG2,13.083,396.625,82.916
335,I,CD1,12.099,399.233,81.395
336,K,N,13.299,397.095,86.609
336,K,CA,14.149,396.318,87.538
336,K,C,13.371,395.228,88.278
336,K,O,13.777,394.064,88.306
336,K,CB,14.794,397.245,88.585
336,K,CG,16.302,397.125,88.718
336,K,CD,16.783,395.736,89.118
336,K,CE,17.399,394.961,87.96
336,K,NZ,18.475,394.048,88.43
337,T,N,12.254,395.635,88.875
337,T,CA,11.427,394.764,89.709
337,T,C,10.549,393.806,88.893
337,T,O,10.343,392.659,89.296
337,T,CB,10.528,395.598,90.648
337,T,OG1,9.638,396.411,89.872
337,T,CG2,11.375,396.494,91.554
338,K,N,10.035,394.286,87.761
338,K,CA,9.165,393.492,86.883
338,K,C,9.912,392.343,86.198
338,K,O,9.576,391.174,86.397
338,K,CB,8.528,394.396,85.818
338,K,CG,7.428,395.32,86.335
338,K,CD,6.063,395.017,85.724
338,K,CE,5.431,393.759,86.299
338,K,NZ,4.653,394.051,87.532
339,R,N,10.922,392.69,85.402
339,R,CA,11.663,391.709,84.599
339,R,C,12.645,390.908,85.448
339,R,O,12.979,391.299,86.571
339,R,CB,12.441,392.396,83.468
339,R,CG,11.619,393.274,82.532
339,R,CD,10.829,392.489,81.499
339,R,NE,10.024,393.386,80.665
339,R,CZ,9.255,393.01,79.641
339,R,NH1,9.16,391.729,79.281
339,R,NH2,8.57,393.93,78.964
340,S,N,13.102,389.788,84.889
340,S,CA,14.141,388.947,85.495
340,S,C,15.481,389.192,84.794
340,S,O,15.895,388.416,83.927
340,S,CB,13.748,387.466,85.425
340,S,OG,13.325,387.106,84.122
341,I,N,16.142,390.283,85.181
341,I,CA,17.429,390.691,84.601
341,I,C,18.57,390.117,85.45
341,I,O,19.016,390.736,86.42
341,I,CB,17.533,392.233,84.468
341,I,CG1,16.433,392.755,83.532
341,I,CG2,18.899,392.655,83.922
341,I,CD1,16.191,394.248,83.614
342,Q,N,19.015,388.921,85.07
342,Q,CA,20.12,388.222,85.729
342,Q,C,21.445,388.637,85.085
342,Q,O,21.651,388.404,83.897
342,Q,CB,19.918,386.708,85.595
342,Q,CG,20.964,385.829,86.277
342,Q,CD,20.707,385.626,87.762
342,Q,OE1,19.655,385.117,88.151
342,Q,NE2,21.674,386.005,88.598
343,F,N,22.327,389.25,85.871
343,F,CA,23.704,389.548,85.439
343,F,C,24.661,388.467,85.937
343,F,O,24.344,387.733,86.879
343,F,CB,24.161,390.917,85.962
343,F,CG,23.992,392.043,84.977
343,F,CD1,22.752,392.645,84.791
343,F,CD2,25.079,392.513,84.241
343,F,CE1,22.594,393.686,83.887
343,F,CE2,24.929,393.554,83.334
343,F,CZ,23.684,394.141,83.157
344,V,N,25.828,388.374,85.296
344,V,CA,26.902,387.482,85.763
344,V,C,27.495,387.99,87.082
344,V,O,27.434,389.186,87.382
344,V,CB,28.033,387.275,84.715
344,V,CG1,27.491,386.611,83.457
344,V,CG2,28.755,388.576,84.371
345,D,N,28.073,387.069,87.851
345,D,CA,28.616,387.366,89.19
345,D,C,29.825,388.312,89.172
345,D,O,30.009,389.1,90.103
345,D,CB,29.018,386.071,89.913
345,D,CG,27.841,385.141,90.175
345,D,OD1,26.757,385.627,90.564
345,D,OD2,28.009,383.913,90.004
346,W,N,30.623,388.236,88.107
346,W,CA,31.909,388.959,88.005
346,W,C,31.857,390.243,87.152
346,W,O,32.874,390.661,86.587
346,W,CB,33.015,388.013,87.494
346,W,CG,32.745,387.384,86.15
346,W,CD1,32.987,387.925,84.919
346,W,CD2,32.184,386.091,85.915
346,W,NE1,32.606,387.047,83.932
346,W,CE2,32.109,385.914,84.516
346,W,CE3,31.73,385.065,86.753
346,W,CZ2,31.601,384.749,83.934
346,W,CZ3,31.225,383.904,86.173
346,W,CH2,31.165,383.758,84.775
347,C,N,30.683,390.873,87.078
347,C,CA,30.498,392.14,86.357
347,C,C,29.509,393.049,87.097
347,C,O,28.563,392.552,87.715
347,C,CB,29.991,391.884,84.935
347,C,SG,31.199,391.13,83.821
348,P,N,29.72,394.384,87.033
348,P,CA,28.795,395.321,87.677
348,P,C,27.468,395.399,86.927
348,P,O,27.458,395.615,85.713
348,P,CB,29.544,396.656,87.612
348,P,CG,30.426,396.535,86.422
348,P,CD,30.824,395.089,86.35
349,T,N,26.363,395.243,87.653
349,T,CA,25.035,395.094,87.039
349,T,C,24.442,396.484,86.767
349,T,O,23.523,396.931,87.456
349,T,CB,24.07,394.226,87.896
349,T,OG1,23.48,395.007,88.939
349,T,CG2,24.786,393.014,88.514
350,G,N,24.98,397.151,85.748
350,G,CA,24.619,398.538,85.426
350,G,C,24.254,398.757,83.971
350,G,O,24.415,397.865,83.135
351,F,N,23.753,399.958,83.688
351,F,CA,23.347,400.37,82.343
351,F,C,24.081,401.649,81.944
351,F,O,23.926,402.682,82.6
351,F,CB,21.838,400.633,82.293
351,F,CG,20.992,399.418,82.561
351,F,CD1,20.804,398.955,83.861
351,F,CD2,20.359,398.75,81.517
351,F,CE1,20.017,397.838,84.112
351,F,CE2,19.568,397.636,81.763
351,F,CZ,19.398,397.178,83.061
352,K,N,24.88,401.573,80.878
352,K,CA,25.52,402.757,80.293
352,K,C,24.565,403.409,79.294
352,K,O,24.286,402.842,78.237
352,K,CB,26.835,402.382,79.615
352,K,CG,27.875,401.856,80.589
352,K,CD,29.281,401.861,80.009
352,K,CE,29.864,403.265,79.909
352,K,NZ,31.343,403.282,80.077
353,V,N,24.078,404.601,79.64
353,V,CA,22.998,405.273,78.905
353,V,C,23.512,406.474,78.111
353,V,O,24.325,407.254,78.61
353,V,CB,21.881,405.741,79.863
353,V,CG1,20.757,406.438,79.101
353,V,CG2,21.327,404.56,80.651
354,G,N,23.017,406.613,76.88
354,G,CA,23.353,407.737,75.999
354,G,C,22.129,408.29,75.302
354,G,O,21.322,407.531,74.761
355,I,N,22.001,409.614,75.317
355,I,CA,20.885,410.319,74.689
355,I,C,21.444,411.283,73.644
355,I,O,22.428,411.98,73.895
355,I,CB,20.034,411.095,75.724
355,I,CG1,19.456,410.139,76.777
355,I,CG2,18.896,411.852,75.042
355,I,CD1,19.079,410.813,78.079
356,N,N,20.813,411.29,72.472
356,N,CA,21.085,412.258,71.414
356,N,C,19.755,412.921,71.073
356,N,O,18.852,412.264,70.552
356,N,CB,21.681,411.552,70.193
356,N,CG,21.936,412.495,69.023
356,N,OD1,22.301,413.656,69.214
356,N,ND2,21.752,411.992,67.805
357,Y,N,19.641,414.216,71.368
357,Y,CA,18.353,414.931,71.289
357,Y,C,17.716,414.982,69.897
357,Y,O,16.496,415.123,69.791
357,Y,CB,18.481,416.367,71.82
357,Y,CG,18.856,416.49,73.284
357,Y,CD1,18.175,415.775,74.274
357,Y,CD2,19.873,417.358,73.686
357,Y,CE1,18.519,415.902,75.614
357,Y,CE2,20.222,417.492,75.021
357,Y,CZ,19.545,416.764,75.981
357,Y,OH,19.899,416.909,77.301
358,Q,N,18.529,414.888,68.844
358,Q,CA,18.014,414.826,67.477
358,Q,C,17.262,413.501,67.277
358,Q,O,17.873,412.432,67.365
358,Q,CB,19.146,414.961,66.454
358,Q,CG,18.654,415.145,65.02
358,Q,CD,19.721,415.667,64.067
358,Q,OE1,20.612,416.422,64.46
358,Q,NE2,19.624,415.278,62.797
359,P,N,15.937,413.565,67.024
359,P,CA,15.12,412.348,66.956
359,P,C,15.375,411.515,65.69
359,P,O,16.016,412.01,64.757
359,P,CB,13.687,412.889,66.982
359,P,CG,13.782,414.243,66.38
359,P,CD,15.144,414.774,66.718
360,P,N,14.878,410.258,65.655
360,P,CA,15.177,409.39,64.513
360,P,C,14.53,409.877,63.218
360,P,O,13.305,410.005,63.145
360,P,CB,14.607,408.018,64.925
360,P,CG,14.104,408.163,66.318
360,P,CD,13.944,409.62,66.6
361,T,N,15.362,410.166,62.22
361,T,CA,14.889,410.54,60.891
361,T,C,14.395,409.287,60.174
361,T,O,14.858,408.179,60.454
361,T,CB,16.005,411.208,60.058
361,T,OG1,16.748,412.114,60.883
361,T,CG2,15.423,411.977,58.87
362,V,N,13.442,409.477,59.264
362,V,CA,12.899,408.396,58.438
362,V,C,12.866,408.816,56.972
362,V,O,12.857,410.008,56.656
362,V,CB,11.486,407.962,58.897
362,V,CG1,11.57,407.202,60.213
362,V,CG2,10.54,409.153,59.021
363,V,N,12.843,407.821,56.089
363,V,CA,12.822,408.053,54.645
363,V,C,11.398,408.478,54.258
363,V,O,10.445,407.77,54.594
363,V,CB,13.24,406.787,53.86
363,V,CG1,13.2,407.033,52.354
363,V,CG2,14.637,406.331,54.268
364,P,N,11.245,409.639,53.574
364,P,CA,9.916,410.091,53.132
364,P,C,9.188,409.068,52.256
364,P,O,9.775,408.527,51.314
364,P,CB,10.22,411.359,52.326
364,P,CG,11.499,411.862,52.875
364,P,CD,12.281,410.657,53.302
365,G,N,7.923,408.811,52.583
365,G,CA,7.142,407.755,51.935
365,G,C,7.559,406.341,52.314
365,G,O,7.275,405.395,51.578
366,G,N,8.227,406.196,53.459
366,G,CA,8.662,404.892,53.965
366,G,C,7.583,404.239,54.809
366,G,O,6.643,404.902,55.252
367,D,N,7.726,402.935,55.028
367,D,CA,6.78,402.171,55.853
367,D,C,6.93,402.446,57.356
367,D,O,5.988,402.222,58.12
367,D,CB,6.918,400.674,55.57
367,D,CG,6.457,400.304,54.171
367,D,OD1,5.247,400.433,53.892
367,D,OD2,7.298,399.884,53.353
368,L,N,8.105,402.922,57.773
368,L,CA,8.332,403.36,59.157
368,L,C,7.699,404.729,59.404
368,L,O,7.588,405.548,58.487
368,L,CB,9.83,403.435,59.47
368,L,CG,10.551,402.116,59.759
368,L,CD1,12.055,402.295,59.621
368,L,CD2,10.205,401.601,61.148
369,A,N,7.302,404.964,60.656
369,A,CA,6.702,406.232,61.082
369,A,C,7.721,407.12,61.79
369,A,O,8.629,406.627,62.466
369,A,CB,5.523,405.969,62.003
370,K,N,7.553,408.432,61.633
370,K,CA,8.374,409.423,62.324
370,K,C,7.91,409.529,63.778
370,K,O,6.779,409.947,64.037
370,K,CB,8.266,410.779,61.623
370,K,CG,9.144,411.871,62.214
370,K,CD,9.305,413.036,61.25
370,K,CE,9.892,414.264,61.931
370,K,NZ,11.227,414.014,62.543
371,V,N,8.781,409.136,64.71
371,V,CA,8.49,409.195,66.154
371,V,C,9.396,410.201,66.862
371,V,O,10.438,410.6,66.332
371,V,CB,8.604,407.806,66.837
371,V,CG1,7.696,406.795,66.148
371,V,CG2,10.044,407.297,66.864
372,Q,N,8.992,410.588,68.071
372,Q,CA,9.689,411.622,68.852
372,Q,C,10.726,411.084,69.833
372,Q,O,11.581,411.844,70.292
372,Q,CB,8.679,412.49,69.608
372,Q,CG,7.682,413.2,68.706
372,Q,CD,8.344,414.163,67.735
372,Q,OE1,9.03,415.1,68.146
372,Q,NE2,8.138,413.938,66.44
373,R,N,10.641,409.8,70.173
373,R,CA,11.673,409.147,70.978
373,R,C,11.767,407.649,70.683
373,R,O,10.75,406.966,70.54
373,R,CB,11.452,409.4,72.475
373,R,CG,10.176,408.807,73.054
373,R,CD,9.875,409.37,74.434
373,R,NE,9.378,410.747,74.373
373,R,CZ,8.143,411.11,74.015
373,R,NH1,7.226,410.205,73.667
373,R,NH2,7.817,412.402,73.999
374,A,N,13.003,407.165,70.581
374,A,CA,13.297,405.752,70.344
374,A,C,14.561,405.347,71.088
374,A,O,15.336,406.198,71.527
374,A,CB,13.454,405.486,68.856
375,V,N,14.758,404.039,71.215
375,V,CA,15.9,403.476,71.942
375,V,C,16.424,402.215,71.25
375,V,O,15.645,401.431,70.7
375,V,CB,15.539,403.179,73.425
375,V,CG1,14.345,402.236,73.539
375,V,CG2,16.741,402.645,74.203
376,C,N,17.745,402.053,71.272
376,C,CA,18.408,400.812,70.875
376,C,C,19.209,400.291,72.061
376,C,O,20.092,400.989,72.561
376,C,CB,19.343,401.046,69.69
376,C,SG,20.072,399.527,69.031
377,M,N,18.895,399.077,72.513
377,M,CA,19.633,398.435,73.603
377,M,C,20.658,397.441,73.058
377,M,O,20.29,396.429,72.46
377,M,CB,18.684,397.723,74.573
377,M,CG,19.356,397.306,75.878
377,M,SD,18.238,396.521,77.052
377,M,CE,18.228,394.84,76.439
378,L,N,21.939,397.751,73.261
378,L,CA,23.033,396.817,72.996
378,L,C,23.365,396.1,74.294
378,L,O,23.719,396.74,75.283
378,L,CB,24.267,397.557,72.475
378,L,CG,24.069,398.414,71.223
378,L,CD1,25.382,399.079,70.838
378,L,CD2,23.523,397.593,70.063
379,S,N,23.247,394.774,74.283
379,S,CA,23.396,393.965,75.492
379,S,C,24.09,392.645,75.183
379,S,O,23.554,391.824,74.438
379,S,CB,22.024,393.693,76.114
379,S,OG,21.137,393.114,75.171
380,N,N,25.282,392.45,75.749
380,N,CA,26.003,391.186,75.604
380,N,C,25.426,390.152,76.572
380,N,O,25.74,390.157,77.764
380,N,CB,27.512,391.373,75.818
380,N,CG,28.342,390.252,75.197
380,N,OD1,27.863,389.133,75.002
380,N,ND2,29.594,390.552,74.88
381,T,N,24.571,389.282,76.037
381,T,CA,23.91,388.219,76.806
381,T,C,24.33,386.853,76.27
381,T,O,24.621,386.709,75.084
381,T,CB,22.362,388.346,76.79
381,T,OG1,21.774,387.209,77.44
381,T,CG2,21.798,388.455,75.366
382,T,N,24.349,385.859,77.155
382,T,CA,24.689,384.482,76.781
382,T,C,23.567,383.764,76.02
382,T,O,23.804,382.712,75.424
382,T,CB,25.082,383.641,78.014
382,T,OG1,24.008,383.637,78.963
382,T,CG2,26.336,384.209,78.667
383,A,N,22.356,384.324,76.048
383,A,CA,21.224,383.814,75.265
383,A,C,21.422,383.865,73.744
383,A,O,20.752,383.132,73.017
383,A,CB,19.955,384.56,75.642
384,I,N,22.322,384.734,73.274
384,I,CA,22.717,384.785,71.853
384,I,C,23.28,383.44,71.351
384,I,O,23.156,383.121,70.169
384,I,CB,23.724,385.942,71.584
384,I,CG1,23.762,386.324,70.094
384,I,CG2,25.12,385.607,72.107
384,I,CD1,22.735,387.363,69.7
385,A,N,23.892,382.668,72.254
385,A,CA,24.372,381.303,71.966
385,A,C,23.343,380.377,71.306
385,A,O,23.722,379.477,70.553
385,A,CB,24.901,380.652,73.236
386,E,N,22.06,380.588,71.607
386,E,CA,20.954,379.882,70.941
386,E,C,21.029,379.964,69.413
386,E,O,20.742,378.985,68.724
386,E,CB,19.602,380.438,71.405
386,E,CG,19.236,380.1,72.843
386,E,CD,17.983,380.819,73.319
386,E,OE1,17.955,381.247,74.492
386,E,OE2,17.025,380.957,72.528
387,A,N,21.41,381.135,68.904
387,A,CA,21.574,381.363,67.463
387,A,C,22.679,380.499,66.853
387,A,O,22.513,379.979,65.75
387,A,CB,21.843,382.834,67.182
388,W,N,23.798,380.359,67.564
388,W,CA,24.874,379.455,67.14
388,W,C,24.421,377.993,67.177
388,W,O,24.73,377.232,66.264
388,W,CB,26.129,379.613,68.006
388,W,CG,26.737,380.993,68.029
388,W,CD1,27.025,381.734,69.138
388,W,CD2,27.144,381.785,66.902
388,W,NE1,27.58,382.937,68.778
388,W,CE2,27.664,382.997,67.414
388,W,CE3,27.115,381.595,65.512
388,W,CZ2,28.154,384.014,66.585
388,W,CZ3,27.606,382.608,64.687
388,W,CH2,28.117,383.802,65.229
389,A,N,23.687,377.618,68.225
389,A,CA,23.204,376.24,68.416
389,A,C,22.262,375.766,67.303
389,A,O,22.372,374.629,66.839
389,A,CB,22.523,376.105,69.77
390,R,N,21.335,376.633,66.904
390,R,CA,20.46,376.397,65.743
390,R,C,21.259,376.186,64.462
390,R,O,21.001,375.253,63.699
390,R,CB,19.546,377.602,65.522
390,R,CG,18.429,377.756,66.539
390,R,CD,18.007,379.211,66.678
390,R,NE,17.794,379.88,65.392
390,R,CZ,17.698,381.201,65.22
390,R,NH1,17.795,382.044,66.251
390,R,NH2,17.504,381.692,63.998
391,L,N,22.225,377.071,64.249
391,L,CA,23.027,377.107,63.029
391,L,C,24.025,375.944,62.973
391,L,O,24.255,375.371,61.906
391,L,CB,23.753,378.457,62.939
391,L,CG,24.22,378.991,61.587
391,L,CD1,23.064,379.193,60.617
391,L,CD2,24.948,380.305,61.825
392,D,N,24.614,375.617,64.122
392,D,CA,25.495,374.451,64.266
392,D,C,24.769,373.11,64.095
392,D,O,25.379,372.133,63.662
392,D,CB,26.203,374.476,65.63
392,D,CG,27.273,375.561,65.729
392,D,OD1,27.933,375.876,64.716
392,D,OD2,27.463,376.097,66.839
393,H,N,23.484,373.059,64.446
393,H,CA,22.667,371.852,64.24
393,H,C,22.367,371.621,62.753
393,H,O,22.427,370.485,62.279
393,H,CB,21.363,371.917,65.046
393,H,CG,20.493,370.706,64.892
393,H,ND1,20.78,369.498,65.492
393,H,CD2,19.343,370.516,64.201
393,H,CE1,19.846,368.619,65.179
393,H,NE2,18.962,369.212,64.397
394,K,N,22.036,372.693,62.035
394,K,CA,21.835,372.641,60.575
394,K,C,23.102,372.209,59.823
394,K,O,23.023,371.498,58.82
394,K,CB,21.36,373.998,60.042
394,K,CG,19.936,374.363,60.432
394,K,CD,19.545,375.722,59.873
394,K,CE,18.214,376.205,60.425
394,K,NZ,17.055,375.397,59.957
395,F,N,24.256,372.662,60.312
395,F,CA,25.568,372.249,59.804
395,F,C,25.782,370.746,59.989
395,F,O,26.105,370.039,59.034
395,F,CB,26.655,373.044,60.541
395,F,CG,28.067,372.785,60.065
395,F,CD1,28.75,371.627,60.437
395,F,CD2,28.737,373.725,59.286
395,F,CE1,30.051,371.398,60.017
395,F,CE2,30.04,373.499,58.858
395,F,CZ,30.697,372.333,59.227
396,D,N,25.61,370.278,61.227
396,D,CA,25.813,368.864,61.591
396,D,C,24.956,367.883,60.786
396,D,O,25.419,366.791,60.452
396,D,CB,25.535,368.641,63.088
396,D,CG,26.62,369.209,63.993
396,D,OD1,27.711,369.584,63.507
396,D,OD2,26.377,369.284,65.217
397,L,N,23.715,368.271,60.491
397,L,CA,22.788,367.426,59.732
397,L,C,23.281,367.156,58.309
397,L,O,23.28,366.012,57.854
397,L,CB,21.394,368.065,59.686
397,L,CG,20.561,367.982,60.971
397,L,CD1,19.416,368.984,60.933
397,L,CD2,20.028,366.575,61.202
398,M,N,23.707,368.214,57.625
398,M,CA,24.242,368.107,56.266
398,M,C,25.65,367.509,56.247
398,M,O,25.944,366.646,55.418
398,M,CB,24.246,369.476,55.579
398,M,CG,22.858,370.048,55.345
398,M,SD,22.852,371.489,54.258
398,M,CE,23.586,372.725,55.321
399,Y,N,26.51,367.972,57.156
399,Y,CA,27.912,367.527,57.201
399,Y,C,28.105,366.069,57.65
399,Y,O,29.142,365.468,57.358
399,Y,CB,28.767,368.456,58.072
399,Y,CG,30.254,368.24,57.873
399,Y,CD1,30.878,368.608,56.682
399,Y,CD2,31.034,367.637,58.862
399,Y,CE1,32.235,368.398,56.484
399,Y,CE2,32.395,367.429,58.677
399,Y,CZ,32.99,367.809,57.487
399,Y,OH,34.338,367.603,57.296
400,A,N,27.119,365.506,58.345
400,A,CA,27.117,364.071,58.671
400,A,C,27.121,363.17,57.426
400,A,O,27.676,362.071,57.459
400,A,CB,25.931,363.727,59.561
401,K,N,26.502,363.646,56.343
401,K,CA,26.44,362.923,55.065
401,K,C,27.403,363.463,53.994
401,K,O,27.373,362.991,52.86
401,K,CB,25.011,362.974,54.511
401,K,CG,23.923,362.554,55.488
401,K,CD,23.975,361.068,55.798
401,K,CE,22.815,360.647,56.691
401,K,NZ,22.943,361.134,58.093
402,R,N,28.262,364.418,54.36
402,R,CA,29.092,365.19,53.411
402,R,C,28.266,365.894,52.321
402,R,O,28.74,366.061,51.194
402,R,CB,30.165,364.312,52.74
402,R,CG,31.006,363.436,53.656
402,R,CD,32.025,364.21,54.482
402,R,NE,31.658,364.231,55.898
402,R,CZ,32.503,364.317,56.928
402,R,NH1,33.824,364.393,56.756
402,R,NH2,32.012,364.318,58.165
403,A,N,27.045,366.311,52.657
403,A,CA,26.139,366.914,51.677
403,A,C,26.676,368.273,51.243
403,A,O,27.039,369.081,52.084
403,A,CB,24.741,367.058,52.254
404,F,N,26.764,368.484,49.928
404,F,CA,27.245,369.741,49.312
404,F,C,28.74,370.058,49.51
404,F,O,29.192,371.13,49.108
404,F,CB,26.391,370.944,49.756
404,F,CG,24.922,370.761,49.517
404,F,CD1,24.375,371.045,48.275
404,F,CD2,24.083,370.307,50.53
404,F,CE1,23.02,370.875,48.041
404,F,CE2,22.727,370.137,50.303
404,F,CZ,22.194,370.416,49.054
405,V,N,29.503,369.129,50.088
405,V,CA,30.916,369.363,50.419
405,V,C,31.797,369.434,49.164
405,V,O,32.757,370.206,49.128
405,V,CB,31.443,368.29,51.409
405,V,CG1,32.952,368.393,51.624
405,V,CG2,30.729,368.421,52.746
406,H,N,31.46,368.643,48.143
406,H,CA,32.218,368.601,46.879
406,H,C,32.359,369.961,46.17
406,H,O,33.361,370.202,45.495
406,H,CB,31.616,367.562,45.921
406,H,CG,30.294,367.959,45.337
406,H,ND1,29.095,367.711,45.967
406,H,CD2,29.986,368.57,44.167
406,H,CE1,28.104,368.159,45.218
406,H,NE2,28.617,368.685,44.12
407,W,N,31.356,370.827,46.318
407,W,CA,31.412,372.196,45.785
407,W,C,32.525,373.033,46.421
407,W,O,33.127,373.874,45.753
407,W,CB,30.068,372.908,45.972
407,W,CG,28.976,372.374,45.102
407,W,CD1,27.877,371.669,45.503
407,W,CD2,28.875,372.499,43.678
407,W,NE1,27.097,371.349,44.418
407,W,CE2,27.688,371.843,43.285
407,W,CE3,29.674,373.1,42.696
407,W,CZ2,27.275,371.774,41.948
407,W,CZ3,29.264,373.03,41.364
407,W,CH2,28.075,372.371,41.004
408,Y,N,32.782,372.8,47.705
408,Y,CA,33.816,373.52,48.459
408,Y,C,35.19,372.901,48.207
408,Y,O,36.18,373.62,48.053
408,Y,CB,33.503,373.507,49.96
408,Y,CG,32.256,374.282,50.343
408,Y,CD1,30.987,373.755,50.113
408,Y,CD2,32.345,375.534,50.955
408,Y,CE1,29.84,374.452,50.462
408,Y,CE2,31.2,376.24,51.309
408,Y,CZ,29.951,375.693,51.061
408,Y,OH,28.813,376.381,51.409
409,V,N,35.237,371.567,48.166
409,V,CA,36.466,370.824,47.842
409,V,C,36.925,371.089,46.4
409,V,O,38.126,371.159,46.131
409,V,CB,36.301,369.303,48.108
409,V,CG1,37.524,368.508,47.66
409,V,CG2,36.056,369.057,49.589
410,G,N,35.966,371.246,45.489
410,G,CA,36.243,371.598,44.091
410,G,C,36.891,372.958,43.867
410,G,O,37.5,373.185,42.818
411,E,N,36.75,373.861,44.84
411,E,CA,37.397,375.181,44.816
411,E,C,38.705,375.264,45.633
411,E,O,39.216,376.363,45.87
411,E,CB,36.411,376.252,45.309
411,E,CG,35.115,376.355,44.508
411,E,CD,35.274,376.957,43.117
411,E,OE1,34.247,377.07,42.415
411,E,OE2,36.4,377.321,42.71
412,G,N,39.241,374.117,46.051
412,G,CA,40.526,374.052,46.763
412,G,C,40.465,373.912,48.278
412,G,O,41.499,373.701,48.912
413,M,N,39.273,374.021,48.862
413,M,CA,39.108,373.873,50.315
413,M,C,39.22,372.394,50.704
413,M,O,39.054,371.512,49.862
413,M,CB,37.766,374.457,50.779
413,M,CG,37.834,375.142,52.134
413,M,SD,36.246,375.801,52.672
413,M,CE,35.515,374.33,53.378
414,E,N,39.524,372.135,51.973
414,E,CA,39.675,370.761,52.483
414,E,C,38.559,370.394,53.462
414,E,O,37.949,371.27,54.075
414,E,CB,41.041,370.595,53.158
414,E,CG,42.216,370.96,52.26
414,E,CD,43.562,370.529,52.821
414,E,OE1,44.491,370.301,52.015
414,E,OE2,43.699,370.418,54.06
415,E,N,38.303,369.093,53.598
415,E,CA,37.339,368.578,54.585
415,E,C,37.765,368.848,56.034
415,E,O,36.919,368.908,56.929
415,E,CB,37.099,367.074,54.394
415,E,CG,36.116,366.731,53.28
415,E,CD,35.672,365.277,53.295
415,E,OE1,35.375,364.741,54.387
415,E,OE2,35.601,364.668,52.206
416,G,N,39.071,368.98,56.256
416,G,CA,39.615,369.383,57.556
416,G,C,39.158,370.753,58.031
416,G,O,38.955,370.955,59.229
417,E,N,38.996,371.691,57.094
417,E,CA,38.558,373.058,57.416
417,E,C,37.112,373.128,57.923
417,E,O,36.784,374.004,58.726
417,E,CB,38.739,373.992,56.214
417,E,CG,38.763,375.469,56.596
417,E,CD,39.033,376.402,55.427
417,E,OE1,39.802,376.03,54.514
417,E,OE2,38.484,377.526,55.431
418,F,N,36.258,372.221,57.443
418,F,CA,34.88,372.095,57.944
418,F,C,34.85,371.696,59.418
418,F,O,34.184,372.341,60.231
418,F,CB,34.077,371.066,57.133
418,F,CG,33.466,371.615,55.87
418,F,CD1,32.417,372.526,55.932
418,F,CD2,33.914,371.202,54.621
418,F,CE1,31.841,373.03,54.776
418,F,CE2,33.34,371.703,53.459
418,F,CZ,32.303,372.618,53.538
419,S,N,35.569,370.623,59.746
419,S,CA,35.645,370.115,61.122
419,S,C,36.466,371.015,62.056
419,S,O,36.199,371.056,63.26
419,S,CB,36.204,368.69,61.137
419,S,OG,37.471,368.628,60.506
420,E,N,37.466,371.71,61.506
420,E,CA,38.195,372.766,62.24
420,E,C,37.248,373.879,62.672
420,E,O,37.189,374.238,63.85
420,E,CB,39.316,373.385,61.388
420,E,CG,40.697,372.79,61.611
420,E,CD,41.779,373.521,60.831
420,E,OE1,41.872,374.764,60.947
420,E,OE2,42.544,372.853,60.102
421,A,N,36.523,374.416,61.693
421,A,CA,35.574,375.505,61.915
421,A,C,34.424,375.107,62.835
421,A,O,33.979,375.915,63.647
421,A,CB,35.038,376.018,60.587
422,R,N,33.962,373.865,62.715
422,R,CA,32.892,373.344,63.571
422,R,C,33.326,373.197,65.035
422,R,O,32.554,373.516,65.942
422,R,CB,32.378,372.001,63.032
422,R,CG,31.222,371.385,63.815
422,R,CD,29.972,372.253,63.804
422,R,NE,28.952,371.741,64.717
422,R,CZ,28.906,371.958,66.033
422,R,NH1,29.829,372.695,66.654
422,R,NH2,27.915,371.427,66.745
423,E,N,34.543,372.702,65.256
423,E,CA,35.094,372.56,66.614
423,E,C,35.328,373.899,67.325
423,E,O,35.265,373.966,68.555
423,E,CB,36.383,371.728,66.588
423,E,CG,36.129,370.232,66.453
423,E,CD,37.387,369.416,66.194
423,E,OE1,38.281,369.887,65.455
423,E,OE2,37.476,368.286,66.72
424,D,N,35.596,374.952,66.552
424,D,CA,35.692,376.314,67.088
424,D,C,34.317,376.848,67.519
424,D,O,34.217,377.565,68.515
424,D,CB,36.337,377.256,66.059
424,D,CG,36.817,378.577,66.669
424,D,OD1,36.89,378.709,67.912
424,D,OD2,37.138,379.494,65.882
425,M,N,33.271,376.501,66.767
425,M,CA,31.885,376.807,67.156
425,M,C,31.429,375.973,68.355
425,M,O,30.657,376.457,69.186
425,M,CB,30.914,376.581,65.991
425,M,CG,31.155,377.446,64.761
425,M,SD,31.303,379.22,65.05
425,M,CE,29.743,379.573,65.854
426,A,N,31.885,374.722,68.425
426,A,CA,31.664,373.868,69.6
426,A,C,32.358,374.433,70.84
426,A,O,31.821,374.358,71.947
426,A,CB,32.15,372.452,69.331
427,A,N,33.552,374.99,70.64
427,A,CA,34.284,375.696,71.695
427,A,C,33.591,377.007,72.086
427,A,O,33.512,377.334,73.271
427,A,CB,35.714,375.972,71.254
428,L,N,33.098,377.74,71.087
428,L,CA,32.367,378.996,71.303
428,L,C,31.059,378.778,72.067
428,L,O,30.727,379.56,72.957
428,L,CB,32.083,379.699,69.967
428,L,CG,31.538,381.134,70.029
428,L,CD1,32.588,382.106,70.547
428,L,CD2,31.047,381.578,68.66
429,E,N,30.323,377.723,71.71
429,E,CA,29.129,377.305,72.47
429,E,C,29.459,376.956,73.926
429,E,O,28.688,377.278,74.832
429,E,CB,28.418,376.112,71.803
429,E,CG,27.303,376.499,70.841
429,E,CD,26.429,375.318,70.451
429,E,OE1,26.435,374.933,69.263
429,E,OE2,25.738,374.769,71.335
430,K,N,30.596,376.295,74.134
430,K,CA,31.076,375.966,75.482
430,K,C,31.515,377.207,76.278
430,K,O,31.319,377.257,77.494
430,K,CB,32.22,374.947,75.421
430,K,CG,32.419,374.175,76.72
430,K,CD,33.819,373.588,76.837
430,K,CE,34.061,373.011,78.222
430,K,NZ,35.482,372.607,78.419
431,D,N,32.107,378.19,75.595
431,D,CA,32.468,379.477,76.218
431,D,C,31.246,380.235,76.747
431,D,O,31.31,380.844,77.812
431,D,CB,33.245,380.373,75.241
431,D,CG,34.636,379.843,74.919
431,D,OD1,35.22,379.098,75.736
431,D,OD2,35.157,380.188,73.836
432,Y,N,30.147,380.203,75.994
432,Y,CA,28.875,380.796,76.441
432,Y,C,28.232,380.025,77.603
432,Y,O,27.513,380.614,78.412
432,Y,CB,27.88,380.915,75.276
432,Y,CG,28.089,382.139,74.408
432,Y,CD1,27.787,383.412,74.886
432,Y,CD2,28.562,382.024,73.099
432,Y,CE1,27.961,384.537,74.096
432,Y,CE2,28.745,383.146,72.301
432,Y,CZ,28.443,384.399,72.801
432,Y,OH,28.622,385.515,72.017
433,E,N,28.483,378.718,77.666
433,E,CA,28.024,377.881,78.78
433,E,C,28.756,378.251,80.074
433,E,O,28.122,378.536,81.085
433,E,CB,28.228,376.393,78.459
433,E,CG,27.373,375.439,79.286
433,E,CD,26.0,375.187,78.686
433,E,OE1,25.653,374.006,78.466
433,E,OE2,25.27,376.165,78.429
434,E,N,30.087,378.263,80.022
434,E,CA,30.93,378.613,81.182
434,E,C,30.584,379.976,81.8
434,E,O,30.562,380.124,83.025
434,E,CB,32.414,378.59,80.792
434,E,CG,32.977,377.198,80.534
434,E,CD,34.376,377.214,79.936
434,E,OE1,34.744,376.228,79.261
434,E,OE2,35.115,378.204,80.137
435,V,N,30.308,380.956,80.942
435,V,CA,29.947,382.316,81.364
435,V,C,28.491,382.404,81.855
435,V,O,28.201,383.127,82.812
435,V,CB,30.185,383.328,80.208
435,V,CG1,29.749,384.739,80.578
435,V,CG2,31.655,383.355,79.814
436,G,N,27.591,381.662,81.207
436,G,CA,26.141,381.819,81.393
436,G,C,25.411,381.015,82.459
436,G,O,24.224,381.262,82.692
437,V,N,26.084,380.051,83.089
437,V,CA,25.483,379.269,84.191
437,V,C,26.393,379.165,85.411
437,V,O,27.607,379.37,85.326
437,V,CB,25.04,377.843,83.763
437,V,CG1,23.704,377.895,83.048
437,V,CG2,26.084,377.157,82.897
