resid_num,wildtype,atom,x,y,z
1,M,N,39.406,414.604,65.943
1,M,CA,38.501,413.878,65.06
1,M,C,39.208,412.683,64.43
1,M,O,40.291,412.817,63.858
1,M,CB,37.95,414.809,63.975
1,M,CG,36.76,414.252,63.196
1,M,SD,37.197,413.099,61.877
1,M,CE,38.208,414.143,60.829
2,R,N,38.584,411.515,64.536
2,R,CA,39.147,410.291,63.985
2,R,C,38.163,409.644,63.011
2,R,O,36.995,409.446,63.34
2,R,CB,39.508,409.326,65.115
2,R,CG,40.457,409.908,66.152
2,R,CD,41.747,409.109,66.222
2,R,NE,41.526,407.756,66.724
2,R,CZ,42.391,406.757,66.58
2,R,NH1,43.534,406.956,65.937
2,R,NH2,42.11,405.557,67.071
3,E,N,38.643,409.315,61.815
3,E,CA,37.77,408.861,60.733
3,E,C,37.401,407.379,60.811
3,E,O,38.151,406.566,61.349
3,E,CB,38.403,409.161,59.372
3,E,CG,38.756,410.624,59.147
3,E,CD,40.152,410.977,59.63
3,E,OE1,40.792,410.129,60.286
3,E,OE2,40.609,412.106,59.347
4,C,N,36.236,407.044,60.261
4,C,CA,35.788,405.658,60.169
4,C,C,35.497,405.275,58.722
4,C,O,34.737,405.954,58.031
4,C,CB,34.541,405.432,61.026
4,C,SG,34.862,405.337,62.797
5,I,N,36.103,404.182,58.269
5,I,CA,35.893,403.694,56.91
5,I,C,34.919,402.519,56.893
5,I,O,35.129,401.52,57.58
5,I,CB,37.219,403.262,56.257
5,I,CG1,38.157,404.46,56.113
5,I,CG2,36.965,402.622,54.9
5,I,CD1,39.482,404.121,55.468
6,S,N,33.855,402.644,56.106
6,S,CA,32.857,401.584,56.0
6,S,C,33.097,400.705,54.777
6,S,O,33.4,401.201,53.692
6,S,CB,31.446,402.174,55.956
6,S,OG,31.116,402.807,57.181
7,I,N,32.96,399.396,54.961
7,I,CA,33.134,398.445,53.871
7,I,C,31.896,397.568,53.729
7,I,O,31.446,396.952,54.697
7,I,CB,34.362,397.542,54.095
7,I,CG1,35.589,398.383,54.458
7,I,CG2,34.63,396.699,52.859
7,I,CD1,36.802,397.56,54.819
8,H,N,31.347,397.513,52.521
8,H,CA,30.14,396.736,52.263
8,H,C,30.419,395.612,51.268
8,H,O,30.769,395.863,50.117
8,H,CB,29.03,397.65,51.747
8,H,CG,28.901,398.926,52.518
8,H,ND1,28.099,399.046,53.632
8,H,CD2,29.484,400.136,52.343
8,H,CE1,28.189,400.275,54.107
8,H,NE2,29.023,400.957,53.344
9,V,N,30.259,394.372,51.721
9,V,CA,30.62,393.209,50.917
9,V,C,29.406,392.362,50.548
9,V,O,28.597,392.015,51.408
9,V,CB,31.629,392.32,51.659
9,V,CG1,32.159,391.238,50.736
9,V,CG2,32.767,393.163,52.212
10,G,N,29.289,392.024,49.268
10,G,CA,28.197,391.192,48.798
10,G,C,26.909,391.97,48.624
10,G,O,26.844,393.157,48.941
11,Q,N,25.879,391.296,48.12
11,Q,CA,24.587,391.927,47.877
11,Q,C,23.971,392.499,49.15
11,Q,O,23.507,393.639,49.165
11,Q,CB,23.616,390.936,47.228
11,Q,CG,22.2,391.471,47.077
11,Q,CD,21.278,390.493,46.379
11,Q,OE1,21.644,389.888,45.371
11,Q,NE2,20.078,390.328,46.916
12,A,N,23.969,391.704,50.215
12,A,CA,23.384,392.126,51.484
12,A,C,24.098,393.347,52.049
12,A,O,23.457,394.3,52.484
12,A,CB,23.404,390.988,52.487
13,G,N,25.426,393.315,52.034
13,G,CA,26.22,394.42,52.539
13,G,C,25.995,395.702,51.761
13,G,O,25.82,396.772,52.347
14,V,N,25.992,395.591,50.436
14,V,CA,25.812,396.749,49.567
14,V,C,24.426,397.372,49.713
14,V,O,24.3,398.58,49.918
14,V,CB,26.058,396.387,48.089
14,V,CG1,25.606,397.518,47.179
14,V,CG2,27.525,396.067,47.862
15,Q,N,23.391,396.544,49.612
15,Q,CA,22.012,397.021,49.705
15,Q,C,21.708,397.643,51.069
15,Q,O,20.922,398.585,51.169
15,Q,CB,21.021,395.896,49.391
15,Q,CG,21.031,395.454,47.934
15,Q,CD,19.982,394.401,47.627
15,Q,OE1,19.748,394.063,46.466
15,Q,NE2,19.347,393.875,48.666
16,I,N,22.332,397.112,52.115
16,I,CA,22.2,397.687,53.449
16,I,C,22.987,398.991,53.534
16,I,O,22.531,399.966,54.135
16,I,CB,22.663,396.7,54.537
16,I,CG1,21.645,395.569,54.68
16,I,CG2,22.836,397.4,55.875
16,I,CD1,22.117,394.45,55.565
17,G,N,24.164,399.004,52.913
17,G,CA,24.972,400.206,52.829
17,G,C,24.216,401.345,52.172
17,G,O,24.302,402.492,52.607
18,N,N,23.467,401.02,51.122
18,N,CA,22.618,401.996,50.449
18,N,C,21.609,402.634,51.393
18,N,O,21.459,403.853,51.424
18,N,CB,21.88,401.35,49.278
18,N,CG,22.756,401.182,48.061
18,N,OD1,23.592,402.034,47.763
18,N,ND2,22.57,400.079,47.345
19,A,N,20.923,401.798,52.165
19,A,CA,19.906,402.27,53.097
19,A,C,20.503,403.136,54.203
19,A,O,19.911,404.14,54.602
19,A,CB,19.146,401.093,53.693
20,C,N,21.674,402.743,54.692
20,C,CA,22.341,403.471,55.766
20,C,C,22.796,404.854,55.315
20,C,O,22.517,405.853,55.977
20,C,CB,23.534,402.677,56.299
20,C,SG,23.092,401.116,57.087
21,W,N,23.497,404.906,54.188
21,W,CA,24.015,406.17,53.674
21,W,C,22.9,407.085,53.178
21,W,O,23.059,408.305,53.149
21,W,CB,25.06,405.931,52.581
21,W,CG,26.352,405.4,53.122
21,W,CD1,26.797,404.113,53.064
21,W,CD2,27.359,406.142,53.824
21,W,NE1,28.022,404.007,53.679
21,W,CE2,28.388,405.239,54.152
21,W,CE3,27.49,407.482,54.201
21,W,CZ2,29.534,405.632,54.84
21,W,CZ3,28.629,407.869,54.885
21,W,CH2,29.636,406.948,55.196
22,E,N,21.776,406.493,52.792
22,E,CA,20.592,407.272,52.46
22,E,C,20.099,407.959,53.724
22,E,O,19.71,409.126,53.703
22,E,CB,19.491,406.372,51.899
22,E,CG,18.187,407.099,51.605
22,E,CD,17.056,406.156,51.241
22,E,OE1,17.072,404.994,51.697
22,E,OE2,16.149,406.579,50.493
23,L,N,20.134,407.222,54.829
23,L,CA,19.665,407.728,56.111
23,L,C,20.653,408.724,56.709
23,L,O,20.252,409.746,57.262
23,L,CB,19.415,406.573,57.084
23,L,CG,18.768,406.952,58.417
23,L,CD1,17.457,407.691,58.184
23,L,CD2,18.542,405.719,59.278
24,Y,N,21.942,408.418,56.598
24,Y,CA,22.99,409.306,57.092
24,Y,C,22.879,410.692,56.462
24,Y,O,23.008,411.708,57.145
24,Y,CB,24.375,408.722,56.801
24,Y,CG,24.742,407.511,57.632
24,Y,CD1,23.998,407.151,58.749
24,Y,CD2,25.844,406.732,57.302
24,Y,CE1,24.34,406.045,59.508
24,Y,CE2,26.193,405.626,58.055
24,Y,CZ,25.44,405.289,59.156
24,Y,OH,25.786,404.188,59.906
25,C,N,22.634,410.723,55.155
25,C,CA,22.516,411.98,54.426
25,C,C,21.284,412.771,54.857
25,C,O,21.291,414.001,54.847
25,C,CB,22.488,411.726,52.917
25,C,SG,24.071,411.188,52.232
26,L,N,20.228,412.059,55.237
26,L,CA,19.014,412.7,55.73
26,L,C,19.199,413.219,57.153
26,L,O,18.626,414.24,57.529
26,L,CB,17.829,411.736,55.668
26,L,CG,17.259,411.462,54.276
26,L,CD1,16.138,410.439,54.35
26,L,CD2,16.769,412.754,53.637
27,E,N,20.004,412.51,57.937
27,E,CA,20.249,412.891,59.323
27,E,C,21.2,414.082,59.426
27,E,O,21.066,414.919,60.319
27,E,CB,20.795,411.703,60.12
27,E,CG,19.803,410.564,60.292
27,E,CD,20.34,409.446,61.163
27,E,OE1,19.686,408.385,61.251
27,E,OE2,21.417,409.629,61.766
28,H,N,22.156,414.156,58.508
28,H,CA,23.139,415.232,58.521
28,H,C,22.772,416.346,57.545
28,H,O,23.52,417.309,57.381
28,H,CB,24.535,414.692,58.208
28,H,CG,25.047,413.715,59.221
28,H,ND1,25.473,414.098,60.473
28,H,CD2,25.206,412.372,59.164
28,H,CE1,25.871,413.032,61.146
28,H,NE2,25.718,411.972,60.373
29,G,N,21.618,416.211,56.901
29,G,CA,21.153,417.211,55.959
29,G,C,22.041,417.322,54.733
29,G,O,22.327,418.422,54.261
30,I,N,22.48,416.176,54.223
30,I,CA,23.305,416.138,53.021
30,I,C,22.475,415.756,51.801
30,I,O,21.92,414.66,51.732
30,I,CB,24.477,415.15,53.166
30,I,CG1,25.344,415.521,54.371
30,I,CG2,25.315,415.128,51.9
30,I,CD1,26.52,414.598,54.578
31,Q,N,22.392,416.672,50.843
31,Q,CA,21.659,416.434,49.605
31,Q,C,22.354,415.355,48.774
31,Q,O,23.558,415.144,48.921
31,Q,CB,21.535,417.742,48.819
31,Q,CG,20.7,418.797,49.528
31,Q,CD,20.817,420.165,48.888
31,Q,OE1,21.639,420.378,47.998
31,Q,NE2,19.994,421.103,49.342
32,P,N,21.593,414.655,47.911
32,P,CA,22.125,413.571,47.075
32,P,C,23.355,413.957,46.251
32,P,O,24.156,413.084,45.917
32,P,CB,20.953,413.247,46.15
32,P,CG,19.756,413.572,46.955
32,P,CD,20.131,414.784,47.763
33,D,N,23.501,415.239,45.931
33,D,CA,24.665,415.703,45.181
33,D,C,25.9,415.836,46.071
33,D,O,27.009,416.052,45.582
33,D,CB,24.365,417.028,44.472
33,D,CG,23.707,418.048,45.383
33,D,OD1,23.915,417.98,46.613
33,D,OD2,22.981,418.923,44.866
34,G,N,25.699,415.706,47.379
34,G,CA,26.792,415.779,48.331
34,G,C,26.918,417.141,48.986
34,G,O,27.782,417.351,49.839
35,Q,N,26.054,418.07,48.587
35,Q,CA,26.077,419.421,49.139
35,Q,C,25.375,419.486,50.49
35,Q,O,24.263,418.982,50.65
35,Q,CB,25.444,420.414,48.162
35,Q,CG,26.278,420.682,46.917
35,Q,CD,27.551,421.451,47.222
35,Q,OE1,27.64,422.157,48.226
35,Q,NE2,28.546,421.314,46.353
36,M,N,26.035,420.111,51.459
36,M,CA,25.497,420.239,52.808
36,M,C,25.473,421.707,53.231
36,M,O,26.471,422.228,53.732
36,M,CB,26.329,419.406,53.785
36,M,CG,25.858,419.439,55.228
36,M,SD,26.939,418.461,56.29
36,M,CE,26.276,418.847,57.909
37,P,N,24.328,422.375,53.021
37,P,CA,24.132,423.804,53.297
37,P,C,24.471,424.199,54.731
37,P,O,25.085,425.243,54.947
37,P,CB,22.635,424.003,53.044
37,P,CG,22.278,422.94,52.072
37,P,CD,23.116,421.758,52.452
38,S,N,24.074,423.372,55.694
38,S,CA,24.298,423.669,57.107
38,S,C,25.781,423.701,57.471
38,S,O,26.173,424.334,58.452
38,S,CB,23.554,422.665,57.992
38,S,OG,23.912,421.333,57.669
39,D,N,26.602,423.019,56.679
39,D,CA,28.045,423.018,56.89
39,D,C,28.654,424.318,56.372
39,D,O,28.429,424.704,55.225
39,D,CB,28.687,421.815,56.197
39,D,CG,30.185,421.744,56.416
39,D,OD1,30.667,422.282,57.435
39,D,OD2,30.883,421.148,55.568
40,K,N,29.428,424.989,57.221
40,K,CA,29.983,426.295,56.876
40,K,C,31.478,426.245,56.565
40,K,O,31.986,427.067,55.802
40,K,CB,29.703,427.307,57.989
40,K,CG,28.232,427.435,58.347
40,K,CD,27.39,427.763,57.123
40,K,CE,25.91,427.818,57.469
40,K,NZ,25.063,428.056,56.267
41,T,N,32.181,425.286,57.16
41,T,CA,33.602,425.102,56.875
41,T,C,33.79,424.345,55.563
41,T,O,33.859,423.117,55.545
41,T,CB,34.327,424.361,58.014
41,T,OG1,33.609,423.166,58.348
41,T,CG2,34.428,425.245,59.245
42,I,N,33.868,425.093,54.466
42,I,CA,33.965,424.506,53.136
42,I,C,35.368,423.984,52.841
42,I,O,36.356,424.701,53.005
42,I,CB,33.571,425.525,52.045
42,I,CG1,32.232,426.181,52.383
42,I,CG2,33.518,424.855,50.681
42,I,CD1,31.082,425.204,52.495
43,G,N,35.447,422.73,52.409
43,G,CA,36.712,422.142,52.011
43,G,C,37.371,421.305,53.09
43,G,O,38.379,420.646,52.837
44,G,N,36.807,421.327,54.293
44,G,CA,37.359,420.561,55.395
44,G,C,36.652,420.766,56.721
44,G,O,35.469,421.101,56.764
45,G,N,37.386,420.559,57.808
45,G,CA,36.825,420.67,59.142
45,G,C,36.951,419.36,59.894
45,G,O,37.063,418.296,59.287
46,D,N,36.937,419.436,61.22
46,D,CA,37.058,418.243,62.05
46,D,C,35.82,418.035,62.919
46,D,O,35.925,417.746,64.111
46,D,CB,38.32,418.312,62.914
46,D,CG,38.379,419.565,63.763
46,D,OD1,37.731,420.567,63.393
46,D,OD2,39.075,419.55,64.8
47,D,N,34.647,418.184,62.31
47,D,CA,33.386,417.964,63.008
47,D,C,33.102,416.471,63.151
47,D,O,33.816,415.639,62.592
47,D,CB,32.238,418.649,62.265
47,D,CG,32.455,420.141,62.107
47,D,OD1,32.947,420.774,63.064
47,D,OD2,32.138,420.679,61.026
48,S,N,32.056,416.138,63.9
48,S,CA,31.722,414.742,64.166
48,S,C,31.235,414.001,62.922
48,S,O,31.434,412.794,62.8
48,S,CB,30.688,414.634,65.29
48,S,OG,31.259,414.975,66.54
49,F,N,30.603,414.72,62.0
49,F,CA,30.118,414.093,60.774
49,F,C,31.254,413.821,59.79
49,F,O,31.081,413.08,58.822
49,F,CB,29.002,414.917,60.118
49,F,CG,29.45,416.251,59.588
49,F,CD1,29.966,416.369,58.307
49,F,CD2,29.332,417.393,60.363
49,F,CE1,30.373,417.595,57.815
49,F,CE2,29.734,418.623,59.875
49,F,CZ,30.255,418.724,58.601
50,N,N,32.415,414.42,60.044
50,N,CA,33.591,414.192,59.21
50,N,C,34.209,412.816,59.441
50,N,O,35.131,412.41,58.732
50,N,CB,34.635,415.291,59.425
50,N,CG,34.236,416.604,58.783
50,N,OD1,34.137,417.632,59.452
50,N,ND2,34.001,416.574,57.476
51,T,N,33.699,412.105,60.441
51,T,CA,34.153,410.751,60.72
51,T,C,33.688,409.805,59.621
51,T,O,34.362,408.819,59.31
51,T,CB,33.645,410.246,62.085
51,T,OG1,32.214,410.276,62.107
51,T,CG2,34.184,411.114,63.212
52,F,N,32.544,410.121,59.023
52,F,CA,31.971,409.3,57.962
52,F,C,32.059,409.976,56.597
52,F,O,32.048,409.303,55.567
52,F,CB,30.512,408.96,58.28
52,F,CG,30.349,407.799,59.224
52,F,CD1,31.007,407.778,60.443
52,F,CD2,29.531,406.731,58.893
52,F,CE1,30.858,406.712,61.313
52,F,CE2,29.376,405.662,59.758
52,F,CZ,30.04,405.653,60.968
53,F,N,32.149,411.303,56.589
53,F,CA,32.175,412.058,55.339
53,F,C,33.436,412.901,55.189
53,F,O,33.765,413.698,56.065
53,F,CB,30.953,412.977,55.24
53,F,CG,29.641,412.249,55.176
53,F,CD1,28.972,411.897,56.336
53,F,CD2,29.068,411.934,53.955
53,F,CE1,27.761,411.234,56.281
53,F,CE2,27.855,411.272,53.893
53,F,CZ,27.2,410.923,55.058
54,S,N,34.137,412.728,54.073
54,S,CA,35.239,413.616,53.721
54,S,C,34.69,414.746,52.854
54,S,O,33.55,414.679,52.397
54,S,CB,36.345,412.858,52.984
54,S,OG,35.871,412.315,51.764
55,E,N,35.493,415.781,52.631
55,E,CA,35.023,416.947,51.887
55,E,C,35.947,417.329,50.734
55,E,O,37.161,417.14,50.806
55,E,CB,34.84,418.142,52.827
55,E,CG,33.908,417.876,53.995
55,E,CD,33.738,419.083,54.893
55,E,OE1,33.784,420.22,54.379
55,E,OE2,33.563,418.894,56.116
56,T,N,35.358,417.868,49.669
56,T,CA,36.123,418.353,48.527
56,T,C,36.02,419.872,48.438
56,T,O,35.335,420.503,49.243
56,T,CB,35.632,417.735,47.203
56,T,OG1,34.364,418.299,46.849
56,T,CG2,35.499,416.225,47.332
57,G,N,36.698,420.453,47.454
57,G,CA,36.729,421.896,47.293
57,G,C,35.391,422.498,46.908
57,G,O,35.122,423.664,47.199
58,A,N,34.548,421.704,46.258
58,A,CA,33.249,422.181,45.791
58,A,C,32.162,422.034,46.853
58,A,O,30.971,422.102,46.546
58,A,CB,32.847,421.457,44.513
59,G,N,32.577,421.837,48.101
59,G,CA,31.642,421.679,49.199
59,G,C,30.881,420.372,49.106
59,G,O,29.729,420.278,49.529
60,K,N,31.534,419.358,48.549
60,K,CA,30.915,418.055,48.359
60,K,C,31.339,417.09,49.46
60,K,O,32.528,416.921,49.724
60,K,CB,31.288,417.492,46.988
60,K,CG,30.614,416.182,46.639
60,K,CD,30.939,415.78,45.212
60,K,CE,30.161,414.548,44.797
60,K,NZ,30.395,414.201,43.37
61,H,N,30.359,416.46,50.1
61,H,CA,30.629,415.552,51.208
61,H,C,30.591,414.096,50.758
61,H,O,29.529,413.549,50.457
61,H,CB,29.644,415.798,52.353
61,H,CG,29.726,417.179,52.925
61,H,ND1,29.431,418.307,52.191
61,H,CD2,30.081,417.615,54.158
61,H,CE1,29.598,419.378,52.947
61,H,NE2,29.99,418.985,54.145
62,V,N,31.766,413.475,50.716
62,V,CA,31.908,412.125,50.19
62,V,C,32.021,411.091,51.304
62,V,O,32.886,411.201,52.172
62,V,CB,33.149,412.011,49.286
62,V,CG1,33.224,410.628,48.664
62,V,CG2,33.116,413.083,48.21
63,P,N,31.137,410.084,51.282
63,P,CA,31.15,408.981,52.247
63,P,C,32.476,408.234,52.237
63,P,O,32.943,407.837,51.172
63,P,CB,30.048,408.058,51.729
63,P,CG,29.122,408.955,51.008
63,P,CD,29.99,409.992,50.362
64,R,N,33.07,408.046,53.41
64,R,CA,34.277,407.241,53.528
64,R,C,33.891,405.771,53.464
64,R,O,34.01,405.041,54.451
64,R,CB,34.999,407.547,54.84
64,R,CG,35.315,409.02,55.038
64,R,CD,36.025,409.271,56.359
64,R,NE,36.157,410.698,56.637
64,R,CZ,37.181,411.446,56.239
64,R,NH1,38.174,410.903,55.547
64,R,NH2,37.216,412.738,56.536
65,A,N,33.422,405.343,52.297
65,A,CA,32.88,404.002,52.137
65,A,C,33.408,403.306,50.89
65,A,O,33.751,403.951,49.899
65,A,CB,31.358,404.052,52.103
66,V,N,33.475,401.98,50.955
66,V,CA,33.906,401.163,49.824
66,V,C,32.95,399.994,49.611
66,V,O,32.805,399.139,50.486
66,V,CB,35.323,400.597,50.04
66,V,CG1,35.683,399.632,48.922
66,V,CG2,36.341,401.718,50.127
67,F,N,32.3,399.963,48.452
67,F,CA,31.377,398.887,48.115
67,F,C,32.095,397.833,47.281
67,F,O,32.73,398.154,46.277
67,F,CB,30.17,399.434,47.349
67,F,CG,29.257,400.296,48.179
67,F,CD1,29.635,401.575,48.553
67,F,CD2,28.014,399.829,48.575
67,F,CE1,28.797,402.368,49.313
67,F,CE2,27.17,400.62,49.335
67,F,CZ,27.562,401.89,49.704
68,V,N,32.002,396.577,47.706
68,V,CA,32.669,395.476,47.017
68,V,C,31.728,394.291,46.804
68,V,O,31.11,393.804,47.751
68,V,CB,33.901,394.98,47.805
68,V,CG1,34.553,393.807,47.087
68,V,CG2,34.901,396.106,48.005
69,D,N,31.63,393.831,45.56
69,D,CA,30.826,392.663,45.225
69,D,C,31.442,391.972,44.012
69,D,O,31.946,392.633,43.106
69,D,CB,29.374,393.063,44.948
69,D,CG,28.441,391.865,44.859
69,D,OD1,28.876,390.739,45.179
69,D,OD2,27.265,392.054,44.477
70,L,N,31.406,390.644,44.001
70,L,CA,32.028,389.871,42.929
70,L,C,31.118,389.769,41.705
70,L,O,31.305,388.906,40.85
70,L,CB,32.403,388.477,43.431
70,L,CG,33.336,388.447,44.643
70,L,CD1,33.572,387.022,45.121
70,L,CD2,34.654,389.135,44.32
71,E,N,30.144,390.668,41.628
71,E,CA,29.15,390.658,40.566
71,E,C,28.556,392.062,40.452
71,E,O,28.205,392.672,41.461
71,E,CB,28.076,389.615,40.879
71,E,CG,26.87,389.646,39.972
71,E,CD,25.616,390.054,40.71
71,E,OE1,24.74,390.681,40.086
71,E,OE2,25.507,389.745,41.914
72,P,N,28.45,392.583,39.22
72,P,CA,28.182,394.011,38.997
72,P,C,26.751,394.506,39.233
72,P,O,26.597,395.656,39.645
72,P,CB,28.551,394.2,37.522
72,P,CG,28.284,392.872,36.907
72,P,CD,28.676,391.863,37.952
73,T,N,25.738,393.678,38.986
73,T,CA,24.355,394.164,38.902
73,T,C,23.82,394.902,40.136
73,T,O,22.99,395.803,40.007
73,T,CB,23.365,393.041,38.522
73,T,OG1,23.184,392.161,39.638
73,T,CG2,23.88,392.253,37.327
74,V,N,24.287,394.527,41.323
74,V,CA,23.812,395.161,42.551
74,V,C,24.428,396.545,42.746
74,V,O,23.722,397.519,43.007
74,V,CB,24.092,394.289,43.795
74,V,CG1,23.617,394.994,45.059
74,V,CG2,23.417,392.934,43.652
75,I,N,25.748,396.625,42.616
75,I,CA,26.46,397.891,42.756
75,I,C,26.161,398.826,41.577
75,I,O,26.194,400.05,41.715
75,I,CB,27.98,397.658,42.939
75,I,CG1,28.253,397.037,44.313
75,I,CG2,28.769,398.95,42.788
75,I,CD1,29.722,396.898,44.644
76,D,N,25.836,398.243,40.426
76,D,CA,25.424,399.03,39.265
76,D,C,24.177,399.859,39.56
76,D,O,23.96,400.907,38.953
76,D,CB,25.183,398.131,38.051
76,D,CG,26.468,397.74,37.35
76,D,OD1,27.439,398.522,37.41
76,D,OD2,26.506,396.654,36.735
77,E,N,23.358,399.385,40.494
77,E,CA,22.174,400.125,40.916
77,E,C,22.569,401.355,41.726
77,E,O,21.846,402.35,41.748
77,E,CB,21.236,399.229,41.727
77,E,CG,20.698,398.04,40.95
77,E,CD,19.938,398.453,39.702
77,E,OE1,19.188,399.451,39.764
77,E,OE2,20.097,397.785,38.659
78,V,N,23.717,401.281,42.392
78,V,CA,24.245,402.417,43.137
78,V,C,24.812,403.451,42.169
78,V,O,24.65,404.656,42.364
78,V,CB,25.352,401.987,44.119
78,V,CG1,25.813,403.169,44.959
78,V,CG2,24.864,400.854,45.007
79,R,N,25.468,402.966,41.118
79,R,CA,26.06,403.831,40.099
79,R,C,25.006,404.652,39.359
79,R,O,25.319,405.677,38.753
79,R,CB,26.862,403.001,39.091
79,R,CG,28.045,402.25,39.682
79,R,CD,28.871,401.592,38.586
79,R,NE,30.126,401.04,39.09
79,R,CZ,30.375,399.741,39.224
79,R,NH1,29.455,398.847,38.888
79,R,NH2,31.55,399.335,39.689
80,T,N,23.759,404.196,39.408
80,T,CA,22.67,404.856,38.698
80,T,C,21.554,405.282,39.649
80,T,O,20.53,405.814,39.219
80,T,CB,22.072,403.933,37.622
80,T,OG1,21.48,402.788,38.247
80,T,CG2,23.154,403.474,36.653
81,G,N,21.758,405.052,40.942
81,G,CA,20.747,405.346,41.94
81,G,C,20.59,406.822,42.249
81,G,O,21.216,407.671,41.614
82,T,N,19.748,407.122,43.233
82,T,CA,19.483,408.497,43.645
82,T,C,20.752,409.179,44.151
82,T,O,20.986,410.358,43.883
82,T,CB,18.399,408.547,44.743
82,T,OG1,17.196,407.939,44.255
82,T,CG2,18.105,409.984,45.15
83,Y,N,21.574,408.426,44.874
83,Y,CA,22.815,408.959,45.421
83,Y,C,24.017,408.533,44.587
83,Y,O,25.042,408.116,45.124
83,Y,CB,22.985,408.518,46.876
83,Y,CG,21.893,409.021,47.792
83,Y,CD1,20.737,408.279,48.002
83,Y,CD2,22.014,410.242,48.442
83,Y,CE1,19.735,408.739,48.836
83,Y,CE2,21.017,410.709,49.277
83,Y,CZ,19.88,409.954,49.471
83,Y,OH,18.885,410.414,50.302
84,R,N,23.884,408.645,43.268
84,R,CA,24.951,408.26,42.351
84,R,C,26.125,409.234,42.4
84,R,O,27.279,408.834,42.241
84,R,CB,24.416,408.145,40.921
84,R,CG,23.686,409.385,40.425
84,R,CD,23.17,409.198,39.007
84,R,NE,22.404,410.355,38.548
84,R,CZ,21.083,410.465,38.649
84,R,NH1,20.373,409.485,39.192
84,R,NH2,20.471,411.554,38.205
85,Q,N,25.829,410.51,42.621
85,Q,CA,26.868,411.531,42.691
85,Q,C,27.667,411.405,43.979
85,Q,O,28.816,411.836,44.053
85,Q,CB,26.262,412.933,42.6
85,Q,CG,25.626,413.266,41.262
85,Q,CD,25.246,414.731,41.154
85,Q,OE1,26.11,415.6,41.036
85,Q,NE2,23.949,415.012,41.2
86,L,N,27.047,410.805,44.988
86,L,CA,27.629,410.714,46.321
86,L,C,28.964,409.971,46.334
86,L,O,29.89,410.357,47.048
86,L,CB,26.643,410.029,47.269
86,L,CG,26.719,410.403,48.748
86,L,CD1,26.386,411.874,48.95
86,L,CD2,25.789,409.52,49.562
87,F,N,29.063,408.913,45.535
87,F,CA,30.245,408.056,45.55
87,F,C,31.167,408.266,44.351
87,F,O,30.716,408.35,43.208
87,F,CB,29.834,406.583,45.625
87,F,CG,28.912,406.267,46.767
87,F,CD1,29.409,406.083,48.046
87,F,CD2,27.548,406.145,46.56
87,F,CE1,28.562,405.79,49.099
87,F,CE2,26.696,405.851,47.607
87,F,CZ,27.204,405.673,48.878
88,H,N,32.464,408.349,44.628
88,H,CA,33.48,408.376,43.586
88,H,C,33.61,406.966,43.024
88,H,O,33.535,405.995,43.777
88,H,CB,34.813,408.85,44.17
88,H,CG,35.938,408.874,43.182
88,H,ND1,36.095,409.882,42.256
88,H,CD2,36.963,408.013,42.977
88,H,CE1,37.166,409.642,41.523
88,H,NE2,37.711,408.512,41.94
89,P,N,33.789,406.846,41.697
89,P,CA,33.889,405.56,40.993
89,P,C,34.831,404.543,41.644
89,P,O,34.527,403.35,41.631
89,P,CB,34.426,405.967,39.621
89,P,CG,33.852,407.315,39.403
89,P,CD,33.816,407.981,40.756
90,E,N,35.944,405.003,42.206
90,E,CA,36.92,404.1,42.814
90,E,C,36.401,403.417,44.08
90,E,O,36.95,402.404,44.514
90,E,CB,38.23,404.834,43.114
90,E,CG,38.965,405.329,41.879
90,E,CD,40.332,405.899,42.206
90,E,OE1,40.725,405.86,43.391
90,E,OE2,41.016,406.384,41.279
91,Q,N,35.346,403.973,44.668
91,Q,CA,34.76,403.407,45.879
91,Q,C,33.901,402.187,45.563
91,Q,O,33.64,401.356,46.433
91,Q,CB,33.91,404.454,46.6
91,Q,CG,34.618,405.772,46.851
91,Q,CD,33.701,406.806,47.466
91,Q,OE1,33.599,407.929,46.976
91,Q,NE2,33.025,406.431,48.546
92,L,N,33.463,402.089,44.312
92,L,CA,32.597,400.999,43.881
92,L,C,33.38,399.974,43.065
92,L,O,33.815,400.256,41.949
92,L,CB,31.43,401.553,43.064
92,L,CG,30.693,402.73,43.709
92,L,CD1,29.623,403.272,42.777
92,L,CD2,30.087,402.333,45.048
93,I,N,33.555,398.782,43.629
93,I,CA,34.358,397.743,42.994
93,I,C,33.52,396.512,42.677
93,I,O,32.877,395.947,43.561
93,I,CB,35.531,397.322,43.894
93,I,CG1,36.272,398.554,44.415
93,I,CG2,36.478,396.39,43.148
93,I,CD1,37.317,398.234,45.456
94,T,N,33.535,396.094,41.414
94,T,CA,32.745,394.946,40.979
94,T,C,33.565,393.921,40.203
94,T,O,34.536,394.264,39.53
94,T,CB,31.556,395.376,40.096
94,T,OG1,32.041,396.107,38.963
94,T,CG2,30.593,396.248,40.878
95,G,N,33.161,392.658,40.306
95,G,CA,33.746,391.595,39.512
95,G,C,32.82,391.239,38.364
95,G,O,31.983,392.048,37.966
96,K,N,32.962,390.029,37.832
96,K,CA,32.11,389.578,36.735
96,K,C,31.451,388.237,37.04
96,K,O,30.478,387.853,36.393
96,K,CB,32.91,389.481,35.432
96,K,CG,33.268,390.822,34.814
96,K,CD,34.011,390.638,33.5
96,K,CE,34.297,391.972,32.827
96,K,NZ,33.045,392.688,32.452
97,E,N,31.985,387.533,38.033
97,E,CA,31.512,386.195,38.363
97,E,C,31.464,386.011,39.877
97,E,O,32.502,386.023,40.542
97,E,CB,32.434,385.153,37.726
97,E,CG,31.943,383.722,37.817
97,E,CD,32.805,382.766,37.014
97,E,OE1,33.882,383.19,36.542
97,E,OE2,32.406,381.595,36.85
98,D,N,30.263,385.843,40.425
98,D,CA,30.105,385.774,41.876
98,D,C,30.576,384.448,42.475
98,D,O,31.164,383.618,41.784
98,D,CB,28.668,386.114,42.308
98,D,CG,27.631,385.149,41.755
98,D,OD1,27.888,383.927,41.707
98,D,OD2,26.538,385.621,41.375
99,A,N,30.307,384.259,43.763
99,A,CA,30.793,383.087,44.48
99,A,C,29.779,381.946,44.505
99,A,O,30.027,380.91,45.119
99,A,CB,31.204,383.466,45.894
100,A,N,28.642,382.151,43.845
100,A,CA,27.605,381.125,43.719
100,A,C,27.183,380.507,45.051
100,A,O,27.014,379.289,45.147
100,A,CB,28.046,380.04,42.749
101,N,N,27.02,381.35,46.068
101,N,CA,26.667,380.908,47.417
101,N,C,27.679,379.926,48.007
101,N,O,27.351,379.148,48.9
101,N,CB,25.259,380.305,47.453
101,N,CG,24.212,381.232,46.873
101,N,OD1,23.341,380.806,46.117
101,N,ND2,24.296,382.511,47.221
102,N,N,28.907,379.976,47.503
102,N,CA,29.967,379.081,47.948
102,N,C,31.085,379.865,48.634
102,N,O,31.766,380.672,47.999
102,N,CB,30.518,378.288,46.758
102,N,CG,31.428,377.146,47.175
102,N,OD1,31.952,377.123,48.288
102,N,ND2,31.626,376.19,46.272
103,Y,N,31.259,379.621,49.931
103,Y,CA,32.307,380.264,50.721
103,Y,C,33.687,380.083,50.095
103,Y,O,34.466,381.033,50.002
103,Y,CB,32.307,379.712,52.151
103,Y,CG,33.463,380.183,53.009
103,Y,CD1,33.368,381.346,53.761
103,Y,CD2,34.645,379.455,53.077
103,Y,CE1,34.421,381.778,54.547
103,Y,CE2,35.702,379.878,53.858
103,Y,CZ,35.586,381.038,54.592
103,Y,OH,36.64,381.456,55.371
104,A,N,33.982,378.856,49.673
104,A,CA,35.27,378.529,49.073
104,A,C,35.518,379.344,47.809
104,A,O,36.631,379.813,47.57
104,A,CB,35.35,377.043,48.773
105,R,N,34.473,379.507,47.005
105,R,CA,34.579,380.287,45.782
105,R,C,34.894,381.749,46.097
105,R,O,35.694,382.378,45.404
105,R,CB,33.296,380.168,44.956
105,R,CG,33.437,380.639,43.519
105,R,CD,32.242,380.212,42.68
105,R,NE,32.363,380.65,41.294
105,R,CZ,32.973,379.953,40.342
105,R,NH1,33.518,378.778,40.624
105,R,NH2,33.036,380.43,39.108
106,G,N,34.278,382.276,47.149
106,G,CA,34.489,383.657,47.54
106,G,C,35.821,383.9,48.223
106,G,O,36.468,384.919,47.989
107,H,N,36.233,382.96,49.066
107,H,CA,37.459,383.118,49.839
107,H,C,38.713,382.824,49.017
107,H,O,39.635,383.637,48.966
107,H,CB,37.427,382.228,51.083
107,H,CG,38.594,382.431,52.0
107,H,ND1,38.71,383.529,52.825
107,H,CD2,39.7,381.68,52.217
107,H,CE1,39.834,383.445,53.513
107,H,NE2,40.455,382.332,53.163
108,Y,N,38.739,381.662,48.371
108,Y,CA,39.934,381.207,47.667
108,Y,C,39.95,381.574,46.184
108,Y,O,40.755,382.397,45.75
108,Y,CB,40.107,379.693,47.828
108,Y,CG,40.231,379.24,49.266
108,Y,CD1,41.448,379.31,49.934
108,Y,CD2,39.134,378.742,49.955
108,Y,CE1,41.568,378.897,51.248
108,Y,CE2,39.244,378.328,51.27
108,Y,CZ,40.463,378.408,51.911
108,Y,OH,40.575,377.994,53.219
109,T,N,39.059,380.955,45.413
109,T,CA,39.062,381.085,43.957
109,T,C,38.942,382.526,43.458
109,T,O,39.897,383.083,42.918
109,T,CB,37.947,380.236,43.321
109,T,OG1,38.083,378.875,43.747
109,T,CG2,38.029,380.301,41.806
110,I,N,37.769,383.125,43.637
110,I,CA,37.519,384.478,43.151
110,I,C,38.178,385.52,44.052
110,I,O,38.515,386.618,43.61
110,I,CB,36.005,384.766,43.052
110,I,CG1,35.278,383.599,42.38
110,I,CG2,35.749,386.058,42.291
110,I,CD1,35.678,383.378,40.937
111,G,N,38.372,385.158,45.317
111,G,CA,38.913,386.072,46.308
111,G,C,40.293,386.623,46.007
111,G,O,40.504,387.834,46.064
112,K,N,41.232,385.738,45.684
112,K,CA,42.618,386.141,45.456
112,K,C,42.783,387.025,44.222
112,K,O,43.764,387.76,44.101
112,K,CB,43.528,384.914,45.346
112,K,CG,43.208,384.005,44.171
112,K,CD,44.242,382.898,44.031
112,K,CE,45.604,383.453,43.636
112,K,NZ,45.585,384.07,42.28
113,E,N,41.818,386.96,43.313
113,E,CA,41.895,387.701,42.061
113,E,C,41.584,389.185,42.242
113,E,O,41.988,390.013,41.426
113,E,CB,40.941,387.096,41.026
113,E,CG,41.042,385.583,40.886
113,E,CD,42.39,385.125,40.361
113,E,OE1,43.048,385.901,39.636
113,E,OE2,42.793,383.984,40.674
114,I,N,40.871,389.521,43.312
114,I,CA,40.375,390.882,43.49
114,I,C,40.768,391.491,44.841
114,I,O,40.553,392.679,45.078
114,I,CB,38.837,390.93,43.326
114,I,CG1,38.375,392.325,42.897
114,I,CG2,38.144,390.478,44.606
114,I,CD1,36.879,392.436,42.717
115,I,N,41.355,390.678,45.715
115,I,CA,41.689,391.12,47.07
115,I,C,42.695,392.277,47.101
115,I,O,42.562,393.199,47.906
115,I,CB,42.18,389.944,47.958
115,I,CG1,42.478,390.424,49.381
115,I,CG2,43.398,389.262,47.344
115,I,CD1,41.277,391.01,50.091
116,D,N,43.687,392.233,46.217
116,D,CA,44.721,393.263,46.176
116,D,C,44.17,394.589,45.661
116,D,O,44.618,395.659,46.072
116,D,CB,45.905,392.808,45.319
116,D,CG,46.609,391.594,45.894
116,D,OD1,46.713,391.495,47.137
116,D,OD2,47.056,390.736,45.105
117,L,N,43.198,394.512,44.758
117,L,CA,42.56,395.706,44.218
117,L,C,41.757,396.413,45.302
117,L,O,41.787,397.639,45.413
117,L,CB,41.648,395.342,43.046
117,L,CG,40.847,396.499,42.447
117,L,CD1,41.78,397.532,41.835
117,L,CD2,39.848,395.993,41.419
118,V,N,41.041,395.629,46.102
118,V,CA,40.216,396.164,47.177
118,V,C,41.06,396.903,48.211
118,V,O,40.729,398.02,48.609
118,V,CB,39.404,395.049,47.871
118,V,CG1,38.727,395.578,49.126
118,V,CG2,38.38,394.469,46.908
119,L,N,42.157,396.279,48.626
119,L,CA,43.053,396.869,49.618
119,L,C,43.634,398.206,49.164
119,L,O,43.734,399.145,49.954
119,L,CB,44.182,395.898,49.97
119,L,CG,43.787,394.648,50.754
119,L,CD1,45.022,393.846,51.125
119,L,CD2,42.994,395.02,51.996
120,D,N,44.017,398.288,47.895
120,D,CA,44.583,399.52,47.352
120,D,C,43.543,400.635,47.289
120,D,O,43.859,401.804,47.508
120,D,CB,45.198,399.277,45.971
120,D,CG,46.469,398.451,46.038
120,D,OD1,47.134,398.47,47.094
120,D,OD2,46.807,397.786,45.035
121,R,N,42.301,400.266,46.992
121,R,CA,41.209,401.232,46.965
121,R,C,40.861,401.686,48.379
121,R,O,40.473,402.834,48.597
121,R,CB,39.981,400.635,46.277
121,R,CG,40.177,400.355,44.794
121,R,CD,40.248,401.64,43.986
121,R,NE,40.433,401.38,42.561
121,R,CZ,39.446,401.094,41.719
121,R,NH1,38.196,401.028,42.156
121,R,NH2,39.707,400.872,40.438
122,I,N,41.003,400.775,49.336
122,I,CA,40.797,401.1,50.743
122,I,C,41.953,401.957,51.252
122,I,O,41.752,402.902,52.018
122,I,CB,40.665,399.823,51.601
122,I,CG1,39.355,399.099,51.281
122,I,CG2,40.725,400.156,53.085
122,I,CD1,39.165,397.812,52.054
123,R,N,43.162,401.623,50.805
123,R,CA,44.362,402.37,51.169
123,R,C,44.242,403.839,50.774
123,R,O,44.729,404.722,51.48
123,R,CB,45.599,401.743,50.514
123,R,CG,46.895,402.502,50.755
123,R,CD,47.225,402.585,52.235
123,R,NE,47.475,401.269,52.815
123,R,CZ,47.766,401.063,54.096
123,R,NH1,47.84,402.091,54.932
123,R,NH2,47.98,399.833,54.542
124,K,N,43.58,404.095,49.65
124,K,CA,43.382,405.462,49.179
124,K,C,42.494,406.268,50.122
124,K,O,42.738,407.452,50.354
124,K,CB,42.81,405.474,47.759
124,K,CG,43.803,405.043,46.688
124,K,CD,43.269,405.326,45.293
124,K,CE,44.301,404.999,44.222
124,K,NZ,44.659,403.553,44.208
125,L,N,41.463,405.625,50.664
125,L,CA,40.609,406.276,51.65
125,L,C,41.363,406.456,52.96
125,L,O,41.174,407.446,53.667
125,L,CB,39.328,405.475,51.888
125,L,CG,38.258,405.494,50.795
125,L,CD1,36.922,405.05,51.367
125,L,CD2,38.14,406.872,50.166
126,A,N,42.221,405.492,53.275
126,A,CA,43.011,405.53,54.499
126,A,C,44.034,406.664,54.472
126,A,O,44.306,407.291,55.497
126,A,CB,43.702,404.194,54.726
127,D,N,44.593,406.927,53.295
127,D,CA,45.589,407.984,53.136
127,D,C,44.976,409.374,53.281
127,D,O,45.689,410.354,53.495
127,D,CB,46.3,407.859,51.785
127,D,CG,47.168,406.62,51.697
127,D,OD1,47.518,406.063,52.759
127,D,OD2,47.506,406.206,50.567
128,Q,N,43.655,409.454,53.163
128,Q,CA,42.949,410.722,53.296
128,Q,C,42.532,410.947,54.749
128,Q,O,41.87,411.932,55.074
128,Q,CB,41.725,410.749,52.376
128,Q,CG,41.215,412.144,52.041
128,Q,CD,39.947,412.118,51.209
128,Q,OE1,39.423,411.051,50.886
128,Q,NE2,39.445,413.297,50.859
129,C,N,42.933,410.027,55.622
129,C,CA,42.583,410.108,57.035
129,C,C,43.761,410.572,57.882
129,C,O,44.852,410.005,57.81
129,C,CB,42.078,408.755,57.539
129,C,SG,40.589,408.164,56.71
130,T,N,43.533,411.605,58.687
130,T,CA,44.564,412.134,59.571
130,T,C,44.798,411.192,60.749
130,T,O,45.897,411.129,61.3
130,T,CB,44.185,413.524,60.108
130,T,OG1,43.02,413.418,60.937
130,T,CG2,43.9,414.478,58.959
131,G,N,43.753,410.463,61.128
131,G,CA,43.833,409.509,62.219
131,G,C,42.713,408.489,62.147
131,G,O,41.673,408.649,62.785
132,L,N,42.929,407.437,61.365
132,L,CA,41.911,406.416,61.147
132,L,C,41.585,405.632,62.418
132,L,O,42.48,405.135,63.103
132,L,CB,42.353,405.457,60.038
132,L,CG,41.417,404.289,59.724
132,L,CD1,40.053,404.801,59.295
132,L,CD2,42.017,403.395,58.653
133,Q,N,40.295,405.534,62.725
133,Q,CA,39.823,404.742,63.855
133,Q,C,39.886,403.26,63.528
133,Q,O,40.535,402.481,64.226
133,Q,CB,38.379,405.107,64.197
133,Q,CG,38.228,406.12,65.306
133,Q,CD,36.787,406.535,65.508
133,Q,OE1,35.996,405.797,66.089
133,Q,NE2,36.436,407.718,65.018
134,G,N,39.192,402.882,62.46
134,G,CA,39.111,401.496,62.049
134,G,C,38.06,401.299,60.973
134,G,O,37.813,402.196,60.165
135,F,N,37.427,400.131,60.968
135,F,CA,36.511,399.786,59.889
135,F,C,35.175,399.226,60.362
135,F,O,35.095,398.543,61.383
135,F,CB,37.168,398.781,58.938
135,F,CG,38.508,399.219,58.421
135,F,CD1,38.602,400.061,57.325
135,F,CD2,39.675,398.783,59.028
135,F,CE1,39.836,400.464,56.847
135,F,CE2,40.91,399.184,58.555
135,F,CZ,40.99,400.026,57.463
136,L,N,34.128,399.535,59.603
136,L,CA,32.804,398.966,59.832
136,L,C,32.44,398.072,58.653
136,L,O,32.205,398.557,57.546
136,L,CB,31.759,400.073,59.992
136,L,CG,31.966,401.076,61.13
136,L,CD1,30.834,402.095,61.168
136,L,CD2,32.09,400.362,62.467
137,V,N,32.401,396.764,58.889
137,V,CA,32.171,395.806,57.811
137,V,C,30.738,395.286,57.753
137,V,O,30.234,394.709,58.716
137,V,CB,33.139,394.615,57.917
137,V,CG1,33.065,393.762,56.662
137,V,CG2,34.561,395.112,58.142
138,F,N,30.095,395.486,56.606
138,F,CA,28.726,395.031,56.386
138,F,C,28.703,393.852,55.419
138,F,O,29.22,393.949,54.306
138,F,CB,27.87,396.17,55.825
138,F,CG,27.705,397.329,56.767
138,F,CD1,28.689,398.299,56.875
138,F,CD2,26.561,397.453,57.539
138,F,CE1,28.538,399.366,57.739
138,F,CE2,26.404,398.519,58.403
138,F,CZ,27.394,399.475,58.505
139,H,N,28.096,392.746,55.842
139,H,CA,28.039,391.54,55.019
139,H,C,27.015,390.544,55.56
139,H,O,26.545,390.671,56.691
139,H,CB,29.414,390.871,54.965
139,H,CG,29.836,390.264,56.266
139,H,ND1,29.734,388.914,56.525
139,H,CD2,30.342,390.826,57.389
139,H,CE1,30.168,388.669,57.749
139,H,NE2,30.542,389.813,58.294
140,S,N,26.681,389.549,54.743
140,S,CA,25.797,388.471,55.164
140,S,C,26.62,387.251,55.547
140,S,O,27.78,387.129,55.156
140,S,CB,24.826,388.097,54.044
140,S,OG,25.517,387.568,52.924
141,F,N,26.014,386.351,56.313
141,F,CA,26.658,385.095,56.676
141,F,C,26.525,384.071,55.556
141,F,O,27.452,383.309,55.282
141,F,CB,26.04,384.525,57.955
141,F,CG,26.674,385.03,59.218
141,F,CD1,27.805,385.828,59.173
141,F,CD2,26.146,384.693,60.453
141,F,CE1,28.391,386.286,60.338
141,F,CE2,26.727,385.149,61.62
141,F,CZ,27.85,385.948,61.563
142,G,N,25.364,384.062,54.91
142,G,CA,25.017,383.008,53.976
142,G,C,25.618,383.108,52.588
142,G,O,25.903,382.087,51.963
143,G,N,25.801,384.33,52.099
143,G,CA,26.308,384.54,50.756
143,G,C,27.736,384.076,50.561
143,G,O,28.533,384.084,51.496
144,G,N,28.059,383.67,49.337
144,G,CA,29.402,383.226,49.015
144,G,C,30.424,384.341,49.139
144,G,O,31.529,384.129,49.635
145,T,N,30.051,385.533,48.685
145,T,CA,30.926,386.697,48.774
145,T,C,30.918,387.278,50.185
145,T,O,31.969,387.576,50.751
145,T,CB,30.504,387.796,47.782
145,T,OG1,30.468,387.259,46.453
145,T,CG2,31.479,388.962,47.831
146,G,N,29.722,387.429,50.748
146,G,CA,29.561,387.998,52.073
146,G,C,30.237,387.183,53.158
146,G,O,30.602,387.716,54.203
147,S,N,30.4,385.888,52.913
147,S,CA,31.09,385.02,53.859
147,S,C,32.536,384.8,53.439
147,S,O,33.461,384.998,54.227
147,S,CB,30.378,383.671,53.973
147,S,OG,30.403,382.975,52.738
148,G,N,32.718,384.39,52.188
148,G,CA,34.025,384.031,51.67
148,G,C,34.999,385.186,51.574
148,G,O,36.082,385.141,52.156
149,F,N,34.621,386.226,50.839
149,F,CA,35.523,387.348,50.614
149,F,C,35.722,388.219,51.854
149,F,O,36.793,388.797,52.044
149,F,CB,35.05,388.208,49.445
149,F,CG,35.98,389.338,49.123
149,F,CD1,37.164,389.102,48.446
149,F,CD2,35.679,390.634,49.509
149,F,CE1,38.028,390.137,48.155
149,F,CE2,36.539,391.672,49.219
149,F,CZ,37.714,391.424,48.541
150,T,N,34.691,388.316,52.688
150,T,CA,34.769,389.116,53.907
150,T,C,35.845,388.586,54.847
150,T,O,36.683,389.345,55.333
150,T,CB,33.419,389.155,54.648
150,T,OG1,32.446,389.831,53.842
150,T,CG2,33.558,389.881,55.977
151,S,N,35.823,387.279,55.09
151,S,CA,36.79,386.646,55.983
151,S,C,38.221,386.836,55.489
151,S,O,39.142,387.02,56.285
151,S,CB,36.481,385.157,56.138
151,S,OG,36.653,384.471,54.912
152,L,N,38.401,386.792,54.172
152,L,CA,39.706,387.041,53.573
152,L,C,40.115,388.493,53.791
152,L,O,41.269,388.784,54.11
152,L,CB,39.684,386.723,52.077
152,L,CG,40.969,387.043,51.309
152,L,CD1,42.139,386.239,51.859
152,L,CD2,40.79,386.788,49.821
153,L,N,39.159,389.399,53.617
153,L,CA,39.405,390.825,53.799
153,L,C,39.758,391.149,55.247
153,L,O,40.653,391.95,55.51
153,L,CB,38.184,391.638,53.363
153,L,CG,38.279,393.152,53.546
153,L,CD1,39.479,393.71,52.795
153,L,CD2,36.996,393.823,53.088
154,M,N,39.052,390.518,56.182
154,M,CA,39.287,390.741,57.605
154,M,C,40.695,390.322,58.018
154,M,O,41.284,390.908,58.926
154,M,CB,38.241,390.0,58.442
154,M,CG,36.824,390.543,58.288
154,M,SD,36.576,392.136,59.101
154,M,CE,36.615,391.651,60.824
155,E,N,41.233,389.309,57.346
155,E,CA,42.59,388.849,57.616
155,E,C,43.628,389.86,57.136
155,E,O,44.585,390.164,57.85
155,E,CB,42.844,387.489,56.962
155,E,CG,42.192,386.318,57.678
155,E,CD,42.499,384.988,57.017
155,E,OE1,42.798,384.978,55.804
155,E,OE2,42.447,383.952,57.713
156,R,N,43.434,390.377,55.927
156,R,CA,44.365,391.34,55.345
156,R,C,44.295,392.694,56.046
156,R,O,45.297,393.404,56.14
156,R,CB,44.109,391.504,53.845
156,R,CG,44.467,390.278,53.018
156,R,CD,45.97,390.051,52.975
156,R,NE,46.643,391.015,52.109
156,R,CZ,46.812,390.847,50.801
156,R,NH1,46.36,389.753,50.206
156,R,NH2,47.433,391.776,50.086
157,L,N,43.11,393.049,56.534
157,L,CA,42.939,394.288,57.284
157,L,C,43.705,394.233,58.603
157,L,O,44.279,395.23,59.037
157,L,CB,41.458,394.572,57.542
157,L,CG,40.623,395.062,56.356
157,L,CD1,39.195,395.349,56.792
157,L,CD2,41.252,396.296,55.723
158,S,N,43.718,393.061,59.228
158,S,CA,44.448,392.865,60.475
158,S,C,45.957,392.917,60.251
158,S,O,46.722,393.179,61.177
158,S,CB,44.058,391.536,61.119
158,S,OG,42.693,391.537,61.491
159,V,N,46.377,392.661,59.017
159,V,CA,47.787,392.72,58.66
159,V,C,48.205,394.148,58.321
159,V,O,49.176,394.667,58.872
159,V,CB,48.109,391.794,57.468
159,V,CG1,49.489,392.101,56.909
159,V,CG2,48.007,390.332,57.885
160,D,N,47.461,394.781,57.42
160,D,CA,47.788,396.128,56.963
160,D,C,47.427,397.211,57.981
160,D,O,48.029,398.284,57.99
160,D,CB,47.11,396.421,55.621
160,D,CG,47.651,395.561,54.491
160,D,OD1,48.171,394.461,54.773
160,D,OD2,47.552,395.986,53.32
161,Y,N,46.446,396.927,58.833
161,Y,CA,45.995,397.892,59.832
161,Y,C,45.856,397.224,61.195
161,Y,O,44.774,397.215,61.78
161,Y,CB,44.649,398.496,59.425
161,Y,CG,44.627,399.134,58.051
161,Y,CD1,44.371,398.376,56.915
161,Y,CD2,44.845,400.495,57.894
161,Y,CE1,44.344,398.955,55.66
161,Y,CE2,44.818,401.084,56.643
161,Y,CZ,44.567,400.31,55.53
161,Y,OH,44.54,400.895,54.284
162,G,N,46.957,396.674,61.698
162,G,CA,46.943,395.893,62.923
162,G,C,46.441,396.603,64.168
162,G,O,45.911,395.965,65.078
163,K,N,46.604,397.921,64.213
163,K,CA,46.223,398.693,65.392
163,K,C,44.75,399.1,65.376
163,K,O,44.14,399.285,66.428
163,K,CB,47.108,399.934,65.528
163,K,CG,48.587,399.627,65.703
163,K,CD,48.843,398.851,66.986
163,K,CE,50.329,398.601,67.194
163,K,NZ,50.604,397.877,68.468
164,K,N,44.184,399.236,64.181
164,K,CA,42.806,399.695,64.036
164,K,C,41.784,398.652,64.488
164,K,O,42.029,397.447,64.407
164,K,CB,42.518,400.124,62.594
164,K,CG,43.074,401.493,62.214
164,K,CD,44.546,401.425,61.837
164,K,CE,45.102,402.806,61.521
164,K,NZ,45.081,403.697,62.714
165,S,N,40.639,399.129,64.968
165,S,CA,39.556,398.253,65.398
165,S,C,38.644,397.914,64.224
165,S,O,38.544,398.677,63.265
165,S,CB,38.743,398.913,66.514
165,S,OG,39.556,399.19,67.643
166,K,N,37.983,396.764,64.297
166,K,CA,37.083,396.345,63.231
166,K,C,35.745,395.86,63.783
166,K,O,35.693,394.932,64.591
166,K,CB,37.736,395.262,62.364
166,K,CG,39.022,395.713,61.681
166,K,CD,39.398,394.817,60.51
166,K,CE,39.893,393.456,60.966
166,K,NZ,41.126,393.55,61.795
167,L,N,34.665,396.501,63.346
167,L,CA,33.323,396.115,63.769
167,L,C,32.524,395.498,62.625
167,L,O,32.709,395.855,61.461
167,L,CB,32.565,397.309,64.355
167,L,CG,32.729,397.589,65.851
167,L,CD1,34.149,398.024,66.189
167,L,CD2,31.722,398.632,66.31
168,E,N,31.634,394.572,62.964
168,E,CA,30.824,393.888,61.966
168,E,C,29.334,394.153,62.132
168,E,O,28.823,394.249,63.249
168,E,CB,31.049,392.376,62.034
168,E,CG,32.377,391.889,61.504
168,E,CD,32.478,390.377,61.551
168,E,OE1,32.431,389.745,60.476
168,E,OE2,32.599,389.821,62.662
169,F,N,28.645,394.268,61.002
169,F,CA,27.193,394.179,60.968
169,F,C,26.843,392.993,60.08
169,F,O,26.912,393.076,58.853
169,F,CB,26.571,395.472,60.445
169,F,CG,26.701,396.631,61.391
169,F,CD1,27.819,397.448,61.356
169,F,CD2,25.709,396.901,62.32
169,F,CE1,27.943,398.515,62.227
169,F,CE2,25.828,397.966,63.194
169,F,CZ,26.947,398.774,63.146
170,S,N,26.487,391.88,60.712
170,S,CA,26.355,390.613,60.007
170,S,C,24.909,390.15,59.905
170,S,O,24.173,390.162,60.892
170,S,CB,27.189,389.54,60.707
170,S,OG,28.53,389.965,60.875
171,I,N,24.514,389.731,58.708
171,I,CA,23.171,389.215,58.48
171,I,C,23.095,387.699,58.666
171,I,O,23.655,386.928,57.884
171,I,CB,22.644,389.598,57.087
171,I,CG1,22.63,391.119,56.933
171,I,CG2,21.249,389.035,56.874
171,I,CD1,21.873,391.828,58.038
172,Y,N,22.396,387.292,59.72
172,Y,CA,22.198,385.888,60.055
172,Y,C,21.15,385.283,59.122
172,Y,O,20.115,385.898,58.866
172,Y,CB,21.752,385.789,61.514
172,Y,CG,21.613,384.393,62.076
172,Y,CD1,20.431,383.679,61.928
172,Y,CD2,22.648,383.805,62.791
172,Y,CE1,20.29,382.413,62.457
172,Y,CE2,22.516,382.538,63.323
172,Y,CZ,21.335,381.847,63.153
172,Y,OH,21.197,380.584,63.681
173,P,N,21.417,384.073,58.608
173,P,CA,20.556,383.444,57.599
173,P,C,19.185,383.026,58.131
173,P,O,19.077,382.469,59.225
173,P,CB,21.359,382.212,57.178
173,P,CG,22.189,381.888,58.367
173,P,CD,22.558,383.213,58.971
174,A,N,18.149,383.297,57.343
174,A,CA,16.786,382.904,57.684
174,A,C,16.071,382.348,56.457
174,A,O,15.87,383.063,55.474
174,A,CB,16.021,384.086,58.25
175,P,N,15.681,381.065,56.517
175,P,CA,15.064,380.311,55.418
175,P,C,13.868,381.007,54.775
175,P,O,13.572,380.746,53.609
175,P,CB,14.61,379.02,56.102
175,P,CG,15.57,378.847,57.22
175,P,CD,15.864,380.231,57.718
176,Q,N,13.193,381.876,55.519
176,Q,CA,12.024,382.57,54.992
176,Q,C,12.426,383.754,54.116
176,Q,O,11.649,384.206,53.276
176,Q,CB,11.109,383.026,56.133
176,Q,CG,9.704,383.405,55.688
176,Q,CD,8.705,383.397,56.83
176,Q,OE1,9.083,383.366,58.0
176,Q,NE2,7.42,383.417,56.491
177,V,N,13.647,384.244,54.309
177,V,CA,14.142,385.38,53.536
177,V,C,15.236,384.969,52.551
177,V,O,16.42,385.218,52.783
177,V,CB,14.665,386.506,54.451
177,V,CG1,14.888,387.783,53.652
177,V,CG2,13.686,386.76,55.583
178,S,N,14.816,384.327,51.461
178,S,CA,15.679,383.992,50.324
178,S,C,17.065,383.459,50.698
178,S,O,18.05,384.193,50.642
178,S,CB,15.83,385.206,49.401
178,S,OG,14.568,385.689,48.975
179,T,N,17.144,382.187,51.07
179,T,CA,18.428,381.597,51.424
179,T,C,18.857,380.49,50.473
179,T,O,18.028,379.856,49.821
179,T,CB,18.422,381.028,52.851
179,T,OG1,17.249,380.229,53.041
179,T,CG2,18.438,382.149,53.867
180,A,N,20.167,380.274,50.396
180,A,CA,20.711,379.107,49.725
180,A,C,20.717,377.976,50.742
180,A,O,20.742,378.223,51.947
180,A,CB,22.117,379.386,49.225
181,V,N,20.689,376.738,50.262
181,V,CA,20.61,375.587,51.154
181,V,C,21.915,375.373,51.928
181,V,O,21.93,374.715,52.97
181,V,CB,20.231,374.303,50.377
181,V,CG1,21.422,373.785,49.587
181,V,CG2,19.702,373.235,51.324
182,V,N,23.003,375.95,51.427
182,V,CA,24.319,375.753,52.029
182,V,C,24.757,376.924,52.908
182,V,O,25.913,377.0,53.322
182,V,CB,25.396,375.507,50.953
182,V,CG1,25.087,374.24,50.181
182,V,CG2,25.489,376.699,50.014
183,E,N,23.833,377.832,53.191
183,E,CA,24.138,378.988,54.034
183,E,C,24.597,378.66,55.467
183,E,O,25.399,379.403,56.035
183,E,CB,22.982,379.992,54.03
183,E,CG,22.725,380.593,52.653
183,E,CD,21.954,381.895,52.707
183,E,OE1,21.524,382.374,51.637
183,E,OE2,21.785,382.446,53.815
184,P,N,24.088,377.564,56.063
184,P,CA,24.699,377.153,57.333
184,P,C,26.194,376.855,57.212
184,P,O,26.945,377.172,58.133
184,P,CB,23.935,375.878,57.684
184,P,CG,22.591,376.097,57.105
184,P,CD,22.815,376.856,55.825
185,Y,N,26.614,376.253,56.101
185,Y,CA,28.032,375.993,55.865
185,Y,C,28.819,377.294,55.845
185,Y,O,29.808,377.447,56.56
185,Y,CB,28.245,375.265,54.537
185,Y,CG,28.046,373.771,54.588
185,Y,CD1,27.974,373.098,55.799
185,Y,CD2,27.943,373.03,53.419
185,Y,CE1,27.796,371.729,55.844
185,Y,CE2,27.767,371.664,53.454
185,Y,CZ,27.693,371.017,54.667
185,Y,OH,27.518,369.655,54.7
186,N,N,28.367,378.229,55.016
186,N,CA,29.054,379.503,54.84
186,N,C,29.113,380.331,56.12
186,N,O,30.083,381.051,56.357
186,N,CB,28.404,380.312,53.714
186,N,CG,28.413,379.573,52.387
186,N,OD1,29.249,378.7,52.155
186,N,ND2,27.48,379.922,51.509
187,S,N,28.076,380.219,56.944
187,S,CA,28.01,380.957,58.2
187,S,C,29.074,380.482,59.185
187,S,O,29.776,381.29,59.792
187,S,CB,26.621,380.817,58.825
187,S,OG,25.618,381.302,57.95
188,I,N,29.187,379.167,59.335
188,I,CA,30.157,378.574,60.249
188,I,C,31.588,378.827,59.776
188,I,O,32.465,379.168,60.572
188,I,CB,29.913,377.057,60.432
188,I,CG1,28.918,376.803,61.568
188,I,CG2,31.209,376.32,60.738
188,I,CD1,27.503,377.236,61.273
189,L,N,31.809,378.674,58.474
189,L,CA,33.133,378.867,57.89
189,L,C,33.634,380.298,58.053
189,L,O,34.784,380.519,58.432
189,L,CB,33.13,378.478,56.408
189,L,CG,32.988,376.985,56.099
189,L,CD1,32.8,376.756,54.607
189,L,CD2,34.191,376.207,56.617
190,T,N,32.771,381.27,57.775
190,T,CA,33.18,382.669,57.836
190,T,C,33.353,383.15,59.274
190,T,O,34.191,384.003,59.546
190,T,CB,32.215,383.602,57.067
190,T,OG1,32.819,384.894,56.907
190,T,CG2,30.885,383.753,57.794
191,T,N,32.569,382.591,60.191
191,T,CA,32.655,382.971,61.596
191,T,C,33.976,382.508,62.196
191,T,O,34.648,383.261,62.9
191,T,CB,31.481,382.395,62.414
191,T,OG1,30.259,383.016,61.998
191,T,CG2,31.685,382.653,63.899
192,H,N,34.347,381.269,61.894
192,H,CA,35.577,380.676,62.408
192,H,C,36.832,381.426,61.969
192,H,O,37.779,381.572,62.742
192,H,CB,35.676,379.215,61.97
192,H,CG,37.047,378.633,62.116
192,H,ND1,37.718,378.602,63.319
192,H,CD2,37.875,378.063,61.208
192,H,CE1,38.899,378.034,63.147
192,H,NE2,39.019,377.699,61.875
193,T,N,36.834,381.899,60.727
193,T,CA,38.003,382.569,60.173
193,T,C,38.019,384.061,60.497
193,T,O,39.066,384.706,60.438
193,T,CB,38.099,382.368,58.648
193,T,OG1,36.839,382.684,58.044
193,T,CG2,38.454,380.924,58.323
194,T,N,36.86,384.604,60.855
194,T,CA,36.749,386.029,61.165
194,T,C,36.797,386.295,62.671
194,T,O,37.069,387.416,63.101
194,T,CB,35.445,386.623,60.581
194,T,OG1,35.285,386.189,59.225
194,T,CG2,35.463,388.143,60.62
195,L,N,36.551,385.252,63.461
195,L,CA,36.377,385.376,64.911
195,L,C,37.476,386.166,65.625
195,L,O,37.189,387.011,66.473
195,L,CB,36.235,383.993,65.551
195,L,CG,35.595,383.959,66.939
195,L,CD1,34.174,384.495,66.881
195,L,CD2,35.614,382.547,67.504
196,E,N,38.731,385.893,65.281
196,E,CA,39.858,386.547,65.938
196,E,C,40.241,387.872,65.282
196,E,O,41.19,388.53,65.707
196,E,CB,41.071,385.616,65.985
196,E,CG,40.998,384.553,67.071
196,E,CD,41.166,385.129,68.465
196,E,OE1,40.752,384.464,69.438
196,E,OE2,41.716,386.246,68.589
197,H,N,39.501,388.261,64.251
197,H,CA,39.787,389.504,63.542
197,H,C,38.715,390.563,63.779
197,H,O,38.836,391.692,63.311
197,H,CB,39.952,389.241,62.043
197,H,CG,41.042,388.27,61.718
197,H,ND1,42.371,388.634,61.662
197,H,CD2,41.004,386.947,61.435
197,H,CE1,43.102,387.578,61.357
197,H,NE2,42.297,386.541,61.214
198,S,N,37.669,390.198,64.512
198,S,CA,36.584,391.128,64.803
198,S,C,36.529,391.47,66.29
198,S,O,36.495,390.579,67.139
198,S,CB,35.245,390.55,64.343
198,S,OG,34.198,391.489,64.51
199,D,N,36.523,392.763,66.596
199,D,CA,36.494,393.221,67.98
199,D,C,35.068,393.265,68.523
199,D,O,34.831,392.998,69.701
199,D,CB,37.156,394.594,68.107
199,D,CG,38.591,394.595,67.618
199,D,OD1,39.463,394.054,68.329
199,D,OD2,38.848,395.138,66.523
200,C,N,34.123,393.608,67.654
200,C,CA,32.712,393.626,68.019
200,C,C,31.856,393.37,66.782
200,C,O,32.094,393.948,65.722
200,C,CB,32.336,394.965,68.659
200,C,SG,30.683,395.003,69.4
201,A,N,30.862,392.499,66.917
201,A,CA,30.026,392.134,65.782
201,A,C,28.547,392.152,66.145
201,A,O,28.122,391.479,67.084
201,A,CB,30.427,390.765,65.247
202,F,N,27.767,392.928,65.398
202,F,CA,26.326,392.996,65.612
202,F,C,25.594,392.094,64.625
202,F,O,25.526,392.392,63.432
202,F,CB,25.827,394.439,65.49
202,F,CG,26.448,395.378,66.484
202,F,CD1,25.993,395.426,67.792
202,F,CD2,27.489,396.213,66.113
202,F,CE1,26.565,396.286,68.71
202,F,CE2,28.064,397.076,67.027
202,F,CZ,27.603,397.112,68.327
203,M,N,25.059,390.984,65.126
203,M,CA,24.303,390.058,64.29
203,M,C,22.856,390.502,64.141
203,M,O,22.206,390.878,65.115
203,M,CB,24.339,388.641,64.862
203,M,CG,25.582,387.851,64.513
203,M,SD,25.36,386.091,64.824
203,M,CE,24.889,386.104,66.551
204,V,N,22.36,390.449,62.911
204,V,CA,20.966,390.754,62.634
204,V,C,20.314,389.582,61.907
204,V,O,20.606,389.321,60.74
204,V,CB,20.824,392.042,61.802
204,V,CG1,19.371,392.275,61.428
204,V,CG2,21.372,393.233,62.574
205,D,N,19.443,388.872,62.616
205,D,CA,18.737,387.723,62.059
205,D,C,17.602,388.198,61.154
205,D,O,16.697,388.904,61.602
205,D,CB,18.192,386.844,63.192
205,D,CG,17.728,385.475,62.713
205,D,OD1,17.387,385.33,61.522
205,D,OD2,17.702,384.538,63.541
206,N,N,17.657,387.804,59.884
206,N,CA,16.618,388.157,58.919
206,N,C,15.227,387.709,59.352
206,N,O,14.228,388.329,58.991
206,N,CB,16.939,387.583,57.537
206,N,CG,17.64,388.582,56.64
206,N,OD1,17.583,389.788,56.877
206,N,ND2,18.298,388.084,55.597
207,E,N,15.173,386.631,60.127
207,E,CA,13.913,386.112,60.64
207,E,C,13.247,387.128,61.557
207,E,O,12.047,387.38,61.449
207,E,CB,14.146,384.808,61.404
207,E,CG,12.902,384.245,62.062
207,E,CD,13.215,383.136,63.046
207,E,OE1,12.62,382.047,62.919
207,E,OE2,14.052,383.354,63.948
208,A,N,14.036,387.707,62.455
208,A,CA,13.529,388.676,63.419
208,A,C,13.027,389.939,62.728
208,A,O,11.949,390.438,63.044
208,A,CB,14.602,389.018,64.441
209,I,N,13.811,390.446,61.783
209,I,CA,13.435,391.638,61.033
209,I,C,12.187,391.384,60.195
209,I,O,11.323,392.252,60.07
209,I,CB,14.573,392.095,60.102
209,I,CG1,15.879,392.199,60.88
209,I,CG2,14.24,393.435,59.468
209,I,CD1,15.844,393.239,61.973
210,Y,N,12.102,390.185,59.629
210,Y,CA,10.98,389.803,58.779
210,Y,C,9.667,389.826,59.551
210,Y,O,8.666,390.363,59.076
210,Y,CB,11.22,388.41,58.193
210,Y,CG,10.263,388.013,57.095
210,Y,CD1,10.432,388.481,55.797
210,Y,CD2,9.2,387.157,57.348
210,Y,CE1,9.564,388.114,54.787
210,Y,CE2,8.327,386.785,56.343
210,Y,CZ,8.512,387.268,55.065
210,Y,OH,7.646,386.903,54.061
211,D,N,9.68,389.25,60.748
211,D,CA,8.481,389.169,61.572
211,D,C,8.083,390.536,62.118
211,D,O,6.9,390.831,62.272
211,D,CB,8.688,388.176,62.719
211,D,CG,8.9,386.754,62.229
211,D,OD1,9.315,386.575,61.063
211,D,OD2,8.654,385.815,63.014
212,I,N,9.079,391.368,62.409
212,I,CA,8.818,392.71,62.917
212,I,C,8.125,393.557,61.852
212,I,O,7.202,394.316,62.151
212,I,CB,10.11,393.402,63.408
212,I,CG1,10.595,392.76,64.708
212,I,CG2,9.879,394.885,63.634
212,I,CD1,11.866,393.377,65.255
213,C,N,8.558,393.404,60.605
213,C,CA,7.943,394.113,59.489
213,C,C,6.504,393.652,59.251
213,C,O,5.659,394.432,58.814
213,C,CB,8.77,393.941,58.212
213,C,SG,10.316,394.883,58.165
214,R,N,6.229,392.383,59.536
214,R,CA,4.88,391.845,59.387
214,R,C,3.991,392.258,60.553
214,R,O,2.83,392.622,60.366
214,R,CB,4.914,390.319,59.287
214,R,CG,5.659,389.793,58.079
214,R,CD,5.805,388.279,58.122
214,R,NE,4.557,387.581,57.827
214,R,CZ,3.856,386.89,58.719
214,R,NH1,4.279,386.798,59.973
214,R,NH2,2.732,386.285,58.358
215,R,N,4.551,392.205,61.758
215,R,CA,3.795,392.448,62.98
215,R,C,3.541,393.932,63.24
215,R,O,2.444,394.318,63.643
215,R,CB,4.531,391.836,64.176
215,R,CG,3.694,391.702,65.434
215,R,CD,4.548,391.338,66.645
215,R,NE,5.5,390.267,66.362
215,R,CZ,6.819,390.435,66.298
215,R,NH1,7.346,391.635,66.501
215,R,NH2,7.61,389.404,66.034
216,N,N,4.556,394.76,63.009
216,N,CA,4.492,396.172,63.376
216,N,C,4.266,397.122,62.201
216,N,O,3.803,398.247,62.388
216,N,CB,5.756,396.578,64.14
216,N,CG,5.963,395.764,65.401
216,N,OD1,5.294,394.756,65.619
216,N,ND2,6.897,396.198,66.239
217,L,N,4.597,396.673,60.995
217,L,CA,4.437,397.513,59.811
217,L,C,3.309,397.02,58.914
217,L,O,3.012,397.633,57.889
217,L,CB,5.745,397.586,59.02
217,L,CG,6.944,398.139,59.791
217,L,CD1,8.142,398.316,58.872
217,L,CD2,6.569,399.449,60.461
218,D,N,2.693,395.908,59.308
218,D,CA,1.569,395.324,58.578
218,D,C,1.909,395.006,57.124
218,D,O,1.033,395.007,56.258
218,D,CB,0.34,396.233,58.656
218,D,CG,-0.09,396.507,60.083
218,D,OD1,0.015,395.587,60.923
218,D,OD2,-0.527,397.643,60.366
219,I,N,3.184,394.738,56.864
219,I,CA,3.625,394.322,55.54
219,I,C,3.581,392.802,55.443
219,I,O,4.378,392.105,56.073
219,I,CB,5.045,394.826,55.225
219,I,CG1,5.117,396.346,55.382
219,I,CG2,5.455,394.416,53.821
219,I,CD1,6.475,396.935,55.062
220,E,N,2.639,392.298,54.652
220,E,CA,2.385,390.865,54.557
220,E,C,3.601,390.089,54.054
220,E,O,3.911,389.009,54.559
220,E,CB,1.172,390.608,53.66
220,E,CG,0.691,389.17,53.637
220,E,CD,-0.677,389.034,53.0
220,E,OE1,-0.913,388.029,52.297
220,E,OE2,-1.52,389.934,53.204
221,R,N,4.288,390.644,53.06
221,R,CA,5.507,390.036,52.541
221,R,C,6.605,391.079,52.366
221,R,O,6.762,391.645,51.283
221,R,CB,5.24,389.317,51.217
221,R,CG,4.252,388.171,51.328
221,R,CD,4.188,387.377,50.04
221,R,NE,5.434,386.664,49.771
221,R,CZ,5.713,385.447,50.229
221,R,NH1,4.832,384.803,50.983
221,R,NH2,6.872,384.874,49.934
222,P,N,7.366,391.334,53.441
222,P,CA,8.451,392.322,53.476
222,P,C,9.497,392.081,52.395
222,P,O,9.933,390.948,52.194
222,P,CB,9.072,392.107,54.858
222,P,CG,7.972,391.533,55.677
222,P,CD,7.18,390.673,54.745
223,T,N,9.885,393.146,51.701
223,T,CA,10.941,393.065,50.705
223,T,C,12.268,393.442,51.347
223,T,O,12.307,393.833,52.514
223,T,CB,10.674,394.018,49.526
223,T,OG1,10.721,395.374,49.985
223,T,CG2,9.311,393.739,48.918
224,Y,N,13.352,393.323,50.587
224,Y,CA,14.669,393.721,51.073
224,Y,C,14.692,395.209,51.412
224,Y,O,15.378,395.629,52.342
224,Y,CB,15.753,393.389,50.044
224,Y,CG,16.208,391.947,50.075
224,Y,CD1,16.263,391.242,51.271
224,Y,CD2,16.579,391.287,48.909
224,Y,CE1,16.678,389.924,51.308
224,Y,CE2,16.994,389.966,48.935
224,Y,CZ,17.042,389.291,50.139
224,Y,OH,17.454,387.979,50.179
225,T,N,13.932,395.998,50.66
225,T,CA,13.839,397.431,50.906
225,T,C,13.21,397.707,52.27
225,T,O,13.665,398.582,53.008
225,T,CB,13.024,398.137,49.809
225,T,OG1,13.553,397.792,48.523
225,T,CG2,13.079,399.647,49.988
226,N,N,12.168,396.948,52.599
226,N,CA,11.519,397.065,53.899
226,N,C,12.465,396.653,55.017
226,N,O,12.572,397.333,56.038
226,N,CB,10.254,396.201,53.956
226,N,CG,9.28,396.509,52.836
226,N,OD1,8.749,395.602,52.194
226,N,ND2,9.04,397.793,52.592
227,L,N,13.153,395.535,54.812
227,L,CA,14.076,395.006,55.808
227,L,C,15.27,395.932,56.022
227,L,O,15.663,396.193,57.157
227,L,CB,14.559,393.61,55.404
227,L,CG,13.497,392.53,55.184
227,L,CD1,14.147,391.218,54.769
227,L,CD2,12.64,392.335,56.424
228,N,N,15.84,396.431,54.928
228,N,CA,17.039,397.266,55.004
228,N,C,16.807,398.63,55.647
228,N,O,17.671,399.14,56.357
228,N,CB,17.681,397.43,53.622
228,N,CG,18.223,396.126,53.075
228,N,OD1,18.408,395.161,53.815
228,N,ND2,18.482,396.09,51.772
229,R,N,15.642,399.22,55.394
229,R,CA,15.306,400.507,55.992
229,R,C,15.125,400.394,57.503
229,R,O,15.404,401.336,58.241
229,R,CB,14.063,401.111,55.336
229,R,CG,14.365,401.855,54.046
229,R,CD,13.102,402.324,53.347
229,R,NE,13.417,403.068,52.131
229,R,CZ,12.528,403.397,51.2
229,R,NH1,11.256,403.047,51.337
229,R,NH2,12.914,404.075,50.128
230,L,N,14.663,399.234,57.959
230,L,CA,14.563,398.976,59.387
230,L,C,15.952,398.736,59.975
230,L,O,16.299,399.294,61.015
230,L,CB,13.654,397.777,59.659
230,L,CG,13.487,397.386,61.129
230,L,CD1,12.971,398.566,61.932
230,L,CD2,12.558,396.189,61.275
231,I,N,16.742,397.908,59.297
231,I,CA,18.106,397.61,59.727
231,I,C,18.956,398.877,59.794
231,I,O,19.728,399.065,60.737
231,I,CB,18.774,396.574,58.795
231,I,CG1,18.105,395.208,58.955
231,I,CG2,20.263,396.458,59.085
231,I,CD1,18.681,394.14,58.054
232,S,N,18.795,399.749,58.804
232,S,CA,19.534,401.008,58.757
232,S,C,19.267,401.863,59.993
232,S,O,20.157,402.559,60.477
232,S,CB,19.182,401.792,57.493
232,S,OG,17.814,402.16,57.49
233,Q,N,18.037,401.805,60.496
233,Q,CA,17.67,402.523,61.711
233,Q,C,18.451,402.007,62.914
233,Q,O,18.951,402.79,63.722
233,Q,CB,16.167,402.403,61.97
233,Q,CG,15.308,403.124,60.953
233,Q,CD,15.373,404.629,61.102
233,Q,OE1,15.651,405.145,62.184
233,Q,NE2,15.118,405.342,60.012
234,I,N,18.548,400.685,63.027
234,I,CA,19.32,400.065,64.098
234,I,C,20.797,400.41,63.938
234,I,O,21.468,400.772,64.906
234,I,CB,19.13,398.528,64.136
234,I,CG1,17.842,398.161,64.878
234,I,CG2,20.309,397.85,64.818
234,I,CD1,16.572,398.39,64.087
235,V,N,21.292,400.308,62.707
235,V,CA,22.673,400.656,62.398
235,V,C,22.95,402.118,62.735
235,V,O,23.97,402.442,63.347
235,V,CB,23.002,400.395,60.909
235,V,CG1,24.374,400.952,60.553
235,V,CG2,22.931,398.908,60.602
236,S,N,22.028,402.994,62.345
236,S,CA,22.159,404.424,62.61
236,S,C,22.245,404.711,64.103
236,S,O,23.06,405.522,64.538
236,S,CB,20.987,405.195,62.0
236,S,OG,21.059,406.571,62.329
237,S,N,21.401,404.038,64.88
237,S,CA,21.391,404.2,66.329
237,S,C,22.741,403.843,66.939
237,S,O,23.217,404.512,67.856
237,S,CB,20.294,403.338,66.959
237,S,OG,19.011,403.726,66.498
238,I,N,23.356,402.789,66.414
238,I,CA,24.638,402.309,66.919
238,I,C,25.789,403.24,66.534
238,I,O,26.704,403.471,67.325
238,I,CB,24.924,400.875,66.423
238,I,CG1,23.824,399.922,66.896
238,I,CG2,26.284,400.392,66.902
238,I,CD1,24.001,398.499,66.421
239,T,N,25.73,403.789,65.325
239,T,CA,26.815,404.624,64.816
239,T,C,26.593,406.114,65.063
239,T,O,27.434,406.938,64.699
239,T,CB,27.024,404.41,63.306
239,T,OG1,25.888,404.909,62.59
239,T,CG2,27.21,402.933,63.0
240,A,N,25.465,406.454,65.68
240,A,CA,25.107,407.849,65.927
240,A,C,26.141,408.561,66.79
240,A,O,26.443,409.737,66.576
240,A,CB,23.731,407.937,66.57
241,S,N,26.686,407.837,67.76
241,S,CA,27.657,408.394,68.693
241,S,C,28.975,408.758,68.01
241,S,O,29.744,409.573,68.52
241,S,CB,27.908,407.409,69.834
241,S,OG,28.398,406.173,69.341
242,L,N,29.23,408.151,66.857
242,L,CA,30.45,408.418,66.104
242,L,C,30.265,409.601,65.164
242,L,O,31.235,410.235,64.75
242,L,CB,30.853,407.187,65.289
242,L,CG,31.039,405.864,66.031
242,L,CD1,31.282,404.729,65.044
242,L,CD2,32.182,405.969,67.018
243,R,N,29.014,409.889,64.824
243,R,CA,28.704,410.909,63.827
243,R,C,28.178,412.193,64.457
243,R,O,28.15,413.242,63.814
243,R,CB,27.687,410.369,62.822
243,R,CG,28.216,409.247,61.946
243,R,CD,27.142,408.211,61.679
243,R,NE,25.855,408.833,61.389
243,R,CZ,24.694,408.401,61.869
243,R,NH1,24.653,407.34,62.661
243,R,NH2,23.57,409.029,61.552
244,F,N,27.759,412.104,65.715
244,F,CA,27.235,413.261,66.43
244,F,C,28.021,413.526,67.71
244,F,O,28.753,412.664,68.195
244,F,CB,25.75,413.072,66.751
244,F,CG,24.867,413.026,65.534
244,F,CD1,24.327,414.189,65.011
244,F,CD2,24.576,411.82,64.917
244,F,CE1,23.514,414.151,63.892
244,F,CE2,23.763,411.776,63.797
244,F,CZ,23.232,412.944,63.285
245,D,N,27.864,414.729,68.25
245,D,CA,28.55,415.11,69.475
245,D,C,27.971,414.362,70.674
245,D,O,26.757,414.339,70.878
245,D,CB,28.451,416.623,69.684
245,D,CG,29.242,417.1,70.885
245,D,OD1,30.131,416.354,71.342
245,D,OD2,28.977,418.222,71.365
246,G,N,28.849,413.746,71.459
246,G,CA,28.44,412.988,72.629
246,G,C,29.633,412.53,73.446
246,G,O,30.769,412.908,73.161
247,A,N,29.379,411.712,74.463
247,A,CA,30.445,411.244,75.345
247,A,C,30.491,409.722,75.45
247,A,O,31.504,409.15,75.855
247,A,CB,30.305,411.869,76.723
248,L,N,29.393,409.07,75.084
248,L,CA,29.316,407.614,75.131
248,L,C,29.585,407.007,73.757
248,L,O,29.047,407.476,72.755
248,L,CB,27.944,407.172,75.642
248,L,CG,27.694,405.664,75.705
248,L,CD1,28.624,405.008,76.714
248,L,CD2,26.241,405.373,76.039
249,N,N,30.416,405.966,73.724
249,N,CA,30.797,405.293,72.479
249,N,C,31.292,406.259,71.41
249,N,O,30.828,406.226,70.271
249,N,CB,29.634,404.462,71.927
249,N,CG,29.273,403.296,72.824
249,N,OD1,30.093,402.832,73.616
249,N,ND2,28.043,402.815,72.701
250,V,N,32.24,407.113,71.778
250,V,CA,32.724,408.146,70.871
250,V,C,33.691,407.585,69.824
250,V,O,33.884,408.18,68.765
250,V,CB,33.373,409.31,71.649
250,V,CG1,34.771,408.937,72.11
250,V,CG2,33.401,410.556,70.799
251,D,N,34.295,406.439,70.122
251,D,CA,35.173,405.781,69.159
251,D,C,34.964,404.269,69.135
251,D,O,34.316,403.713,70.021
251,D,CB,36.649,406.144,69.382
251,D,CG,37.118,405.882,70.8
251,D,OD1,36.592,404.957,71.451
251,D,OD2,38.027,406.605,71.263
252,L,N,35.518,403.617,68.117
252,L,CA,35.326,402.183,67.915
252,L,C,35.868,401.347,69.072
252,L,O,35.382,400.246,69.331
252,L,CB,35.972,401.746,66.601
252,L,CG,35.428,402.425,65.344
252,L,CD1,36.139,401.909,64.105
252,L,CD2,33.928,402.211,65.234
253,T,N,36.871,401.875,69.763
253,T,CA,37.484,401.17,70.882
253,T,C,36.521,401.07,72.061
253,T,O,36.55,400.1,72.819
253,T,CB,38.773,401.872,71.35
253,T,OG1,39.488,402.372,70.212
253,T,CG2,39.659,400.907,72.123
254,E,N,35.665,402.076,72.206
254,E,CA,34.727,402.13,73.323
254,E,C,33.66,401.043,73.235
254,E,O,33.165,400.569,74.258
254,E,CB,34.072,403.51,73.417
254,E,CG,34.256,404.182,74.768
254,E,CD,33.391,405.416,74.931
254,E,OE1,33.819,406.506,74.499
254,E,OE2,32.282,405.295,75.493
255,F,N,33.305,400.656,72.011
255,F,CA,32.352,399.572,71.796
255,F,C,32.87,398.286,72.427
255,F,O,32.135,397.581,73.116
255,F,CB,32.101,399.355,70.301
255,F,CG,31.185,400.373,69.683
255,F,CD1,29.812,400.196,69.711
255,F,CD2,31.697,401.505,69.067
255,F,CE1,28.966,401.129,69.139
255,F,CE2,30.855,402.441,68.495
255,F,CZ,29.488,402.252,68.53
256,Q,N,34.144,397.994,72.189
256,Q,CA,34.784,396.82,72.767
256,Q,C,34.875,396.961,74.281
256,Q,O,34.602,396.015,75.021
256,Q,CB,36.177,396.62,72.158
256,Q,CG,36.929,395.391,72.661
256,Q,CD,37.699,395.651,73.944
256,Q,OE1,38.215,396.748,74.162
256,Q,NE2,37.771,394.642,74.805
257,T,N,35.258,398.15,74.734
257,T,CA,35.422,398.425,76.157
257,T,C,34.109,398.296,76.926
257,T,O,34.064,397.693,78.0
257,T,CB,36.01,399.833,76.387
257,T,OG1,37.358,399.873,75.9
257,T,CG2,36.002,400.184,77.866
258,N,N,33.04,398.852,76.366
258,N,CA,31.752,398.888,77.052
258,N,C,30.891,397.638,76.885
258,N,O,30.022,397.375,77.713
258,N,CB,30.95,400.121,76.627
258,N,CG,31.581,401.418,77.088
258,N,OD1,32.284,401.455,78.098
258,N,ND2,31.329,402.493,76.351
259,L,N,31.126,396.869,75.825
259,L,CA,30.238,395.752,75.497
259,L,C,30.897,394.373,75.535
259,L,O,30.215,393.363,75.71
259,L,CB,29.597,395.972,74.124
259,L,CG,28.66,397.171,73.981
259,L,CD1,28.33,397.408,72.519
259,L,CD2,27.39,396.951,74.788
260,V,N,32.214,394.326,75.363
260,V,CA,32.905,393.047,75.213
260,V,C,34.022,392.832,76.235
260,V,O,35.165,393.231,76.007
260,V,CB,33.489,392.896,73.792
260,V,CG1,34.026,391.494,73.588
260,V,CG2,32.432,393.212,72.747
261,P,N,33.694,392.195,77.369
261,P,CA,34.7,391.837,78.376
261,P,C,35.632,390.724,77.892
261,P,O,36.851,390.854,78.012
261,P,CB,33.858,391.357,79.564
261,P,CG,32.55,390.951,78.971
261,P,CD,32.326,391.861,77.803
262,Y,N,35.063,389.648,77.357
262,Y,CA,35.855,388.563,76.783
262,Y,C,35.866,388.645,75.26
262,Y,O,34.809,388.621,74.631
262,Y,CB,35.317,387.199,77.22
262,Y,CG,35.578,386.865,78.669
262,Y,CD1,36.867,386.606,79.119
262,Y,CD2,34.538,386.794,79.584
262,Y,CE1,37.112,386.296,80.442
262,Y,CE2,34.774,386.483,80.909
262,Y,CZ,36.063,386.236,81.333
262,Y,OH,36.304,385.927,82.653
263,P,N,37.067,388.721,74.666
263,P,CA,37.306,388.904,73.228
263,P,C,36.466,388.004,72.317
263,P,O,35.903,388.501,71.342
263,P,CB,38.788,388.562,73.083
263,P,CG,39.374,388.952,74.391
263,P,CD,38.329,388.622,75.42
264,R,N,36.387,386.712,72.623
264,R,CA,35.635,385.78,71.784
264,R,C,34.129,386.025,71.848
264,R,O,33.425,385.886,70.848
264,R,CB,35.959,384.326,72.147
264,R,CG,37.262,383.818,71.548
264,R,CD,37.607,382.419,72.041
264,R,NE,36.604,381.423,71.668
264,R,CZ,36.63,380.719,70.541
264,R,NH1,37.608,380.902,69.664
264,R,NH2,35.678,379.831,70.289
265,I,N,33.64,386.39,73.03
265,I,CA,32.228,386.699,73.21
265,I,C,31.956,388.153,72.82
265,I,O,31.707,389.0,73.679
265,I,CB,31.787,386.463,74.67
265,I,CG1,32.369,385.151,75.2
265,I,CG2,30.271,386.452,74.78
265,I,CD1,31.818,383.917,74.518
266,H,N,32.011,388.44,71.522
266,H,CA,31.851,389.814,71.042
266,H,C,30.62,390.017,70.159
266,H,O,30.653,390.788,69.201
266,H,CB,33.114,390.291,70.315
266,H,CG,33.454,389.496,69.092
266,H,ND1,34.442,388.535,69.08
266,H,CD2,32.951,389.532,67.835
266,H,CE1,34.527,388.008,67.872
266,H,NE2,33.632,388.595,67.097
267,F,N,29.529,389.337,70.495
267,F,CA,28.294,389.456,69.728
267,F,C,27.15,389.999,70.582
267,F,O,26.338,389.231,71.096
267,F,CB,27.9,388.103,69.134
267,F,CG,28.951,387.497,68.248
267,F,CD1,28.993,387.796,66.896
267,F,CD2,29.891,386.621,68.764
267,F,CE1,29.957,387.237,66.078
267,F,CE2,30.857,386.06,67.951
267,F,CZ,30.89,386.368,66.607
268,P,N,27.081,391.332,70.732
268,P,CA,26.029,391.968,71.531
268,P,C,24.655,391.804,70.892
268,P,O,24.537,391.803,69.667
268,P,CB,26.429,393.448,71.524
268,P,CG,27.872,393.464,71.127
268,P,CD,28.03,392.318,70.194
269,L,N,23.629,391.664,71.724
269,L,CA,22.259,391.597,71.238
269,L,C,21.685,393.003,71.104
269,L,O,21.823,393.828,72.007
269,L,CB,21.394,390.764,72.184
269,L,CG,19.936,390.579,71.761
269,L,CD1,19.845,389.773,70.471
269,L,CD2,19.132,389.92,72.87
270,A,N,21.048,393.277,69.971
270,A,CA,20.45,394.586,69.742
270,A,C,18.931,394.506,69.796
270,A,O,18.324,393.607,69.213
270,A,CB,20.911,395.157,68.411
271,T,N,18.322,395.449,70.507
271,T,CA,16.871,395.514,70.62
271,T,C,16.406,396.934,70.328
271,T,O,16.945,397.893,70.877
271,T,CB,16.395,395.096,72.02
271,T,OG1,17.073,393.9,72.42
271,T,CG2,14.895,394.85,72.017
272,Y,N,15.408,397.066,69.462
272,Y,CA,14.976,398.383,69.011
272,Y,C,13.495,398.632,69.267
272,Y,O,12.663,397.742,69.095
272,Y,CB,15.292,398.564,67.524
272,Y,CG,15.106,399.979,67.023
272,Y,CD1,16.122,400.921,67.154
272,Y,CD2,13.919,400.376,66.418
272,Y,CE1,15.959,402.217,66.699
272,Y,CE2,13.748,401.671,65.959
272,Y,CZ,14.771,402.587,66.102
272,Y,OH,14.608,403.876,65.647
273,A,N,13.179,399.859,69.674
273,A,CA,11.805,400.265,69.946
273,A,C,11.696,401.791,69.926
273,A,O,12.607,402.485,70.378
273,A,CB,11.349,399.715,71.29
274,P,N,10.576,402.319,69.409
274,P,CA,9.457,401.55,68.859
274,P,C,9.463,401.504,67.331
274,P,O,10.128,402.312,66.681
274,P,CB,8.252,402.349,69.339
274,P,CG,8.73,403.766,69.265
274,P,CD,10.219,403.74,69.57
275,V,N,8.72,400.553,66.77
275,V,CA,8.561,400.447,65.325
275,V,C,7.085,400.58,64.961
275,V,O,6.293,399.671,65.207
275,V,CB,9.11,399.106,64.788
275,V,CG1,8.868,398.992,63.292
275,V,CG2,10.595,398.973,65.101
276,I,N,6.722,401.722,64.387
276,I,CA,5.328,402.013,64.062
276,I,C,5.125,402.213,62.561
276,I,O,5.903,402.91,61.907
276,I,CB,4.815,403.258,64.836
276,I,CG1,4.335,402.861,66.23
276,I,CG2,3.676,403.94,64.097
276,I,CD1,5.443,402.645,67.222
277,S,N,4.083,401.587,62.02
277,S,CA,3.745,401.738,60.609
277,S,C,3.311,403.164,60.299
277,S,O,2.531,403.761,61.04
277,S,CB,2.639,400.759,60.213
277,S,OG,1.47,400.973,60.983
278,A,N,3.822,403.706,59.199
278,A,CA,3.48,405.058,58.781
278,A,C,2.052,405.123,58.247
278,A,O,1.435,406.187,58.224
278,A,CB,4.461,405.554,57.733
279,E,N,1.533,403.974,57.823
279,E,CA,0.178,403.893,57.293
279,E,C,-0.852,403.994,58.413
279,E,O,-2.033,404.227,58.164
279,E,CB,-0.017,402.588,56.517
279,E,CG,1.019,402.346,55.428
279,E,CD,0.92,403.339,54.285
279,E,OE1,-0.151,403.963,54.124
279,E,OE2,1.915,403.495,53.546
280,K,N,-0.394,403.812,59.648
280,K,CA,-1.262,403.923,60.813
280,K,C,-1.676,405.377,61.021
280,K,O,-0.864,406.211,61.422
280,K,CB,-0.555,403.387,62.059
280,K,CG,-1.423,403.329,63.303
280,K,CD,-0.654,402.74,64.475
280,K,CE,-1.505,402.691,65.733
280,K,NZ,-0.744,402.15,66.895
281,A,N,-2.942,405.67,60.738
281,A,CA,-3.461,407.032,60.817
281,A,C,-3.368,407.609,62.227
281,A,O,-2.686,408.61,62.454
281,A,CB,-4.899,407.08,60.319
282,Y,N,-4.054,406.973,63.17
282,Y,CA,-4.066,407.437,64.553
282,Y,C,-3.087,406.649,65.42
282,Y,O,-3.333,405.49,65.756
282,Y,CB,-5.48,407.354,65.135
282,Y,CG,-5.562,407.715,66.599
282,Y,CD1,-5.121,408.95,67.055
282,Y,CD2,-6.091,406.826,67.527
282,Y,CE1,-5.195,409.286,68.392
282,Y,CE2,-6.171,407.155,68.867
282,Y,CZ,-5.721,408.387,69.295
282,Y,OH,-5.797,408.722,70.627
283,H,N,-1.976,407.286,65.777
283,H,CA,-0.966,406.65,66.614
283,H,C,-0.697,407.444,67.887
283,H,O,-0.6,408.671,67.86
283,H,CB,0.338,406.452,65.839
283,H,CG,1.505,406.095,66.706
283,H,ND1,2.61,406.907,66.838
283,H,CD2,1.732,405.019,67.497
283,H,CE1,3.472,406.344,67.666
283,H,NE2,2.961,405.198,68.081
284,E,N,-0.575,406.73,69.001
284,E,CA,-0.279,407.349,70.286
284,E,C,1.19,407.144,70.644
284,E,O,1.676,406.014,70.684
284,E,CB,-1.186,406.766,71.371
284,E,CG,-2.67,406.964,71.095
284,E,CD,-3.555,406.136,72.009
284,E,OE1,-4.775,406.4,72.055
284,E,OE2,-3.032,405.218,72.674
285,Q,N,1.892,408.245,70.899
285,Q,CA,3.33,408.205,71.154
285,Q,C,3.688,407.485,72.452
285,Q,O,3.126,407.77,73.51
285,Q,CB,3.912,409.621,71.159
285,Q,CG,3.806,410.342,69.824
285,Q,CD,4.674,409.714,68.749
285,Q,OE1,5.67,409.054,69.046
285,Q,NE2,4.296,409.914,67.492
286,L,N,4.633,406.552,72.36
286,L,CA,5.088,405.797,73.522
286,L,C,6.031,406.616,74.399
286,L,O,6.781,407.461,73.907
286,L,CB,5.769,404.497,73.089
286,L,CG,4.869,403.425,72.471
286,L,CD1,5.679,402.19,72.113
286,L,CD2,3.73,403.068,73.416
287,S,N,5.991,406.354,75.701
287,S,CA,6.803,407.095,76.658
287,S,C,8.185,406.474,76.816
287,S,O,8.502,405.47,76.177
287,S,CB,6.102,407.153,78.015
287,S,OG,5.928,405.853,78.551
288,V,N,9.001,407.083,77.67
288,V,CA,10.338,406.578,77.955
288,V,C,10.262,405.195,78.587
288,V,O,10.967,404.275,78.174
288,V,CB,11.11,407.528,78.897
288,V,CG1,12.375,406.859,79.42
288,V,CG2,11.442,408.832,78.185
289,A,N,9.395,405.055,79.584
289,A,CA,9.226,403.79,80.289
289,A,C,8.734,402.685,79.359
289,A,O,9.165,401.538,79.463
289,A,CB,8.269,403.963,81.461
290,E,N,7.834,403.041,78.448
290,E,CA,7.253,402.073,77.524
290,E,C,8.266,401.55,76.506
290,E,O,8.356,400.342,76.277
290,E,CB,6.035,402.67,76.817
290,E,CG,4.839,402.882,77.733
290,E,CD,3.701,403.613,77.051
290,E,OE1,3.967,404.61,76.349
290,E,OE2,2.538,403.19,77.217
291,I,N,9.029,402.454,75.898
291,I,CA,10.036,402.052,74.921
291,I,C,11.218,401.345,75.585
291,I,O,11.882,400.517,74.964
291,I,CB,10.547,403.245,74.076
291,I,CG1,11.341,404.226,74.941
291,I,CG2,9.388,403.946,73.383
291,I,CD1,11.984,405.346,74.155
292,T,N,11.47,401.667,76.85
292,T,CA,12.543,401.023,77.598
292,T,C,12.112,399.621,78.013
292,T,O,12.922,398.694,78.052
292,T,CB,12.929,401.833,78.848
292,T,OG1,13.108,403.209,78.491
292,T,CG2,14.217,401.302,79.456
293,N,N,10.828,399.474,78.318
293,N,CA,10.272,398.178,78.684
293,N,C,10.28,397.229,77.493
293,N,O,10.449,396.018,77.647
293,N,CB,8.849,398.342,79.217
293,N,CG,8.345,397.104,79.929
293,N,OD1,9.124,396.346,80.51
293,N,ND2,7.036,396.891,79.89
294,A,N,10.105,397.79,76.301
294,A,CA,10.069,397.002,75.075
294,A,C,11.439,396.426,74.725
294,A,O,11.542,395.5,73.922
294,A,CB,9.533,397.84,73.923
295,C,N,12.489,396.973,75.333
295,C,CA,13.85,396.501,75.094
295,C,C,14.088,395.126,75.711
295,C,O,15.135,394.515,75.502
295,C,CB,14.877,397.5,75.633
295,C,SG,15.008,399.035,74.685
296,F,N,13.111,394.646,76.472
296,F,CA,13.216,393.342,77.111
296,F,C,12.128,392.401,76.606
296,F,O,11.86,391.36,77.205
296,F,CB,13.165,393.489,78.632
296,F,CG,14.259,394.355,79.185
296,F,CD1,15.481,393.807,79.538
296,F,CD2,14.073,395.72,79.339
296,F,CE1,16.493,394.602,80.039
296,F,CE2,15.081,396.52,79.841
296,F,CZ,16.294,395.959,80.192
297,E,N,11.505,392.787,75.497
297,E,CA,10.568,391.924,74.792
297,E,C,11.281,391.279,73.608
297,E,O,11.789,391.978,72.731
297,E,CB,9.357,392.724,74.306
297,E,CG,8.475,393.267,75.42
297,E,CD,7.665,392.183,76.11
297,E,OE1,7.542,391.075,75.547
297,E,OE2,7.15,392.442,77.218
298,P,N,11.322,389.937,73.585
298,P,CA,12.023,389.164,72.552
298,P,C,11.568,389.511,71.136
298,P,O,12.352,389.383,70.196
298,P,CB,11.641,387.719,72.883
298,P,CG,11.341,387.736,74.339
298,P,CD,10.695,389.066,74.592
299,A,N,10.323,389.954,70.993
299,A,CA,9.767,390.285,69.684
299,A,C,10.339,391.579,69.112
299,A,O,9.998,391.976,67.999
299,A,CB,8.248,390.369,69.761
300,N,N,11.206,392.236,69.876
300,N,CA,11.826,393.48,69.433
300,N,C,13.328,393.331,69.226
300,N,O,14.009,394.288,68.861
300,N,CB,11.546,394.604,70.432
300,N,CG,10.068,394.881,70.595
300,N,OD1,9.314,394.884,69.621
300,N,ND2,9.643,395.109,71.832
301,Q,N,13.837,392.127,69.462
301,Q,CA,15.263,391.85,69.321
301,Q,C,15.652,391.612,67.865
301,Q,O,14.819,391.219,67.046
301,Q,CB,15.649,390.636,70.167
301,Q,CG,15.3,390.774,71.639
301,Q,CD,15.518,389.491,72.414
301,Q,OE1,15.204,389.411,73.602
301,Q,NE2,16.054,388.477,71.745
302,M,N,16.919,391.853,67.544
302,M,CA,17.417,391.612,66.193
302,M,C,17.686,390.127,65.979
302,M,O,17.778,389.661,64.842
302,M,CB,18.682,392.427,65.923
302,M,CG,18.494,393.933,66.034
302,M,SD,17.185,394.58,64.977
302,M,CE,15.88,394.861,66.173
303,V,N,17.823,389.395,67.08
303,V,CA,17.97,387.945,67.039
303,V,C,17.032,387.322,68.063
303,V,O,17.102,387.641,69.249
303,V,CB,19.413,387.499,67.354
303,V,CG1,19.528,385.985,67.258
303,V,CG2,20.404,388.17,66.412
304,K,N,16.152,386.436,67.605
304,K,CA,15.168,385.818,68.488
304,K,C,15.807,384.867,69.499
304,K,O,16.343,383.822,69.132
304,K,CB,14.092,385.089,67.681
304,K,CG,13.105,386.013,66.988
304,K,CD,11.944,385.23,66.399
304,K,CE,10.885,386.16,65.833
304,K,NZ,9.702,385.411,65.325
305,C,N,15.743,385.246,70.773
305,C,CA,16.265,384.429,71.864
305,C,C,15.673,384.904,73.186
305,C,O,14.972,385.913,73.227
305,C,CB,17.793,384.494,71.91
305,C,SG,18.468,386.166,72.021
306,D,N,15.956,384.179,74.263
306,D,CA,15.381,384.502,75.566
306,D,C,16.459,384.884,76.578
306,D,O,17.081,384.013,77.184
306,D,CB,14.563,383.319,76.089
306,D,CG,13.541,383.728,77.132
306,D,OD1,13.665,384.833,77.699
306,D,OD2,12.607,382.938,77.386
307,P,N,16.677,386.195,76.766
307,P,CA,17.676,386.726,77.703
307,P,C,17.372,386.383,79.162
307,P,O,18.245,386.525,80.018
307,P,CB,17.589,388.242,77.486
307,P,CG,17.013,388.4,76.122
307,P,CD,16.045,387.265,75.977
308,R,N,16.149,385.938,79.437
308,R,CA,15.768,385.545,80.787
308,R,C,16.51,384.286,81.219
308,R,O,16.657,384.019,82.412
308,R,CB,14.26,385.305,80.873
308,R,CG,13.405,386.532,80.61
308,R,CD,11.929,386.165,80.627
308,R,NE,11.625,385.133,79.639
308,R,CZ,10.454,384.513,79.539
308,R,NH1,9.465,384.812,80.372
308,R,NH2,10.272,383.588,78.606
309,H,N,16.972,383.511,80.244
309,H,CA,17.679,382.27,80.531
309,H,C,19.156,382.372,80.174
309,H,O,19.785,381.387,79.786
309,H,CB,17.026,381.096,79.801
309,H,CG,15.606,380.858,80.205
309,H,ND1,14.536,381.234,79.423
309,H,CD2,15.079,380.297,81.318
309,H,CE1,13.41,380.906,80.032
309,H,NE2,13.712,380.335,81.185
310,G,N,19.701,383.575,80.31
310,G,CA,21.117,383.809,80.109
310,G,C,21.641,384.762,81.165
310,G,O,21.006,384.962,82.2
311,K,N,22.803,385.352,80.91
311,K,CA,23.373,386.325,81.834
311,K,C,23.983,387.508,81.093
311,K,O,24.697,387.334,80.106
311,K,CB,24.42,385.669,82.737
311,K,CG,23.839,384.772,83.819
311,K,CD,24.937,384.143,84.658
311,K,CE,24.358,383.256,85.745
311,K,NZ,25.421,382.561,86.521
312,Y,N,23.693,388.712,81.574
312,Y,CA,24.225,389.925,80.968
312,Y,C,25.666,390.179,81.399
312,Y,O,26.032,389.95,82.551
312,Y,CB,23.356,391.132,81.327
312,Y,CG,21.971,391.111,80.717
312,Y,CD1,21.741,391.63,79.451
312,Y,CD2,20.892,390.58,81.412
312,Y,CE1,20.478,391.619,78.891
312,Y,CE2,19.623,390.564,80.859
312,Y,CZ,19.423,391.084,79.597
312,Y,OH,18.167,391.074,79.038
313,M,N,26.48,390.653,80.462
313,M,CA,27.855,391.031,80.754
313,M,C,27.995,392.541,80.649
313,M,O,28.879,393.142,81.26
313,M,CB,28.818,390.341,79.789
313,M,CG,29.111,388.892,80.137
313,M,SD,29.84,387.979,78.765
313,M,CE,28.4,387.741,77.728
314,A,N,27.103,393.145,79.87
314,A,CA,27.105,394.585,79.655
314,A,C,25.786,395.024,79.03
314,A,O,25.143,394.253,78.32
314,A,CB,28.267,394.983,78.767
315,C,N,25.383,396.26,79.3
315,C,CA,24.154,396.792,78.729
315,C,C,24.29,398.277,78.414
315,C,O,24.686,399.077,79.263
315,C,CB,22.971,396.549,79.667
315,C,SG,21.355,396.716,78.876
316,C,N,23.963,398.638,77.178
316,C,CA,24.034,400.028,76.745
316,C,C,22.705,400.489,76.171
316,C,O,22.137,399.843,75.292
316,C,CB,25.147,400.221,75.712
316,C,SG,26.821,400.153,76.392
317,L,N,22.207,401.612,76.679
317,L,CA,20.944,402.172,76.208
317,L,C,21.172,403.403,75.336
317,L,O,21.77,404.385,75.776
317,L,CB,20.037,402.516,77.391
317,L,CG,19.347,401.335,78.076
317,L,CD1,18.681,401.772,79.372
317,L,CD2,18.328,400.718,77.137
318,L,N,20.69,403.343,74.099
318,L,CA,20.877,404.427,73.14
318,L,C,19.551,405.098,72.794
318,L,O,18.786,404.589,71.975
318,L,CB,21.543,403.898,71.866
318,L,CG,23.069,403.971,71.753
318,L,CD1,23.752,403.647,73.067
318,L,CD2,23.553,403.028,70.665
319,Y,N,19.286,406.243,73.418
319,Y,CA,18.04,406.971,73.195
319,Y,C,18.198,408.069,72.148
319,Y,O,19.247,408.704,72.054
319,Y,CB,17.538,407.594,74.5
319,Y,CG,17.115,406.604,75.559
319,Y,CD1,18.031,406.1,76.474
319,Y,CD2,15.794,406.183,75.656
319,Y,CE1,17.646,405.201,77.449
319,Y,CE2,15.401,405.281,76.628
319,Y,CZ,16.331,404.794,77.522
319,Y,OH,15.947,403.897,78.493
320,R,N,17.144,408.288,71.366
320,R,CA,17.092,409.406,70.43
320,R,C,15.737,410.101,70.513
320,R,O,14.694,409.465,70.36
320,R,CB,17.361,408.94,68.996
320,R,CG,18.771,408.424,68.764
320,R,CD,18.977,407.929,67.337
320,R,NE,19.304,409.01,66.411
320,R,CZ,19.752,408.821,65.173
320,R,NH1,19.931,407.59,64.71
320,R,NH2,20.026,409.861,64.397
321,G,N,15.757,411.407,70.762
321,G,CA,14.534,412.186,70.83
321,G,C,14.298,412.833,72.181
321,G,O,15.242,413.12,72.918
322,D,N,13.029,413.06,72.504
322,D,CA,12.652,413.7,73.759
322,D,C,12.838,412.754,74.942
322,D,O,11.891,412.104,75.385
322,D,CB,11.2,414.181,73.693
322,D,CG,10.784,414.955,74.927
322,D,OD1,11.623,415.702,75.474
322,D,OD2,9.617,414.815,75.352
323,V,N,14.066,412.673,75.442
323,V,CA,14.387,411.796,76.564
323,V,C,15.301,412.507,77.559
323,V,O,16.311,413.095,77.171
323,V,CB,15.084,410.498,76.091
323,V,CG1,15.471,409.636,77.281
323,V,CG2,14.19,409.717,75.137
324,V,N,14.939,412.455,78.837
324,V,CA,15.768,413.023,79.897
324,V,C,16.175,411.94,80.897
324,V,O,15.401,411.018,81.16
324,V,CB,15.049,414.18,80.628
324,V,CG1,14.942,415.395,79.719
324,V,CG2,13.677,413.739,81.111
325,P,N,17.398,412.044,81.447
325,P,CA,17.976,411.063,82.375
325,P,C,17.052,410.687,83.529
325,P,O,17.083,409.546,83.991
325,P,CB,19.207,411.791,82.916
325,P,CG,19.625,412.664,81.801
325,P,CD,18.352,413.127,81.144
326,K,N,16.248,411.642,83.985
326,K,CA,15.314,411.409,85.079
326,K,C,14.32,410.304,84.737
326,K,O,14.1,409.387,85.529
326,K,CB,14.564,412.701,85.413
326,K,CG,13.449,412.533,86.428
326,K,CD,12.652,413.818,86.575
326,K,CE,12.07,414.256,85.238
326,K,NZ,11.34,415.549,85.34
327,D,N,13.729,410.395,83.55
327,D,CA,12.729,409.427,83.113
327,D,C,13.343,408.063,82.814
327,D,O,12.667,407.039,82.909
327,D,CB,11.975,409.95,81.889
327,D,CG,11.159,411.191,82.194
327,D,OD1,10.772,411.376,83.368
327,D,OD2,10.901,411.98,81.261
328,V,N,14.624,408.055,82.455
328,V,CA,15.332,406.812,82.169
328,V,C,15.504,405.983,83.437
328,V,O,15.198,404.791,83.456
328,V,CB,16.718,407.075,81.546
328,V,CG1,17.467,405.765,81.337
328,V,CG2,16.579,407.826,80.234
329,N,N,15.992,406.622,84.495
329,N,CA,16.209,405.949,85.771
329,N,C,14.916,405.408,86.371
329,N,O,14.885,404.298,86.902
329,N,CB,16.894,406.889,86.763
329,N,CG,18.229,407.397,86.255
329,N,OD1,18.884,406.743,85.445
329,N,ND2,18.638,408.567,86.73
330,A,N,13.851,406.197,86.278
330,A,CA,12.547,405.785,86.782
330,A,C,12.026,404.581,86.004
330,A,O,11.338,403.723,86.555
330,A,CB,11.56,406.937,86.704
331,A,N,12.363,404.528,84.719
331,A,CA,11.969,403.413,83.869
331,A,C,12.742,402.154,84.242
331,A,O,12.164,401.076,84.372
331,A,CB,12.191,403.759,82.407
332,I,N,14.053,402.301,84.415
332,I,CA,14.92,401.183,84.771
332,I,C,14.541,400.586,86.124
332,I,O,14.499,399.364,86.284
332,I,CB,16.406,401.607,84.784
332,I,CG1,16.873,401.949,83.367
332,I,CG2,17.281,400.512,85.371
332,I,CD1,18.344,402.289,83.273
333,A,N,14.255,401.455,87.088
333,A,CA,13.873,401.027,88.43
333,A,C,12.626,400.148,88.398
333,A,O,12.548,399.139,89.099
333,A,CB,13.653,402.235,89.329
334,T,N,11.658,400.538,87.577
334,T,CA,10.426,399.775,87.422
334,T,C,10.703,398.428,86.76
334,T,O,10.154,397.4,87.159
334,T,CB,9.394,400.547,86.573
334,T,OG1,9.183,401.847,87.137
334,T,CG2,8.071,399.797,86.52
335,I,N,11.567,398.446,85.75
335,I,CA,11.886,397.256,84.972
335,I,C,12.601,396.19,85.804
335,I,O,12.309,394.999,85.684
335,I,CB,12.722,397.622,83.726
335,I,CG1,11.855,398.374,82.715
335,I,CG2,13.312,396.385,83.075
335,I,CD1,12.599,398.788,81.472
336,K,N,13.521,396.623,86.66
336,K,CA,14.293,395.698,87.486
336,K,C,13.439,394.916,88.481
336,K,O,13.872,393.895,89.013
336,K,CB,15.411,396.434,88.225
336,K,CG,16.749,396.396,87.509
336,K,CD,17.236,394.964,87.321
336,K,CE,17.441,394.259,88.655
336,K,NZ,17.876,392.846,88.476
337,T,N,12.226,395.399,88.731
337,T,CA,11.333,394.748,89.682
337,T,C,10.319,393.839,88.991
337,T,O,9.724,392.967,89.625
337,T,CB,10.585,395.78,90.546
337,T,OG1,9.778,396.615,89.706
337,T,CG2,11.574,396.643,91.313
338,K,N,10.126,394.045,87.692
338,K,CA,9.182,393.24,86.922
338,K,C,9.879,392.196,86.05
338,K,O,9.475,391.033,86.02
338,K,CB,8.292,394.133,86.054
338,K,CG,7.138,394.782,86.802
338,K,CD,6.24,395.562,85.854
338,K,CE,4.954,396.002,86.537
338,K,NZ,5.217,396.861,87.725
339,R,N,10.921,392.616,85.344
339,R,CA,11.633,391.734,84.427
339,R,C,12.643,390.85,85.148
339,R,O,12.948,391.062,86.323
339,R,CB,12.348,392.553,83.348
339,R,CG,11.425,393.397,82.485
339,R,CD,10.613,392.547,81.524
339,R,NE,9.813,393.374,80.626
339,R,CZ,9.042,392.894,79.657
339,R,NH1,8.964,391.586,79.455
339,R,NH2,8.348,393.723,78.887
340,S,N,13.161,389.858,84.429
340,S,CA,14.173,388.959,84.974
340,S,C,15.549,389.289,84.406
340,S,O,15.976,388.711,83.405
340,S,CB,13.81,387.501,84.681
340,S,OG,14.772,386.616,85.224
341,I,N,16.244,390.217,85.053
341,I,CA,17.554,390.653,84.586
341,I,C,18.677,390.184,85.506
341,I,O,18.924,390.777,86.555
341,I,CB,17.611,392.188,84.447
341,I,CG1,16.433,392.689,83.607
341,I,CG2,18.943,392.624,83.847
341,I,CD1,16.322,394.194,83.558
342,Q,N,19.351,389.114,85.101
342,Q,CA,20.451,388.55,85.873
342,Q,C,21.791,388.801,85.189
342,Q,O,21.989,388.422,84.035
342,Q,CB,20.245,387.048,86.074
342,Q,CG,21.48,386.301,86.562
342,Q,CD,21.762,386.523,88.035
342,Q,OE1,20.882,386.928,88.795
342,Q,NE2,22.997,386.256,88.446
343,F,N,22.704,389.446,85.905
343,F,CA,24.052,389.671,85.403
343,F,C,24.992,388.595,85.923
343,F,O,24.675,387.895,86.884
343,F,CB,24.564,391.045,85.838
343,F,CG,24.159,392.164,84.924
343,F,CD1,22.84,392.582,84.857
343,F,CD2,25.102,392.807,84.142
343,F,CE1,22.47,393.617,84.02
343,F,CE2,24.739,393.842,83.304
343,F,CZ,23.42,394.247,83.243
344,V,N,26.149,388.464,85.284
344,V,CA,27.184,387.569,85.782
344,V,C,27.763,388.158,87.062
344,V,O,27.93,389.373,87.17
344,V,CB,28.302,387.353,84.742
344,V,CG1,27.848,386.382,83.662
344,V,CG2,28.728,388.676,84.13
345,D,N,28.066,387.301,88.032
345,D,CA,28.501,387.763,89.351
345,D,C,29.944,388.272,89.391
345,D,O,30.563,388.319,90.453
345,D,CB,28.276,386.676,90.41
345,D,CG,28.802,385.319,89.981
345,D,OD1,29.865,385.266,89.325
345,D,OD2,28.149,384.302,90.298
346,W,N,30.47,388.652,88.231
346,W,CA,31.785,389.276,88.151
346,W,C,31.702,390.575,87.355
346,W,O,32.721,391.14,86.958
346,W,CB,32.807,388.319,87.53
346,W,CG,32.357,387.716,86.237
346,W,CD1,31.658,386.555,86.074
346,W,CD2,32.576,388.239,84.923
346,W,NE1,31.429,386.324,84.74
346,W,CE2,31.982,387.344,84.012
346,W,CE3,33.218,389.378,84.427
346,W,CZ2,32.008,387.553,82.636
346,W,CZ3,33.246,389.582,83.06
346,W,CH2,32.641,388.676,82.181
347,C,N,30.477,391.042,87.13
347,C,CA,30.237,392.292,86.414
347,C,C,29.294,393.21,87.184
347,C,O,28.382,392.743,87.867
347,C,CB,29.655,392.017,85.026
347,C,SG,30.873,391.894,83.7
348,P,N,29.518,394.527,87.074
348,P,CA,28.63,395.519,87.689
348,P,C,27.245,395.488,87.054
348,P,O,27.115,395.727,85.854
348,P,CB,29.318,396.85,87.367
348,P,CG,30.742,396.496,87.099
348,P,CD,30.695,395.152,86.448
349,T,N,26.224,395.19,87.851
349,T,CA,24.851,395.202,87.363
349,T,C,24.402,396.641,87.124
349,T,O,23.89,397.3,88.028
349,T,CB,23.895,394.524,88.362
349,T,OG1,24.351,393.192,88.63
349,T,CG2,22.479,394.47,87.806
350,G,N,24.603,397.13,85.904
350,G,CA,24.286,398.51,85.59
350,G,C,23.988,398.776,84.127
350,G,O,24.051,397.875,83.292
351,F,N,23.663,400.029,83.823
351,F,CA,23.321,400.439,82.466
351,F,C,24.058,401.716,82.077
351,F,O,23.934,402.74,82.75
351,F,CB,21.813,400.681,82.344
351,F,CG,20.972,399.47,82.626
351,F,CD1,20.62,399.139,83.925
351,F,CD2,20.518,398.67,81.592
351,F,CE1,19.842,398.027,84.186
351,F,CE2,19.74,397.557,81.847
351,F,CZ,19.402,397.235,83.146
352,K,N,24.822,401.657,80.993
352,K,CA,25.409,402.864,80.422
352,K,C,24.427,403.471,79.426
352,K,O,24.0,402.809,78.482
352,K,CB,26.753,402.564,79.757
352,K,CG,27.877,402.309,80.747
352,K,CD,29.182,401.961,80.049
352,K,CE,30.281,401.69,81.067
352,K,NZ,31.554,401.265,80.427
353,V,N,24.065,404.729,79.65
353,V,CA,23.016,405.374,78.871
353,V,C,23.549,406.516,78.011
353,V,O,24.406,407.287,78.444
353,V,CB,21.902,405.913,79.795
353,V,CG1,20.734,406.448,78.979
353,V,CG2,21.435,404.822,80.741
354,G,N,23.038,406.611,76.788
354,G,CA,23.378,407.697,75.89
354,G,C,22.126,408.313,75.297
354,G,O,21.268,407.607,74.768
355,I,N,22.015,409.634,75.388
355,I,CA,20.851,410.335,74.86
355,I,C,21.242,411.342,73.785
355,I,O,22.108,412.189,73.997
355,I,CB,20.078,411.077,75.972
355,I,CG1,19.636,410.101,77.063
355,I,CG2,18.875,411.807,75.393
355,I,CD1,18.889,410.763,78.203
356,N,N,20.6,411.238,72.626
356,N,CA,20.754,412.232,71.574
356,N,C,19.411,412.909,71.325
356,N,O,18.454,412.263,70.9
356,N,CB,21.283,411.587,70.293
356,N,CG,22.046,412.564,69.421
356,N,OD1,21.473,413.216,68.548
356,N,ND2,23.349,412.672,69.656
357,Y,N,19.344,414.207,71.601
357,Y,CA,18.077,414.94,71.579
357,Y,C,17.379,414.93,70.222
357,Y,O,16.159,415.078,70.146
357,Y,CB,18.281,416.38,72.058
357,Y,CG,18.67,416.484,73.514
357,Y,CD1,18.283,415.51,74.425
357,Y,CD2,19.427,417.55,73.978
357,Y,CE1,18.635,415.597,75.757
357,Y,CE2,19.785,417.646,75.309
357,Y,CZ,19.387,416.667,76.193
357,Y,OH,19.742,416.758,77.519
358,Q,N,18.152,414.755,69.155
358,Q,CA,17.59,414.692,67.812
358,Q,C,16.831,413.386,67.599
358,Q,O,17.423,412.306,67.63
358,Q,CB,18.694,414.843,66.763
358,Q,CG,18.21,414.759,65.325
358,Q,CD,19.309,415.059,64.323
358,Q,OE1,20.214,415.85,64.595
358,Q,NE2,19.239,414.425,63.158
359,P,N,15.51,413.482,67.382
359,P,CA,14.652,412.31,67.174
359,P,C,15.032,411.56,65.9
359,P,O,15.633,412.157,65.007
359,P,CB,13.252,412.922,67.037
359,P,CG,13.492,414.316,66.582
359,P,CD,14.759,414.743,67.256
360,P,N,14.695,410.262,65.824
360,P,CA,15.016,409.43,64.66
360,P,C,14.502,410.022,63.353
360,P,O,13.36,410.475,63.282
360,P,CB,14.282,408.12,64.957
360,P,CG,14.215,408.065,66.435
360,P,CD,14.036,409.484,66.888
361,T,N,15.354,410.022,62.334
361,T,CA,14.963,410.479,61.01
361,T,C,14.387,409.304,60.233
361,T,O,14.879,408.179,60.341
361,T,CB,16.165,411.061,60.24
361,T,OG1,16.83,412.038,61.051
361,T,CG2,15.71,411.713,58.942
362,V,N,13.335,409.557,59.463
362,V,CA,12.742,408.518,58.633
362,V,C,12.747,408.918,57.163
362,V,O,12.657,410.101,56.829
362,V,CB,11.304,408.18,59.076
362,V,CG1,11.311,407.531,60.453
362,V,CG2,10.434,409.428,59.068
363,V,N,12.865,407.925,56.289
363,V,CA,12.85,408.16,54.853
363,V,C,11.458,408.591,54.402
363,V,O,10.472,407.913,54.694
363,V,CB,13.261,406.898,54.071
363,V,CG1,13.249,407.171,52.574
363,V,CG2,14.634,406.417,54.518
364,P,N,11.375,409.734,53.701
364,P,CA,10.113,410.222,53.134
364,P,C,9.456,409.164,52.254
364,P,O,10.076,408.676,51.31
364,P,CB,10.556,411.415,52.285
364,P,CG,11.786,411.907,52.959
364,P,CD,12.482,410.68,53.477
365,G,N,8.215,408.811,52.572
365,G,CA,7.507,407.776,51.845
365,G,C,7.92,406.388,52.297
365,G,O,7.7,405.403,51.592
366,G,N,8.522,406.314,53.48
366,G,CA,8.965,405.048,54.032
366,G,C,7.862,404.333,54.786
366,G,O,6.733,404.819,54.861
367,D,N,8.191,403.177,55.352
367,D,CA,7.214,402.365,56.066
367,D,C,7.163,402.723,57.546
367,D,O,6.174,402.444,58.223
367,D,CB,7.538,400.879,55.9
367,D,CG,7.514,400.435,54.451
367,D,OD1,6.547,400.778,53.738
367,D,OD2,8.467,399.749,54.026
368,L,N,8.232,403.336,58.043
368,L,CA,8.306,403.725,59.448
368,L,C,7.743,405.121,59.67
368,L,O,8.029,406.046,58.908
368,L,CB,9.751,403.675,59.948
368,L,CG,10.48,402.334,59.867
368,L,CD1,11.845,402.434,60.52
368,L,CD2,9.66,401.243,60.517
369,A,N,6.946,405.272,60.722
369,A,CA,6.412,406.575,61.089
369,A,C,7.425,407.333,61.936
369,A,O,8.265,406.73,62.602
369,A,CB,5.101,406.419,61.84
370,K,N,7.346,408.659,61.904
370,K,CA,8.241,409.492,62.696
370,K,C,7.8,409.506,64.154
370,K,O,6.679,409.91,64.467
370,K,CB,8.275,410.917,62.141
370,K,CG,9.269,411.832,62.838
370,K,CD,9.29,413.212,62.2
370,K,CE,10.374,414.086,62.811
370,K,NZ,11.731,413.491,62.637
371,V,N,8.68,409.055,65.041
371,V,CA,8.385,409.039,66.469
371,V,C,9.131,410.157,67.189
371,V,O,10.044,410.765,66.632
371,V,CB,8.749,407.685,67.108
371,V,CG1,7.933,406.568,66.479
371,V,CG2,10.237,407.412,66.964
372,Q,N,8.737,410.427,68.429
372,Q,CA,9.368,411.498,69.191
372,Q,C,10.465,410.974,70.107
372,Q,O,11.273,411.747,70.624
372,Q,CB,8.328,412.297,69.978
372,Q,CG,7.418,413.129,69.09
372,Q,CD,8.197,413.97,68.094
372,Q,OE1,9.144,414.667,68.457
372,Q,NE2,7.803,413.9,66.827
373,R,N,10.502,409.659,70.291
373,R,CA,11.545,409.033,71.091
373,R,C,11.7,407.555,70.745
373,R,O,10.717,406.826,70.615
373,R,CB,11.274,409.22,72.59
373,R,CG,9.977,408.6,73.084
373,R,CD,9.614,409.106,74.47
373,R,NE,9.398,410.548,74.471
373,R,CZ,8.263,411.134,74.098
373,R,NH1,7.236,410.398,73.696
373,R,NH2,8.158,412.455,74.126
374,A,N,12.945,407.127,70.579
374,A,CA,13.24,405.73,70.292
374,A,C,14.492,405.298,71.038
374,A,O,15.295,406.132,71.454
374,A,CB,13.406,405.512,68.799
375,V,N,14.654,403.991,71.208
375,V,CA,15.786,403.469,71.96
375,V,C,16.331,402.175,71.36
375,V,O,15.573,401.294,70.951
375,V,CB,15.42,403.256,73.446
375,V,CG1,14.217,402.335,73.578
375,V,CG2,16.611,402.716,74.227
376,C,N,17.654,402.08,71.292
376,C,CA,18.314,400.851,70.882
376,C,C,19.166,400.331,72.03
376,C,O,20.105,400.997,72.463
376,C,CB,19.187,401.088,69.651
376,C,SG,20.104,399.627,69.102
377,M,N,18.832,399.145,72.527
377,M,CA,19.586,398.554,73.625
377,M,C,20.631,397.565,73.119
377,M,O,20.311,396.623,72.394
377,M,CB,18.652,397.865,74.624
377,M,CG,19.344,397.443,75.912
377,M,SD,18.247,396.678,77.123
377,M,CE,18.204,394.988,76.533
378,L,N,21.884,397.797,73.502
378,L,CA,22.968,396.879,73.184
378,L,C,23.364,396.105,74.435
378,L,O,23.994,396.651,75.339
378,L,CB,24.176,397.639,72.631
378,L,CG,23.93,398.491,71.384
378,L,CD1,25.218,399.159,70.93
378,L,CD2,23.332,397.651,70.265
379,S,N,22.99,394.831,74.486
379,S,CA,23.271,394.01,75.658
379,S,C,24.013,392.728,75.295
379,S,O,23.511,391.904,74.533
379,S,CB,21.976,393.673,76.399
379,S,OG,21.093,392.934,75.574
380,N,N,25.212,392.569,75.845
380,N,CA,25.99,391.358,75.633
380,N,C,25.489,390.246,76.548
380,N,O,25.894,390.153,77.707
380,N,CB,27.476,391.622,75.877
380,N,CG,28.37,390.552,75.274
380,N,OD1,27.934,389.429,75.022
380,N,ND2,29.631,390.901,75.034
381,T,N,24.599,389.412,76.024
381,T,CA,24.01,388.332,76.804
381,T,C,24.344,386.963,76.22
381,T,O,24.442,386.801,75.002
381,T,CB,22.481,388.481,76.909
381,T,OG1,21.915,387.264,77.41
381,T,CG2,21.879,388.788,75.545
382,T,N,24.509,385.977,77.099
382,T,CA,24.839,384.618,76.684
382,T,C,23.679,383.967,75.94
382,T,O,23.847,382.93,75.299
382,T,CB,25.221,383.733,77.887
382,T,OG1,24.101,383.615,78.775
382,T,CG2,26.4,384.333,78.641
383,A,N,22.505,384.583,76.028
383,A,CA,21.309,384.059,75.381
383,A,C,21.449,384.01,73.86
383,A,O,20.799,383.203,73.197
383,A,CB,20.099,384.881,75.772
384,I,N,22.306,384.865,73.311
384,I,CA,22.493,384.935,71.867
384,I,C,23.186,383.679,71.335
384,I,O,23.227,383.446,70.125
384,I,CB,23.292,386.191,71.459
384,I,CG1,22.911,386.639,70.045
384,I,CG2,24.794,385.944,71.586
384,I,CD1,23.561,387.938,69.624
385,A,N,23.717,382.867,72.244
385,A,CA,24.367,381.615,71.87
385,A,C,23.361,380.614,71.317
385,A,O,23.742,379.652,70.649
385,A,CB,25.101,381.022,73.058
386,E,N,22.082,380.838,71.607
386,E,CA,21.01,380.022,71.047
386,E,C,21.099,380.042,69.527
386,E,O,20.93,379.015,68.875
386,E,CB,19.639,380.54,71.491
386,E,CG,19.353,380.386,72.977
386,E,CD,18.018,380.988,73.378
386,E,OE1,17.822,381.25,74.584
386,E,OE2,17.165,381.201,72.489
387,A,N,21.384,381.219,68.976
387,A,CA,21.51,381.389,67.534
387,A,C,22.652,380.551,66.97
387,A,O,22.55,380.017,65.866
387,A,CB,21.703,382.859,67.187
388,W,N,23.74,380.439,67.726
388,W,CA,24.86,379.601,67.314
388,W,C,24.462,378.13,67.355
388,W,O,24.856,377.346,66.494
388,W,CB,26.08,379.824,68.215
388,W,CG,26.661,381.209,68.175
388,W,CD1,26.933,382.011,69.244
388,W,CD2,27.053,381.95,67.008
388,W,NE1,27.467,383.204,68.819
388,W,CE2,27.549,383.192,67.452
388,W,CE3,27.027,381.685,65.635
388,W,CZ2,28.016,384.165,66.572
388,W,CZ3,27.493,382.652,64.764
388,W,CH2,27.982,383.877,65.236
389,A,N,23.674,377.77,68.363
389,A,CA,23.259,376.386,68.572
389,A,C,22.434,375.839,67.409
389,A,O,22.718,374.757,66.896
389,A,CB,22.489,376.256,69.88
390,R,N,21.412,376.583,67.001
390,R,CA,20.559,376.153,65.898
390,R,C,21.298,376.193,64.563
390,R,O,21.029,375.39,63.67
390,R,CB,19.272,376.987,65.838
390,R,CG,19.45,378.449,66.212
390,R,CD,18.108,379.145,66.384
390,R,NE,17.622,379.7,65.125
390,R,CZ,17.686,380.988,64.802
390,R,NH1,18.208,381.861,65.654
390,R,NH2,17.223,381.403,63.632
391,L,N,22.24,377.122,64.439
391,L,CA,23.024,377.248,63.219
391,L,C,23.989,376.076,63.091
391,L,O,24.147,375.501,62.014
391,L,CB,23.788,378.572,63.207
391,L,CG,24.357,379.035,61.865
391,L,CD1,23.256,379.139,60.819
391,L,CD2,25.069,380.366,62.036
392,D,N,24.625,375.719,64.203
392,D,CA,25.558,374.599,64.225
392,D,C,24.84,373.265,64.055
392,D,O,25.417,372.301,63.553
392,D,CB,26.379,374.6,65.517
392,D,CG,27.384,375.734,65.571
392,D,OD1,27.779,376.232,64.497
392,D,OD2,27.785,376.126,66.687
393,H,N,23.579,373.212,64.474
393,H,CA,22.793,371.992,64.35
393,H,C,22.494,371.681,62.887
393,H,O,22.581,370.531,62.457
393,H,CB,21.489,372.104,65.139
393,H,CG,20.665,370.856,65.12
393,H,ND1,21.003,369.73,65.84
393,H,CD2,19.522,370.551,64.462
393,H,CE1,20.102,368.789,65.631
393,H,NE2,19.192,369.261,64.797
394,K,N,22.137,372.714,62.129
394,K,CA,21.888,372.561,60.701
394,K,C,23.167,372.144,59.983
394,K,O,23.13,371.361,59.035
394,K,CB,21.349,373.861,60.101
394,K,CG,19.943,374.227,60.544
394,K,CD,19.458,375.479,59.831
394,K,CE,18.004,375.775,60.157
394,K,NZ,17.509,376.985,59.44
395,F,N,24.293,372.676,60.447
395,F,CA,25.602,372.317,59.916
395,F,C,25.859,370.827,60.11
395,F,O,26.263,370.132,59.179
395,F,CB,26.691,373.136,60.615
395,F,CG,28.082,372.875,60.101
395,F,CD1,28.841,371.829,60.603
395,F,CD2,28.639,373.692,59.13
395,F,CE1,30.119,371.593,60.138
395,F,CE2,29.919,373.462,58.661
395,F,CZ,30.66,372.411,59.166
396,D,N,25.623,370.347,61.328
396,D,CA,25.889,368.955,61.681
396,D,C,25.057,367.979,60.857
396,D,O,25.533,366.905,60.487
396,D,CB,25.641,368.716,63.173
396,D,CG,26.626,369.463,64.059
396,D,OD1,27.695,369.872,63.556
396,D,OD2,26.331,369.632,65.262
397,L,N,23.814,368.356,60.575
397,L,CA,22.914,367.504,59.804
397,L,C,23.422,367.264,58.386
397,L,O,23.459,366.126,57.916
397,L,CB,21.506,368.104,59.769
397,L,CG,20.75,368.086,61.1
397,L,CD1,19.439,368.846,60.987
397,L,CD2,20.507,366.655,61.554
398,M,N,23.816,368.338,57.707
398,M,CA,24.309,368.229,56.338
398,M,C,25.695,367.599,56.268
398,M,O,25.969,366.784,55.387
398,M,CB,24.326,369.595,55.649
398,M,CG,22.966,370.068,55.174
398,M,SD,23.06,371.56,54.164
398,M,CE,23.811,372.706,55.317
399,Y,N,26.567,367.977,57.198
399,Y,CA,27.955,367.533,57.146
399,Y,C,28.12,366.053,57.474
399,Y,O,29.097,365.429,57.062
399,Y,CB,28.848,368.379,58.054
399,Y,CG,30.32,368.135,57.811
399,Y,CD1,30.908,368.493,56.606
399,Y,CD2,31.119,367.539,58.779
399,Y,CE1,32.249,368.268,56.369
399,Y,CE2,32.464,367.312,58.55
399,Y,CZ,33.023,367.68,57.343
399,Y,OH,34.36,367.46,57.107
400,A,N,27.164,365.496,58.211
400,A,CA,27.197,364.08,58.556
400,A,C,27.187,363.217,57.298
400,A,O,27.856,362.185,57.234
400,A,CB,26.027,363.725,59.458
401,K,N,26.428,363.653,56.298
401,K,CA,26.345,362.944,55.029
401,K,C,27.276,363.576,54.004
401,K,O,27.292,363.175,52.839
401,K,CB,24.909,362.957,54.503
401,K,CG,23.89,362.388,55.477
401,K,CD,24.152,360.918,55.759
401,K,CE,23.189,360.38,56.804
401,K,NZ,23.315,361.105,58.099
402,R,N,28.044,364.567,54.449
402,R,CA,28.979,365.296,53.591
402,R,C,28.296,365.902,52.368
402,R,O,28.897,366.002,51.298
402,R,CB,30.143,364.398,53.164
402,R,CG,30.95,363.847,54.325
402,R,CD,31.615,364.966,55.11
402,R,NE,31.882,364.574,56.492
402,R,CZ,33.012,364.016,56.906
402,R,NH1,33.994,363.78,56.046
402,R,NH2,33.163,363.694,58.184
403,A,N,27.042,366.309,52.538
403,A,CA,26.277,366.905,51.449
403,A,C,26.856,368.256,51.04
403,A,O,27.247,369.051,51.894
403,A,CB,24.815,367.053,51.85
404,F,N,26.923,368.489,49.731
404,F,CA,27.396,369.75,49.151
404,F,C,28.881,370.052,49.386
404,F,O,29.392,371.064,48.907
404,F,CB,26.54,370.933,49.621
404,F,CG,25.071,370.764,49.352
404,F,CD1,24.553,371.002,48.089
404,F,CD2,24.208,370.376,50.362
404,F,CE1,23.202,370.849,47.838
404,F,CE2,22.855,370.224,50.119
404,F,CZ,22.352,370.459,48.854
405,V,N,29.568,369.174,50.111
405,V,CA,30.978,369.378,50.431
405,V,C,31.851,369.411,49.174
405,V,O,32.834,370.152,49.11
405,V,CB,31.485,368.301,51.414
405,V,CG1,32.984,368.428,51.642
405,V,CG2,30.738,368.408,52.732
406,H,N,31.472,368.627,48.169
406,H,CA,32.234,368.549,46.925
406,H,C,32.334,369.898,46.214
406,H,O,33.299,370.155,45.495
406,H,CB,31.628,367.505,45.984
406,H,CG,30.29,367.892,45.435
406,H,ND1,29.115,367.694,46.129
406,H,CD2,29.941,368.463,44.258
406,H,CE1,28.1,368.127,45.403
406,H,NE2,28.574,368.599,44.264
407,W,N,31.335,370.754,46.417
407,W,CA,31.35,372.093,45.834
407,W,C,32.456,372.949,46.444
407,W,O,33.009,373.83,45.784
407,W,CB,29.998,372.787,46.023
407,W,CG,28.896,372.227,45.176
407,W,CD1,27.798,371.538,45.604
407,W,CD2,28.788,372.304,43.749
407,W,NE1,27.012,371.187,44.534
407,W,CE2,27.598,371.643,43.383
407,W,CE3,29.582,372.868,42.746
407,W,CZ2,27.184,371.531,42.058
407,W,CZ3,29.17,372.757,41.43
407,W,CH2,27.98,372.094,41.099
408,Y,N,32.77,372.683,47.707
408,Y,CA,33.782,373.446,48.428
408,Y,C,35.173,372.876,48.167
408,Y,O,36.123,373.62,47.917
408,Y,CB,33.477,373.454,49.93
408,Y,CG,32.217,374.212,50.298
408,Y,CD1,30.959,373.677,50.045
408,Y,CD2,32.287,375.459,50.907
408,Y,CE1,29.807,374.365,50.378
408,Y,CE2,31.14,376.155,51.246
408,Y,CZ,29.902,375.603,50.979
408,Y,OH,28.759,376.29,51.317
409,V,N,35.284,371.551,48.22
409,V,CA,36.544,370.873,47.942
409,V,C,36.987,371.128,46.504
409,V,O,38.179,371.275,46.225
409,V,CB,36.433,369.356,48.199
409,V,CG1,37.715,368.643,47.794
409,V,CG2,36.117,369.091,49.662
410,G,N,36.015,371.21,45.6
410,G,CA,36.29,371.473,44.2
410,G,C,36.884,372.845,43.945
410,G,O,37.38,373.121,42.852
411,E,N,36.834,373.707,44.956
411,E,CA,37.38,375.054,44.841
411,E,C,38.723,375.18,45.552
411,E,O,39.244,376.283,45.72
411,E,CB,36.391,376.083,45.392
411,E,CG,35.065,376.122,44.652
411,E,CD,35.201,376.629,43.229
411,E,OE1,34.315,376.327,42.401
411,E,OE2,36.186,377.34,42.939
412,G,N,39.284,374.047,45.964
412,G,CA,40.59,374.038,46.594
412,G,C,40.548,373.915,48.104
412,G,O,41.59,373.882,48.758
413,M,N,39.344,373.849,48.661
413,M,CA,39.188,373.708,50.105
413,M,C,39.293,372.242,50.516
413,M,O,39.174,371.345,49.684
413,M,CB,37.852,374.297,50.564
413,M,CG,37.94,375.076,51.866
413,M,SD,36.392,375.868,52.344
413,M,CE,35.761,374.688,53.532
414,E,N,39.524,372.002,51.802
414,E,CA,39.654,370.641,52.308
414,E,C,38.57,370.343,53.335
414,E,O,38.07,371.253,53.998
414,E,CB,41.036,370.435,52.928
414,E,CG,42.19,370.807,52.01
414,E,CD,43.543,370.571,52.653
414,E,OE1,44.562,371.001,52.072
414,E,OE2,43.588,369.952,53.737
415,E,N,38.211,369.068,53.467
415,E,CA,37.217,368.648,54.452
415,E,C,37.644,369.016,55.867
415,E,O,36.806,369.207,56.749
415,E,CB,36.967,367.14,54.373
415,E,CG,36.037,366.71,53.255
415,E,CD,35.479,365.317,53.476
415,E,OE1,35.824,364.697,54.505
415,E,OE2,34.694,364.843,52.627
416,G,N,38.953,369.108,56.076
416,G,CA,39.502,369.447,57.374
416,G,C,39.057,370.808,57.872
416,G,O,38.828,370.988,59.068
417,E,N,38.93,371.766,56.958
417,E,CA,38.518,373.116,57.33
417,E,C,37.091,373.134,57.87
417,E,O,36.77,373.915,58.766
417,E,CB,38.664,374.082,56.15
417,E,CG,38.344,375.532,56.499
417,E,CD,38.824,376.517,55.447
417,E,OE1,39.487,376.084,54.48
417,E,OE2,38.539,377.726,55.591
418,F,N,36.244,372.266,57.326
418,F,CA,34.875,372.119,57.811
418,F,C,34.861,371.707,59.279
418,F,O,34.223,372.352,60.11
418,F,CB,34.116,371.082,56.981
418,F,CG,33.43,371.65,55.773
418,F,CD1,32.171,372.219,55.879
418,F,CD2,34.035,371.603,54.528
418,F,CE1,31.533,372.739,54.769
418,F,CE2,33.4,372.12,53.412
418,F,CZ,32.148,372.69,53.535
419,S,N,35.57,370.628,59.589
419,S,CA,35.633,370.121,60.953
419,S,C,36.363,371.099,61.866
419,S,O,36.006,371.259,63.032
419,S,CB,36.322,368.758,60.984
419,S,OG,37.637,368.847,60.468
420,E,N,37.387,371.752,61.324
420,E,CA,38.147,372.753,62.064
420,E,C,37.254,373.925,62.461
420,E,O,37.308,374.407,63.593
420,E,CB,39.326,373.248,61.223
420,E,CG,40.071,374.434,61.805
420,E,CD,41.218,374.882,60.919
420,E,OE1,41.534,376.09,60.917
420,E,OE2,41.803,374.023,60.224
421,A,N,36.427,374.37,61.521
421,A,CA,35.506,375.472,61.765
421,A,C,34.446,375.095,62.794
421,A,O,34.098,375.897,63.662
421,A,CB,34.852,375.911,60.464
422,R,N,33.939,373.871,62.694
422,R,CA,32.874,373.405,63.576
422,R,C,33.345,373.27,65.024
422,R,O,32.61,373.598,65.954
422,R,CB,32.307,372.074,63.07
422,R,CG,31.166,371.523,63.909
422,R,CD,30.011,372.505,63.977
422,R,NE,28.924,372.015,64.819
422,R,CZ,28.846,372.219,66.13
422,R,NH1,29.793,372.906,66.754
422,R,NH2,27.821,371.736,66.818
423,E,N,34.572,372.79,65.206
423,E,CA,35.135,372.608,66.54
423,E,C,35.304,373.94,67.261
423,E,O,35.114,374.028,68.475
423,E,CB,36.476,371.877,66.464
423,E,CG,36.361,370.41,66.087
423,E,CD,37.703,369.787,65.758
423,E,OE1,38.724,370.504,65.821
423,E,OE2,37.736,368.581,65.433
424,D,N,35.664,374.973,66.509
424,D,CA,35.8,376.31,67.071
424,D,C,34.432,376.818,67.516
424,D,O,34.307,377.46,68.56
424,D,CB,36.421,377.263,66.048
424,D,CG,36.849,378.582,66.663
424,D,OD1,37.0,378.64,67.902
424,D,OD2,37.043,379.557,65.907
425,M,N,33.408,376.517,66.722
425,M,CA,32.036,376.861,67.071
425,M,C,31.582,376.066,68.289
425,M,O,30.799,376.553,69.104
425,M,CB,31.097,376.6,65.891
425,M,CG,31.378,377.463,64.674
425,M,SD,31.314,379.223,65.058
425,M,CE,29.644,379.364,65.685
426,A,N,32.077,374.837,68.403
426,A,CA,31.795,374.008,69.567
426,A,C,32.449,374.618,70.801
426,A,O,31.887,374.588,71.895
426,A,CB,32.292,372.59,69.344
427,A,N,33.64,375.176,70.611
427,A,CA,34.349,375.857,71.686
427,A,C,33.645,377.163,72.03
427,A,O,33.581,377.557,73.194
427,A,CB,35.794,376.122,71.288
428,L,N,33.115,377.828,71.008
428,L,CA,32.414,379.092,71.199
428,L,C,31.122,378.895,71.986
428,L,O,30.799,379.693,72.862
428,L,CB,32.123,379.763,69.856
428,L,CG,31.478,381.149,69.937
428,L,CD1,32.36,382.107,70.726
428,L,CD2,31.189,381.701,68.548
429,E,N,30.387,377.83,71.671
429,E,CA,29.173,377.501,72.411
429,E,C,29.51,377.174,73.859
429,E,O,28.754,377.498,74.775
429,E,CB,28.444,376.312,71.777
429,E,CG,27.735,376.617,70.467
429,E,CD,26.673,375.585,70.135
429,E,OE1,26.673,375.065,69.0
429,E,OE2,25.832,375.294,71.013
430,K,N,30.654,376.528,74.054
430,K,CA,31.095,376.129,75.382
430,K,C,31.507,377.35,76.201
430,K,O,31.323,377.381,77.418
430,K,CB,32.252,375.134,75.28
430,K,CG,32.577,374.413,76.576
430,K,CD,33.663,373.373,76.363
430,K,CE,33.976,372.624,77.649
430,K,NZ,35.049,371.608,77.451
431,D,N,32.061,378.352,75.525
431,D,CA,32.462,379.593,76.18
431,D,C,31.256,380.319,76.766
431,D,O,31.334,380.888,77.852
431,D,CB,33.199,380.51,75.201
431,D,CG,34.573,379.988,74.832
431,D,OD1,35.177,379.267,75.654
431,D,OD2,35.053,380.301,73.721
432,Y,N,30.144,380.294,76.041
432,Y,CA,28.916,380.927,76.508
432,Y,C,28.331,380.215,77.726
432,Y,O,27.763,380.854,78.612
432,Y,CB,27.877,380.985,75.388
432,Y,CG,28.05,382.151,74.441
432,Y,CD1,27.436,383.369,74.693
432,Y,CD2,28.816,382.031,73.289
432,Y,CE1,27.583,384.436,73.832
432,Y,CE2,28.972,383.094,72.421
432,Y,CZ,28.353,384.295,72.697
432,Y,OH,28.502,385.359,71.837
433,E,N,28.468,378.892,77.767
433,E,CA,27.939,378.109,78.881
433,E,C,28.71,378.336,80.178
433,E,O,28.122,378.373,81.258
433,E,CB,27.906,376.617,78.542
433,E,CG,26.773,376.218,77.614
433,E,CD,26.355,374.773,77.803
433,E,OE1,25.479,374.302,77.047
433,E,OE2,26.898,374.11,78.713
434,E,N,30.027,378.484,80.068
434,E,CA,30.865,378.724,81.238
434,E,C,30.556,380.077,81.871
434,E,O,30.674,380.248,83.084
434,E,CB,32.349,378.649,80.867
434,E,CG,32.81,377.282,80.386
434,E,CD,34.317,377.204,80.223
434,E,OE1,34.803,376.245,79.587
434,E,OE2,35.016,378.105,80.735
435,V,N,30.154,381.035,81.041
435,V,CA,29.88,382.389,81.509
435,V,C,28.476,382.512,82.099
435,V,O,28.292,383.11,83.16
435,V,CB,30.066,383.422,80.378
435,V,CG1,29.714,384.818,80.865
435,V,CG2,31.494,383.384,79.857
436,G,N,27.493,381.939,81.413
436,G,CA,26.112,382.012,81.858
436,G,C,25.608,380.708,82.447
436,G,O,24.569,380.194,82.03
437,V,N,26.349,380.187,83.424
437,V,CA,26.046,378.908,84.068
437,V,C,24.587,378.775,84.499
437,V,O,24.118,379.502,85.374
437,V,CB,26.941,378.682,85.304
437,V,CG1,26.578,377.376,85.993
437,V,CG2,28.408,378.696,84.909
